"","V1","V2","V3","V4","V5","V6","V7","V8","V9","V10","V11","V12","V13","V14","V15","V16","V17","V18","V19","V20","V21","V22","V23","V24","V25","V26","V27","V28","V29","V30","V31","V32","V33","V34","V35","V36","V37","V38","V39","V40","V41","V42","V43","V44","V45","V46","V47","V48","V49","V50","V51","V52","V53","V54","V55","V56","V57","V58","V59","V60","V61","V62","V63","V64","V65","V66","V67","V68","V69","V70","V71","V72","V73","V74","V75","V76","V77","V78","V79","V80","V81","V82","V83","V84","V85","V86","V87","V88","V89","V90","V91","V92","V93","V94","V95","V96","V97","V98","V99","V100"
"1",0.296042866624722,0.280485827574221,0.286273705446144,0.291509225288824,0.291398133192977,0.296042866624722,0.296042866624722,0.291509225288824,0.29625963168979,0.290248682244187,0.296042866624722,0.29073640364059,0.295189354181017,0.291398133192977,0.293760059533225,0.296042866624722,0.296042866624722,0.279784050676063,0.290151734068836,0.296042866624722,0.29625963168979,0.285717750471603,0.290170701012029,0.296042866624722,0.296042866624722,0.289948516820334,0.29073640364059,0.288083172148524,0.278898844470281,0.291398133192977,0.291398133192977,0.295189354181017,0.286296160952104,0.286949612788568,0.290327855684203,0.288122271147136,0.290479591229751,0.289557662312384,0.29625963168979,0.28226791413932,0.296042866624722,0.286942290193713,0.290248682244187,0.294701632784614,0.29625963168979,0.295189354181017,0.291509225288824,0.293686901323764,0.293686901323764,0.290479591229751,0.291240978520802,0.29625963168979,0.291240978520802,0.288083172148524,0.281737185199226,0.284136503513197,0.29625963168979,0.29625963168979,0.285717750471603,0.291398133192977,0.294102277379701,0.29625963168979,0.291018794329108,0.281708775427885,0.288083172148524,0.281412836922801,0.291509225288824,0.296042866624722,0.283070507114459,0.294742276234314,0.29625963168979,0.296042866624722,0.296042866624722,0.29625963168979,0.296042866624722,0.289501438873631,0.286949612788568,0.288083172148524,0.29625963168979,0.283916385363529,0.296042866624722,0.291018794329108,0.296042866624722,0.29625963168979,0.287080633722585,0.293686901323764,0.296042866624722,0.263125865416741,0.29625963168979,0.29073640364059,0.296042866624722,0.283354794497296,0.282199206387601,0.283221673651711,0.29073640364059,0.295189354181017,0.294742276234314,0.275221091865115,0.291240978520802,0.29625963168979
"2",0.311280908786343,0.297499175618749,0.387130392007793,0.308522573333352,0.308411481237505,0.320799604706143,0.392399815261431,0.390015399545683,0.392616580326499,0.305486724405808,0.329831554672334,0.387093352277299,0.391546302817726,0.308411481237505,0.327548747580836,0.311280908786343,0.311280908786343,0.296797398720591,0.388657908325694,0.392399815261431,0.392616580326499,0.384223924728461,0.307184049056557,0.392399815261431,0.329831554672334,0.325912442295903,0.305974445802211,0.303321214310145,0.37740501872714,0.389904307449836,0.308411481237505,0.310427396342638,0.304418262304454,0.302187654950188,0.388834029941062,0.305135619191664,0.307492939274279,0.306571010356911,0.311497673851411,0.300329185795286,0.311280908786343,0.325328260445545,0.305486724405808,0.328490320832225,0.392616580326499,0.391546302817726,0.308522573333352,0.308924943485385,0.390043849960473,0.38898576548661,0.389747152777661,0.311497673851411,0.389747152777661,0.384440120785233,0.304639769105321,0.382642677770056,0.311497673851411,0.311497673851411,0.384223924728461,0.308411481237505,0.309340319541321,0.392616580326499,0.354241482197463,0.314205787548389,0.384440120785233,0.389089541761511,0.390015399545683,0.311280908786343,0.381576681371318,0.309980318395935,0.392616580326499,0.311280908786343,0.392399815261431,0.311497673851411,0.329831554672334,0.38800761313049,0.302187654950188,0.300053480954244,0.392616580326499,0.384773071925178,0.311280908786343,0.308032142373636,0.311280908786343,0.311497673851411,0.405189048935162,0.405189048935162,0.392399815261431,0.361632039673599,0.311497673851411,0.387093352277299,0.392399815261431,0.324257982936772,0.299212554432129,0.300235021696239,0.305974445802211,0.405189048935162,0.309980318395935,0.298172041476353,0.389747152777661,0.330048319737402
"3",0.321261720729235,0.417787299038751,0.38763198636836,0.308522573333352,0.318392293180397,0.335011155902135,0.392399815261431,0.390015399545683,0.392616580326499,0.386605630880896,0.392803865342718,0.387093352277299,0.391546302817726,0.318905619950111,0.327548747580836,0.329831554672334,0.329831554672334,0.307165082113364,0.388657908325694,0.392399815261431,0.392616580326499,0.384223924728461,0.326134626487598,0.392399815261431,0.334946126382614,0.334935017173029,0.324525091688202,0.321871860196136,0.37740501872714,0.389904307449836,0.318392293180397,0.328978042228628,0.304418262304454,0.320738300836179,0.388834029941062,0.324086196622705,0.307492939274279,0.325521587787953,0.311497673851411,0.313493483996759,0.329831554672334,0.325328260445545,0.324037370291799,0.328490320832225,0.393020630407786,0.391546302817726,0.308522573333352,0.318905755428277,0.390043849960473,0.38898576548661,0.399727964720554,0.330048319737402,0.389747152777661,0.384440120785233,0.304639769105321,0.382642677770056,0.330048319737402,0.311497673851411,0.384223924728461,0.327362058668546,0.327890965427312,0.392616580326499,0.354241482197463,0.322928684723058,0.38484417086652,0.48544649039822,0.390015399545683,0.392399815261431,0.391598001285745,0.328530964281925,0.392616580326499,0.318995035539452,0.392803865342718,0.311497673851411,0.329831554672334,0.38800761313049,0.302187654950188,0.300053480954244,0.392616580326499,0.384773071925178,0.321261720729235,0.326982719804677,0.329831554672334,0.311497673851411,0.420427091096783,0.420427091096783,0.392399815261431,0.377255308580169,0.330048319737402,0.387093352277299,0.392399815261431,0.333426061363824,0.417787299038751,0.31918559912728,0.31368857255532,0.405189048935162,0.328530964281925,0.30015219034575,0.389747152777661,0.330048319737402
"4",0.339812366615226,0.436737876469792,0.38763198636836,0.308522573333352,0.318392293180397,0.336899450575209,0.402380627204324,0.390015399545683,0.392616580326499,0.387009680962183,0.399871761245593,0.387093352277299,0.391950352899013,0.343500326145394,0.438977736982773,0.329831554672334,0.329831554672334,0.328534053184103,0.388657908325694,0.392399815261431,0.392616580326499,0.384223924728461,0.389106937157983,0.392399815261431,0.334946126382614,0.334935017173029,0.329704692918003,0.321871860196136,0.377835080616235,0.389904307449836,0.318392293180397,0.328978042228628,0.304418262304454,0.337705681139096,0.389264091830157,0.36482231338828,0.32644351670532,0.325521587787953,0.311497673851411,0.317992578400412,0.329831554672334,0.336624863429034,0.335333973275287,0.328490320832225,0.393020630407786,0.391950352899013,0.318503385276245,0.337456401314268,0.39044790004176,0.389415827375705,0.399727964720554,0.330048319737402,0.389747152777661,0.38484417086652,0.304639769105321,0.383072739659151,0.340029131680294,0.322593335619582,0.384223924728461,0.327362058668546,0.327890965427312,0.392616580326499,0.442191157142058,0.32669527578058,0.38484417086652,0.48544649039822,0.390015399545683,0.392803865342718,0.391598001285745,0.328530964281925,0.393020630407786,0.354241482197463,0.392803865342718,0.321478485794303,0.329831554672334,0.38800761313049,0.313283316718359,0.328235974124001,0.392616580326499,0.385274666285745,0.339812366615226,0.336963531747569,0.329831554672334,0.311497673851411,0.438977736982773,0.420427091096783,0.392803865342718,0.377255308580169,0.371702842988036,0.387093352277299,0.392399815261431,0.333426061363824,0.418927009107429,0.333276303799496,0.354241482197463,0.438977736982773,0.328530964281925,0.304278516576568,0.390177214666756,0.330048319737402
"5",0.344926938325506,0.437595114563053,0.38763198636836,0.30966228340203,0.337342870611438,0.336899450575209,0.402380627204324,0.390445461434778,0.397900228787533,0.387009680962183,0.399871761245593,0.387093352277299,0.391950352899013,0.343500326145394,0.438977736982773,0.339812366615226,0.449954245704239,0.328534053184103,0.389087970214789,0.392803865342718,0.392616580326499,0.384223924728461,0.399087749100875,0.392803865342718,0.364737002787359,0.334935017173029,0.330561931011264,0.321871860196136,0.395201693396868,0.389904307449836,0.318392293180397,0.334157643458429,0.324513359279055,0.337705681139096,0.389264091830157,0.372942874638391,0.32644351670532,0.325521587787953,0.311497673851411,0.330482066632603,0.330076512743677,0.378279386679668,0.340513574505088,0.328490320832225,0.403001442350679,0.391950352899013,0.327375850345811,0.337871777370204,0.39044790004176,0.389415827375705,0.49901187848306,0.336412433665267,0.389747152777661,0.38484417086652,0.325106753644679,0.383072739659151,0.340029131680294,0.33030746237269,0.427583806485069,0.327362058668546,0.327890965427312,0.392616580326499,0.444446868600422,0.32669527578058,0.38484417086652,0.485850540479507,0.390015399545683,0.392803865342718,0.391598001285745,0.333645535992206,0.393215718966347,0.354241482197463,0.392803865342718,0.329192612547412,0.330076512743677,0.38800761313049,0.313283316718359,0.328235974124001,0.392616580326499,0.385274666285745,0.339812366615226,0.348260134731058,0.334946126382614,0.330048319737402,0.438977736982773,0.438977736982773,0.392803865342718,0.377255308580169,0.376817414698317,0.387093352277299,0.392803865342718,0.333426061363824,0.418927009107429,0.340410584003548,0.354241482197463,0.445341850910638,0.328530964281925,0.417915664600721,0.390177214666756,0.335162891447682
"6",0.364737002787359,0.437595114563053,0.38763198636836,0.328330388857655,0.337342870611438,0.336899450575209,0.402784677285611,0.390445461434778,0.398135202118067,0.392124252672464,0.400294453122476,0.387093352277299,0.399018248801888,0.343500326145394,0.438977736982773,0.351108969598715,0.464497826788648,0.338711172989047,0.389087970214789,0.392803865342718,0.393020630407786,0.384223924728461,0.399087749100875,0.512926556374624,0.364737002787359,0.334935017173029,0.330561931011264,0.326986431906416,0.395201693396868,0.389904307449836,0.328526059972328,0.334157643458429,0.324513359279055,0.337705681139096,0.389264091830157,0.38423947762188,0.32644351670532,0.325521587787953,0.330048319737402,0.330482066632603,0.336899450575209,0.387447465106721,0.342401869178162,0.328735278903569,0.403001442350679,0.391950352899013,0.482149596721941,0.337871777370204,0.406494746852416,0.431971280428028,0.499441940372155,0.341592034895068,0.389747152777661,0.501950047653158,0.334496338872598,0.393971687130772,0.340029131680294,0.335162891447682,0.427583806485069,0.338658661652034,0.328135923498655,0.392616580326499,0.454942389190319,0.364737002787359,0.389958742576801,0.485850540479507,0.407074810166538,0.392803865342718,0.391598001285745,0.364737002787359,0.393215718966347,0.442191157142058,0.508450466163501,0.354241482197463,0.336899450575209,0.388437675019585,0.320738300836179,0.328235974124001,0.392616580326499,0.385274666285745,0.339812366615226,0.354302460919829,0.371145783866445,0.330048319737402,0.438977736982773,0.438977736982773,0.392803865342718,0.377685370469264,0.376817414698317,0.387093352277299,0.397983466572519,0.333426061363824,0.437595114563053,0.343658808503592,0.442191157142058,0.445341850910638,0.338511776224818,0.417915664600721,0.390177214666756,0.364737002787359
"7",0.371101116715224,0.437595114563053,0.38763198636836,0.328330388857655,0.348639473594927,0.336899450575209,0.402784677285611,0.390445461434778,0.450748825145879,0.393563030791853,0.427709313457743,0.401066488997349,0.399018248801888,0.34499735987602,0.438977736982773,0.351108969598715,0.464497826788648,0.34869198493194,0.389087970214789,0.392803865342718,0.393020630407786,0.49901187848306,0.399087749100875,0.516503179948246,0.364737002787359,0.334935017173029,0.332450225684338,0.364737002787359,0.403553922310271,0.390334369338931,0.352695364727415,0.336045938131503,0.332198629182877,0.344773577041971,0.427709313457743,0.386615493691357,0.326755130034172,0.325833201116804,0.34134492272089,0.330482066632603,0.336899450575209,0.399449746759539,0.342824561055045,0.371920705426246,0.458135311503138,0.397129954128814,0.482149596721941,0.35196248204242,0.406494746852416,0.439055433710783,0.499441940372155,0.350885566103529,0.389747152777661,0.501950047653158,0.364737002787359,0.393971687130772,0.340029131680294,0.364737002787359,0.440539583467855,0.345792941856086,0.333070566657113,0.508046416082214,0.474492592982604,0.40093666027119,0.389958742576801,0.491030141709308,0.429794810148763,0.399871761245593,0.391747352415577,0.364737002787359,0.40319653090924,0.450807568478513,0.508450466163501,0.354241482197463,0.336899450575209,0.388437675019585,0.393741563918569,0.328235974124001,0.427583806485069,0.395179068543201,0.339812366615226,0.36181607998775,0.376920405199857,0.335227920967203,0.438977736982773,0.438977736982773,0.392803865342718,0.377685370469264,0.390908119370532,0.387497402358586,0.399871761245593,0.376150862123233,0.437595114563053,0.382075931959619,0.442191157142058,0.445341850910638,0.338511776224818,0.419055374669399,0.390177214666756,0.364737002787359
"8",0.371101116715224,0.437595114563053,0.38763198636836,0.328642002186506,0.355773753798979,0.336899450575209,0.402784677285611,0.390445461434778,0.466643394498325,0.393563030791853,0.434756887635768,0.401066488997349,0.399018248801888,0.347828853538472,0.439222695054117,0.357151295787486,0.464742784859991,0.34869198493194,0.389087970214789,0.392803865342718,0.393020630407786,0.49901187848306,0.399087749100875,0.5197817515574,0.364737002787359,0.334935017173029,0.332872917561221,0.364737002787359,0.427709313457743,0.397468649542982,0.358567855487706,0.336468630008386,0.335246616954065,0.344773577041971,0.427709313457743,0.40353048458761,0.446877821066077,0.331870772021961,0.34134492272089,0.330482066632603,0.336899450575209,0.399449746759539,0.342824561055045,0.38815314377605,0.459937171106516,0.399018248801888,0.490989547031747,0.3570770537527,0.406494746852416,0.439055433710783,0.499441940372155,0.350885566103529,0.396030630101321,0.501950047653158,0.40093666027119,0.393971687130772,0.340274089751637,0.364737002787359,0.440539583467855,0.376033605770847,0.334958861330187,0.508046416082214,0.477771164591758,0.403092388843291,0.39139752069619,0.491030141709308,0.429794810148763,0.399871761245593,0.391747352415577,0.364737002787359,0.40319653090924,0.451600115747668,0.513630067393302,0.354241482197463,0.336899450575209,0.388437675019585,0.438977736982773,0.328235974124001,0.440539583467855,0.405159880486094,0.340057324686569,0.382075931959619,0.378359183319246,0.337116215640277,0.439834975076034,0.439222695054117,0.393048823414062,0.499441940372155,0.390908119370532,0.387497402358586,0.399871761245593,0.38815314377605,0.453563790472119,0.427530793878843,0.452686677731954,0.445586808981982,0.343626347935098,0.435230207703161,0.390177214666756,0.366456383283479
"9",0.371101116715224,0.437906727891905,0.38812690165536,0.444861675648063,0.355773753798979,0.348196053558697,0.403029635356954,0.506665134896334,0.466643394498325,0.427709313457743,0.434756887635768,0.401470539078636,0.399018248801888,0.348695913798744,0.439222695054117,0.35739625385883,0.480975223209795,0.374923267368486,0.389087970214789,0.393048823414062,0.501950047653158,0.499441940372155,0.399087749100875,0.520026709628744,0.364737002787359,0.335802077433302,0.332872917561221,0.364737002787359,0.427709313457743,0.427709313457743,0.36181607998775,0.364737002787359,0.335246616954065,0.364737002787359,0.427709313457743,0.405686213159712,0.4504544446397,0.34316737500545,0.346524523950691,0.330482066632603,0.336899450575209,0.399449746759539,0.342824561055045,0.38815314377605,0.459937171106516,0.399018248801888,0.510759902843242,0.3570770537527,0.406494746852416,0.439055433710783,0.499441940372155,0.350885566103529,0.396200573912334,0.501950047653158,0.40093666027119,0.393971687130772,0.351570692735126,0.377415157913059,0.440539583467855,0.376033605770847,0.334958861330187,0.524433855001358,0.477771164591758,0.403092388843291,0.392334758646278,0.491030141709308,0.51981387343048,0.399871761245593,0.391747352415577,0.366892731359461,0.40319653090924,0.467275644001862,0.525165437095963,0.442191157142058,0.336899450575209,0.431609553725696,0.438977736982773,0.328235974124001,0.440539583467855,0.405159880486094,0.346880262518101,0.382075931959619,0.406711281604602,0.348412818623765,0.440079933147378,0.440079933147378,0.393048823414062,0.499441940372155,0.402243848448266,0.427709313457743,0.399871761245593,0.394517257703915,0.464840153017657,0.427530793878843,0.473029428793395,0.445727367578862,0.364737002787359,0.435813996666839,0.390488827995608,0.366456383283479
"10",0.373256845287326,0.455613304162337,0.430682354707684,0.494694704160265,0.358149769868456,0.348196053558697,0.403029635356954,0.514881614687738,0.466643394498325,0.427709313457743,0.434756887635768,0.406585110788916,0.399018248801888,0.348695913798744,0.454756066069076,0.364219191690361,0.480975223209795,0.374923267368486,0.394843082692346,0.397983466572519,0.501950047653158,0.499441940372155,0.405111108346453,0.520026709628744,0.366892731359461,0.364737002787359,0.343943949398873,0.366892731359461,0.427709313457743,0.427709313457743,0.382075931959619,0.364737002787359,0.335246616954065,0.371101116715224,0.427709313457743,0.409881104890175,0.453733016248854,0.346543219937553,0.346524523950691,0.341778669616091,0.350990155247424,0.430127422593294,0.376033605770847,0.42359634537406,0.519998516622468,0.399018248801888,0.532107075477125,0.359453069822177,0.406494746852416,0.451125454446435,0.499753553701007,0.350885566103529,0.396200573912334,0.501950047653158,0.403092388843291,0.393971687130772,0.356440306374063,0.378313378151434,0.440539583467855,0.376033605770847,0.364737002787359,0.524433855001358,0.477771164591758,0.403092388843291,0.392334758646278,0.492522569182301,0.523675001152005,0.399871761245593,0.393102134072252,0.403092388843291,0.40319653090924,0.467275644001862,0.525165437095963,0.452686677731954,0.364737002787359,0.431609553725696,0.438977736982773,0.445341850910638,0.449887576898914,0.427709313457743,0.346880262518101,0.382075931959619,0.406711281604602,0.348835510500648,0.455613304162337,0.444949546786315,0.434893016096631,0.51772837673946,0.404399577020367,0.427709313457743,0.399871761245593,0.394517257703915,0.464840153017657,0.429686522450945,0.480975223209795,0.450596981217799,0.364737002787359,0.455613304162337,0.44310245102342,0.366456383283479
"11",0.373256845287326,0.455613304162337,0.451125454446435,0.494694704160265,0.358149769868456,0.348723009431877,0.434893016096631,0.514881614687738,0.466643394498325,0.427709313457743,0.43691261620787,0.427709313457743,0.399018248801888,0.376494990211845,0.454756066069076,0.364219191690361,0.480975223209795,0.382225540497966,0.398365514999702,0.399871761245593,0.501950047653158,0.499441940372155,0.405111108346453,0.520026709628744,0.378189334342949,0.366892731359461,0.356169160373296,0.403092388843291,0.427709313457743,0.427709313457743,0.427530793878843,0.366892731359461,0.34933732162628,0.371101116715224,0.44082766423933,0.415984396253497,0.464815130200458,0.346543219937553,0.461954359706406,0.341778669616091,0.353847389761352,0.432283151165395,0.406711281604602,0.483657690890012,0.525113088332749,0.399018248801888,0.534848604863665,0.359453069822177,0.410285642692858,0.451125454446435,0.499753553701007,0.350885566103529,0.396200573912334,0.501950047653158,0.403092388843291,0.407090037912359,0.376033605770847,0.423768240070659,0.449887576898914,0.376033605770847,0.371101116715224,0.524433855001358,0.477771164591758,0.403092388843291,0.392334758646278,0.513804021358019,0.523675001152005,0.399871761245593,0.427709313457743,0.448547250762515,0.434870242216982,0.467275644001862,0.525165437095963,0.473029428793395,0.366892731359461,0.499398587359141,0.454756066069076,0.445341850910638,0.449887576898914,0.434756887635768,0.346880262518101,0.384231660531721,0.406711281604602,0.348835510500648,0.455613304162337,0.444949546786315,0.508695424234844,0.519884105311562,0.404399577020367,0.427709313457743,0.427709313457743,0.48733933713766,0.464840153017657,0.429686522450945,0.50480718733237,0.461260738593821,0.364737002787359,0.455613304162337,0.556079963987627,0.36861211185558
"12",0.383396247970949,0.457769032734439,0.451125454446435,0.494694704160265,0.358149769868456,0.34914570130876,0.451125454446435,0.514881614687738,0.466643394498325,0.434756887635768,0.43691261620787,0.427709313457743,0.399018248801888,0.4071726660456,0.456911794641178,0.367076426204289,0.483130951781897,0.436412146316077,0.399302752949789,0.399871761245593,0.509017943556033,0.499441940372155,0.495526662027813,0.520026709628744,0.382384226073412,0.378313378151434,0.388890483692696,0.493111452125008,0.427709313457743,0.429865042029845,0.432983193943032,0.378313378151434,0.34933732162628,0.371101116715224,0.536745622975827,0.499706271821189,0.471587670154361,0.466665910969459,0.461954359706406,0.35463554753794,0.353847389761352,0.432592529104514,0.408867010176704,0.485813419462114,0.540743475262143,0.399018248801888,0.54619490123832,0.378827707459575,0.433655937870288,0.451125454446435,0.499753553701007,0.352773860776603,0.398977605352187,0.515678863049242,0.448547250762515,0.44082766423933,0.376033605770847,0.423768240070659,0.453030670342401,0.378189334342949,0.385043445700401,0.537552205782945,0.4793520322113,0.410980957282514,0.427709313457743,0.519656678114856,0.523675001152005,0.399871761245593,0.434756887635768,0.493111452125008,0.435115200288326,0.477771164591758,0.525165437095963,0.474492592982604,0.366892731359461,0.499398587359141,0.454756066069076,0.445586808981982,0.449887576898914,0.434756887635768,0.347302954394984,0.410763704496049,0.408867010176704,0.348835510500648,0.485777748061094,0.455613304162337,0.521813775016431,0.519884105311562,0.404399577020367,0.427709313457743,0.434756887635768,0.48733933713766,0.469045395279977,0.449460915511777,0.50480718733237,0.485777748061094,0.366892731359461,0.455613304162337,0.556079963987627,0.36861211185558
"13",0.383396247970949,0.469045395279977,0.51772837673946,0.494694704160265,0.376033605770847,0.34914570130876,0.51772837673946,0.514881614687738,0.468799123070426,0.434756887635768,0.43691261620787,0.427709313457743,0.399018248801888,0.409176388115822,0.485760948768551,0.367076426204289,0.506962915904472,0.443592489096456,0.399302752949789,0.399871761245593,0.509017943556033,0.499441940372155,0.516133595512305,0.520026709628744,0.405800367062103,0.379574679873799,0.406711281604602,0.493111452125008,0.429865042029845,0.43691261620787,0.433881414181408,0.401729519140126,0.34933732162628,0.371101116715224,0.536745622975827,0.499706271821189,0.483657690890012,0.489632169613418,0.496509095493968,0.35463554753794,0.381684941973503,0.525414608538259,0.408867010176704,0.497234066254088,0.540743475262143,0.515518362066376,0.552743709839877,0.381684941973503,0.433655937870288,0.451125454446435,0.499753553701007,0.352773860776603,0.398977605352187,0.515678863049242,0.493111452125008,0.44082766423933,0.376033605770847,0.468332441433151,0.453030670342401,0.423644196262173,0.385043445700401,0.537552205782945,0.509556889246875,0.410980957282514,0.44082766423933,0.519656678114856,0.523675001152005,0.399871761245593,0.434756887635768,0.493111452125008,0.436035029294125,0.489943877776986,0.526662470826589,0.480975223209795,0.366892731359461,0.515678863049242,0.456911794641178,0.461120179996941,0.449887576898914,0.434756887635768,0.364737002787359,0.414958596226512,0.413061901907167,0.390490033751282,0.485777748061094,0.485777748061094,0.537552205782945,0.523675001152005,0.410672161899508,0.427709313457743,0.43691261620787,0.489495065709762,0.469045395279977,0.49402511687427,0.506962915904472,0.485777748061094,0.456911794641178,0.457769032734439,0.566166313421575,0.36861211185558
"14",0.38674526822625,0.469045395279977,0.51772837673946,0.506646425361656,0.380394647923685,0.34914570130876,0.51772837673946,0.526891754074165,0.472590018910869,0.43691261620787,0.43715940323445,0.427709313457743,0.441743049561296,0.409176388115822,0.485760948768551,0.367076426204289,0.507820153997733,0.449399083276967,0.427709313457743,0.399871761245593,0.509017943556033,0.51772837673946,0.530677176596714,0.556016484338322,0.427839087992636,0.379574679873799,0.430127422593294,0.501000020564231,0.429865042029845,0.482367478127094,0.478445615543901,0.423768240070659,0.35042114695162,0.385043445700401,0.547436692750048,0.530383947654943,0.50480718733237,0.504649924277663,0.496509095493968,0.362764237477991,0.381684941973503,0.528097076218476,0.432283151165395,0.502316936073602,0.540743475262143,0.515518362066376,0.554025333287092,0.381684941973503,0.457072078858979,0.451125454446435,0.499753553701007,0.394428384027238,0.398977605352187,0.515678863049242,0.501000020564231,0.44082766423933,0.380394647923685,0.469045395279977,0.453156177315075,0.424275863209598,0.385043445700401,0.538283787877549,0.552983060469944,0.410980957282514,0.441207815972193,0.519656678114856,0.523675001152005,0.441715953928162,0.434756887635768,0.501000020564231,0.509810341799205,0.50480718733237,0.526662470826589,0.483130951781897,0.373256845287326,0.522726437227267,0.457769032734439,0.461120179996941,0.449887576898914,0.434756887635768,0.371101116715224,0.414958596226512,0.413061901907167,0.390490033751282,0.487933476633195,0.485777748061094,0.537552205782945,0.523675001152005,0.410672161899508,0.427709313457743,0.43691261620787,0.499634468393385,0.469045395279977,0.498220008604733,0.535812070031845,0.485777748061094,0.456911794641178,0.457769032734439,0.566166313421575,0.379619983772398
"15",0.38674526822625,0.469045395279977,0.51772837673946,0.506646425361656,0.390096239367137,0.390989893991329,0.519884105311562,0.526891754074165,0.483319889631737,0.460328757196561,0.43715940323445,0.427709313457743,0.442207414521938,0.409176388115822,0.493418662413476,0.367076426204289,0.507820153997733,0.449399083276967,0.44082766423933,0.399871761245593,0.509017943556033,0.519884105311562,0.530677176596714,0.571754915104836,0.472403289355129,0.379574679873799,0.432283151165395,0.501000020564231,0.429865042029845,0.486158373967537,0.478445615543901,0.468332441433151,0.353669371451665,0.387199174272502,0.547436692750048,0.532321285423989,0.50480718733237,0.515238084837243,0.497397832260747,0.362764237477991,0.381684941973503,0.549246572660833,0.432283151165395,0.523466432515959,0.540743475262143,0.515982727027018,0.558743834580043,0.383840670545604,0.457072078858979,0.451125454446435,0.499753553701007,0.394955339900418,0.398977605352187,0.528797213830829,0.501000020564231,0.44082766423933,0.380394647923685,0.469045395279977,0.453156177315075,0.428470754940061,0.399894697699041,0.538283787877549,0.553871797236723,0.413061901907167,0.442983392811432,0.530954473306203,0.523675001152005,0.451125454446435,0.43691261620787,0.501000020564231,0.514346150785754,0.51748534245807,0.526662470826589,0.494551598573871,0.382550376495787,0.522726437227267,0.469045395279977,0.463275908569043,0.449887576898914,0.434756887635768,0.373256845287326,0.460413458145737,0.521354327913203,0.464466395854213,0.487933476633195,0.487933476633195,0.538283787877549,0.523675001152005,0.42155105860261,0.427709313457743,0.440703512048312,0.499634468393385,0.473555869849546,0.498220008604733,0.535812070031845,0.487933476633195,0.468332441433151,0.469045395279977,0.572715122023131,0.383814875502861
"16",0.432200130145474,0.469045395279977,0.51772837673946,0.557217602595153,0.390096239367137,0.399911131200536,0.519884105311562,0.531454658693847,0.483319889631737,0.553150836630306,0.43715940323445,0.427709313457743,0.463252863733063,0.412738109091222,0.493418662413476,0.36760338207747,0.519096516543271,0.454070370429183,0.44082766423933,0.441715953928162,0.509017943556033,0.519884105311562,0.533359644276931,0.571754915104836,0.476764331507967,0.379574679873799,0.432283151165395,0.501000020564231,0.429865042029845,0.486158373967537,0.478907934784241,0.469045395279977,0.382075931959619,0.477218237554219,0.547436692750048,0.532321285423989,0.50480718733237,0.515238084837243,0.497397832260747,0.363631297738263,0.388202796523767,0.549246572660833,0.436478042895858,0.523466432515959,0.540743475262143,0.515982727027018,0.564955650727973,0.473859733827321,0.457072078858979,0.451125454446435,0.50067825992077,0.395378031777301,0.514881614687738,0.528797213830829,0.501000020564231,0.44082766423933,0.403810788912376,0.469045395279977,0.455311905887177,0.429732056662426,0.414535958540896,0.539780821608176,0.553871797236723,0.413061901907167,0.442983392811432,0.530954473306203,0.523675001152005,0.451125454446435,0.43691261620787,0.502151584972405,0.525360525654524,0.518383562696445,0.526662470826589,0.494551598573871,0.405966517484478,0.522726437227267,0.469045395279977,0.463275908569043,0.449887576898914,0.434756887635768,0.396672986276017,0.460413458145737,0.529300122329603,0.473426108862469,0.487933476633195,0.487933476633195,0.538283787877549,0.523675001152005,0.42155105860261,0.43971945284417,0.440703512048312,0.502062237122147,0.473555869849546,0.498220008604733,0.54346978367677,0.495244908086674,0.468332441433151,0.469045395279977,0.572715122023131,0.473833938784578
"17",0.476764331507967,0.473555869849546,0.51772837673946,0.557217602595153,0.392251967939238,0.430588807034291,0.523675001152005,0.532198433823362,0.483319889631737,0.553150836630306,0.440703512048312,0.427709313457743,0.472569697186019,0.412738109091222,0.493418662413476,0.368026073954352,0.519096516543271,0.454070370429183,0.44082766423933,0.509017943556033,0.51772837673946,0.523675001152005,0.533359644276931,0.571754915104836,0.476764331507967,0.379574679873799,0.467726352763405,0.502151584972405,0.433655937870288,0.486158373967537,0.498220008604733,0.504389657173599,0.384933166473547,0.477218237554219,0.547436692750048,0.532321285423989,0.506962915904472,0.517393813409345,0.498894865991373,0.397019173632747,0.41569967534053,0.549246572660833,0.436478042895858,0.52360699111284,0.542899203834245,0.526662470826589,0.596781368537595,0.474000292424201,0.457072078858979,0.54394753388018,0.50067825992077,0.404272173353374,0.526891754074165,0.532588109671271,0.501000020564231,0.44082766423933,0.405966517484478,0.469045395279977,0.455311905887177,0.429732056662426,0.414535958540896,0.539780821608176,0.564120720469471,0.436478042895858,0.446774288651874,0.530954473306203,0.523675001152005,0.451125454446435,0.43691261620787,0.502361576129189,0.525360525654524,0.54346978367677,0.526662470826589,0.499634468393385,0.472569439777504,0.528518128809554,0.469045395279977,0.485760948768551,0.45029265661426,0.434756887635768,0.396672986276017,0.504977659508229,0.529300122329603,0.477787151015307,0.487933476633195,0.495244908086674,0.538283787877549,0.523675001152005,0.495527420705541,0.441875181416271,0.440703512048312,0.509540631866994,0.52360699111284,0.5034494657995,0.54346978367677,0.503487399685887,0.468332441433151,0.473555869849546,0.572715122023131,0.473833938784578
"18",0.476904890104847,0.473555869849546,0.519884105311562,0.588557711112974,0.500544393945274,0.432592529104514,0.523675001152005,0.532198433823362,0.523675001152005,0.553150836630306,0.440703512048312,0.429865042029845,0.547191368887657,0.412738109091222,0.493418662413476,0.385394550914545,0.54346978367677,0.498634571791676,0.442983392811432,0.509017943556033,0.519884105311562,0.523675001152005,0.559741307477369,0.571754915104836,0.476764331507967,0.379574679873799,0.467726352763405,0.502361576129189,0.457072078858979,0.486158373967537,0.498220008604733,0.520112982124641,0.384933166473547,0.477218237554219,0.547436692750048,0.553132086452178,0.507820153997733,0.541225777531919,0.498894865991373,0.408337019592612,0.478221859805484,0.553132086452178,0.436478042895858,0.52360699111284,0.546690099674687,0.526662470826589,0.596781368537595,0.474000292424201,0.479110799789512,0.546630001560397,0.51812717026792,0.406275895423596,0.531454658693847,0.532588109671271,0.501000020564231,0.442983392811432,0.410161409214941,0.48147761689154,0.455311905887177,0.429732056662426,0.416691687112998,0.540100550079151,0.564120720469471,0.436478042895858,0.446774288651874,0.530954473306203,0.523675001152005,0.51772837673946,0.460328757196561,0.503900608091172,0.52685755938515,0.54346978367677,0.526662470826589,0.499634468393385,0.472569439777504,0.528518128809554,0.469045395279977,0.493418662413476,0.546210615350756,0.440548579218055,0.405966517484478,0.504977659508229,0.553132086452178,0.479942879587409,0.487933476633195,0.495244908086674,0.538283787877549,0.523675001152005,0.496697952056908,0.441875181416271,0.440703512048312,0.525894201244722,0.52360699111284,0.5034494657995,0.54346978367677,0.504397812959172,0.469045395279977,0.48054654319799,0.572715122023131,0.473833938784578
"19",0.476904890104847,0.484768720231018,0.523675001152005,0.588557711112974,0.502007558134484,0.432592529104514,0.523675001152005,0.534204323544235,0.523675001152005,0.555833304310523,0.440703512048312,0.433655937870288,0.548383576745531,0.412738109091222,0.493418662413476,0.387398272984767,0.54346978367677,0.498634571791676,0.446774288651874,0.509017943556033,0.519884105311562,0.523675001152005,0.572859658258955,0.571754915104836,0.476764331507967,0.379574679873799,0.498886073458421,0.502361576129189,0.457072078858979,0.487419675689901,0.499481310327098,0.538230138523945,0.384933166473547,0.477218237554219,0.547436692750048,0.553132086452178,0.519096516543271,0.541225777531919,0.501130255724887,0.431753160581304,0.478221859805484,0.553132086452178,0.437739344618223,0.526956011368141,0.552576625972941,0.526662470826589,0.596781368537595,0.474000292424201,0.479110799789512,0.567779498002754,0.51812717026792,0.472878817716622,0.531919023654489,0.536793351933591,0.501000020564231,0.551275818817468,0.410161409214941,0.48147761689154,0.455558692913757,0.429732056662426,0.45935755487034,0.540100550079151,0.564120720469471,0.436478042895858,0.446774288651874,0.530954473306203,0.523675001152005,0.51772837673946,0.464119653037004,0.504843536124218,0.52685755938515,0.544731085399135,0.526662470826589,0.502983488648686,0.476764331507967,0.532251907055351,0.469045395279977,0.493418662413476,0.546210615350756,0.442704307790157,0.41050503603434,0.504977659508229,0.553132086452178,0.481224503034623,0.497676524395341,0.495244908086674,0.538283787877549,0.523675001152005,0.496697952056908,0.441875181416271,0.464119653037004,0.526034759841602,0.530597664461284,0.505915168414649,0.544621348084944,0.504397812959172,0.469045395279977,0.48054654319799,0.579694943570506,0.473833938784578
"20",0.476904890104847,0.484768720231018,0.523675001152005,0.617005755035255,0.532322152484249,0.432592529104514,0.523675001152005,0.534204323544235,0.523675001152005,0.559624200150966,0.536621470784809,0.433655937870288,0.548383576745531,0.412738109091222,0.502539052526214,0.477417336266484,0.544621348084944,0.498634571791676,0.446774288651874,0.509017943556033,0.519884105311562,0.523675001152005,0.572859658258955,0.571754915104836,0.476904890104847,0.379574679873799,0.498886073458421,0.502361576129189,0.457072078858979,0.487419675689901,0.499481310327098,0.539015911884817,0.384933166473547,0.527269358817513,0.547696810828129,0.553132086452178,0.519096516543271,0.541225777531919,0.50155294760177,0.433908889153405,0.478221859805484,0.580773696593323,0.437739344618223,0.527741784729013,0.573726122415299,0.526662470826589,0.596781368537595,0.474000292424201,0.523675001152005,0.567779498002754,0.530137309654346,0.472878817716622,0.531919023654489,0.536793351933591,0.501000020564231,0.552738983006677,0.419863000658393,0.48147761689154,0.455558692913757,0.429732056662426,0.45935755487034,0.540100550079151,0.565226222301318,0.436478042895858,0.448035590374239,0.530954473306203,0.523675001152005,0.519884105311562,0.464119653037004,0.504843536124218,0.52685755938515,0.544731085399135,0.526662470826589,0.502983488648686,0.476764331507967,0.536042802895793,0.501000020564231,0.493418662413476,0.548146598338145,0.466120448778848,0.477107958327366,0.504977659508229,0.553132086452178,0.485419394765086,0.497676524395341,0.495244908086674,0.571162171034407,0.523675001152005,0.505585319724698,0.441875181416271,0.464119653037004,0.534819841494312,0.530597664461284,0.505915168414649,0.553741738197682,0.504397812959172,0.469045395279977,0.487938909307639,0.579694943570506,0.473833938784578
"21",0.476904890104847,0.485920284639192,0.523675001152005,0.617005755035255,0.532322152484249,0.499195451397539,0.523675001152005,0.534204323544235,0.523675001152005,0.559624200150966,0.543081069723837,0.433655937870288,0.568178291531213,0.412738109091222,0.503324825887085,0.477417336266484,0.544831339241729,0.498634571791676,0.492229150571099,0.51772837673946,0.519884105311562,0.523675001152005,0.573380653092846,0.584873265886423,0.476904890104847,0.379574679873799,0.503080965188884,0.504247432195281,0.457072078858979,0.487419675689901,0.499481310327098,0.539015911884817,0.408349307462239,0.527269358817513,0.547696810828129,0.553132086452178,0.54346978367677,0.545420669262382,0.508786126866759,0.433908889153405,0.528272981068778,0.58656538817561,0.437739344618223,0.527741784729013,0.573726122415299,0.52685755938515,0.596781368537595,0.474000292424201,0.523675001152005,0.567779498002754,0.534786920300055,0.476764331507967,0.532528675399993,0.536793351933591,0.501000020564231,0.559221613233868,0.421217782315068,0.48147761689154,0.478974833902448,0.429732056662426,0.549449573144269,0.540100550079151,0.565226222301318,0.458516763826391,0.448035590374239,0.530954473306203,0.523675001152005,0.519884105311562,0.536621470784809,0.504843536124218,0.52685755938515,0.544731085399135,0.526982199297564,0.512685080092138,0.476904890104847,0.536042802895793,0.501000020564231,0.493418662413476,0.548390459036347,0.532723371071874,0.477107958327366,0.504977659508229,0.553132086452178,0.504265112095901,0.497676524395341,0.495244908086674,0.571162171034407,0.523675001152005,0.541518193604696,0.442923782418538,0.464119653037004,0.544412711709816,0.530597664461284,0.515450121714329,0.557237074871904,0.504397812959172,0.48147761689154,0.491955498224267,0.579694943570506,0.487246277185663
"22",0.476904890104847,0.485920284639192,0.523675001152005,0.617200843593816,0.532322152484249,0.499195451397539,0.523675001152005,0.534426724500995,0.523675001152005,0.559624200150966,0.543081069723837,0.457072078858979,0.575225865709238,0.412738109091222,0.50559273038036,0.477417336266484,0.544831339241729,0.498634571791676,0.536793351933591,0.519884105311562,0.519884105311562,0.523675001152005,0.575785390533445,0.584873265886423,0.497000705113725,0.379574679873799,0.538425227082506,0.504247432195281,0.457072078858979,0.487419675689901,0.499481310327098,0.539015911884817,0.41050503603434,0.534696217668141,0.547696810828129,0.553132086452178,0.54346978367677,0.545420669262382,0.534513430527022,0.469352090751415,0.53042870964088,0.58656538817561,0.437739344618223,0.5283175669331,0.573726122415299,0.52685755938515,0.597163078269363,0.480272877303342,0.523675001152005,0.580897848784341,0.534786920300055,0.476904890104847,0.534316987186804,0.536793351933591,0.501000020564231,0.563012509074311,0.421217782315068,0.48147761689154,0.48251894271631,0.429732056662426,0.551908501851135,0.540523241956034,0.565226222301318,0.503080965188884,0.448035590374239,0.530954473306203,0.536793351933591,0.519884105311562,0.536621470784809,0.504843536124218,0.52685755938515,0.544731085399135,0.526982199297564,0.513946381814502,0.476904890104847,0.540248045158113,0.504820504836055,0.493418662413476,0.548390459036347,0.532723371071874,0.477107958327366,0.504977659508229,0.553132086452178,0.528097076218476,0.503487399685887,0.495244908086674,0.571162171034407,0.524826565560179,0.541518193604696,0.443146183375298,0.499562854635013,0.553533101822554,0.530597664461284,0.515450121714329,0.557447066028689,0.504397812959172,0.48147761689154,0.491955498224267,0.591697225223323,0.487246277185663
"23",0.476904890104847,0.48993687355582,0.523675001152005,0.617582553325584,0.532322152484249,0.499195451397539,0.523675001152005,0.534426724500995,0.523675001152005,0.580773696593323,0.543081069723837,0.457072078858979,0.577229587779461,0.412738109091222,0.508600345658179,0.481302850057829,0.546782224827341,0.51190059377384,0.536793351933591,0.519884105311562,0.519884105311562,0.523675001152005,0.575785390533445,0.585829741736035,0.497000705113725,0.379574679873799,0.540050965070517,0.504247432195281,0.457072078858979,0.487419675689901,0.499481310327098,0.539591694088904,0.503327115468085,0.534819841494312,0.547696810828129,0.553132086452178,0.544621348084944,0.545420669262382,0.546328481354887,0.529413436267368,0.531580274049054,0.58656538817561,0.437739344618223,0.529578868655464,0.573726122415299,0.527280251262033,0.598030341746884,0.480272877303342,0.523675001152005,0.580897848784341,0.534786920300055,0.476904890104847,0.534438917535905,0.536793351933591,0.503080965188884,0.563012509074311,0.422479084037433,0.48147761689154,0.48251894271631,0.429732056662426,0.571296782139815,0.547696810828129,0.565226222301318,0.503080965188884,0.448035590374239,0.530954473306203,0.586844473196885,0.523675001152005,0.536621470784809,0.506168512584447,0.534513430527022,0.544731085399135,0.527404891174447,0.513946381814502,0.512249151998469,0.540248045158113,0.504820504836055,0.49457022682165,0.548390459036347,0.536514266912316,0.481302850057829,0.506238961230594,0.5565867796767,0.528097076218476,0.504273173046758,0.545296029349968,0.571162171034407,0.524826565560179,0.541518193604696,0.443146183375298,0.559624200150966,0.555353928369125,0.538611536655932,0.515450121714329,0.557447066028689,0.504397812959172,0.48147761689154,0.492741271585138,0.593852953795425,0.491039665824354
"24",0.481443408654709,0.496396472494848,0.523675001152005,0.617582553325584,0.532445776310421,0.499195451397539,0.523675001152005,0.534438917535905,0.524936302874369,0.580773696593323,0.543081069723837,0.492515280456988,0.577229587779461,0.412738109091222,0.509176127862266,0.481302850057829,0.546782224827341,0.51190059377384,0.536793351933591,0.519884105311562,0.523675001152005,0.523675001152005,0.575785390533445,0.587309163305125,0.497000705113725,0.379574679873799,0.554757824440188,0.504247432195281,0.458333380581344,0.487419675689901,0.499481310327098,0.541412520635475,0.503636493407204,0.534819841494312,0.547696810828129,0.554757824440188,0.545882649807308,0.546233538256387,0.546328481354887,0.533608327997831,0.531580274049054,0.58656538817561,0.437739344618223,0.529578868655464,0.573726122415299,0.527280251262033,0.598030341746884,0.480272877303342,0.523675001152005,0.580897848784341,0.535685140538431,0.503080965188884,0.535116308364243,0.536793351933591,0.503080965188884,0.586844473196885,0.422479084037433,0.495244908086674,0.555020760464116,0.429732056662426,0.571296782139815,0.547696810828129,0.565226222301318,0.503080965188884,0.448035590374239,0.530954473306203,0.587996037605059,0.523675001152005,0.536621470784809,0.514411004183659,0.541365916146486,0.544731085399135,0.534578460046543,0.513946381814502,0.513400716406643,0.540248045158113,0.504820504836055,0.544621348084944,0.548390459036347,0.536514266912316,0.481443408654709,0.506238961230594,0.5565867796767,0.528097076218476,0.504273173046758,0.54710059851666,0.571162171034407,0.525036556716963,0.560601648020624,0.466562324363989,0.580773696593323,0.555353928369125,0.544789341010372,0.515450121714329,0.558064846464133,0.504397812959172,0.495244908086674,0.493317053789225,0.603493796829391,0.492191230232528
"25",0.481443408654709,0.546447593758142,0.523675001152005,0.617582553325584,0.532445776310421,0.503080965188884,0.523675001152005,0.534438917535905,0.524936302874369,0.580773696593323,0.543081069723837,0.523675001152005,0.577229587779461,0.412738109091222,0.509176127862266,0.516647111951451,0.546782224827341,0.513161895496205,0.536793351933591,0.526931679489587,0.523675001152005,0.524826565560179,0.575785390533445,0.595017870931607,0.498220008604733,0.379574679873799,0.555909388848362,0.506141416951313,0.458333380581344,0.487419675689901,0.499481310327098,0.541412520635475,0.503636493407204,0.535971405902486,0.547696810828129,0.556112606096864,0.545882649807308,0.547385102664561,0.546328481354887,0.554757824440188,0.537852858928194,0.58656538817561,0.437739344618223,0.529578868655464,0.573726122415299,0.527599979733008,0.598912304605379,0.486773797082898,0.523675001152005,0.583053577356443,0.535685140538431,0.504706703176894,0.535116308364243,0.537944916341765,0.506535658413406,0.586844473196885,0.422479084037433,0.497000705113725,0.555020760464116,0.429732056662426,0.571296782139815,0.547696810828129,0.565835874046822,0.506535658413406,0.448035590374239,0.530954473306203,0.587996037605059,0.530722575330029,0.536621470784809,0.514411004183659,0.541365916146486,0.544731085399135,0.534773548605104,0.513946381814502,0.514662018129008,0.590299166421407,0.507787476664174,0.544621348084944,0.548390459036347,0.536514266912316,0.498220008604733,0.506238961230594,0.557738344084874,0.528097076218476,0.506050646580316,0.573726122415299,0.571162171034407,0.532084130894988,0.560601648020624,0.469082218245405,0.580773696593323,0.555353928369125,0.544789341010372,0.516711423436694,0.558064846464133,0.504397812959172,0.496396472494848,0.499614078929452,0.623883938153182,0.498477417119501
"26",0.531494529918003,0.574877686823473,0.523675001152005,0.617582553325584,0.536640668040884,0.504706703176894,0.523675001152005,0.542671925663521,0.524936302874369,0.581925261001497,0.543081069723837,0.523675001152005,0.577229587779461,0.412738109091222,0.509176127862266,0.517798676359625,0.546782224827341,0.513161895496205,0.536793351933591,0.530722575330029,0.523675001152005,0.524826565560179,0.584465476607763,0.595985185034473,0.499481310327098,0.379574679873799,0.555909388848362,0.506141416951313,0.458333380581344,0.487419675689901,0.499481310327098,0.556119380005147,0.507522007198548,0.54556427611799,0.547696810828129,0.556112606096864,0.545882649807308,0.547385102664561,0.547433983186734,0.554757824440188,0.537976482754366,0.58656538817561,0.437739344618223,0.529578868655464,0.573726122415299,0.527599979733008,0.598912304605379,0.486773797082898,0.523675001152005,0.583053577356443,0.535685140538431,0.504706703176894,0.543595886753373,0.537944916341765,0.506535658413406,0.586844473196885,0.422479084037433,0.497000705113725,0.555020760464116,0.429732056662426,0.575087677980257,0.548664124930995,0.567097175769187,0.507796960135771,0.448035590374239,0.531353266834661,0.587996037605059,0.531874139738203,0.543081069723837,0.515305160077065,0.541365916146486,0.544731085399135,0.534773548605104,0.513946381814502,0.514662018129008,0.590299166421407,0.508128881641656,0.544621348084944,0.556882230460388,0.536514266912316,0.499371573012907,0.506238961230594,0.557948335241659,0.528097076218476,0.506050646580316,0.573726122415299,0.571162171034407,0.532084130894988,0.572137613827214,0.469082218245405,0.580773696593323,0.580773696593323,0.575308507390295,0.516711423436694,0.558064846464133,0.505915168414649,0.546447593758142,0.505743111144251,0.623883938153182,0.498477417119501
"27",0.555028780771523,0.574877686823473,0.524826565560179,0.617582553325584,0.536640668040884,0.530722575330029,0.523675001152005,0.542671925663521,0.524936302874369,0.581925261001497,0.544342371446201,0.523675001152005,0.577229587779461,0.412738109091222,0.532084130894988,0.517798676359625,0.548879426831874,0.513161895496205,0.536793351933591,0.530722575330029,0.523675001152005,0.560170827453801,0.594757752853525,0.595985185034473,0.499481310327098,0.379574679873799,0.555909388848362,0.506141416951313,0.458333380581344,0.487419675689901,0.499481310327098,0.556119380005147,0.510204474878765,0.54556427611799,0.547696810828129,0.556112606096864,0.545882649807308,0.548646404386926,0.548043634932238,0.554757824440188,0.537976482754366,0.58656538817561,0.437739344618223,0.529578868655464,0.573726122415299,0.527599979733008,0.599055098591993,0.487925361491072,0.559019263045627,0.586844473196885,0.536514266912316,0.504706703176894,0.551151504052651,0.537944916341765,0.507796960135771,0.586844473196885,0.422479084037433,0.497000705113725,0.555020760464116,0.429732056662426,0.575087677980257,0.548664124930995,0.567097175769187,0.507796960135771,0.448035590374239,0.556904448879557,0.587996037605059,0.532084130894988,0.543081069723837,0.515305160077065,0.547436692750048,0.544731085399135,0.534773548605104,0.513946381814502,0.514662018129008,0.590299166421407,0.508128881641656,0.544621348084944,0.556882230460388,0.536514266912316,0.499371573012907,0.506238961230594,0.557948335241659,0.537682156439453,0.506626428784403,0.573726122415299,0.571162171034407,0.532084130894988,0.572137613827214,0.469082218245405,0.580773696593323,0.580773696593323,0.575308507390295,0.516711423436694,0.558064846464133,0.505915168414649,0.546657584914927,0.505743111144251,0.624493589898686,0.50768722282158
"28",0.556112606096864,0.574877686823473,0.524826565560179,0.617582553325584,0.536640668040884,0.530722575330029,0.523675001152005,0.543639239766387,0.524936302874369,0.581925261001497,0.544342371446201,0.524826565560179,0.580773696593323,0.412738109091222,0.532084130894988,0.517798676359625,0.548879426831874,0.513161895496205,0.536793351933591,0.530722575330029,0.530722575330029,0.560170827453801,0.594757752853525,0.596472906430876,0.499481310327098,0.379574679873799,0.555909388848362,0.507897213978365,0.458333380581344,0.487419675689901,0.499481310327098,0.557380681727511,0.531353971321123,0.547569352969869,0.547696810828129,0.557806083167708,0.545882649807308,0.548646404386926,0.548043634932238,0.55665993788616,0.560802860192273,0.589734222470574,0.437739344618223,0.529578868655464,0.573726122415299,0.534773548605104,0.602571434381894,0.506042517890376,0.559019263045627,0.586844473196885,0.536514266912316,0.505858267585068,0.551151504052651,0.537944916341765,0.507796960135771,0.586844473196885,0.422479084037433,0.498152269521899,0.555020760464116,0.429732056662426,0.575087677980257,0.548664124930995,0.567097175769187,0.507796960135771,0.448035590374239,0.570022799661144,0.587996037605059,0.532084130894988,0.544342371446201,0.516432338415419,0.547436692750048,0.544731085399135,0.547696810828129,0.513946381814502,0.514662018129008,0.590299166421407,0.508128881641656,0.546889252578218,0.557849544563254,0.536514266912316,0.500298243666073,0.506238961230594,0.559209636964023,0.537682156439453,0.507068087604479,0.573726122415299,0.571162171034407,0.532084130894988,0.572137613827214,0.535685140538431,0.580773696593323,0.580773696593323,0.576460071798469,0.516711423436694,0.558444185328002,0.523675001152005,0.546657584914927,0.505743111144251,0.624493589898686,0.515084330667027
"29",0.556112606096864,0.586887826209899,0.524826565560179,0.617582553325584,0.537995449697559,0.530722575330029,0.523675001152005,0.543639239766387,0.524936302874369,0.581925261001497,0.544342371446201,0.525036556716963,0.580773696593323,0.412738109091222,0.56742839278861,0.53471583490653,0.549497207267318,0.513161895496205,0.542692247388371,0.531874139738203,0.530722575330029,0.560170827453801,0.598212446078047,0.596472906430876,0.499481310327098,0.379574679873799,0.555909388848362,0.515294321823812,0.458333380581344,0.487419675689901,0.499481310327098,0.557380681727511,0.531353971321123,0.547569352969869,0.547696810828129,0.557806083167708,0.545882649807308,0.548646404386926,0.548043634932238,0.55665993788616,0.560802860192273,0.589734222470574,0.437739344618223,0.529578868655464,0.574877686823473,0.534773548605104,0.603469654620269,0.506042517890376,0.560170827453801,0.586844473196885,0.536514266912316,0.50768722282158,0.552118818155517,0.53815490749855,0.507796960135771,0.586844473196885,0.422479084037433,0.500921443228144,0.555020760464116,0.429732056662426,0.575087677980257,0.548664124930995,0.567097175769187,0.507796960135771,0.448035590374239,0.580315075906906,0.587996037605059,0.532084130894988,0.544342371446201,0.516432338415419,0.547436692750048,0.544731085399135,0.547696810828129,0.513946381814502,0.514662018129008,0.591450730829581,0.50928044604983,0.546889252578218,0.557849544563254,0.536514266912316,0.535642505559695,0.506238961230594,0.559209636964023,0.539584269885425,0.507068087604479,0.574877686823473,0.585604847981027,0.532084130894988,0.572137613827214,0.535685140538431,0.580773696593323,0.580773696593323,0.576460071798469,0.516711423436694,0.558444185328002,0.523675001152005,0.546657584914927,0.506870289482605,0.624493589898686,0.515824041451572
"30",0.557373907819228,0.586887826209899,0.524826565560179,0.618618080684864,0.537995449697559,0.566066837223652,0.523675001152005,0.552118818155517,0.524936302874369,0.581925261001497,0.544342371446201,0.525036556716963,0.580773696593323,0.412738109091222,0.56742839278861,0.53471583490653,0.550758508989683,0.513161895496205,0.542692247388371,0.531874139738203,0.530722575330029,0.560170827453801,0.598212446078047,0.596472906430876,0.499481310327098,0.379574679873799,0.557170690570727,0.51558830944331,0.458333380581344,0.487419675689901,0.499481310327098,0.557380681727511,0.531494529918003,0.547779344126654,0.547696810828129,0.557806083167708,0.545882649807308,0.548646404386926,0.55260653955192,0.55665993788616,0.560802860192273,0.589734222470574,0.437739344618223,0.529578868655464,0.574877686823473,0.534773548605104,0.603494040690089,0.531874139738203,0.560170827453801,0.586844473196885,0.536514266912316,0.515084330667027,0.552118818155517,0.588206028761844,0.507796960135771,0.586844473196885,0.422479084037433,0.500921443228144,0.555020760464116,0.429732056662426,0.575087677980257,0.548664124930995,0.567097175769187,0.507796960135771,0.448035590374239,0.580315075906906,0.587996037605059,0.532084130894988,0.544342371446201,0.516432338415419,0.547436692750048,0.544731085399135,0.595017870931607,0.513946381814502,0.514662018129008,0.591450730829581,0.509490437206615,0.547099243735003,0.558337265959657,0.536514266912316,0.53585249671648,0.506238961230594,0.559209636964023,0.539584269885425,0.507068087604479,0.575087677980257,0.594757752853525,0.532359151571293,0.572137613827214,0.535685140538431,0.580773696593323,0.580773696593323,0.576460071798469,0.516711423436694,0.558444185328002,0.523675001152005,0.546657584914927,0.506870289482605,0.624493589898686,0.517287205640781
"31",0.557373907819228,0.586887826209899,0.524826565560179,0.618618080684864,0.542012038614187,0.566066837223652,0.523675001152005,0.552118818155517,0.524936302874369,0.583186562723862,0.544342371446201,0.525036556716963,0.580773696593323,0.412738109091222,0.56742839278861,0.53471583490653,0.550758508989683,0.513161895496205,0.542692247388371,0.531874139738203,0.530722575330029,0.560170827453801,0.598212446078047,0.596472906430876,0.499481310327098,0.379574679873799,0.557170690570727,0.565639430706604,0.458333380581344,0.487419675689901,0.499481310327098,0.557380681727511,0.532646094326177,0.547779344126654,0.547696810828129,0.557806083167708,0.545882649807308,0.548646404386926,0.55260653955192,0.557811502294334,0.560802860192273,0.589734222470574,0.437739344618223,0.529578868655464,0.581925261001497,0.53574086270797,0.603494040690089,0.531874139738203,0.560170827453801,0.586844473196885,0.536514266912316,0.515824041451572,0.552118818155517,0.588206028761844,0.507796960135771,0.587996037605059,0.422479084037433,0.501131434384928,0.55628206218648,0.429732056662426,0.575087677980257,0.548664124930995,0.567097175769187,0.507796960135771,0.448035590374239,0.580315075906906,0.588206028761844,0.582135252158282,0.544342371446201,0.517693640137783,0.548542194581894,0.544731085399135,0.595017870931607,0.513946381814502,0.514662018129008,0.591450730829581,0.559541558469909,0.547099243735003,0.559598567682021,0.58656538817561,0.537113798438845,0.506238961230594,0.559209636964023,0.539584269885425,0.516188477717217,0.575087677980257,0.594757752853525,0.532359151571293,0.572137613827214,0.536514266912316,0.583942530888287,0.580773696593323,0.576460071798469,0.516711423436694,0.558444185328002,0.524936302874369,0.546657584914927,0.506870289482605,0.624493589898686,0.517497196797565
"32",0.557373907819228,0.586887826209899,0.525036556716963,0.620027053607806,0.573726122415299,0.580773696593323,0.524936302874369,0.552118818155517,0.524936302874369,0.583186562723862,0.544342371446201,0.525036556716963,0.580773696593323,0.412738109091222,0.570360140293656,0.535157493726606,0.550758508989683,0.513161895496205,0.549151846327398,0.531874139738203,0.530722575330029,0.560170827453801,0.598212446078047,0.596472906430876,0.499481310327098,0.379574679873799,0.557170690570727,0.56715678616208,0.458333380581344,0.487419675689901,0.499481310327098,0.557380681727511,0.556180345179697,0.547779344126654,0.548253626089023,0.558732753820874,0.545882649807308,0.548646404386926,0.55260653955192,0.558021493451119,0.577966589000692,0.590384517665778,0.437739344618223,0.529578868655464,0.581925261001497,0.53574086270797,0.603494040690089,0.531874139738203,0.567218401631826,0.586844473196885,0.536514266912316,0.517085343173936,0.55260653955192,0.588206028761844,0.507796960135771,0.587996037605059,0.422479084037433,0.502392736107293,0.55628206218648,0.429732056662426,0.575087677980257,0.548664124930995,0.567097175769187,0.507796960135771,0.448035590374239,0.580315075906906,0.588206028761844,0.582135252158282,0.544342371446201,0.517693640137783,0.595863254685372,0.544731085399135,0.595017870931607,0.513946381814502,0.514662018129008,0.591450730829581,0.559568654103042,0.547099243735003,0.559598567682021,0.587351161536482,0.537113798438845,0.506238961230594,0.559209636964023,0.545342091926295,0.516372728022525,0.576348979702622,0.594757752853525,0.532359151571293,0.572137613827214,0.53766583132049,0.590402129827314,0.581559469954195,0.576670062955254,0.516711423436694,0.558444185328002,0.524936302874369,0.548462154081618,0.514885177763496,0.624493589898686,0.517497196797565
"33",0.557373907819228,0.586887826209899,0.560380818610586,0.620027053607806,0.576894956710262,0.580773696593323,0.524936302874369,0.552118818155517,0.524936302874369,0.583186562723862,0.544342371446201,0.575087677980257,0.583942530888287,0.412738109091222,0.570360140293656,0.547201502654449,0.550758508989683,0.513161895496205,0.550413148049763,0.567218401631826,0.531874139738203,0.560170827453801,0.599317947909894,0.596472906430876,0.499481310327098,0.379574679873799,0.557170690570727,0.56715678616208,0.458333380581344,0.487419675689901,0.499481310327098,0.557380681727511,0.557264170505038,0.548903812901694,0.548253626089023,0.558732753820874,0.545882649807308,0.548646404386926,0.55260653955192,0.558617597380056,0.577966589000692,0.596844116604805,0.437739344618223,0.529578868655464,0.581925261001497,0.548664124930995,0.603494040690089,0.531874139738203,0.56742839278861,0.586844473196885,0.542413162367096,0.517085343173936,0.55260653955192,0.588206028761844,0.507796960135771,0.587996037605059,0.422479084037433,0.502392736107293,0.55628206218648,0.429732056662426,0.576095635532824,0.549151846327398,0.567097175769187,0.507796960135771,0.448035590374239,0.580315075906906,0.590873593843837,0.582135252158282,0.544342371446201,0.517693640137783,0.595863254685372,0.544731085399135,0.595985185034473,0.513946381814502,0.514662018129008,0.591660721986366,0.559568654103042,0.547099243735003,0.559598567682021,0.587926943740569,0.537113798438845,0.506238961230594,0.559209636964023,0.575308507390295,0.551716989916147,0.576348979702622,0.595863254685372,0.532359151571293,0.586844473196885,0.53766583132049,0.590402129827314,0.581559469954195,0.576670062955254,0.516711423436694,0.559705487050366,0.524936302874369,0.549632685432986,0.514885177763496,0.624493589898686,0.51875849851993
"34",0.557373907819228,0.586887826209899,0.563312566115631,0.626575862209363,0.576894956710262,0.580773696593323,0.524936302874369,0.55260653955192,0.524936302874369,0.583186562723862,0.544342371446201,0.575087677980257,0.584592826083491,0.412738109091222,0.570360140293656,0.547201502654449,0.550758508989683,0.513161895496205,0.550413148049763,0.567218401631826,0.567218401631826,0.560170827453801,0.599927599655398,0.596472906430876,0.499481310327098,0.379574679873799,0.557170690570727,0.56715678616208,0.458333380581344,0.487419675689901,0.499481310327098,0.557380681727511,0.557264170505038,0.548903812901694,0.549151846327398,0.559884318229047,0.545882649807308,0.548646404386926,0.599927599655398,0.558617597380056,0.577966589000692,0.596844116604805,0.437739344618223,0.529578868655464,0.581925261001497,0.548664124930995,0.630267235789306,0.531874139738203,0.56742839278861,0.587996037605059,0.548872761306123,0.517085343173936,0.599927599655398,0.588206028761844,0.507796960135771,0.587996037605059,0.422479084037433,0.502392736107293,0.55628206218648,0.429732056662426,0.578763200614817,0.549151846327398,0.567097175769187,0.507796960135771,0.448035590374239,0.580315075906906,0.597333192782865,0.582135252158282,0.544342371446201,0.517693640137783,0.595863254685372,0.544731085399135,0.595985185034473,0.513946381814502,0.514662018129008,0.591660721986366,0.559568654103042,0.547099243735003,0.559598567682021,0.587926943740569,0.537113798438845,0.506238961230594,0.559209636964023,0.575308507390295,0.552237226072311,0.576348979702622,0.595863254685372,0.532359151571293,0.58810577491925,0.53766583132049,0.590402129827314,0.582135252158282,0.576670062955254,0.516711423436694,0.559705487050366,0.524936302874369,0.549632685432986,0.514885177763496,0.624493589898686,0.51875849851993
"35",0.557373907819228,0.586887826209899,0.563312566115631,0.626575862209363,0.576894956710262,0.581925261001497,0.524936302874369,0.55260653955192,0.524936302874369,0.583186562723862,0.544342371446201,0.588206028761844,0.584592826083491,0.412738109091222,0.576819739232683,0.549164581274971,0.550758508989683,0.513161895496205,0.550413148049763,0.567218401631826,0.567218401631826,0.560380818610586,0.599927599655398,0.596472906430876,0.499481310327098,0.379574679873799,0.557170690570727,0.56715678616208,0.458333380581344,0.487419675689901,0.499481310327098,0.557380681727511,0.558525472227402,0.561012851349058,0.550413148049763,0.559884318229047,0.545882649807308,0.548646404386926,0.599927599655398,0.558617597380056,0.577966589000692,0.596844116604805,0.437739344618223,0.529578868655464,0.581925261001497,0.548664124930995,0.630267235789306,0.531874139738203,0.568689694510975,0.589257339327424,0.581751144462981,0.517085343173936,0.599927599655398,0.588206028761844,0.507796960135771,0.587996037605059,0.422479084037433,0.502392736107293,0.55628206218648,0.429732056662426,0.578763200614817,0.549151846327398,0.567097175769187,0.507796960135771,0.448035590374239,0.580315075906906,0.597333192782865,0.582135252158282,0.544342371446201,0.517693640137783,0.596472906430876,0.544731085399135,0.595985185034473,0.513946381814502,0.514662018129008,0.591660721986366,0.560829955825407,0.548855040762054,0.559598567682021,0.587926943740569,0.537113798438845,0.506238961230594,0.559209636964023,0.585736261801725,0.552237226072311,0.576348979702622,0.595863254685372,0.532359151571293,0.58810577491925,0.53766583132049,0.590402129827314,0.582135252158282,0.576670062955254,0.516711423436694,0.559705487050366,0.524936302874369,0.55089398715535,0.519859936006807,0.624493589898686,0.51875849851993
"36",0.557373907819228,0.586887826209899,0.563312566115631,0.626575862209363,0.58335455564929,0.581925261001497,0.524936302874369,0.55260653955192,0.524936302874369,0.583186562723862,0.544342371446201,0.588206028761844,0.591052425022519,0.412738109091222,0.576819739232683,0.549374572431756,0.550758508989683,0.513161895496205,0.550413148049763,0.581925261001497,0.567218401631826,0.560575907169147,0.599927599655398,0.596472906430876,0.499481310327098,0.379574679873799,0.557170690570727,0.56715678616208,0.458333380581344,0.487419675689901,0.499481310327098,0.557380681727511,0.558525472227402,0.561012851349058,0.550413148049763,0.561145619951412,0.545882649807308,0.548646404386926,0.599927599655398,0.558617597380056,0.577966589000692,0.596844116604805,0.437739344618223,0.529578868655464,0.584592826083491,0.595985185034473,0.630267235789306,0.531874139738203,0.568689694510975,0.589257339327424,0.581751144462981,0.517085343173936,0.599927599655398,0.588206028761844,0.507796960135771,0.587996037605059,0.422479084037433,0.502392736107293,0.55628206218648,0.429732056662426,0.578763200614817,0.549151846327398,0.567097175769187,0.507796960135771,0.448035590374239,0.580315075906906,0.597333192782865,0.582135252158282,0.544342371446201,0.517693640137783,0.596472906430876,0.544731085399135,0.596472906430876,0.513946381814502,0.514662018129008,0.591660721986366,0.560829955825407,0.548855040762054,0.559598567682021,0.587926943740569,0.537113798438845,0.506238961230594,0.559209636964023,0.585736261801725,0.553498527794675,0.576348979702622,0.595863254685372,0.532359151571293,0.58810577491925,0.53766583132049,0.590402129827314,0.582135252158282,0.576670062955254,0.516711423436694,0.559705487050366,0.524936302874369,0.55089398715535,0.55520419790043,0.624493589898686,0.51875849851993
"37",0.557373907819228,0.586887826209899,0.563312566115631,0.627004244169204,0.58335455564929,0.581925261001497,0.524936302874369,0.585484922708778,0.524936302874369,0.583186562723862,0.544342371446201,0.588206028761844,0.591052425022519,0.412738109091222,0.576819739232683,0.549374572431756,0.550758508989683,0.513161895496205,0.550413148049763,0.581925261001497,0.567218401631826,0.575282766538818,0.599927599655398,0.596472906430876,0.499481310327098,0.379574679873799,0.557170690570727,0.56715678616208,0.458333380581344,0.487419675689901,0.499481310327098,0.557380681727511,0.558525472227402,0.561012851349058,0.550413148049763,0.561145619951412,0.545882649807308,0.548646404386926,0.599927599655398,0.558617597380056,0.577966589000692,0.596844116604805,0.437739344618223,0.529578868655464,0.584592826083491,0.595985185034473,0.630267235789306,0.532084130894988,0.568689694510975,0.589257339327424,0.581751144462981,0.517085343173936,0.599927599655398,0.589467330484209,0.507796960135771,0.587996037605059,0.422479084037433,0.502392736107293,0.55628206218648,0.429732056662426,0.578763200614817,0.549151846327398,0.567097175769187,0.507796960135771,0.448035590374239,0.580315075906906,0.597333192782865,0.582135252158282,0.544342371446201,0.517693640137783,0.596472906430876,0.544731085399135,0.596472906430876,0.513946381814502,0.514662018129008,0.591660721986366,0.560829955825407,0.548855040762054,0.559598567682021,0.587926943740569,0.537113798438845,0.506238961230594,0.559209636964023,0.586887826209899,0.553498527794675,0.576348979702622,0.595863254685372,0.532359151571293,0.58810577491925,0.537875822477275,0.590402129827314,0.58859485109731,0.576670062955254,0.516711423436694,0.559705487050366,0.524936302874369,0.55089398715535,0.55520419790043,0.624493589898686,0.51875849851993
"38",0.557373907819228,0.589555391291892,0.564894951090628,0.627004244169204,0.58335455564929,0.582135252158282,0.524936302874369,0.585484922708778,0.524936302874369,0.583186562723862,0.544342371446201,0.588206028761844,0.591052425022519,0.412738109091222,0.576819739232683,0.549374572431756,0.550758508989683,0.513161895496205,0.550413148049763,0.581925261001497,0.573289178235388,0.576544068261183,0.599927599655398,0.59712320162608,0.499481310327098,0.379574679873799,0.557170690570727,0.568418087884445,0.458333380581344,0.487419675689901,0.499481310327098,0.557380681727511,0.558525472227402,0.561012851349058,0.550413148049763,0.561145619951412,0.545882649807308,0.548646404386926,0.599927599655398,0.558617597380056,0.577966589000692,0.596844116604805,0.437739344618223,0.529578868655464,0.584592826083491,0.596472906430876,0.63451583106464,0.533100217137494,0.568689694510975,0.589257339327424,0.581751144462981,0.517085343173936,0.599927599655398,0.589467330484209,0.507796960135771,0.587996037605059,0.422479084037433,0.502392736107293,0.55628206218648,0.429732056662426,0.585222799553845,0.549151846327398,0.567097175769187,0.507796960135771,0.448035590374239,0.580315075906906,0.597333192782865,0.582135252158282,0.544342371446201,0.517693640137783,0.596472906430876,0.544731085399135,0.596472906430876,0.513946381814502,0.514662018129008,0.591660721986366,0.560829955825407,0.550074344253062,0.559598567682021,0.587926943740569,0.537113798438845,0.506238961230594,0.559209636964023,0.586887826209899,0.553498527794675,0.576348979702622,0.596472906430876,0.532359151571293,0.58810577491925,0.587926943740569,0.590402129827314,0.58859485109731,0.576670062955254,0.516711423436694,0.559705487050366,0.524936302874369,0.55089398715535,0.55520419790043,0.624493589898686,0.51875849851993
"39",0.557373907819228,0.589555391291892,0.564894951090628,0.627004244169204,0.58335455564929,0.582135252158282,0.524936302874369,0.585484922708778,0.524936302874369,0.583186562723862,0.544342371446201,0.588206028761844,0.591052425022519,0.412738109091222,0.576819739232683,0.550635874154121,0.550758508989683,0.513161895496205,0.550413148049763,0.584592826083491,0.573289178235388,0.576544068261183,0.599927599655398,0.59712320162608,0.499481310327098,0.379574679873799,0.557170690570727,0.568418087884445,0.458333380581344,0.487419675689901,0.499481310327098,0.557380681727511,0.558525472227402,0.562118353180905,0.550413148049763,0.561145619951412,0.545882649807308,0.548646404386926,0.599927599655398,0.559878899102421,0.582941347244004,0.596844116604805,0.437739344618223,0.529578868655464,0.584592826083491,0.596472906430876,0.63451583106464,0.533100217137494,0.568689694510975,0.589257339327424,0.581751144462981,0.517085343173936,0.599927599655398,0.589467330484209,0.507796960135771,0.589257339327424,0.422479084037433,0.502392736107293,0.55628206218648,0.429732056662426,0.585222799553845,0.549151846327398,0.567097175769187,0.507796960135771,0.448035590374239,0.580315075906906,0.597333192782865,0.582135252158282,0.544342371446201,0.517693640137783,0.596472906430876,0.544731085399135,0.596472906430876,0.513946381814502,0.514662018129008,0.591660721986366,0.560829955825407,0.562118353180905,0.559598567682021,0.587926943740569,0.537113798438845,0.506238961230594,0.559209636964023,0.586887826209899,0.553498527794675,0.576348979702622,0.596472906430876,0.533620453293658,0.58810577491925,0.587926943740569,0.590402129827314,0.591262416179303,0.576670062955254,0.516711423436694,0.559705487050366,0.524936302874369,0.55089398715535,0.55520419790043,0.624493589898686,0.51875849851993
"40",0.557373907819228,0.589555391291892,0.564894951090628,0.630948690962614,0.58335455564929,0.582135252158282,0.524936302874369,0.585484922708778,0.524936302874369,0.583186562723862,0.544342371446201,0.588206028761844,0.591052425022519,0.412738109091222,0.576819739232683,0.550635874154121,0.550758508989683,0.513161895496205,0.550413148049763,0.584592826083491,0.574550479957752,0.576544068261183,0.599927599655398,0.59712320162608,0.499481310327098,0.379574679873799,0.557170690570727,0.568418087884445,0.458333380581344,0.487419675689901,0.499481310327098,0.557380681727511,0.558525472227402,0.56337965490327,0.550413148049763,0.561145619951412,0.545882649807308,0.548646404386926,0.599927599655398,0.559878899102421,0.582941347244004,0.596844116604805,0.437739344618223,0.529578868655464,0.584592826083491,0.596472906430876,0.63451583106464,0.533100217137494,0.568689694510975,0.589257339327424,0.581751144462981,0.517085343173936,0.599927599655398,0.589467330484209,0.507796960135771,0.589257339327424,0.422479084037433,0.502392736107293,0.55628206218648,0.429732056662426,0.585222799553845,0.549151846327398,0.567097175769187,0.507796960135771,0.448035590374239,0.581420577738753,0.597333192782865,0.582135252158282,0.544342371446201,0.517693640137783,0.596472906430876,0.544731085399135,0.596472906430876,0.513946381814502,0.514662018129008,0.591660721986366,0.560829955825407,0.563987951867117,0.559598567682021,0.587926943740569,0.537113798438845,0.506238961230594,0.559209636964023,0.586887826209899,0.553498527794675,0.576348979702622,0.596472906430876,0.533620453293658,0.58810577491925,0.587926943740569,0.590402129827314,0.591262416179303,0.576670062955254,0.516711423436694,0.559705487050366,0.524936302874369,0.55089398715535,0.55520419790043,0.624493589898686,0.51875849851993
"41",0.557373907819228,0.589555391291892,0.564894951090628,0.630948690962614,0.584936940624286,0.582135252158282,0.524936302874369,0.585484922708778,0.524936302874369,0.583186562723862,0.544342371446201,0.588206028761844,0.591052425022519,0.412738109091222,0.576819739232683,0.550635874154121,0.550758508989683,0.513161895496205,0.550413148049763,0.584592826083491,0.574550479957752,0.576544068261183,0.599927599655398,0.59712320162608,0.499481310327098,0.379574679873799,0.557170690570727,0.568418087884445,0.458333380581344,0.487419675689901,0.499481310327098,0.557380681727511,0.558525472227402,0.56337965490327,0.550413148049763,0.561145619951412,0.545882649807308,0.548646404386926,0.599927599655398,0.559878899102421,0.582941347244004,0.59705410776159,0.437739344618223,0.529578868655464,0.584592826083491,0.596472906430876,0.63451583106464,0.533100217137494,0.568689694510975,0.589257339327424,0.581751144462981,0.517085343173936,0.599927599655398,0.589467330484209,0.507796960135771,0.589257339327424,0.422479084037433,0.502392736107293,0.55628206218648,0.429732056662426,0.586469198677986,0.549151846327398,0.567097175769187,0.507796960135771,0.448035590374239,0.581420577738753,0.597333192782865,0.582135252158282,0.544342371446201,0.517693640137783,0.596472906430876,0.544731085399135,0.596472906430876,0.513946381814502,0.514662018129008,0.59292202370873,0.560829955825407,0.563987951867117,0.559598567682021,0.587926943740569,0.537113798438845,0.506238961230594,0.559209636964023,0.586887826209899,0.553498527794675,0.576348979702622,0.596472906430876,0.533620453293658,0.58810577491925,0.589188245462933,0.590402129827314,0.591262416179303,0.576670062955254,0.516711423436694,0.559705487050366,0.524936302874369,0.55089398715535,0.55520419790043,0.625754891621051,0.51875849851993
"42",0.557373907819228,0.594118295911575,0.579337628037248,0.631846911200989,0.586198242346651,0.582135252158282,0.524936302874369,0.585484922708778,0.524936302874369,0.583186562723862,0.544342371446201,0.588206028761844,0.591262416179303,0.412738109091222,0.576819739232683,0.550635874154121,0.550758508989683,0.513161895496205,0.550413148049763,0.584592826083491,0.574550479957752,0.576544068261183,0.599927599655398,0.59712320162608,0.499481310327098,0.379574679873799,0.557170690570727,0.568418087884445,0.458333380581344,0.487419675689901,0.499481310327098,0.557380681727511,0.558525472227402,0.56337965490327,0.550413148049763,0.561145619951412,0.545882649807308,0.548646404386926,0.599927599655398,0.559878899102421,0.582941347244004,0.59705410776159,0.437739344618223,0.529578868655464,0.591052425022519,0.596472906430876,0.63451583106464,0.538497843379304,0.568689694510975,0.589257339327424,0.581751144462981,0.517085343173936,0.599927599655398,0.589467330484209,0.507796960135771,0.589257339327424,0.422479084037433,0.502392736107293,0.55628206218648,0.429732056662426,0.596602965469917,0.549151846327398,0.567097175769187,0.507796960135771,0.448035590374239,0.581420577738753,0.597333192782865,0.582135252158282,0.544342371446201,0.517693640137783,0.596472906430876,0.544731085399135,0.596472906430876,0.513946381814502,0.514662018129008,0.59292202370873,0.560829955825407,0.564581346232741,0.559598567682021,0.587926943740569,0.537113798438845,0.506238961230594,0.559209636964023,0.587716952583784,0.553498527794675,0.576348979702622,0.596472906430876,0.533620453293658,0.58810577491925,0.589188245462933,0.590402129827314,0.591262416179303,0.576670062955254,0.516711423436694,0.559705487050366,0.524936302874369,0.55089398715535,0.555250260476757,0.625754891621051,0.51875849851993
"43",0.557373907819228,0.594118295911575,0.579337628037248,0.631871297270809,0.586198242346651,0.582135252158282,0.524936302874369,0.585484922708778,0.524936302874369,0.583186562723862,0.544342371446201,0.590873593843837,0.591262416179303,0.412738109091222,0.576819739232683,0.550635874154121,0.550758508989683,0.513161895496205,0.550413148049763,0.584592826083491,0.574550479957752,0.576544068261183,0.600577894850602,0.59712320162608,0.499481310327098,0.379574679873799,0.557170690570727,0.568418087884445,0.458333380581344,0.487419675689901,0.499481310327098,0.557380681727511,0.558525472227402,0.56337965490327,0.550413148049763,0.561145619951412,0.545882649807308,0.548646404386926,0.599927599655398,0.559878899102421,0.582941347244004,0.59705410776159,0.437739344618223,0.529578868655464,0.591052425022519,0.599927599655398,0.63451583106464,0.544957442318332,0.568689694510975,0.589257339327424,0.581751144462981,0.517085343173936,0.599927599655398,0.589467330484209,0.507796960135771,0.589257339327424,0.422479084037433,0.502392736107293,0.55628206218648,0.429732056662426,0.596602965469917,0.549151846327398,0.567097175769187,0.507796960135771,0.448035590374239,0.582030229484256,0.597333192782865,0.583396553880647,0.544342371446201,0.517693640137783,0.596472906430876,0.544731085399135,0.59712320162608,0.513946381814502,0.514662018129008,0.59292202370873,0.560829955825407,0.565842647955105,0.559598567682021,0.589188245462933,0.537113798438845,0.506238961230594,0.559209636964023,0.590384517665778,0.553498527794675,0.576348979702622,0.59712320162608,0.533620453293658,0.58810577491925,0.589188245462933,0.591663431549679,0.591262416179303,0.576670062955254,0.516711423436694,0.559705487050366,0.524936302874369,0.55089398715535,0.55577049663292,0.625754891621051,0.51875849851993
"44",0.557373907819228,0.594118295911575,0.584802817240276,0.631871297270809,0.586198242346651,0.584802817240276,0.524936302874369,0.585484922708778,0.524936302874369,0.583186562723862,0.544342371446201,0.590873593843837,0.591262416179303,0.412738109091222,0.576819739232683,0.550635874154121,0.550758508989683,0.513161895496205,0.550413148049763,0.584592826083491,0.574550479957752,0.576544068261183,0.600787886007387,0.59712320162608,0.499481310327098,0.379574679873799,0.557170690570727,0.568418087884445,0.458333380581344,0.487419675689901,0.499481310327098,0.557380681727511,0.558525472227402,0.56337965490327,0.550413148049763,0.561145619951412,0.545882649807308,0.548646404386926,0.599927599655398,0.559878899102421,0.584202648966368,0.598315409483955,0.437739344618223,0.529578868655464,0.591262416179303,0.599927599655398,0.63451583106464,0.544957442318332,0.568689694510975,0.589257339327424,0.581751144462981,0.517085343173936,0.600577894850602,0.589467330484209,0.507796960135771,0.589257339327424,0.422479084037433,0.502392736107293,0.55628206218648,0.429732056662426,0.596602965469917,0.582030229484256,0.567097175769187,0.507796960135771,0.448035590374239,0.582030229484256,0.597333192782865,0.583396553880647,0.544342371446201,0.517693640137783,0.596472906430876,0.544731085399135,0.59712320162608,0.513946381814502,0.514662018129008,0.59292202370873,0.560829955825407,0.565842647955105,0.559598567682021,0.589188245462933,0.537113798438845,0.506238961230594,0.559209636964023,0.596844116604805,0.553498527794675,0.576348979702622,0.59712320162608,0.533620453293658,0.58810577491925,0.589188245462933,0.591663431549679,0.591262416179303,0.576670062955254,0.516711423436694,0.559705487050366,0.524936302874369,0.55089398715535,0.55577049663292,0.625754891621051,0.51875849851993
"45",0.557373907819228,0.600577894850602,0.58606411896264,0.631871297270809,0.586198242346651,0.591262416179303,0.524936302874369,0.585484922708778,0.524936302874369,0.583186562723862,0.544342371446201,0.590873593843837,0.591262416179303,0.412738109091222,0.57783582547519,0.550635874154121,0.550758508989683,0.513161895496205,0.550413148049763,0.584592826083491,0.574550479957752,0.576544068261183,0.600787886007387,0.598384503348445,0.499481310327098,0.379574679873799,0.557170690570727,0.568418087884445,0.458333380581344,0.487419675689901,0.499481310327098,0.557380681727511,0.558525472227402,0.56337965490327,0.550413148049763,0.561145619951412,0.545882649807308,0.548646404386926,0.599927599655398,0.559878899102421,0.584202648966368,0.598315409483955,0.437739344618223,0.529578868655464,0.591262416179303,0.601188901377763,0.63451583106464,0.544957442318332,0.568689694510975,0.589257339327424,0.581751144462981,0.517085343173936,0.600577894850602,0.589467330484209,0.507796960135771,0.589257339327424,0.422479084037433,0.502392736107293,0.55628206218648,0.429732056662426,0.596602965469917,0.582030229484256,0.567097175769187,0.507796960135771,0.448035590374239,0.582030229484256,0.597333192782865,0.583396553880647,0.544342371446201,0.517693640137783,0.59712320162608,0.544731085399135,0.59712320162608,0.513946381814502,0.514662018129008,0.59292202370873,0.560829955825407,0.565842647955105,0.559598567682021,0.589188245462933,0.537113798438845,0.506238961230594,0.559209636964023,0.596844116604805,0.553498527794675,0.576348979702622,0.59712320162608,0.533620453293658,0.58810577491925,0.589188245462933,0.591663431549679,0.591262416179303,0.576670062955254,0.516711423436694,0.559705487050366,0.524936302874369,0.55089398715535,0.55577049663292,0.625754891621051,0.51875849851993
"46",0.557373907819228,0.600577894850602,0.58606411896264,0.631871297270809,0.586198242346651,0.597333192782865,0.524936302874369,0.585484922708778,0.524936302874369,0.583186562723862,0.544342371446201,0.597333192782865,0.591262416179303,0.412738109091222,0.57783582547519,0.550635874154121,0.550758508989683,0.513161895496205,0.550413148049763,0.591052425022519,0.574550479957752,0.576544068261183,0.600787886007387,0.598384503348445,0.499481310327098,0.379574679873799,0.557170690570727,0.568418087884445,0.458333380581344,0.487419675689901,0.499481310327098,0.557380681727511,0.558525472227402,0.56337965490327,0.550413148049763,0.561145619951412,0.545882649807308,0.548646404386926,0.599927599655398,0.559878899102421,0.584202648966368,0.598315409483955,0.437739344618223,0.529578868655464,0.591262416179303,0.601188901377763,0.63451583106464,0.544957442318332,0.568689694510975,0.589257339327424,0.585484922708778,0.517085343173936,0.600787886007387,0.589467330484209,0.507796960135771,0.589257339327424,0.422479084037433,0.502392736107293,0.55628206218648,0.429732056662426,0.596602965469917,0.582030229484256,0.567097175769187,0.507796960135771,0.448035590374239,0.583291531206621,0.597333192782865,0.583396553880647,0.544342371446201,0.517693640137783,0.597333192782865,0.544731085399135,0.59712320162608,0.513946381814502,0.514662018129008,0.59292202370873,0.560829955825407,0.565842647955105,0.559598567682021,0.589188245462933,0.537113798438845,0.506238961230594,0.559209636964023,0.596844116604805,0.553498527794675,0.576348979702622,0.597333192782865,0.533620453293658,0.58810577491925,0.589188245462933,0.591663431549679,0.591262416179303,0.576670062955254,0.516711423436694,0.559705487050366,0.524936302874369,0.55089398715535,0.55577049663292,0.625754891621051,0.51875849851993
"47",0.557373907819228,0.600787886007387,0.58606411896264,0.631871297270809,0.586198242346651,0.597333192782865,0.524936302874369,0.586135217903982,0.524936302874369,0.583186562723862,0.544342371446201,0.597333192782865,0.591262416179303,0.412738109091222,0.57783582547519,0.550635874154121,0.550758508989683,0.513161895496205,0.550413148049763,0.591262416179303,0.574550479957752,0.576544068261183,0.600787886007387,0.598384503348445,0.499481310327098,0.379574679873799,0.557170690570727,0.568418087884445,0.458333380581344,0.487419675689901,0.499481310327098,0.557380681727511,0.558525472227402,0.56337965490327,0.550413148049763,0.561145619951412,0.545882649807308,0.548646404386926,0.599927599655398,0.559878899102421,0.584202648966368,0.598315409483955,0.437739344618223,0.529578868655464,0.591262416179303,0.601188901377763,0.635777132787004,0.544957442318332,0.568689694510975,0.589257339327424,0.585484922708778,0.517085343173936,0.602049187729752,0.589467330484209,0.507796960135771,0.589257339327424,0.422479084037433,0.502392736107293,0.55628206218648,0.429732056662426,0.596602965469917,0.582030229484256,0.567097175769187,0.507796960135771,0.448035590374239,0.583291531206621,0.597333192782865,0.583396553880647,0.544342371446201,0.517693640137783,0.597333192782865,0.544731085399135,0.59712320162608,0.513946381814502,0.514662018129008,0.59292202370873,0.560829955825407,0.565842647955105,0.559598567682021,0.589188245462933,0.537113798438845,0.506238961230594,0.559209636964023,0.596844116604805,0.553498527794675,0.576348979702622,0.597333192782865,0.533620453293658,0.58810577491925,0.589188245462933,0.591663431549679,0.591262416179303,0.579337628037248,0.516711423436694,0.559705487050366,0.524936302874369,0.55089398715535,0.55577049663292,0.625754891621051,0.51875849851993
"48",0.557373907819228,0.600787886007387,0.58606411896264,0.631871297270809,0.586198242346651,0.597333192782865,0.524936302874369,0.586135217903982,0.524936302874369,0.583186562723862,0.544342371446201,0.597333192782865,0.591262416179303,0.412738109091222,0.57783582547519,0.550635874154121,0.550758508989683,0.513161895496205,0.550413148049763,0.591262416179303,0.574550479957752,0.576544068261183,0.602049187729752,0.598384503348445,0.499481310327098,0.379574679873799,0.557170690570727,0.568418087884445,0.458333380581344,0.487419675689901,0.499481310327098,0.557380681727511,0.558525472227402,0.56337965490327,0.550413148049763,0.561145619951412,0.545882649807308,0.548646404386926,0.599927599655398,0.559878899102421,0.584202648966368,0.598315409483955,0.437739344618223,0.529578868655464,0.591262416179303,0.601188901377763,0.635777132787004,0.544957442318332,0.568689694510975,0.589257339327424,0.585484922708778,0.517085343173936,0.602049187729752,0.589467330484209,0.507796960135771,0.589257339327424,0.422479084037433,0.502392736107293,0.55628206218648,0.429732056662426,0.597864267192282,0.582030229484256,0.567097175769187,0.507796960135771,0.448035590374239,0.583291531206621,0.597333192782865,0.583396553880647,0.544342371446201,0.517693640137783,0.597333192782865,0.544731085399135,0.598384503348445,0.513946381814502,0.514662018129008,0.59292202370873,0.560829955825407,0.565842647955105,0.559598567682021,0.589188245462933,0.537113798438845,0.506238961230594,0.559209636964023,0.596844116604805,0.553498527794675,0.576348979702622,0.597333192782865,0.533620453293658,0.58810577491925,0.589188245462933,0.591663431549679,0.591262416179303,0.580598929759612,0.516711423436694,0.559705487050366,0.524936302874369,0.55089398715535,0.55577049663292,0.625754891621051,0.51875849851993
"49",0.557373907819228,0.600787886007387,0.58606411896264,0.631871297270809,0.586198242346651,0.597333192782865,0.524936302874369,0.587396519626347,0.524936302874369,0.583186562723862,0.544342371446201,0.597333192782865,0.591262416179303,0.412738109091222,0.57783582547519,0.550635874154121,0.550758508989683,0.513161895496205,0.550413148049763,0.591262416179303,0.574550479957752,0.576544068261183,0.602049187729752,0.598384503348445,0.499481310327098,0.379574679873799,0.557170690570727,0.568418087884445,0.458333380581344,0.487419675689901,0.499481310327098,0.557380681727511,0.558525472227402,0.56337965490327,0.550413148049763,0.561145619951412,0.545882649807308,0.548646404386926,0.600577894850602,0.559878899102421,0.584202648966368,0.598315409483955,0.437739344618223,0.529578868655464,0.591262416179303,0.601188901377763,0.635777132787004,0.544957442318332,0.568689694510975,0.589257339327424,0.585484922708778,0.517085343173936,0.602049187729752,0.589467330484209,0.507796960135771,0.589257339327424,0.422479084037433,0.502392736107293,0.55628206218648,0.429732056662426,0.597864267192282,0.582680524679461,0.567097175769187,0.507796960135771,0.448035590374239,0.583291531206621,0.59859449450523,0.583396553880647,0.544342371446201,0.517693640137783,0.597333192782865,0.544731085399135,0.598384503348445,0.513946381814502,0.514662018129008,0.59292202370873,0.560829955825407,0.565842647955105,0.559598567682021,0.589188245462933,0.537113798438845,0.506238961230594,0.559209636964023,0.596844116604805,0.553498527794675,0.576348979702622,0.597333192782865,0.533620453293658,0.58810577491925,0.589188245462933,0.591663431549679,0.592523717901668,0.580598929759612,0.516711423436694,0.559705487050366,0.524936302874369,0.55089398715535,0.55577049663292,0.625754891621051,0.51875849851993
"50",0.557373907819228,0.600787886007387,0.58606411896264,0.631871297270809,0.586198242346651,0.597333192782865,0.524936302874369,0.587396519626347,0.524936302874369,0.583186562723862,0.544342371446201,0.597333192782865,0.591262416179303,0.412738109091222,0.57783582547519,0.550635874154121,0.550758508989683,0.513161895496205,0.550413148049763,0.591262416179303,0.574550479957752,0.576544068261183,0.602049187729752,0.598384503348445,0.499481310327098,0.379574679873799,0.557170690570727,0.568418087884445,0.458333380581344,0.487419675689901,0.499481310327098,0.557380681727511,0.558525472227402,0.56337965490327,0.550413148049763,0.561145619951412,0.545882649807308,0.548646404386926,0.600577894850602,0.559878899102421,0.584202648966368,0.598315409483955,0.437739344618223,0.529578868655464,0.592523717901668,0.601188901377763,0.635777132787004,0.544957442318332,0.568689694510975,0.589257339327424,0.585484922708778,0.517085343173936,0.602049187729752,0.589467330484209,0.507796960135771,0.589257339327424,0.422479084037433,0.502392736107293,0.55628206218648,0.429732056662426,0.597864267192282,0.582680524679461,0.567097175769187,0.507796960135771,0.448035590374239,0.583291531206621,0.59859449450523,0.583396553880647,0.544342371446201,0.517693640137783,0.597333192782865,0.544731085399135,0.598384503348445,0.513946381814502,0.514662018129008,0.59292202370873,0.560829955825407,0.565842647955105,0.559598567682021,0.589188245462933,0.537113798438845,0.506238961230594,0.559209636964023,0.596844116604805,0.553498527794675,0.576348979702622,0.597570279572783,0.533620453293658,0.58810577491925,0.589188245462933,0.591663431549679,0.592523717901668,0.580598929759612,0.516711423436694,0.559705487050366,0.524936302874369,0.55089398715535,0.55577049663292,0.625754891621051,0.51875849851993
"51",0.557373907819228,0.600787886007387,0.58606411896264,0.633132598993174,0.586198242346651,0.597333192782865,0.524936302874369,0.587396519626347,0.524936302874369,0.583186562723862,0.544342371446201,0.597333192782865,0.592523717901668,0.412738109091222,0.57783582547519,0.550635874154121,0.550758508989683,0.513161895496205,0.550413148049763,0.591262416179303,0.574550479957752,0.576544068261183,0.602049187729752,0.598384503348445,0.499481310327098,0.379574679873799,0.557170690570727,0.568418087884445,0.458333380581344,0.487419675689901,0.499481310327098,0.557380681727511,0.558525472227402,0.56337965490327,0.550413148049763,0.561145619951412,0.545882649807308,0.548646404386926,0.600577894850602,0.559878899102421,0.584202648966368,0.598315409483955,0.437739344618223,0.529578868655464,0.592523717901668,0.601188901377763,0.635777132787004,0.57783582547519,0.568689694510975,0.589257339327424,0.585484922708778,0.517085343173936,0.602049187729752,0.589467330484209,0.507796960135771,0.589257339327424,0.422479084037433,0.502392736107293,0.55628206218648,0.429732056662426,0.597864267192282,0.582890515836245,0.567097175769187,0.507796960135771,0.448035590374239,0.583291531206621,0.59859449450523,0.583396553880647,0.544342371446201,0.517693640137783,0.597333192782865,0.544731085399135,0.598384503348445,0.513946381814502,0.514662018129008,0.59292202370873,0.560829955825407,0.565842647955105,0.559598567682021,0.589188245462933,0.537113798438845,0.506238961230594,0.559209636964023,0.596844116604805,0.553498527794675,0.576348979702622,0.597570279572783,0.533620453293658,0.58810577491925,0.589188245462933,0.591663431549679,0.592523717901668,0.580598929759612,0.516711423436694,0.559705487050366,0.524936302874369,0.55089398715535,0.55577049663292,0.625754891621051,0.51875849851993
"52",0.557373907819228,0.600787886007387,0.58606411896264,0.633132598993174,0.586198242346651,0.597333192782865,0.524936302874369,0.587396519626347,0.524936302874369,0.583186562723862,0.544342371446201,0.597333192782865,0.592523717901668,0.412738109091222,0.57783582547519,0.550635874154121,0.550758508989683,0.513161895496205,0.550413148049763,0.591262416179303,0.574550479957752,0.576544068261183,0.602049187729752,0.598384503348445,0.499481310327098,0.379574679873799,0.557170690570727,0.568418087884445,0.458333380581344,0.487419675689901,0.499481310327098,0.557380681727511,0.558525472227402,0.56337965490327,0.550413148049763,0.561145619951412,0.545882649807308,0.548646404386926,0.601839196572967,0.559878899102421,0.584202648966368,0.598315409483955,0.437739344618223,0.529578868655464,0.592523717901668,0.601188901377763,0.635777132787004,0.57783582547519,0.568689694510975,0.589257339327424,0.585484922708778,0.517085343173936,0.602049187729752,0.589467330484209,0.507796960135771,0.589257339327424,0.422479084037433,0.502392736107293,0.55628206218648,0.429732056662426,0.597864267192282,0.582890515836245,0.567097175769187,0.507796960135771,0.448035590374239,0.583291531206621,0.59859449450523,0.583396553880647,0.544342371446201,0.517693640137783,0.597333192782865,0.544731085399135,0.598384503348445,0.513946381814502,0.514662018129008,0.59292202370873,0.560829955825407,0.565842647955105,0.559598567682021,0.589188245462933,0.537113798438845,0.506238961230594,0.559209636964023,0.59705410776159,0.553498527794675,0.576348979702622,0.597570279572783,0.533620453293658,0.58810577491925,0.589188245462933,0.591663431549679,0.592523717901668,0.580598929759612,0.516711423436694,0.559705487050366,0.524936302874369,0.55089398715535,0.555840945279067,0.625754891621051,0.51875849851993
"53",0.557373907819228,0.600787886007387,0.58606411896264,0.633132598993174,0.586198242346651,0.597333192782865,0.524936302874369,0.587396519626347,0.524936302874369,0.583186562723862,0.544342371446201,0.597333192782865,0.592523717901668,0.412738109091222,0.57783582547519,0.550635874154121,0.550758508989683,0.513161895496205,0.550413148049763,0.591262416179303,0.574550479957752,0.576544068261183,0.602049187729752,0.598384503348445,0.499481310327098,0.379574679873799,0.557170690570727,0.568418087884445,0.458333380581344,0.487419675689901,0.499481310327098,0.557380681727511,0.558525472227402,0.56337965490327,0.550413148049763,0.561145619951412,0.545882649807308,0.548646404386926,0.601839196572967,0.559878899102421,0.584202648966368,0.598315409483955,0.437739344618223,0.529578868655464,0.592523717901668,0.601188901377763,0.635777132787004,0.57783582547519,0.568689694510975,0.589257339327424,0.585484922708778,0.517085343173936,0.602049187729752,0.589467330484209,0.507796960135771,0.589257339327424,0.422479084037433,0.502392736107293,0.55628206218648,0.429732056662426,0.597864267192282,0.582890515836245,0.567097175769187,0.507796960135771,0.448035590374239,0.583291531206621,0.59859449450523,0.583396553880647,0.544342371446201,0.517693640137783,0.59859449450523,0.544731085399135,0.598384503348445,0.513946381814502,0.514662018129008,0.59292202370873,0.560829955825407,0.565842647955105,0.559598567682021,0.589188245462933,0.537113798438845,0.506238961230594,0.559209636964023,0.59705410776159,0.553498527794675,0.576348979702622,0.597570279572783,0.533620453293658,0.58810577491925,0.589188245462933,0.591663431549679,0.592523717901668,0.580598929759612,0.516711423436694,0.559705487050366,0.524936302874369,0.55089398715535,0.555840945279067,0.625754891621051,0.51875849851993
"54",0.557373907819228,0.600787886007387,0.58606411896264,0.633132598993174,0.586198242346651,0.59859449450523,0.524936302874369,0.587396519626347,0.524936302874369,0.583186562723862,0.544342371446201,0.597333192782865,0.592523717901668,0.412738109091222,0.62686872806965,0.550635874154121,0.550758508989683,0.513161895496205,0.550413148049763,0.592523717901668,0.574550479957752,0.576544068261183,0.602049187729752,0.598384503348445,0.499481310327098,0.379574679873799,0.557170690570727,0.568418087884445,0.458333380581344,0.487419675689901,0.499481310327098,0.557380681727511,0.558525472227402,0.56337965490327,0.550413148049763,0.561145619951412,0.545882649807308,0.548646404386926,0.601839196572967,0.559878899102421,0.584202648966368,0.598315409483955,0.437739344618223,0.529578868655464,0.592523717901668,0.601188901377763,0.635777132787004,0.57783582547519,0.568689694510975,0.589257339327424,0.585484922708778,0.517085343173936,0.602049187729752,0.589467330484209,0.507796960135771,0.589257339327424,0.422479084037433,0.502392736107293,0.55628206218648,0.429732056662426,0.597864267192282,0.582890515836245,0.567097175769187,0.507796960135771,0.448035590374239,0.583291531206621,0.59859449450523,0.583396553880647,0.544342371446201,0.517693640137783,0.59859449450523,0.544731085399135,0.598384503348445,0.513946381814502,0.514662018129008,0.59292202370873,0.560829955825407,0.565842647955105,0.559598567682021,0.589188245462933,0.537113798438845,0.506238961230594,0.559209636964023,0.59705410776159,0.553498527794675,0.576348979702622,0.597570279572783,0.533620453293658,0.58810577491925,0.589188245462933,0.591663431549679,0.592523717901668,0.580598929759612,0.516711423436694,0.559705487050366,0.524936302874369,0.55089398715535,0.555840945279067,0.625754891621051,0.51875849851993
"55",0.557373907819228,0.600787886007387,0.58606411896264,0.633132598993174,0.586198242346651,0.59859449450523,0.524936302874369,0.587396519626347,0.524936302874369,0.583186562723862,0.544342371446201,0.597333192782865,0.592523717901668,0.412738109091222,0.629767960814935,0.550635874154121,0.550758508989683,0.513161895496205,0.550413148049763,0.592523717901668,0.574550479957752,0.576544068261183,0.602049187729752,0.598384503348445,0.499481310327098,0.379574679873799,0.557170690570727,0.568418087884445,0.458333380581344,0.487419675689901,0.499481310327098,0.557380681727511,0.558525472227402,0.56337965490327,0.550413148049763,0.561145619951412,0.545882649807308,0.548646404386926,0.601839196572967,0.559878899102421,0.584202648966368,0.598315409483955,0.437739344618223,0.529578868655464,0.592523717901668,0.601188901377763,0.635777132787004,0.57783582547519,0.568689694510975,0.589257339327424,0.585484922708778,0.517085343173936,0.602049187729752,0.589467330484209,0.507796960135771,0.589257339327424,0.422479084037433,0.502392736107293,0.55628206218648,0.429732056662426,0.597864267192282,0.58415181755861,0.567097175769187,0.507796960135771,0.448035590374239,0.583291531206621,0.59859449450523,0.583396553880647,0.544342371446201,0.517693640137783,0.59859449450523,0.544731085399135,0.598384503348445,0.513946381814502,0.514662018129008,0.59292202370873,0.560829955825407,0.565842647955105,0.559598567682021,0.589188245462933,0.537113798438845,0.506238961230594,0.559209636964023,0.598315409483955,0.553498527794675,0.576348979702622,0.597570279572783,0.533620453293658,0.58810577491925,0.589188245462933,0.591663431549679,0.592523717901668,0.580598929759612,0.516711423436694,0.559705487050366,0.524936302874369,0.55089398715535,0.558772692784112,0.625754891621051,0.51875849851993
"56",0.557373907819228,0.600787886007387,0.58606411896264,0.633132598993174,0.586198242346651,0.59859449450523,0.524936302874369,0.587396519626347,0.524936302874369,0.583186562723862,0.544342371446201,0.597333192782865,0.592523717901668,0.412738109091222,0.629767960814935,0.550635874154121,0.550758508989683,0.513161895496205,0.550413148049763,0.592523717901668,0.574550479957752,0.576544068261183,0.602049187729752,0.598384503348445,0.499481310327098,0.379574679873799,0.557170690570727,0.568418087884445,0.458333380581344,0.487419675689901,0.499481310327098,0.557380681727511,0.558525472227402,0.56337965490327,0.550413148049763,0.561145619951412,0.545882649807308,0.548646404386926,0.601839196572967,0.559878899102421,0.584202648966368,0.598315409483955,0.437739344618223,0.529578868655464,0.592523717901668,0.601188901377763,0.635777132787004,0.57783582547519,0.568689694510975,0.589257339327424,0.585484922708778,0.517085343173936,0.602049187729752,0.589467330484209,0.507796960135771,0.589257339327424,0.422479084037433,0.502392736107293,0.55628206218648,0.429732056662426,0.597864267192282,0.58415181755861,0.567097175769187,0.507796960135771,0.448035590374239,0.583291531206621,0.59859449450523,0.583396553880647,0.544342371446201,0.517693640137783,0.59859449450523,0.544731085399135,0.598384503348445,0.513946381814502,0.514662018129008,0.59292202370873,0.560829955825407,0.565842647955105,0.559598567682021,0.589188245462933,0.537113798438845,0.506238961230594,0.559209636964023,0.598315409483955,0.553498527794675,0.576348979702622,0.632160505220623,0.533620453293658,0.58810577491925,0.589188245462933,0.591663431549679,0.592523717901668,0.580598929759612,0.516711423436694,0.559705487050366,0.524936302874369,0.55089398715535,0.569872418897253,0.625754891621051,0.51875849851993
"57",0.557373907819228,0.605701245546018,0.58606411896264,0.633132598993174,0.586198242346651,0.59859449450523,0.524936302874369,0.587396519626347,0.524936302874369,0.583186562723862,0.544342371446201,0.597333192782865,0.592523717901668,0.412738109091222,0.629767960814935,0.550635874154121,0.550758508989683,0.513161895496205,0.550413148049763,0.592523717901668,0.574550479957752,0.576544068261183,0.602049187729752,0.598384503348445,0.499481310327098,0.379574679873799,0.557170690570727,0.568418087884445,0.458333380581344,0.487419675689901,0.499481310327098,0.557380681727511,0.558525472227402,0.56337965490327,0.550413148049763,0.561145619951412,0.545882649807308,0.548646404386926,0.601839196572967,0.559878899102421,0.584202648966368,0.598315409483955,0.437739344618223,0.529578868655464,0.592523717901668,0.601188901377763,0.635777132787004,0.580735058220475,0.568689694510975,0.589257339327424,0.585484922708778,0.517085343173936,0.602049187729752,0.589467330484209,0.507796960135771,0.589257339327424,0.422479084037433,0.502392736107293,0.55628206218648,0.429732056662426,0.597864267192282,0.58415181755861,0.567097175769187,0.507796960135771,0.448035590374239,0.583291531206621,0.59859449450523,0.583396553880647,0.544342371446201,0.517693640137783,0.59859449450523,0.544731085399135,0.598384503348445,0.513946381814502,0.514662018129008,0.59292202370873,0.560829955825407,0.565842647955105,0.559598567682021,0.589188245462933,0.537113798438845,0.506238961230594,0.559209636964023,0.598315409483955,0.553498527794675,0.576348979702622,0.632160505220623,0.533620453293658,0.58810577491925,0.589188245462933,0.591663431549679,0.592523717901668,0.580598929759612,0.516711423436694,0.559705487050366,0.524936302874369,0.55089398715535,0.569872418897253,0.625754891621051,0.51875849851993
"58",0.557373907819228,0.605701245546018,0.58606411896264,0.633132598993174,0.586198242346651,0.59859449450523,0.524936302874369,0.587396519626347,0.524936302874369,0.583186562723862,0.544342371446201,0.597333192782865,0.592523717901668,0.412738109091222,0.629767960814935,0.550635874154121,0.550758508989683,0.513161895496205,0.550413148049763,0.592523717901668,0.574550479957752,0.576544068261183,0.602049187729752,0.598384503348445,0.499481310327098,0.379574679873799,0.557170690570727,0.568418087884445,0.458333380581344,0.487419675689901,0.499481310327098,0.557380681727511,0.558525472227402,0.56337965490327,0.550413148049763,0.561145619951412,0.545882649807308,0.548646404386926,0.601839196572967,0.559878899102421,0.584202648966368,0.598315409483955,0.437739344618223,0.529578868655464,0.592523717901668,0.601188901377763,0.635777132787004,0.580735058220475,0.568689694510975,0.589257339327424,0.586135217903982,0.517085343173936,0.602049187729752,0.589467330484209,0.507796960135771,0.589257339327424,0.422479084037433,0.502392736107293,0.55628206218648,0.429732056662426,0.597864267192282,0.58415181755861,0.567097175769187,0.507796960135771,0.448035590374239,0.583291531206621,0.59859449450523,0.583396553880647,0.544342371446201,0.517693640137783,0.59859449450523,0.544731085399135,0.598384503348445,0.513946381814502,0.514662018129008,0.59292202370873,0.560829955825407,0.565842647955105,0.559598567682021,0.589188245462933,0.537113798438845,0.506238961230594,0.559209636964023,0.598315409483955,0.553498527794675,0.576348979702622,0.632160505220623,0.533620453293658,0.58810577491925,0.589188245462933,0.591663431549679,0.592523717901668,0.580598929759612,0.516711423436694,0.559705487050366,0.524936302874369,0.55089398715535,0.569872418897253,0.625754891621051,0.51875849851993
"59",0.557373907819228,0.609224368792019,0.58606411896264,0.633132598993174,0.586198242346651,0.59859449450523,0.524936302874369,0.587396519626347,0.524936302874369,0.583186562723862,0.544342371446201,0.597333192782865,0.592523717901668,0.412738109091222,0.629767960814935,0.550635874154121,0.550758508989683,0.513161895496205,0.550413148049763,0.592523717901668,0.574550479957752,0.576544068261183,0.602049187729752,0.598384503348445,0.499481310327098,0.379574679873799,0.557170690570727,0.568418087884445,0.458333380581344,0.487419675689901,0.499481310327098,0.557380681727511,0.558525472227402,0.56337965490327,0.550413148049763,0.561145619951412,0.545882649807308,0.548646404386926,0.601839196572967,0.559878899102421,0.584202648966368,0.598315409483955,0.437739344618223,0.529578868655464,0.592523717901668,0.601188901377763,0.635777132787004,0.580735058220475,0.568689694510975,0.589257339327424,0.586345209060767,0.517085343173936,0.602049187729752,0.589467330484209,0.507796960135771,0.589257339327424,0.422479084037433,0.502392736107293,0.55628206218648,0.429732056662426,0.597864267192282,0.58415181755861,0.567097175769187,0.507796960135771,0.448035590374239,0.583291531206621,0.59859449450523,0.583396553880647,0.544342371446201,0.517693640137783,0.59859449450523,0.544731085399135,0.598384503348445,0.513946381814502,0.514662018129008,0.59292202370873,0.560829955825407,0.565842647955105,0.559598567682021,0.589188245462933,0.537113798438845,0.506238961230594,0.559209636964023,0.598315409483955,0.553498527794675,0.576348979702622,0.637073864759254,0.533620453293658,0.58810577491925,0.589188245462933,0.591663431549679,0.592523717901668,0.580598929759612,0.516711423436694,0.559705487050366,0.524936302874369,0.55089398715535,0.569872418897253,0.625754891621051,0.51875849851993
"60",0.557373907819228,0.609224368792019,0.58606411896264,0.633132598993174,0.586198242346651,0.59859449450523,0.524936302874369,0.587396519626347,0.524936302874369,0.583186562723862,0.544342371446201,0.59859449450523,0.592523717901668,0.412738109091222,0.629767960814935,0.550635874154121,0.550758508989683,0.513161895496205,0.550413148049763,0.592523717901668,0.574550479957752,0.576544068261183,0.602049187729752,0.598384503348445,0.499481310327098,0.379574679873799,0.557170690570727,0.568418087884445,0.458333380581344,0.487419675689901,0.499481310327098,0.557380681727511,0.558525472227402,0.56337965490327,0.550413148049763,0.561145619951412,0.545882649807308,0.548646404386926,0.601839196572967,0.559878899102421,0.584202648966368,0.598315409483955,0.437739344618223,0.529578868655464,0.592523717901668,0.601188901377763,0.635777132787004,0.580735058220475,0.568689694510975,0.589257339327424,0.586345209060767,0.517085343173936,0.602049187729752,0.589467330484209,0.507796960135771,0.589257339327424,0.422479084037433,0.502392736107293,0.55628206218648,0.429732056662426,0.597864267192282,0.58415181755861,0.567097175769187,0.507796960135771,0.448035590374239,0.583291531206621,0.59859449450523,0.583396553880647,0.544342371446201,0.517693640137783,0.59859449450523,0.544731085399135,0.598384503348445,0.513946381814502,0.514662018129008,0.59292202370873,0.560829955825407,0.565842647955105,0.559598567682021,0.589188245462933,0.537113798438845,0.506238961230594,0.559209636964023,0.598315409483955,0.553498527794675,0.576348979702622,0.638335166481619,0.533620453293658,0.58810577491925,0.589188245462933,0.591663431549679,0.592523717901668,0.580598929759612,0.516711423436694,0.559705487050366,0.524936302874369,0.55089398715535,0.569872418897253,0.625754891621051,0.51875849851993
"61",0.557373907819228,0.609224368792019,0.58606411896264,0.633132598993174,0.586198242346651,0.59859449450523,0.524936302874369,0.587396519626347,0.524936302874369,0.583186562723862,0.544342371446201,0.59859449450523,0.592523717901668,0.412738109091222,0.629767960814935,0.550635874154121,0.550758508989683,0.513161895496205,0.550413148049763,0.592523717901668,0.574550479957752,0.576544068261183,0.602049187729752,0.598384503348445,0.499481310327098,0.379574679873799,0.557170690570727,0.568418087884445,0.458333380581344,0.487419675689901,0.499481310327098,0.557380681727511,0.558525472227402,0.56337965490327,0.550413148049763,0.561145619951412,0.545882649807308,0.548646404386926,0.601839196572967,0.559878899102421,0.584202648966368,0.598315409483955,0.437739344618223,0.529578868655464,0.592523717901668,0.601188901377763,0.635777132787004,0.580735058220475,0.568689694510975,0.589257339327424,0.586345209060767,0.517085343173936,0.602049187729752,0.589467330484209,0.507796960135771,0.589257339327424,0.422479084037433,0.502392736107293,0.55628206218648,0.429732056662426,0.597864267192282,0.58415181755861,0.567097175769187,0.507796960135771,0.448035590374239,0.583291531206621,0.59859449450523,0.583396553880647,0.544342371446201,0.517693640137783,0.59859449450523,0.544731085399135,0.598384503348445,0.513946381814502,0.514662018129008,0.59292202370873,0.560829955825407,0.565842647955105,0.559598567682021,0.589188245462933,0.537113798438845,0.506238961230594,0.559209636964023,0.598315409483955,0.553498527794675,0.576348979702622,0.638335166481619,0.533620453293658,0.58810577491925,0.589188245462933,0.591663431549679,0.592523717901668,0.580598929759612,0.516711423436694,0.559705487050366,0.524936302874369,0.55089398715535,0.569872418897253,0.625754891621051,0.51875849851993
"62",0.557373907819228,0.609224368792019,0.58606411896264,0.633132598993174,0.586198242346651,0.59859449450523,0.524936302874369,0.587396519626347,0.524936302874369,0.583186562723862,0.544342371446201,0.59859449450523,0.592523717901668,0.412738109091222,0.629767960814935,0.550635874154121,0.550758508989683,0.513161895496205,0.550413148049763,0.592523717901668,0.574550479957752,0.576544068261183,0.602049187729752,0.598384503348445,0.499481310327098,0.379574679873799,0.557170690570727,0.568418087884445,0.458333380581344,0.487419675689901,0.499481310327098,0.557380681727511,0.558525472227402,0.56337965490327,0.550413148049763,0.561145619951412,0.545882649807308,0.548646404386926,0.601839196572967,0.559878899102421,0.584202648966368,0.598315409483955,0.437739344618223,0.529578868655464,0.592523717901668,0.601188901377763,0.635777132787004,0.580735058220475,0.568689694510975,0.589257339327424,0.587606510783132,0.517085343173936,0.602049187729752,0.589467330484209,0.507796960135771,0.589257339327424,0.422479084037433,0.502392736107293,0.55628206218648,0.429732056662426,0.597864267192282,0.58415181755861,0.567097175769187,0.507796960135771,0.448035590374239,0.583291531206621,0.59859449450523,0.583396553880647,0.544342371446201,0.517693640137783,0.59859449450523,0.544731085399135,0.598384503348445,0.513946381814502,0.514662018129008,0.59292202370873,0.560829955825407,0.565842647955105,0.559598567682021,0.589188245462933,0.537113798438845,0.506238961230594,0.559209636964023,0.598315409483955,0.553498527794675,0.576348979702622,0.638335166481619,0.533620453293658,0.58810577491925,0.589188245462933,0.591663431549679,0.592523717901668,0.580598929759612,0.516711423436694,0.559705487050366,0.524936302874369,0.55089398715535,0.569872418897253,0.625754891621051,0.51875849851993
"63",0.557373907819228,0.609224368792019,0.58606411896264,0.633132598993174,0.586198242346651,0.59859449450523,0.524936302874369,0.587396519626347,0.524936302874369,0.583186562723862,0.544342371446201,0.59859449450523,0.592523717901668,0.412738109091222,0.629767960814935,0.550635874154121,0.550758508989683,0.513161895496205,0.550413148049763,0.592523717901668,0.574550479957752,0.576544068261183,0.602049187729752,0.598384503348445,0.499481310327098,0.379574679873799,0.557170690570727,0.568418087884445,0.458333380581344,0.487419675689901,0.499481310327098,0.557380681727511,0.558525472227402,0.56337965490327,0.550413148049763,0.561145619951412,0.545882649807308,0.548646404386926,0.601839196572967,0.559878899102421,0.584202648966368,0.598315409483955,0.437739344618223,0.529578868655464,0.592523717901668,0.601188901377763,0.635777132787004,0.580735058220475,0.568689694510975,0.589257339327424,0.587606510783132,0.517085343173936,0.602049187729752,0.589467330484209,0.507796960135771,0.589257339327424,0.422479084037433,0.502392736107293,0.55628206218648,0.429732056662426,0.597864267192282,0.58415181755861,0.567097175769187,0.507796960135771,0.448035590374239,0.583291531206621,0.59859449450523,0.583396553880647,0.544342371446201,0.517693640137783,0.59859449450523,0.544731085399135,0.598384503348445,0.513946381814502,0.514662018129008,0.59292202370873,0.560829955825407,0.565842647955105,0.559598567682021,0.589188245462933,0.537113798438845,0.506238961230594,0.559209636964023,0.598315409483955,0.553498527794675,0.576348979702622,0.638335166481619,0.533620453293658,0.58810577491925,0.589188245462933,0.591663431549679,0.592523717901668,0.580598929759612,0.516711423436694,0.559705487050366,0.524936302874369,0.55089398715535,0.569872418897253,0.625754891621051,0.51875849851993
"64",0.557373907819228,0.610485670514383,0.58606411896264,0.633132598993174,0.586198242346651,0.59859449450523,0.524936302874369,0.587396519626347,0.524936302874369,0.583186562723862,0.544342371446201,0.59859449450523,0.592523717901668,0.412738109091222,0.629767960814935,0.550635874154121,0.550758508989683,0.513161895496205,0.550413148049763,0.592523717901668,0.574550479957752,0.576544068261183,0.602049187729752,0.598384503348445,0.499481310327098,0.379574679873799,0.557170690570727,0.568418087884445,0.458333380581344,0.487419675689901,0.499481310327098,0.557380681727511,0.558525472227402,0.56337965490327,0.550413148049763,0.561145619951412,0.545882649807308,0.548646404386926,0.601839196572967,0.559878899102421,0.584202648966368,0.598315409483955,0.437739344618223,0.529578868655464,0.592523717901668,0.601188901377763,0.635777132787004,0.581996359942839,0.568689694510975,0.589257339327424,0.587606510783132,0.517085343173936,0.602049187729752,0.589467330484209,0.507796960135771,0.589257339327424,0.422479084037433,0.502392736107293,0.55628206218648,0.429732056662426,0.597864267192282,0.58415181755861,0.567097175769187,0.507796960135771,0.448035590374239,0.583291531206621,0.59859449450523,0.583396553880647,0.544342371446201,0.517693640137783,0.59859449450523,0.544731085399135,0.598384503348445,0.513946381814502,0.514662018129008,0.59292202370873,0.560829955825407,0.565842647955105,0.559598567682021,0.589188245462933,0.537113798438845,0.506238961230594,0.559209636964023,0.598315409483955,0.553498527794675,0.576348979702622,0.638335166481619,0.533620453293658,0.58810577491925,0.589188245462933,0.591663431549679,0.592523717901668,0.580598929759612,0.516711423436694,0.559705487050366,0.524936302874369,0.55089398715535,0.574785778435884,0.625754891621051,0.51875849851993
"65",0.557373907819228,0.610485670514383,0.58606411896264,0.633132598993174,0.586198242346651,0.59859449450523,0.524936302874369,0.587396519626347,0.524936302874369,0.583186562723862,0.544342371446201,0.59859449450523,0.592523717901668,0.412738109091222,0.6310292625373,0.550635874154121,0.550758508989683,0.513161895496205,0.550413148049763,0.592523717901668,0.574550479957752,0.576544068261183,0.602049187729752,0.598384503348445,0.499481310327098,0.379574679873799,0.557170690570727,0.568418087884445,0.458333380581344,0.487419675689901,0.499481310327098,0.557380681727511,0.558525472227402,0.56337965490327,0.550413148049763,0.561145619951412,0.545882649807308,0.548646404386926,0.601839196572967,0.559878899102421,0.584202648966368,0.598315409483955,0.437739344618223,0.529578868655464,0.592523717901668,0.601188901377763,0.635777132787004,0.581996359942839,0.568689694510975,0.589257339327424,0.587606510783132,0.517085343173936,0.602049187729752,0.589467330484209,0.507796960135771,0.589257339327424,0.422479084037433,0.502392736107293,0.55628206218648,0.429732056662426,0.597864267192282,0.58415181755861,0.567097175769187,0.507796960135771,0.448035590374239,0.583291531206621,0.59859449450523,0.583396553880647,0.544342371446201,0.517693640137783,0.59859449450523,0.544731085399135,0.598384503348445,0.513946381814502,0.514662018129008,0.59292202370873,0.560829955825407,0.565842647955105,0.559598567682021,0.589188245462933,0.537113798438845,0.506238961230594,0.559209636964023,0.598315409483955,0.553498527794675,0.576348979702622,0.638335166481619,0.533620453293658,0.58810577491925,0.589188245462933,0.591663431549679,0.592523717901668,0.580598929759612,0.516711423436694,0.559705487050366,0.524936302874369,0.55089398715535,0.574785778435884,0.625754891621051,0.51875849851993
"66",0.557373907819228,0.610485670514383,0.58606411896264,0.633132598993174,0.586198242346651,0.59859449450523,0.524936302874369,0.587396519626347,0.524936302874369,0.583186562723862,0.544342371446201,0.59859449450523,0.592523717901668,0.412738109091222,0.6310292625373,0.550635874154121,0.550758508989683,0.513161895496205,0.550413148049763,0.592523717901668,0.574550479957752,0.576544068261183,0.602049187729752,0.598384503348445,0.499481310327098,0.379574679873799,0.557170690570727,0.568418087884445,0.458333380581344,0.487419675689901,0.499481310327098,0.557380681727511,0.558525472227402,0.56337965490327,0.550413148049763,0.561145619951412,0.545882649807308,0.548646404386926,0.601839196572967,0.559878899102421,0.584202648966368,0.598315409483955,0.437739344618223,0.529578868655464,0.592523717901668,0.601188901377763,0.635777132787004,0.581996359942839,0.568689694510975,0.589257339327424,0.587606510783132,0.517085343173936,0.602049187729752,0.589467330484209,0.507796960135771,0.589257339327424,0.422479084037433,0.502392736107293,0.55628206218648,0.429732056662426,0.597864267192282,0.58415181755861,0.567097175769187,0.507796960135771,0.448035590374239,0.583291531206621,0.59859449450523,0.583396553880647,0.544342371446201,0.517693640137783,0.59859449450523,0.544731085399135,0.598384503348445,0.513946381814502,0.514662018129008,0.59292202370873,0.560829955825407,0.565842647955105,0.559598567682021,0.589188245462933,0.537113798438845,0.506238961230594,0.559209636964023,0.598315409483955,0.553498527794675,0.576348979702622,0.638335166481619,0.533620453293658,0.58810577491925,0.589188245462933,0.591663431549679,0.592523717901668,0.580598929759612,0.516711423436694,0.559705487050366,0.524936302874369,0.55089398715535,0.623818681030343,0.625754891621051,0.51875849851993
"67",0.557373907819228,0.610485670514383,0.58606411896264,0.633132598993174,0.586198242346651,0.59859449450523,0.524936302874369,0.587396519626347,0.524936302874369,0.583186562723862,0.544342371446201,0.59859449450523,0.592523717901668,0.412738109091222,0.6310292625373,0.550635874154121,0.550758508989683,0.513161895496205,0.550413148049763,0.592523717901668,0.574550479957752,0.576544068261183,0.602049187729752,0.598384503348445,0.499481310327098,0.379574679873799,0.557170690570727,0.568418087884445,0.458333380581344,0.487419675689901,0.499481310327098,0.557380681727511,0.558525472227402,0.56337965490327,0.550413148049763,0.561145619951412,0.545882649807308,0.548646404386926,0.601839196572967,0.559878899102421,0.584202648966368,0.598315409483955,0.437739344618223,0.529578868655464,0.592523717901668,0.601188901377763,0.635777132787004,0.581996359942839,0.568689694510975,0.589257339327424,0.587606510783132,0.517085343173936,0.602049187729752,0.589467330484209,0.507796960135771,0.589257339327424,0.422479084037433,0.502392736107293,0.55628206218648,0.429732056662426,0.597864267192282,0.58415181755861,0.567097175769187,0.507796960135771,0.448035590374239,0.583291531206621,0.59859449450523,0.583396553880647,0.544342371446201,0.517693640137783,0.59859449450523,0.544731085399135,0.598384503348445,0.513946381814502,0.514662018129008,0.59292202370873,0.560829955825407,0.565842647955105,0.559598567682021,0.589188245462933,0.537113798438845,0.506238961230594,0.559209636964023,0.598315409483955,0.553498527794675,0.576348979702622,0.638335166481619,0.533620453293658,0.58810577491925,0.589188245462933,0.591663431549679,0.592523717901668,0.580598929759612,0.516711423436694,0.559705487050366,0.524936302874369,0.55089398715535,0.623818681030343,0.625754891621051,0.51875849851993
"68",0.557373907819228,0.610485670514383,0.58606411896264,0.633132598993174,0.586198242346651,0.59859449450523,0.524936302874369,0.587396519626347,0.524936302874369,0.583186562723862,0.544342371446201,0.59859449450523,0.592523717901668,0.412738109091222,0.6310292625373,0.550635874154121,0.550758508989683,0.513161895496205,0.550413148049763,0.592523717901668,0.574550479957752,0.576544068261183,0.602049187729752,0.598384503348445,0.499481310327098,0.379574679873799,0.557170690570727,0.568418087884445,0.458333380581344,0.487419675689901,0.499481310327098,0.557380681727511,0.558525472227402,0.56337965490327,0.550413148049763,0.561145619951412,0.545882649807308,0.548646404386926,0.601839196572967,0.559878899102421,0.584202648966368,0.598315409483955,0.437739344618223,0.529578868655464,0.592523717901668,0.601188901377763,0.635777132787004,0.581996359942839,0.568689694510975,0.589257339327424,0.587606510783132,0.517085343173936,0.602049187729752,0.589467330484209,0.507796960135771,0.589257339327424,0.422479084037433,0.502392736107293,0.55628206218648,0.429732056662426,0.597864267192282,0.58415181755861,0.567097175769187,0.507796960135771,0.448035590374239,0.583291531206621,0.59859449450523,0.583396553880647,0.544342371446201,0.517693640137783,0.59859449450523,0.544731085399135,0.598384503348445,0.513946381814502,0.514662018129008,0.59292202370873,0.560829955825407,0.565842647955105,0.559598567682021,0.589188245462933,0.537113798438845,0.506238961230594,0.559209636964023,0.598315409483955,0.553498527794675,0.576348979702622,0.638335166481619,0.533620453293658,0.58810577491925,0.589188245462933,0.591663431549679,0.592523717901668,0.580598929759612,0.516711423436694,0.559705487050366,0.524936302874369,0.55089398715535,0.623818681030343,0.625754891621051,0.51875849851993
"69",0.557373907819228,0.610485670514383,0.58606411896264,0.633132598993174,0.586198242346651,0.59859449450523,0.524936302874369,0.587396519626347,0.524936302874369,0.583186562723862,0.544342371446201,0.59859449450523,0.592523717901668,0.412738109091222,0.6310292625373,0.550635874154121,0.550758508989683,0.513161895496205,0.550413148049763,0.592523717901668,0.574550479957752,0.576544068261183,0.602049187729752,0.598384503348445,0.499481310327098,0.379574679873799,0.557170690570727,0.568418087884445,0.458333380581344,0.487419675689901,0.499481310327098,0.557380681727511,0.558525472227402,0.56337965490327,0.550413148049763,0.561145619951412,0.545882649807308,0.548646404386926,0.601839196572967,0.559878899102421,0.584202648966368,0.598315409483955,0.437739344618223,0.529578868655464,0.592523717901668,0.601188901377763,0.635777132787004,0.581996359942839,0.568689694510975,0.589257339327424,0.587606510783132,0.517085343173936,0.602049187729752,0.589467330484209,0.507796960135771,0.589257339327424,0.422479084037433,0.502392736107293,0.55628206218648,0.429732056662426,0.597864267192282,0.58415181755861,0.567097175769187,0.507796960135771,0.448035590374239,0.583291531206621,0.59859449450523,0.583396553880647,0.544342371446201,0.517693640137783,0.59859449450523,0.544731085399135,0.598384503348445,0.513946381814502,0.514662018129008,0.59292202370873,0.560829955825407,0.565842647955105,0.559598567682021,0.589188245462933,0.537113798438845,0.506238961230594,0.559209636964023,0.598315409483955,0.553498527794675,0.576348979702622,0.638335166481619,0.533620453293658,0.58810577491925,0.589188245462933,0.591663431549679,0.592523717901668,0.580598929759612,0.516711423436694,0.559705487050366,0.524936302874369,0.55089398715535,0.623818681030343,0.625754891621051,0.51875849851993
"70",0.557373907819228,0.610485670514383,0.58606411896264,0.633132598993174,0.586198242346651,0.59859449450523,0.524936302874369,0.587396519626347,0.524936302874369,0.583186562723862,0.544342371446201,0.59859449450523,0.592523717901668,0.412738109091222,0.6310292625373,0.550635874154121,0.550758508989683,0.513161895496205,0.550413148049763,0.592523717901668,0.574550479957752,0.576544068261183,0.602049187729752,0.598384503348445,0.499481310327098,0.379574679873799,0.557170690570727,0.568418087884445,0.458333380581344,0.487419675689901,0.499481310327098,0.557380681727511,0.558525472227402,0.56337965490327,0.550413148049763,0.561145619951412,0.545882649807308,0.548646404386926,0.601839196572967,0.559878899102421,0.584202648966368,0.598315409483955,0.437739344618223,0.529578868655464,0.592523717901668,0.601188901377763,0.635777132787004,0.581996359942839,0.568689694510975,0.589257339327424,0.587606510783132,0.517085343173936,0.602049187729752,0.589467330484209,0.507796960135771,0.589257339327424,0.422479084037433,0.502392736107293,0.55628206218648,0.429732056662426,0.597864267192282,0.58415181755861,0.567097175769187,0.507796960135771,0.448035590374239,0.583291531206621,0.59859449450523,0.583396553880647,0.544342371446201,0.517693640137783,0.59859449450523,0.544731085399135,0.598384503348445,0.513946381814502,0.514662018129008,0.59292202370873,0.560829955825407,0.565842647955105,0.559598567682021,0.589188245462933,0.537113798438845,0.506238961230594,0.559209636964023,0.598315409483955,0.553498527794675,0.576348979702622,0.638335166481619,0.533620453293658,0.58810577491925,0.589188245462933,0.591663431549679,0.592523717901668,0.580598929759612,0.516711423436694,0.559705487050366,0.524936302874369,0.55089398715535,0.627636455738854,0.625754891621051,0.51875849851993
"71",0.557373907819228,0.610485670514383,0.58606411896264,0.633132598993174,0.586198242346651,0.59859449450523,0.524936302874369,0.587396519626347,0.524936302874369,0.583186562723862,0.544342371446201,0.59859449450523,0.592523717901668,0.412738109091222,0.6310292625373,0.550635874154121,0.550758508989683,0.513161895496205,0.550413148049763,0.592523717901668,0.574550479957752,0.576544068261183,0.602049187729752,0.598384503348445,0.499481310327098,0.379574679873799,0.557170690570727,0.568418087884445,0.458333380581344,0.487419675689901,0.499481310327098,0.557380681727511,0.558525472227402,0.56337965490327,0.550413148049763,0.561145619951412,0.545882649807308,0.548646404386926,0.601839196572967,0.559878899102421,0.584202648966368,0.598315409483955,0.437739344618223,0.529578868655464,0.592523717901668,0.601188901377763,0.635777132787004,0.581996359942839,0.568689694510975,0.589257339327424,0.587606510783132,0.517085343173936,0.602049187729752,0.589467330484209,0.507796960135771,0.589257339327424,0.422479084037433,0.502392736107293,0.55628206218648,0.429732056662426,0.597864267192282,0.58415181755861,0.567097175769187,0.507796960135771,0.448035590374239,0.583291531206621,0.59859449450523,0.583396553880647,0.544342371446201,0.517693640137783,0.59859449450523,0.544731085399135,0.598384503348445,0.513946381814502,0.514662018129008,0.59292202370873,0.560829955825407,0.565842647955105,0.559598567682021,0.589188245462933,0.537113798438845,0.506238961230594,0.559209636964023,0.598315409483955,0.553498527794675,0.576348979702622,0.638335166481619,0.533620453293658,0.58810577491925,0.589188245462933,0.591663431549679,0.592523717901668,0.580598929759612,0.516711423436694,0.559705487050366,0.524936302874369,0.55089398715535,0.627636455738854,0.625754891621051,0.51875849851993
"72",0.557373907819228,0.610485670514383,0.58606411896264,0.633132598993174,0.586198242346651,0.59859449450523,0.524936302874369,0.587396519626347,0.524936302874369,0.583186562723862,0.544342371446201,0.59859449450523,0.592523717901668,0.412738109091222,0.6310292625373,0.550635874154121,0.550758508989683,0.513161895496205,0.550413148049763,0.592523717901668,0.574550479957752,0.576544068261183,0.602049187729752,0.598384503348445,0.499481310327098,0.379574679873799,0.557170690570727,0.568418087884445,0.458333380581344,0.487419675689901,0.499481310327098,0.557380681727511,0.558525472227402,0.56337965490327,0.550413148049763,0.561145619951412,0.545882649807308,0.548646404386926,0.601839196572967,0.559878899102421,0.584202648966368,0.598315409483955,0.437739344618223,0.529578868655464,0.592523717901668,0.601188901377763,0.635777132787004,0.581996359942839,0.568689694510975,0.589257339327424,0.587606510783132,0.517085343173936,0.602049187729752,0.589467330484209,0.507796960135771,0.589257339327424,0.422479084037433,0.502392736107293,0.55628206218648,0.429732056662426,0.597864267192282,0.58415181755861,0.567097175769187,0.507796960135771,0.448035590374239,0.583291531206621,0.59859449450523,0.583396553880647,0.544342371446201,0.517693640137783,0.59859449450523,0.544731085399135,0.598384503348445,0.513946381814502,0.514662018129008,0.59292202370873,0.560829955825407,0.565842647955105,0.559598567682021,0.589188245462933,0.537113798438845,0.506238961230594,0.559209636964023,0.598315409483955,0.553498527794675,0.576348979702622,0.638335166481619,0.533620453293658,0.58810577491925,0.589188245462933,0.591663431549679,0.592523717901668,0.580598929759612,0.516711423436694,0.559705487050366,0.524936302874369,0.55089398715535,0.628897757461219,0.625754891621051,0.51875849851993
"73",0.557373907819228,0.610485670514383,0.58606411896264,0.633132598993174,0.586198242346651,0.59859449450523,0.524936302874369,0.587396519626347,0.524936302874369,0.583186562723862,0.544342371446201,0.59859449450523,0.592523717901668,0.412738109091222,0.6310292625373,0.550635874154121,0.550758508989683,0.513161895496205,0.550413148049763,0.592523717901668,0.574550479957752,0.576544068261183,0.602049187729752,0.598384503348445,0.499481310327098,0.379574679873799,0.557170690570727,0.568418087884445,0.458333380581344,0.487419675689901,0.499481310327098,0.557380681727511,0.558525472227402,0.56337965490327,0.550413148049763,0.561145619951412,0.545882649807308,0.548646404386926,0.601839196572967,0.559878899102421,0.584202648966368,0.598315409483955,0.437739344618223,0.529578868655464,0.592523717901668,0.601188901377763,0.635777132787004,0.581996359942839,0.568689694510975,0.589257339327424,0.587606510783132,0.517085343173936,0.602049187729752,0.589467330484209,0.507796960135771,0.589257339327424,0.422479084037433,0.502392736107293,0.55628206218648,0.429732056662426,0.597864267192282,0.58415181755861,0.567097175769187,0.507796960135771,0.448035590374239,0.583291531206621,0.59859449450523,0.583396553880647,0.544342371446201,0.517693640137783,0.59859449450523,0.544731085399135,0.598384503348445,0.513946381814502,0.514662018129008,0.59292202370873,0.560829955825407,0.565842647955105,0.559598567682021,0.589188245462933,0.537113798438845,0.506238961230594,0.559209636964023,0.598315409483955,0.553498527794675,0.576348979702622,0.638335166481619,0.533620453293658,0.58810577491925,0.589188245462933,0.591663431549679,0.592523717901668,0.580598929759612,0.516711423436694,0.559705487050366,0.524936302874369,0.55089398715535,0.628897757461219,0.625754891621051,0.51875849851993
"74",0.557373907819228,0.610485670514383,0.58606411896264,0.633132598993174,0.586198242346651,0.59859449450523,0.524936302874369,0.587396519626347,0.524936302874369,0.583186562723862,0.544342371446201,0.59859449450523,0.592523717901668,0.412738109091222,0.6310292625373,0.550635874154121,0.550758508989683,0.513161895496205,0.550413148049763,0.592523717901668,0.574550479957752,0.576544068261183,0.602049187729752,0.598384503348445,0.499481310327098,0.379574679873799,0.557170690570727,0.568418087884445,0.458333380581344,0.487419675689901,0.499481310327098,0.557380681727511,0.558525472227402,0.56337965490327,0.550413148049763,0.561145619951412,0.545882649807308,0.548646404386926,0.601839196572967,0.559878899102421,0.584202648966368,0.598315409483955,0.437739344618223,0.529578868655464,0.592523717901668,0.601188901377763,0.635777132787004,0.581996359942839,0.568689694510975,0.589257339327424,0.587606510783132,0.517085343173936,0.602049187729752,0.589467330484209,0.507796960135771,0.589257339327424,0.422479084037433,0.502392736107293,0.55628206218648,0.429732056662426,0.597864267192282,0.58415181755861,0.567097175769187,0.507796960135771,0.448035590374239,0.583291531206621,0.59859449450523,0.583396553880647,0.544342371446201,0.517693640137783,0.59859449450523,0.544731085399135,0.598384503348445,0.513946381814502,0.514662018129008,0.59292202370873,0.560829955825407,0.565842647955105,0.559598567682021,0.589188245462933,0.537113798438845,0.506238961230594,0.559209636964023,0.598315409483955,0.553498527794675,0.576348979702622,0.638335166481619,0.533620453293658,0.58810577491925,0.589188245462933,0.591663431549679,0.592523717901668,0.580598929759612,0.516711423436694,0.559705487050366,0.524936302874369,0.55089398715535,0.628897757461219,0.625754891621051,0.51875849851993
"75",0.557373907819228,0.610485670514383,0.58606411896264,0.633132598993174,0.586198242346651,0.59859449450523,0.524936302874369,0.587396519626347,0.524936302874369,0.583186562723862,0.544342371446201,0.59859449450523,0.592523717901668,0.412738109091222,0.6310292625373,0.550635874154121,0.550758508989683,0.513161895496205,0.550413148049763,0.592523717901668,0.574550479957752,0.576544068261183,0.602049187729752,0.598384503348445,0.499481310327098,0.379574679873799,0.557170690570727,0.568418087884445,0.458333380581344,0.487419675689901,0.499481310327098,0.557380681727511,0.558525472227402,0.56337965490327,0.550413148049763,0.561145619951412,0.545882649807308,0.548646404386926,0.601839196572967,0.559878899102421,0.584202648966368,0.598315409483955,0.437739344618223,0.529578868655464,0.592523717901668,0.601188901377763,0.635777132787004,0.581996359942839,0.568689694510975,0.589257339327424,0.587606510783132,0.517085343173936,0.602049187729752,0.589467330484209,0.507796960135771,0.589257339327424,0.422479084037433,0.502392736107293,0.55628206218648,0.429732056662426,0.597864267192282,0.58415181755861,0.567097175769187,0.507796960135771,0.448035590374239,0.583291531206621,0.59859449450523,0.583396553880647,0.544342371446201,0.517693640137783,0.59859449450523,0.544731085399135,0.598384503348445,0.513946381814502,0.514662018129008,0.59292202370873,0.560829955825407,0.565842647955105,0.559598567682021,0.589188245462933,0.537113798438845,0.506238961230594,0.559209636964023,0.598315409483955,0.553498527794675,0.576348979702622,0.638335166481619,0.533620453293658,0.58810577491925,0.589188245462933,0.591663431549679,0.592523717901668,0.580598929759612,0.516711423436694,0.559705487050366,0.524936302874369,0.55089398715535,0.628897757461219,0.625754891621051,0.51875849851993
"76",0.557373907819228,0.610485670514383,0.58606411896264,0.633132598993174,0.586198242346651,0.59859449450523,0.524936302874369,0.587396519626347,0.524936302874369,0.583186562723862,0.544342371446201,0.59859449450523,0.592523717901668,0.412738109091222,0.6310292625373,0.550635874154121,0.550758508989683,0.513161895496205,0.550413148049763,0.592523717901668,0.574550479957752,0.576544068261183,0.602049187729752,0.598384503348445,0.499481310327098,0.379574679873799,0.557170690570727,0.568418087884445,0.458333380581344,0.487419675689901,0.499481310327098,0.557380681727511,0.558525472227402,0.56337965490327,0.550413148049763,0.561145619951412,0.545882649807308,0.548646404386926,0.601839196572967,0.559878899102421,0.584202648966368,0.598315409483955,0.437739344618223,0.529578868655464,0.592523717901668,0.601188901377763,0.635777132787004,0.581996359942839,0.568689694510975,0.589257339327424,0.587606510783132,0.517085343173936,0.602049187729752,0.589467330484209,0.507796960135771,0.589257339327424,0.422479084037433,0.502392736107293,0.55628206218648,0.429732056662426,0.597864267192282,0.58415181755861,0.567097175769187,0.507796960135771,0.448035590374239,0.583291531206621,0.59859449450523,0.583396553880647,0.544342371446201,0.517693640137783,0.59859449450523,0.544731085399135,0.598384503348445,0.513946381814502,0.514662018129008,0.59292202370873,0.560829955825407,0.565842647955105,0.559598567682021,0.589188245462933,0.537113798438845,0.506238961230594,0.559209636964023,0.598315409483955,0.553498527794675,0.576348979702622,0.638335166481619,0.533620453293658,0.58810577491925,0.589188245462933,0.591663431549679,0.592523717901668,0.580598929759612,0.516711423436694,0.559705487050366,0.524936302874369,0.55089398715535,0.628897757461219,0.625754891621051,0.51875849851993
"77",0.557373907819228,0.610485670514383,0.58606411896264,0.633132598993174,0.586198242346651,0.59859449450523,0.524936302874369,0.587396519626347,0.524936302874369,0.583186562723862,0.544342371446201,0.59859449450523,0.592523717901668,0.412738109091222,0.6310292625373,0.550635874154121,0.550758508989683,0.513161895496205,0.550413148049763,0.592523717901668,0.574550479957752,0.576544068261183,0.602049187729752,0.598384503348445,0.499481310327098,0.379574679873799,0.557170690570727,0.568418087884445,0.458333380581344,0.487419675689901,0.499481310327098,0.557380681727511,0.558525472227402,0.56337965490327,0.550413148049763,0.561145619951412,0.545882649807308,0.548646404386926,0.601839196572967,0.559878899102421,0.584202648966368,0.598315409483955,0.437739344618223,0.529578868655464,0.592523717901668,0.601188901377763,0.635777132787004,0.581996359942839,0.568689694510975,0.589257339327424,0.587606510783132,0.517085343173936,0.602049187729752,0.589467330484209,0.507796960135771,0.589257339327424,0.422479084037433,0.502392736107293,0.55628206218648,0.429732056662426,0.597864267192282,0.58415181755861,0.567097175769187,0.507796960135771,0.448035590374239,0.583291531206621,0.59859449450523,0.583396553880647,0.544342371446201,0.517693640137783,0.59859449450523,0.544731085399135,0.598384503348445,0.513946381814502,0.514662018129008,0.59292202370873,0.560829955825407,0.565842647955105,0.559598567682021,0.589188245462933,0.537113798438845,0.506238961230594,0.559209636964023,0.598315409483955,0.553498527794675,0.576348979702622,0.638335166481619,0.533620453293658,0.58810577491925,0.589188245462933,0.591663431549679,0.592523717901668,0.580598929759612,0.516711423436694,0.559705487050366,0.524936302874369,0.55089398715535,0.628897757461219,0.625754891621051,0.51875849851993
"78",0.557373907819228,0.610485670514383,0.58606411896264,0.633132598993174,0.586198242346651,0.59859449450523,0.524936302874369,0.587396519626347,0.524936302874369,0.583186562723862,0.544342371446201,0.59859449450523,0.592523717901668,0.412738109091222,0.6310292625373,0.550635874154121,0.550758508989683,0.513161895496205,0.550413148049763,0.592523717901668,0.574550479957752,0.576544068261183,0.602049187729752,0.598384503348445,0.499481310327098,0.379574679873799,0.557170690570727,0.568418087884445,0.458333380581344,0.487419675689901,0.499481310327098,0.557380681727511,0.558525472227402,0.56337965490327,0.550413148049763,0.561145619951412,0.545882649807308,0.548646404386926,0.601839196572967,0.559878899102421,0.584202648966368,0.598315409483955,0.437739344618223,0.529578868655464,0.592523717901668,0.601188901377763,0.635777132787004,0.581996359942839,0.568689694510975,0.589257339327424,0.587606510783132,0.517085343173936,0.602049187729752,0.589467330484209,0.507796960135771,0.589257339327424,0.422479084037433,0.502392736107293,0.55628206218648,0.429732056662426,0.597864267192282,0.58415181755861,0.567097175769187,0.507796960135771,0.448035590374239,0.583291531206621,0.59859449450523,0.583396553880647,0.544342371446201,0.517693640137783,0.59859449450523,0.544731085399135,0.598384503348445,0.513946381814502,0.514662018129008,0.59292202370873,0.560829955825407,0.565842647955105,0.559598567682021,0.589188245462933,0.537113798438845,0.506238961230594,0.559209636964023,0.598315409483955,0.553498527794675,0.576348979702622,0.638335166481619,0.533620453293658,0.58810577491925,0.589188245462933,0.591663431549679,0.592523717901668,0.580598929759612,0.516711423436694,0.559705487050366,0.524936302874369,0.55089398715535,0.628897757461219,0.625754891621051,0.51875849851993
"79",0.557373907819228,0.610485670514383,0.58606411896264,0.633132598993174,0.586198242346651,0.59859449450523,0.524936302874369,0.587396519626347,0.524936302874369,0.583186562723862,0.544342371446201,0.59859449450523,0.592523717901668,0.412738109091222,0.6310292625373,0.550635874154121,0.550758508989683,0.513161895496205,0.550413148049763,0.592523717901668,0.574550479957752,0.576544068261183,0.602049187729752,0.598384503348445,0.499481310327098,0.379574679873799,0.557170690570727,0.568418087884445,0.458333380581344,0.487419675689901,0.499481310327098,0.557380681727511,0.558525472227402,0.56337965490327,0.550413148049763,0.561145619951412,0.545882649807308,0.548646404386926,0.601839196572967,0.559878899102421,0.584202648966368,0.598315409483955,0.437739344618223,0.529578868655464,0.592523717901668,0.601188901377763,0.635777132787004,0.581996359942839,0.568689694510975,0.589257339327424,0.587606510783132,0.517085343173936,0.602049187729752,0.589467330484209,0.507796960135771,0.589257339327424,0.422479084037433,0.502392736107293,0.55628206218648,0.429732056662426,0.597864267192282,0.58415181755861,0.567097175769187,0.507796960135771,0.448035590374239,0.583291531206621,0.59859449450523,0.583396553880647,0.544342371446201,0.517693640137783,0.59859449450523,0.544731085399135,0.598384503348445,0.513946381814502,0.514662018129008,0.59292202370873,0.560829955825407,0.565842647955105,0.559598567682021,0.589188245462933,0.537113798438845,0.506238961230594,0.559209636964023,0.598315409483955,0.553498527794675,0.576348979702622,0.638335166481619,0.533620453293658,0.58810577491925,0.589188245462933,0.591663431549679,0.592523717901668,0.580598929759612,0.516711423436694,0.559705487050366,0.524936302874369,0.55089398715535,0.628897757461219,0.625754891621051,0.51875849851993
"80",0.557373907819228,0.610485670514383,0.58606411896264,0.633132598993174,0.586198242346651,0.59859449450523,0.524936302874369,0.587396519626347,0.524936302874369,0.583186562723862,0.544342371446201,0.59859449450523,0.592523717901668,0.412738109091222,0.6310292625373,0.550635874154121,0.550758508989683,0.513161895496205,0.550413148049763,0.592523717901668,0.574550479957752,0.576544068261183,0.602049187729752,0.598384503348445,0.499481310327098,0.379574679873799,0.557170690570727,0.568418087884445,0.458333380581344,0.487419675689901,0.499481310327098,0.557380681727511,0.558525472227402,0.56337965490327,0.550413148049763,0.561145619951412,0.545882649807308,0.548646404386926,0.601839196572967,0.559878899102421,0.584202648966368,0.598315409483955,0.437739344618223,0.529578868655464,0.592523717901668,0.601188901377763,0.635777132787004,0.581996359942839,0.568689694510975,0.589257339327424,0.587606510783132,0.517085343173936,0.602049187729752,0.589467330484209,0.507796960135771,0.589257339327424,0.422479084037433,0.502392736107293,0.55628206218648,0.429732056662426,0.597864267192282,0.58415181755861,0.567097175769187,0.507796960135771,0.448035590374239,0.583291531206621,0.59859449450523,0.583396553880647,0.544342371446201,0.517693640137783,0.59859449450523,0.544731085399135,0.598384503348445,0.513946381814502,0.514662018129008,0.59292202370873,0.560829955825407,0.565842647955105,0.559598567682021,0.589188245462933,0.537113798438845,0.506238961230594,0.559209636964023,0.598315409483955,0.553498527794675,0.576348979702622,0.638335166481619,0.533620453293658,0.58810577491925,0.589188245462933,0.591663431549679,0.592523717901668,0.580598929759612,0.516711423436694,0.559705487050366,0.524936302874369,0.55089398715535,0.628897757461219,0.625754891621051,0.51875849851993
"81",0.557373907819228,0.610485670514383,0.58606411896264,0.633132598993174,0.586198242346651,0.59859449450523,0.524936302874369,0.587396519626347,0.524936302874369,0.583186562723862,0.544342371446201,0.59859449450523,0.592523717901668,0.412738109091222,0.6310292625373,0.550635874154121,0.550758508989683,0.513161895496205,0.550413148049763,0.592523717901668,0.574550479957752,0.576544068261183,0.602049187729752,0.598384503348445,0.499481310327098,0.379574679873799,0.557170690570727,0.568418087884445,0.458333380581344,0.487419675689901,0.499481310327098,0.557380681727511,0.558525472227402,0.56337965490327,0.550413148049763,0.561145619951412,0.545882649807308,0.548646404386926,0.601839196572967,0.559878899102421,0.584202648966368,0.598315409483955,0.437739344618223,0.529578868655464,0.592523717901668,0.601188901377763,0.635777132787004,0.581996359942839,0.568689694510975,0.589257339327424,0.587606510783132,0.517085343173936,0.602049187729752,0.589467330484209,0.507796960135771,0.589257339327424,0.422479084037433,0.502392736107293,0.55628206218648,0.429732056662426,0.597864267192282,0.58415181755861,0.567097175769187,0.507796960135771,0.448035590374239,0.583291531206621,0.59859449450523,0.583396553880647,0.544342371446201,0.517693640137783,0.59859449450523,0.544731085399135,0.598384503348445,0.513946381814502,0.514662018129008,0.59292202370873,0.560829955825407,0.565842647955105,0.559598567682021,0.589188245462933,0.537113798438845,0.506238961230594,0.559209636964023,0.598315409483955,0.553498527794675,0.576348979702622,0.638335166481619,0.533620453293658,0.58810577491925,0.589188245462933,0.591663431549679,0.592523717901668,0.580598929759612,0.516711423436694,0.559705487050366,0.524936302874369,0.55089398715535,0.628897757461219,0.625754891621051,0.51875849851993
