"","V1","V2","V3","V4","V5","V6","V7","V8","V9","V10","V11","V12","V13","V14","V15","V16","V17","V18","V19","V20","V21","V22","V23","V24","V25","V26","V27","V28","V29","V30","V31","V32","V33","V34","V35","V36","V37","V38","V39","V40","V41","V42","V43","V44","V45","V46","V47","V48","V49","V50","V51","V52","V53","V54","V55","V56","V57","V58","V59","V60","V61","V62","V63","V64","V65","V66","V67","V68","V69","V70","V71","V72","V73","V74","V75","V76","V77","V78","V79","V80","V81","V82","V83","V84","V85","V86","V87","V88","V89","V90","V91","V92","V93","V94","V95","V96","V97","V98","V99","V100"
"1",0.296042866624722,0.280485827574221,0.286273705446144,0.291509225288824,0.291398133192977,0.296042866624722,0.296042866624722,0.291509225288824,0.29625963168979,0.290248682244187,0.296042866624722,0.29073640364059,0.295189354181017,0.291398133192977,0.293760059533225,0.296042866624722,0.296042866624722,0.279784050676063,0.290151734068836,0.296042866624722,0.29625963168979,0.285717750471603,0.290170701012029,0.296042866624722,0.296042866624722,0.289948516820334,0.29073640364059,0.288083172148524,0.278898844470281,0.291398133192977,0.291398133192977,0.295189354181017,0.286296160952104,0.286949612788568,0.290327855684203,0.288122271147136,0.290479591229751,0.289557662312384,0.29625963168979,0.28226791413932,0.296042866624722,0.286942290193713,0.290248682244187,0.294701632784614,0.29625963168979,0.295189354181017,0.291509225288824,0.293686901323764,0.293686901323764,0.290479591229751,0.291240978520802,0.29625963168979,0.291240978520802,0.288083172148524,0.281737185199226,0.284136503513197,0.29625963168979,0.29625963168979,0.285717750471603,0.291398133192977,0.294102277379701,0.29625963168979,0.291018794329108,0.281708775427885,0.288083172148524,0.281412836922801,0.291509225288824,0.296042866624722,0.283070507114459,0.294742276234314,0.29625963168979,0.296042866624722,0.296042866624722,0.29625963168979,0.296042866624722,0.289501438873631,0.286949612788568,0.288083172148524,0.29625963168979,0.283916385363529,0.296042866624722,0.291018794329108,0.296042866624722,0.29625963168979,0.287080633722585,0.293686901323764,0.296042866624722,0.263125865416741,0.29625963168979,0.29073640364059,0.296042866624722,0.283354794497296,0.282199206387601,0.283221673651711,0.29073640364059,0.295189354181017,0.294742276234314,0.275221091865115,0.291240978520802,0.29625963168979
"2",0.296042866624722,0.297499175618749,0.387130392007793,0.308522573333352,0.308411481237505,0.296042866624722,0.296042866624722,0.390015399545683,0.392616580326499,0.290248682244187,0.296042866624722,0.387093352277299,0.391546302817726,0.308411481237505,0.308998101694845,0.296042866624722,0.296042866624722,0.296797398720591,0.38878688353941,0.296042866624722,0.392616580326499,0.384223924728461,0.307184049056557,0.296042866624722,0.296042866624722,0.325912442295903,0.305974445802211,0.303321214310145,0.37740501872714,0.389904307449836,0.308411481237505,0.310427396342638,0.322757128721874,0.286949612788568,0.388834029941062,0.305135619191664,0.307492939274279,0.306571010356911,0.311497673851411,0.300329185795286,0.296042866624722,0.325328260445545,0.290248682244187,0.328490320832225,0.392616580326499,0.391546302817726,0.308522573333352,0.308924943485385,0.390043849960473,0.38898576548661,0.389747152777661,0.311497673851411,0.389747152777661,0.384440120785233,0.304639769105321,0.382642677770056,0.311497673851411,0.311497673851411,0.384223924728461,0.308411481237505,0.309340319541321,0.392616580326499,0.314846694106712,0.281708775427885,0.384440120785233,0.389089541761511,0.390015399545683,0.296042866624722,0.384993494900719,0.309980318395935,0.392616580326499,0.296042866624722,0.296042866624722,0.311497673851411,0.296042866624722,0.38800761313049,0.286949612788568,0.300053480954244,0.392616580326499,0.384773071925178,0.296042866624722,0.308032142373636,0.296042866624722,0.311497673851411,0.287080633722585,0.405189048935162,0.296042866624722,0.361632039673599,0.311497673851411,0.387093352277299,0.296042866624722,0.313534588072222,0.299212554432129,0.300235021696239,0.305974445802211,0.359952875870958,0.309980318395935,0.298172041476353,0.389747152777661,0.311497673851411
"3",0.394678016095297,0.313230764737896,0.387130392007793,0.308522573333352,0.318392293180397,0.394678016095297,0.296042866624722,0.390015399545683,0.392616580326499,0.392171670030447,0.394678016095297,0.387093352277299,0.398868897672056,0.318905619950111,0.327548747580836,0.394678016095297,0.394678016095297,0.312766697829219,0.487293057796268,0.394678016095297,0.392616580326499,0.384223924728461,0.326134626487598,0.394678016095297,0.394678016095297,0.334935017173029,0.315493141722012,0.321871860196136,0.37740501872714,0.389904307449836,0.318392293180397,0.328978042228628,0.322757128721874,0.391338479311592,0.388834029941062,0.320738504053427,0.307492939274279,0.325521587787953,0.311497673851411,0.313493483996759,0.394678016095297,0.333117171146103,0.290248682244187,0.328490320832225,0.393020630407786,0.391546302817726,0.318503385276245,0.318905755428277,0.390043849960473,0.38898576548661,0.389747152777661,0.330048319737402,0.389747152777661,0.384440120785233,0.304639769105321,0.382642677770056,0.330048319737402,0.311497673851411,0.384223924728461,0.308411481237505,0.327890965427312,0.392616580326499,0.336378238976252,0.386097641950909,0.38484417086652,0.389089541761511,0.390015399545683,0.394678016095297,0.420957420376288,0.328530964281925,0.392616580326499,0.394678016095297,0.296042866624722,0.311497673851411,0.394678016095297,0.38800761313049,0.286949612788568,0.300053480954244,0.392616580326499,0.384773071925178,0.394678016095297,0.33596774013428,0.394678016095297,0.311497673851411,0.390647540666688,0.405189048935162,0.296042866624722,0.361632039673599,0.330048319737402,0.387093352277299,0.296042866624722,0.320076151301479,0.300352264500808,0.31918559912728,0.305974445802211,0.405189048935162,0.328530964281925,0.30015219034575,0.389747152777661,0.311497673851411
"4",0.409916058256917,0.325720252970087,0.38763198636836,0.30966228340203,0.333496618392504,0.428466704142908,0.394678016095297,0.390015399545683,0.397900228787533,0.425960358078059,0.428466704142908,0.387093352277299,0.399018248801888,0.343500326145394,0.337529559523728,0.409916058256917,0.428466704142908,0.334135668899958,0.487723119685363,0.491034964732005,0.392616580326499,0.384223924728461,0.336115438430491,0.491034964732005,0.428466704142908,0.334935017173029,0.329704692918003,0.321871860196136,0.377835080616235,0.389904307449836,0.328526059972328,0.328978042228628,0.421392278192448,0.425127167359203,0.3948492604967,0.333227992285619,0.32644351670532,0.325833201116804,0.321016369771212,0.32770503519275,0.428466704142908,0.336005294681803,0.392171670030447,0.328490320832225,0.393020630407786,0.398868897672056,0.318503385276245,0.319321131484214,0.39044790004176,0.389415827375705,0.389747152777661,0.335162891447682,0.389747152777661,0.38484417086652,0.318545248029436,0.383072739659151,0.330048319737402,0.330048319737402,0.384223924728461,0.327362058668546,0.327890965427312,0.392616580326499,0.338518793993799,0.422061567426478,0.38484417086652,0.389089541761511,0.390015399545683,0.491034964732005,0.483929731046673,0.438977736982773,0.392616580326499,0.409916058256917,0.394678016095297,0.31921180060452,0.428466704142908,0.397988425073383,0.286949612788568,0.328235974124001,0.392616580326499,0.385274666285745,0.428466704142908,0.338279322788165,0.428466704142908,0.311497673851411,0.440533310828784,0.405189048935162,0.296042866624722,0.377255308580169,0.330048319737402,0.387093352277299,0.394678016095297,0.33441516035573,0.308225578098576,0.333276303799496,0.31368857255532,0.405189048935162,0.328530964281925,0.413789338369902,0.389747152777661,0.330048319737402
"5",0.431403599818248,0.325720252970087,0.38763198636836,0.324606405683235,0.333496618392504,0.433980665485576,0.491034964732005,0.390015399545683,0.397900228787533,0.488932668748443,0.439196574863776,0.387093352277299,0.399018248801888,0.343500326145394,0.438977736982773,0.428466704142908,0.433980665485576,0.338514865126995,0.487723119685363,0.491034964732005,0.393020630407786,0.384223924728461,0.399087749100875,0.491439014813292,0.439196574863776,0.334935017173029,0.330561931011264,0.326986431906416,0.377835080616235,0.389904307449836,0.354241482197463,0.336045938131503,0.432122148913316,0.425127167359203,0.397757976713582,0.334582773942294,0.336424328648212,0.325833201116804,0.321016369771212,0.330482066632603,0.449954245704239,0.336005294681803,0.425960358078059,0.328490320832225,0.393020630407786,0.399018248801888,0.473277131652375,0.332450185040888,0.39044790004176,0.389415827375705,0.389747152777661,0.337538907517159,0.389747152777661,0.38484417086652,0.354241482197463,0.383072739659151,0.340029131680294,0.330048319737402,0.391271498906486,0.327362058668546,0.327890965427312,0.508046416082214,0.374171228070866,0.422061567426478,0.391891745044545,0.389089541761511,0.390015399545683,0.491439014813292,0.493670340201836,0.454756066069076,0.392616580326499,0.420645928977785,0.491034964732005,0.325049419284968,0.428466704142908,0.397988425073383,0.391338479311592,0.335303870026876,0.392616580326499,0.385274666285745,0.433980665485576,0.345792941856086,0.428466704142908,0.321016369771212,0.474321998876396,0.440533310828784,0.394678016095297,0.377255308580169,0.335162891447682,0.387093352277299,0.491034964732005,0.33441516035573,0.309366642948911,0.340410584003548,0.354241482197463,0.440533310828784,0.328530964281925,0.441054590166823,0.390177214666756,0.335162891447682
"6",0.449954245704239,0.445158250900526,0.38763198636836,0.336862532775064,0.345986106624695,0.439160266715377,0.491034964732005,0.390015399545683,0.397900228787533,0.488932668748443,0.45487210311797,0.387093352277299,0.399018248801888,0.343500326145394,0.438977736982773,0.449954245704239,0.433980665485576,0.338514865126995,0.487723119685363,0.536890259465493,0.393020630407786,0.384653986617556,0.399087749100875,0.491439014813292,0.45487210311797,0.334935017173029,0.332450225684338,0.329362447975893,0.387105580536533,0.397233676212449,0.354241482197463,0.336045938131503,0.434059486682361,0.428121234820456,0.397757976713582,0.364737002787359,0.336424328648212,0.331870772021961,0.345611075966494,0.330482066632603,0.449954245704239,0.336005294681803,0.432476857846667,0.328735278903569,0.393020630407786,0.399018248801888,0.49304748746387,0.344939673273079,0.39044790004176,0.389415827375705,0.399727964720554,0.337538907517159,0.396030630101321,0.38484417086652,0.354241482197463,0.393971687130772,0.340029131680294,0.335162891447682,0.40035260035118,0.338658661652034,0.328135923498655,0.508241504640775,0.374171228070866,0.42237318075533,0.39895964094742,0.389089541761511,0.402025538932109,0.491439014813292,0.493670340201836,0.454756066069076,0.393020630407786,0.428360055730894,0.491439014813292,0.354241482197463,0.433980665485576,0.403754375804192,0.406576521473213,0.335303870026876,0.398030287826574,0.385274666285745,0.433980665485576,0.355773753798979,0.433980665485576,0.321016369771212,0.474321998876396,0.440533310828784,0.491034964732005,0.49901187848306,0.336601669567071,0.387497402358586,0.491439014813292,0.33441516035573,0.323923771849886,0.378827707459575,0.354241482197463,0.474321998876396,0.338511776224818,0.441564326765147,0.390177214666756,0.337538907517159
"7",0.450834853781078,0.446015488993787,0.398218927624449,0.342509967206548,0.345986106624695,0.450831710687634,0.492796180885683,0.398828254222356,0.427583806485069,0.488932668748443,0.517844413788355,0.401066488997349,0.399018248801888,0.34499735987602,0.452706552378858,0.453530869277862,0.433980665485576,0.338514865126995,0.487723119685363,0.53729430954678,0.400088526310661,0.384653986617556,0.400158026609649,0.491439014813292,0.455117061189314,0.334935017173029,0.332450225684338,0.329362447975893,0.387105580536533,0.397468649542982,0.442191157142058,0.336045938131503,0.446548974914553,0.437225367553313,0.397757976713582,0.364737002787359,0.336424328648212,0.34316737500545,0.347610056300919,0.330482066632603,0.450199203775582,0.347301897665291,0.437656459076467,0.371920705426246,0.393020630407786,0.399018248801888,0.514394660097753,0.359030377945295,0.39044790004176,0.399396639318597,0.400158026609649,0.337538907517159,0.396030630101321,0.391912066769395,0.442191157142058,0.393971687130772,0.340029131680294,0.364737002787359,0.406144291933467,0.344413774129591,0.334958861330187,0.508241504640775,0.374171228070866,0.444477147970449,0.39895964094742,0.389089541761511,0.402025538932109,0.498506910716167,0.500186839970445,0.456911794641178,0.393020630407786,0.43029739349994,0.491439014813292,0.354241482197463,0.43422562355692,0.413057661440581,0.418444408785688,0.335303870026876,0.399939175180829,0.385769581572745,0.433980665485576,0.36181607998775,0.453530869277862,0.335227920967203,0.474321998876396,0.474321998876396,0.496548926074674,0.499441940372155,0.378256192817706,0.394565298261461,0.491439014813292,0.367982897062954,0.33075187139953,0.378827707459575,0.442191157142058,0.474321998876396,0.338511776224818,0.441564326765147,0.390177214666756,0.337538907517159
"8",0.455949425491358,0.446015488993787,0.398218927624449,0.372204952165633,0.345986106624695,0.450831710687634,0.492796180885683,0.398828254222356,0.427583806485069,0.495449168517051,0.539950927992988,0.408389083851678,0.399018248801888,0.347828853538472,0.456911794641178,0.456809440887016,0.445652109457834,0.338514865126995,0.493237081028032,0.53729430954678,0.400088526310661,0.403155033947096,0.400158026609649,0.512926556374624,0.467425252540209,0.335802077433302,0.36559424088062,0.364737002787359,0.387105580536533,0.398907427662372,0.442191157142058,0.336045938131503,0.446548974914553,0.437225367553313,0.514732263557907,0.364737002787359,0.347720931631701,0.346543219937553,0.347610056300919,0.330482066632603,0.450199203775582,0.347828853538472,0.437656459076467,0.38815314377605,0.393020630407786,0.399018248801888,0.514394660097753,0.359030377945295,0.434648058025287,0.399708252647449,0.400158026609649,0.337538907517159,0.398828254222356,0.391912066769395,0.442191157142058,0.395371989451112,0.340274089751637,0.364737002787359,0.409878070179264,0.347301897665291,0.334958861330187,0.508241504640775,0.379373589632499,0.449191788135679,0.404550499696921,0.389089541761511,0.410838393608782,0.504020872058836,0.500186839970445,0.456911794641178,0.405030769794212,0.446248484343102,0.496952976155961,0.354241482197463,0.43422562355692,0.413057661440581,0.436995054671679,0.335303870026876,0.399939175180829,0.385769581572745,0.453530869277862,0.382075931959619,0.456809440887016,0.337116215640277,0.474321998876396,0.474321998876396,0.496548926074674,0.499441940372155,0.38815314377605,0.394565298261461,0.50216888553416,0.39813017587812,0.449214846519475,0.380983436031676,0.442191157142058,0.474566956947739,0.343626347935098,0.467132443580751,0.427709313457743,0.364737002787359
"9",0.460122152993918,0.446015488993787,0.496854077095023,0.372204952165633,0.357282709608184,0.452720005360708,0.501900313618541,0.398977605352187,0.427583806485069,0.514999372309337,0.552906704975773,0.40853843498151,0.399018248801888,0.347828853538472,0.456911794641178,0.467180294468865,0.445897067529177,0.338514865126995,0.500390328175277,0.53729430954678,0.400088526310661,0.416110810929882,0.400158026609649,0.517844413788355,0.472294866179146,0.335802077433302,0.40093666027119,0.364737002787359,0.404472193317165,0.39984466561246,0.442191157142058,0.336045938131503,0.457394002076238,0.452900895807508,0.526742402944333,0.452686677731954,0.348032544960553,0.346543219937553,0.378287732134673,0.345973615537821,0.455117061189314,0.347828853538472,0.450831710687634,0.390308872348152,0.400088526310661,0.519140939833793,0.52094346869931,0.359030377945295,0.451125454446435,0.399708252647449,0.400158026609649,0.337538907517159,0.398828254222356,0.391912066769395,0.442191157142058,0.395371989451112,0.345143703390574,0.364737002787359,0.409878070179264,0.347301897665291,0.334958861330187,0.52005655546864,0.4071726660456,0.452470359744833,0.404973191573804,0.389089541761511,0.410838393608782,0.511174119206081,0.500186839970445,0.456911794641178,0.412098665697087,0.461924012597296,0.497197934227304,0.442191157142058,0.445897067529177,0.413057661440581,0.439548818094511,0.452409746813513,0.399939175180829,0.395179068543201,0.453530869277862,0.384231660531721,0.467180294468865,0.337116215640277,0.474321998876396,0.474321998876396,0.496952976155961,0.499441940372155,0.390308872348152,0.427709313457743,0.504106223303206,0.399932035481499,0.464743353868287,0.4264382979509,0.442191157142058,0.503416111075112,0.343626347935098,0.467132443580751,0.427709313457743,0.364737002787359
"10",0.472294866179146,0.455613304162337,0.502368038437692,0.372204952165633,0.357282709608184,0.452720005360708,0.502304363699828,0.398977605352187,0.515533481429664,0.518277943918491,0.553699252244928,0.519560922147362,0.399018248801888,0.348695913798744,0.456911794641178,0.47424819037174,0.451749724286014,0.338514865126995,0.516065856429472,0.53729430954678,0.400088526310661,0.528634640032028,0.400158026609649,0.517844413788355,0.472294866179146,0.364737002787359,0.40093666027119,0.452686677731954,0.404472193317165,0.427709313457743,0.442191157142058,0.336468630008386,0.457394002076238,0.489028858246067,0.527534950213488,0.452686677731954,0.459055032126405,0.376033605770847,0.378287732134673,0.345973615537821,0.467425252540209,0.463732862874023,0.462128313671123,0.390308872348152,0.400088526310661,0.519140939833793,0.523684998085849,0.359030377945295,0.453281183018536,0.399708252647449,0.511180513775501,0.337538907517159,0.398828254222356,0.391912066769395,0.442191157142058,0.515494680483017,0.345143703390574,0.452686677731954,0.409878070179264,0.348168957925564,0.364737002787359,0.525470262968715,0.409176388115822,0.464453403498126,0.439805291809937,0.39735370986723,0.411630940877937,0.511174119206081,0.500186839970445,0.457769032734439,0.412098665697087,0.461924012597296,0.541573807391702,0.442191157142058,0.464742784859991,0.413207012570413,0.455224346348706,0.482245290369479,0.406986749358854,0.395179068543201,0.453775827349205,0.410763704496049,0.467180294468865,0.337116215640277,0.474321998876396,0.474321998876396,0.496952976155961,0.51772837673946,0.390308872348152,0.427709313457743,0.5197817515574,0.409870713714868,0.464743353868287,0.432710882830041,0.442191157142058,0.503416111075112,0.343626347935098,0.473432178284291,0.427709313457743,0.452686677731954
"11",0.472294866179146,0.457769032734439,0.502368038437692,0.382143630399003,0.357809665481364,0.471565722691523,0.517979891954022,0.398977605352187,0.515658988402339,0.518522901989834,0.553699252244928,0.523733649649922,0.399018248801888,0.376494990211845,0.485760948768551,0.496096754148942,0.467982162635818,0.34869198493194,0.52733763981301,0.53729430954678,0.400088526310661,0.532665115460637,0.400158026609649,0.5197817515574,0.483591469162634,0.452686677731954,0.40093666027119,0.452686677731954,0.404472193317165,0.440665090440529,0.442191157142058,0.364737002787359,0.473069530330432,0.489028858246067,0.53209785483317,0.454942389190319,0.459055032126405,0.376033605770847,0.3796174503307,0.366681724116433,0.483657690890012,0.497369381845956,0.46798097042796,0.401729519140126,0.400088526310661,0.519140939833793,0.532557463155416,0.359453069822177,0.453281183018536,0.399708252647449,0.513876529272284,0.337538907517159,0.398828254222356,0.391912066769395,0.442191157142058,0.515494680483017,0.387776514475494,0.454942389190319,0.409878070179264,0.348168957925564,0.452686677731954,0.530033167588397,0.409176388115822,0.471655409237195,0.439805291809937,0.493710658503939,0.411630940877937,0.52154497278793,0.500186839970445,0.457769032734439,0.412098665697087,0.478581053066119,0.557312238158216,0.442191157142058,0.467425252540209,0.524229499736265,0.455224346348706,0.484015177125759,0.406986749358854,0.397555084612678,0.464742784859991,0.410763704496049,0.47354440839673,0.457238906672182,0.474321998876396,0.474321998876396,0.496952976155961,0.51772837673946,0.401729519140126,0.434756887635768,0.5197817515574,0.41009831703319,0.491046439732638,0.477275084192533,0.442191157142058,0.503416111075112,0.357717052607314,0.47634130093567,0.427709313457743,0.452686677731954
"12",0.472294866179146,0.463416467165923,0.543474823464533,0.390311067094436,0.357809665481364,0.471565722691523,0.5197817515574,0.398977605352187,0.524180565022826,0.523392515628771,0.553699252244928,0.525833561217769,0.399018248801888,0.4071726660456,0.485760948768551,0.496096754148942,0.467982162635818,0.34869198493194,0.52733763981301,0.537539267618124,0.400088526310661,0.532665115460637,0.400158026609649,0.53015260513925,0.494954293873501,0.462129505878981,0.403092388843291,0.462129505878981,0.404472193317165,0.450013083871588,0.442191157142058,0.364737002787359,0.473069530330432,0.489028858246067,0.53209785483317,0.474492592982604,0.461751047623189,0.399449746759539,0.380040142207583,0.36902928977112,0.483657690890012,0.497369381845956,0.483656498682154,0.401729519140126,0.400088526310661,0.534565128995041,0.541397413465222,0.359453069822177,0.453281183018536,0.442341063732369,0.514188142601136,0.343903021445024,0.398977605352187,0.462798469965414,0.442191157142058,0.520412537896748,0.40367108382794,0.474492592982604,0.409878070179264,0.376033605770847,0.452686677731954,0.531942054942653,0.419115066349192,0.483657690890012,0.445596983392223,0.493710658503939,0.411630940877937,0.52154497278793,0.500186839970445,0.493111452125008,0.43971945284417,0.494143429956348,0.557312238158216,0.442191157142058,0.483657690890012,0.526925515233049,0.455469304420049,0.484015177125759,0.406986749358854,0.397555084612678,0.464742784859991,0.410763704496049,0.495392972173932,0.460815530245805,0.505343680868413,0.474321998876396,0.497197934227304,0.51772837673946,0.401729519140126,0.434756887635768,0.53015260513925,0.41009831703319,0.491046439732638,0.497049477253366,0.442191157142058,0.503416111075112,0.357717052607314,0.500615262573735,0.43971945284417,0.462129505878981
"13",0.494143429956348,0.463416467165923,0.543474823464533,0.413031067076661,0.371872299077653,0.471565722691523,0.5197817515574,0.398977605352187,0.541265066199963,0.53526717684953,0.553699252244928,0.537247596675258,0.399018248801888,0.409176388115822,0.485760948768551,0.50480718733237,0.467982162635818,0.355994258061419,0.52733763981301,0.537539267618124,0.400088526310661,0.538456807042924,0.400158026609649,0.530397563210593,0.497110022445603,0.462129505878981,0.410980957282514,0.480975223209795,0.404472193317165,0.45024068718991,0.442191157142058,0.452686677731954,0.473069530330432,0.50480718733237,0.53209785483317,0.477771164591758,0.473429265503729,0.40160547533164,0.380040142207583,0.36902928977112,0.483657690890012,0.497369381845956,0.483656498682154,0.423768240070659,0.400088526310661,0.537247596675258,0.545977930246441,0.402085880907097,0.453281183018536,0.442341063732369,0.51746671421029,0.353196552653485,0.410987744738614,0.522859815481367,0.442191157142058,0.522349875665794,0.405826812400042,0.477771164591758,0.409878070179264,0.378189334342949,0.462129505878981,0.543235514832697,0.419342669667513,0.485813419462114,0.445596983392223,0.497510821050913,0.411630940877937,0.544362205449655,0.50154162162712,0.494881338881289,0.450013083871588,0.50480718733237,0.571754915104836,0.442191157142058,0.483657690890012,0.526925515233049,0.455469304420049,0.490676096618969,0.406986749358854,0.397555084612678,0.489273816317411,0.410763704496049,0.502460868076807,0.460815530245805,0.505343680868413,0.474321998876396,0.504351181374549,0.519884105311562,0.401729519140126,0.434756887635768,0.53015260513925,0.41334572866424,0.496794778301911,0.497049477253366,0.442191157142058,0.503416111075112,0.378827707459575,0.510553940807105,0.43971945284417,0.462129505878981
"14",0.494143429956348,0.493111452125008,0.543474823464533,0.413031067076661,0.371872299077653,0.47424819037174,0.520026709628744,0.410987744738614,0.546792575359198,0.546630001560397,0.553699252244928,0.537247596675258,0.399018248801888,0.409176388115822,0.494881338881289,0.50480718733237,0.467982162635818,0.363174600841798,0.534559980824746,0.552246126987795,0.400088526310661,0.542247702883366,0.406181385855227,0.556016484338322,0.497110022445603,0.467982162635818,0.410980957282514,0.480975223209795,0.405929938379748,0.450714860769746,0.442191157142058,0.452686677731954,0.483657690890012,0.50480718733237,0.53209785483317,0.477771164591758,0.473429265503729,0.43704867692965,0.380040142207583,0.403284225925876,0.483657690890012,0.498046772674294,0.485030247282023,0.468332441433151,0.427709313457743,0.537670288552141,0.557324226621096,0.417761788500156,0.457072078858979,0.453328342968005,0.51746671421029,0.380394647923685,0.410987744738614,0.525325518096516,0.442191157142058,0.536041841000817,0.411354321559277,0.477771164591758,0.410027421309096,0.382384226073412,0.462129505878981,0.543235514832697,0.423228183458858,0.506962915904472,0.446495203630599,0.498100963940561,0.439999025586841,0.544362205449655,0.515407811883191,0.504820017114659,0.45024068718991,0.50480718733237,0.571754915104836,0.442191157142058,0.485813419462114,0.539220158767377,0.455469304420049,0.494881338881289,0.407779296628009,0.407535896555571,0.489273816317411,0.411073082435168,0.502460868076807,0.464094101854959,0.505343680868413,0.474566956947739,0.504351181374549,0.519884105311562,0.401729519140126,0.434756887635768,0.546630001560397,0.41334572866424,0.496794778301911,0.497049477253366,0.442191157142058,0.518122970444784,0.378827707459575,0.510553940807105,0.43971945284417,0.480975223209795
"15",0.494143429956348,0.501000020564231,0.543474823464533,0.420919635515883,0.372739359337926,0.483657690890012,0.530397563210593,0.410987744738614,0.546792575359198,0.546630001560397,0.559585778543182,0.537247596675258,0.399018248801888,0.413061901907167,0.504820017114659,0.50480718733237,0.47013789120792,0.41736120665991,0.546630001560397,0.552246126987795,0.400088526310661,0.542247702883366,0.406181385855227,0.571754915104836,0.51825951888796,0.47013789120792,0.434397098271205,0.483657690890012,0.405929938379748,0.453383780633396,0.442191157142058,0.454842406304056,0.483657690890012,0.50480718733237,0.53209785483317,0.47992689316386,0.480201805457632,0.43704867692965,0.4071726660456,0.426700366914568,0.483657690890012,0.505662000366466,0.494954293873501,0.469045395279977,0.437362661126401,0.537670288552141,0.568452877322607,0.417761788500156,0.469082218245405,0.510865513492507,0.519363408529636,0.380394647923685,0.411854804998886,0.525325518096516,0.442191157142058,0.546630001560397,0.411354321559277,0.47992689316386,0.410027421309096,0.383015893020837,0.480975223209795,0.543235514832697,0.423228183458858,0.506962915904472,0.450228981876396,0.498505014021848,0.444561930206524,0.544362205449655,0.525101816549365,0.512477730759584,0.450714860769746,0.51748534245807,0.571950003663397,0.442191157142058,0.506962915904472,0.541902626447594,0.455469304420049,0.504820017114659,0.407779296628009,0.407535896555571,0.50480718733237,0.411073082435168,0.502460868076807,0.464094101854959,0.505588638939757,0.474566956947739,0.520026709628744,0.519884105311562,0.475705881243056,0.440548579218055,0.546630001560397,0.422686270796188,0.496794778301911,0.506584430553046,0.442191157142058,0.518122970444784,0.378827707459575,0.514759183069425,0.444282357463852,0.483657690890012
"16",0.494143429956348,0.5109386987976,0.543474823464533,0.422458667477867,0.374094140994601,0.483657690890012,0.552246126987795,0.526891754074165,0.5489483039313,0.546630001560397,0.559585778543182,0.537247596675258,0.399018248801888,0.423000580140537,0.504820017114659,0.50480718733237,0.47013789120792,0.42316780084042,0.546630001560397,0.552246126987795,0.400088526310661,0.546452945145686,0.406181385855227,0.571754915104836,0.51825951888796,0.485813419462114,0.435936130233188,0.483657690890012,0.427709313457743,0.453383780633396,0.442191157142058,0.475185157365497,0.483657690890012,0.50480718733237,0.53209785483317,0.485813419462114,0.48288427313785,0.43704867692965,0.4071726660456,0.426700366914568,0.50480718733237,0.506550737133245,0.494954293873501,0.473555869849546,0.48068212974619,0.537670288552141,0.569734500769821,0.417761788500156,0.469082218245405,0.527950014669643,0.519363408529636,0.382550376495787,0.43971945284417,0.525325518096516,0.442191157142058,0.546630001560397,0.411354321559277,0.492099606349087,0.410491786269738,0.413061901907167,0.483657690890012,0.543235514832697,0.423228183458858,0.518383562696445,0.49568384379562,0.498505014021848,0.444561930206524,0.559069064819326,0.54394753388018,0.51342065879263,0.453383780633396,0.544397809111592,0.583765054491262,0.442191157142058,0.506962915904472,0.563947633565014,0.460338918058986,0.512477730759584,0.523209132383724,0.441431449780261,0.50480718733237,0.414958596226512,0.502460868076807,0.464094101854959,0.520295498309428,0.489273816317411,0.530397563210593,0.523675001152005,0.494551598573871,0.440548579218055,0.548785730132499,0.422686270796188,0.501000020564231,0.506584430553046,0.447203849271756,0.522992584083721,0.405359751423903,0.515994743940313,0.444282357463852,0.483657690890012
"17",0.50480718733237,0.512824554863692,0.553072638633083,0.450642190281682,0.479827668955325,0.485813419462114,0.552246126987795,0.538035862834378,0.5489483039313,0.546630001560397,0.559585778543182,0.546630001560397,0.441743049561296,0.424626318128547,0.505993799942002,0.535828869324388,0.485813419462114,0.427839087992636,0.548785730132499,0.552246126987795,0.498723675781235,0.546452945145686,0.437855097162969,0.571754915104836,0.51825951888796,0.506962915904472,0.502539052526214,0.485813419462114,0.427709313457743,0.455539509205498,0.442191157142058,0.476648321554706,0.485813419462114,0.506962915904472,0.54259876745406,0.497234066254088,0.494954293873501,0.43704867692965,0.409176388115822,0.428856095486669,0.50480718733237,0.506550737133245,0.494954293873501,0.473555869849546,0.48068212974619,0.546630001560397,0.569734500769821,0.417761788500156,0.469082218245405,0.527950014669643,0.52900268001688,0.408867010176704,0.444282357463852,0.537247596675258,0.442191157142058,0.548785730132499,0.427106855602837,0.506962915904472,0.41135884653001,0.414470874830109,0.490021804817878,0.543235514832697,0.4246371563818,0.523466432515959,0.540248045158113,0.498505014021848,0.444561930206524,0.559069064819326,0.546630001560397,0.51342065879263,0.455539509205498,0.553932762411273,0.583765054491262,0.442191157142058,0.506962915904472,0.563947633565014,0.460338918058986,0.512477730759584,0.52900082396601,0.441431449780261,0.50480718733237,0.414958596226512,0.52711843614096,0.474275286004873,0.520295498309428,0.50480718733237,0.552246126987795,0.523675001152005,0.497234066254088,0.44502477781171,0.569935226574856,0.422686270796188,0.501000020564231,0.513022352985567,0.479604807372802,0.531606827769525,0.407515479996005,0.515994743940313,0.534301420745569,0.485813419462114
"18",0.50480718733237,0.512824554863692,0.553072638633083,0.456433881863969,0.48060802318957,0.506962915904472,0.552246126987795,0.538035862834378,0.550140511789174,0.546630001560397,0.559585778543182,0.546630001560397,0.454861400342882,0.424626318128547,0.51342065879263,0.535828869324388,0.506962915904472,0.458516763826391,0.548785730132499,0.552246126987795,0.504237637123904,0.546452945145686,0.440632128602822,0.583765054491262,0.522454410618423,0.506962915904472,0.512477730759584,0.506962915904472,0.429865042029845,0.455539509205498,0.447203849271756,0.47992689316386,0.485813419462114,0.506962915904472,0.54259876745406,0.503520253141061,0.497110022445603,0.497110022445603,0.419115066349192,0.428856095486669,0.50480718733237,0.506550737133245,0.525631969707256,0.501000020564231,0.486568656044444,0.546630001560397,0.570448199746558,0.420619023014084,0.473645122865087,0.529142222527518,0.549804674964301,0.408867010176704,0.446438086035954,0.537670288552141,0.447203849271756,0.569935226574856,0.433470969530702,0.518383562696445,0.41135884653001,0.414470874830109,0.492177533389979,0.543235514832697,0.4246371563818,0.523466432515959,0.540248045158113,0.515589515198984,0.446367854154872,0.567779498002754,0.548785730132499,0.51342065879263,0.545558572487215,0.554830982649649,0.584496636585867,0.442191157142058,0.518383562696445,0.569538492314515,0.478608148699252,0.512477730759584,0.5395017365869,0.453441589166687,0.50480718733237,0.414958596226512,0.52711843614096,0.474697977881756,0.520295498309428,0.535828869324388,0.552246126987795,0.535685140538431,0.497234066254088,0.448303349420864,0.569935226574856,0.422686270796188,0.504820504836055,0.514799826519125,0.479604807372802,0.531606827769525,0.407515479996005,0.515994743940313,0.534301420745569,0.510131750199435
"19",0.506962915904472,0.512824554863692,0.553072638633083,0.459102801727619,0.501170899174587,0.506962915904472,0.567779498002754,0.538035862834378,0.550140511789174,0.548785730132499,0.561741507115284,0.546630001560397,0.464243805228021,0.424626318128547,0.51342065879263,0.535828869324388,0.506962915904472,0.458516763826391,0.555071917019472,0.552246126987795,0.523787840916189,0.546452945145686,0.452642267989248,0.583765054491262,0.547051826377019,0.518383562696445,0.515973067433806,0.506962915904472,0.433655937870288,0.455539509205498,0.461063265619544,0.485813419462114,0.497110022445603,0.506962915904472,0.54259876745406,0.518383562696445,0.501304914176065,0.497110022445603,0.423000580140537,0.428856095486669,0.50480718733237,0.506550737133245,0.525631969707256,0.501000020564231,0.486568656044444,0.548785730132499,0.570448199746558,0.420619023014084,0.473645122865087,0.550072921732322,0.549804674964301,0.418805688410074,0.446438086035954,0.546630001560397,0.461063265619544,0.569935226574856,0.463275908569043,0.518383562696445,0.444681150992311,0.459925736749333,0.499123634421919,0.543235514832697,0.443264049379429,0.523466432515959,0.540248045158113,0.517540400784597,0.450228981876396,0.567779498002754,0.548785730132499,0.51342065879263,0.545558572487215,0.554830982649649,0.584496636585867,0.442191157142058,0.518383562696445,0.575286830883789,0.494143429956348,0.512705334077905,0.539821465057876,0.458004493786369,0.50480718733237,0.414958596226512,0.52711843614096,0.485994580865245,0.535828869324388,0.535828869324388,0.552246126987795,0.535685140538431,0.552576625972941,0.448303349420864,0.569935226574856,0.422686270796188,0.504820504836055,0.514799826519125,0.479604807372802,0.540727217882263,0.413788064875145,0.515994743940313,0.536457149317671,0.554088562301791
"20",0.518383562696445,0.51342065879263,0.553072638633083,0.459102801727619,0.518631325165818,0.506962915904472,0.567779498002754,0.538035862834378,0.550140511789174,0.548785730132499,0.561741507115284,0.546630001560397,0.467698498452543,0.424626318128547,0.51342065879263,0.537984597896489,0.518383562696445,0.503080965188884,0.569935226574856,0.552246126987795,0.523787840916189,0.546452945145686,0.452642267989248,0.583765054491262,0.547051826377019,0.518383562696445,0.515973067433806,0.518383562696445,0.457072078858979,0.459330405045941,0.479604807372802,0.497110022445603,0.497110022445603,0.506962915904472,0.542918495925035,0.518383562696445,0.508251015208005,0.51825951888796,0.424409553063479,0.428856095486669,0.511171301260235,0.506550737133245,0.527787698279357,0.502539052526214,0.493616230222469,0.548785730132499,0.570590993733172,0.422774751586185,0.473645122865087,0.550072921732322,0.549804674964301,0.420431426398084,0.446438086035954,0.548785730132499,0.461063265619544,0.569935226574856,0.493111452125008,0.518383562696445,0.444681150992311,0.461187038471698,0.499123634421919,0.543235514832697,0.449949896855121,0.531528738154834,0.540248045158113,0.555771526266979,0.450228981876396,0.567779498002754,0.569935226574856,0.51342065879263,0.545558572487215,0.554830982649649,0.584496636585867,0.442191157142058,0.545296029349968,0.575286830883789,0.50480718733237,0.512705334077905,0.539821465057876,0.467698498452543,0.506962915904472,0.414958596226512,0.528128236196579,0.492940681897184,0.535828869324388,0.535828869324388,0.567779498002754,0.540248045158113,0.552576625972941,0.450459077992966,0.573726122415299,0.423629198829234,0.506056065706943,0.515093814138624,0.479604807372802,0.540727217882263,0.414871890200485,0.515994743940313,0.536457149317671,0.55497729906857
"21",0.54346978367677,0.51659084786925,0.553072638633083,0.459102801727619,0.518631325165818,0.506962915904472,0.569935226574856,0.538035862834378,0.550140511789174,0.548785730132499,0.582891003557642,0.548785730132499,0.467698498452543,0.424626318128547,0.51342065879263,0.537984597896489,0.518383562696445,0.503080965188884,0.573726122415299,0.552246126987795,0.534565128995041,0.546452945145686,0.452642267989248,0.583765054491262,0.547051826377019,0.531528738154834,0.515973067433806,0.518383562696445,0.469082218245405,0.459330405045941,0.490100327962698,0.51825951888796,0.535293806437774,0.513327029832337,0.542918495925035,0.522454410618423,0.508251015208005,0.51825951888796,0.424409553063479,0.433908889153405,0.511171301260235,0.506550737133245,0.527787698279357,0.502539052526214,0.495771958794571,0.548785730132499,0.570590993733172,0.42929260613645,0.473645122865087,0.550072921732322,0.550729381184064,0.421027530327021,0.54235604477245,0.548785730132499,0.479604807372802,0.573726122415299,0.494881338881289,0.518383562696445,0.444681150992311,0.461187038471698,0.499123634421919,0.543235514832697,0.473366037843812,0.53721882111287,0.540248045158113,0.571754915104836,0.450228981876396,0.567779498002754,0.569935226574856,0.51342065879263,0.545558572487215,0.554830982649649,0.584496636585867,0.442191157142058,0.545296029349968,0.579492073146109,0.535828869324388,0.512705334077905,0.539821465057876,0.469854227024645,0.518383562696445,0.460413458145737,0.528128236196579,0.492940681897184,0.535828869324388,0.535828869324388,0.567779498002754,0.540248045158113,0.552576625972941,0.450459077992966,0.573726122415299,0.447045339817925,0.506056065706943,0.515093814138624,0.490100327962698,0.540727217882263,0.414871890200485,0.515994743940313,0.540248045158113,0.55497729906857
"22",0.54346978367677,0.51659084786925,0.567779498002754,0.48251894271631,0.518631325165818,0.506962915904472,0.569935226574856,0.538035862834378,0.550140511789174,0.569935226574856,0.582891003557642,0.569935226574856,0.467698498452543,0.470081180047771,0.514745635252858,0.542856934646556,0.527178805211581,0.503080965188884,0.573726122415299,0.567779498002754,0.534565128995041,0.581797207039308,0.452642267989248,0.590711155523202,0.547051826377019,0.531528738154834,0.51659084786925,0.545296029349968,0.469082218245405,0.504785266965165,0.490100327962698,0.51825951888796,0.535293806437774,0.537984597896489,0.542918495925035,0.547051826377019,0.529400511650363,0.51825951888796,0.425222422057484,0.433908889153405,0.5410068448162,0.539429120290103,0.534733799311297,0.512477730759584,0.495771958794571,0.548785730132499,0.574107329523072,0.43556519101559,0.473645122865087,0.550072921732322,0.568178291531213,0.511046593608738,0.551996887806417,0.569935226574856,0.490100327962698,0.573726122415299,0.504820017114659,0.531528738154834,0.446684873062534,0.461187038471698,0.555731831164438,0.543235514832697,0.473366037843812,0.53721882111287,0.540248045158113,0.571754915104836,0.540248045158113,0.579789637389181,0.569935226574856,0.51342065879263,0.545558572487215,0.554830982649649,0.591442737617807,0.442191157142058,0.546447593758142,0.579492073146109,0.535828869324388,0.512705334077905,0.539821465057876,0.536457149317671,0.545296029349968,0.460413458145737,0.528128236196579,0.492940681897184,0.535828869324388,0.537984597896489,0.579789637389181,0.540248045158113,0.552576625972941,0.450459077992966,0.573726122415299,0.447045339817925,0.506056065706943,0.516429628852105,0.490100327962698,0.544932460144583,0.414871890200485,0.515994743940313,0.540248045158113,0.55497729906857
"23",0.54346978367677,0.51659084786925,0.569935226574856,0.48251894271631,0.52624655285799,0.543162573388302,0.573726122415299,0.538355591305353,0.550140511789174,0.569935226574856,0.582891003557642,0.569935226574856,0.468097291981002,0.470081180047771,0.514745635252858,0.54400849905473,0.527178805211581,0.504489938111826,0.573726122415299,0.567779498002754,0.54394753388018,0.59650406640898,0.526891754074165,0.590711155523202,0.547051826377019,0.534357522253972,0.51659084786925,0.545737688170044,0.46991134461929,0.504785266965165,0.490100327962698,0.522454410618423,0.54184261503933,0.537984597896489,0.542918495925035,0.547051826377019,0.529400511650363,0.522454410618423,0.425222422057484,0.433908889153405,0.55094552304957,0.558853979683513,0.534733799311297,0.51342065879263,0.499562854635013,0.549032517159079,0.575005549761448,0.435688814841762,0.473645122865087,0.557019022764262,0.568178291531213,0.511046593608738,0.551996887806417,0.569935226574856,0.521122009954716,0.573726122415299,0.505993799942002,0.53721882111287,0.446684873062534,0.461187038471698,0.576881327606796,0.543235514832697,0.545867855591618,0.53721882111287,0.540248045158113,0.571754915104836,0.540248045158113,0.579789637389181,0.569935226574856,0.51342065879263,0.545558572487215,0.55663555181634,0.591442737617807,0.447203849271756,0.546657584914927,0.579492073146109,0.535828869324388,0.512705334077905,0.539821465057876,0.536457149317671,0.545296029349968,0.504977659508229,0.536773097947824,0.492940681897184,0.535828869324388,0.545296029349968,0.579789637389181,0.540248045158113,0.553837927695306,0.454249973833408,0.573726122415299,0.46668019036812,0.506056065706943,0.516429628852105,0.490100327962698,0.547546646829303,0.504890953482202,0.515994743940313,0.540248045158113,0.55497729906857
"24",0.545737688170044,0.51659084786925,0.569935226574856,0.549121865009336,0.53618523109136,0.548937194721715,0.573726122415299,0.542918495925035,0.550140511789174,0.57108679098303,0.586681899398084,0.569935226574856,0.468097291981002,0.471342481770136,0.514745635252858,0.544218490211515,0.527178805211581,0.504489938111826,0.573726122415299,0.567779498002754,0.567779498002754,0.59650406640898,0.531454658693847,0.595274060142884,0.547051826377019,0.535509086662146,0.51659084786925,0.545737688170044,0.473645122865087,0.504785266965165,0.490100327962698,0.523086077565848,0.547884941228102,0.540828013637519,0.542918495925035,0.547051826377019,0.580672223447238,0.527731556127505,0.448638563046175,0.526730968587151,0.553101251621672,0.558853979683513,0.534733799311297,0.51342065879263,0.530722575330029,0.5733508478964,0.575005549761448,0.436859346193129,0.473645122865087,0.557019022764262,0.58018843091764,0.515241485339201,0.551996887806417,0.569935226574856,0.521122009954716,0.573726122415299,0.51342065879263,0.538186135215736,0.450228981876396,0.461187038471698,0.576881327606796,0.543235514832697,0.553538629331713,0.53721882111287,0.540248045158113,0.571754915104836,0.540248045158113,0.581945365961282,0.573726122415299,0.51342065879263,0.545558572487215,0.56238524516727,0.591442737617807,0.450807568478513,0.546657584914927,0.579492073146109,0.535828869324388,0.513648262110951,0.539821465057876,0.536457149317671,0.545296029349968,0.506238961230594,0.536773097947824,0.501900394905441,0.537984597896489,0.545296029349968,0.579789637389181,0.540248045158113,0.553837927695306,0.544269037115125,0.573726122415299,0.474285934588695,0.506056065706943,0.516429628852105,0.505140192663581,0.554858078282782,0.504890953482202,0.515994743940313,0.540248045158113,0.55497729906857
"25",0.547542257336736,0.51659084786925,0.573726122415299,0.549121865009336,0.551304594379855,0.548937194721715,0.573726122415299,0.542918495925035,0.550140511789174,0.57108679098303,0.586681899398084,0.569935226574856,0.468097291981002,0.471342481770136,0.514745635252858,0.544218490211515,0.527178805211581,0.504489938111826,0.573726122415299,0.569935226574856,0.567779498002754,0.59650406640898,0.531919023654489,0.595274060142884,0.547051826377019,0.535719077818931,0.51659084786925,0.573726122415299,0.49568384379562,0.50604656868753,0.490100327962698,0.547051826377019,0.55074217574203,0.540828013637519,0.542918495925035,0.547051826377019,0.580672223447238,0.537771572028794,0.448638563046175,0.529413436267368,0.553101251621672,0.573296656630133,0.534733799311297,0.51342065879263,0.530722575330029,0.582744903903786,0.575005549761448,0.438120647915494,0.473645122865087,0.557019022764262,0.58018843091764,0.515241485339201,0.551996887806417,0.569935226574856,0.521122009954716,0.573726122415299,0.51342065879263,0.539447436938101,0.473645122865087,0.461187038471698,0.576881327606796,0.543235514832697,0.553538629331713,0.538186135215736,0.540248045158113,0.571754915104836,0.540248045158113,0.583096930369456,0.573726122415299,0.51342065879263,0.545558572487215,0.56238524516727,0.591442737617807,0.461303089068409,0.546657584914927,0.579492073146109,0.537984597896489,0.513648262110951,0.540244156934758,0.536457149317671,0.545296029349968,0.506238961230594,0.538776820018047,0.501900394905441,0.542856934646556,0.545296029349968,0.579789637389181,0.540248045158113,0.553837927695306,0.544269037115125,0.573726122415299,0.480077626170982,0.556107186970237,0.516429628852105,0.508418493316403,0.556613875309833,0.504890953482202,0.515994743940313,0.540248045158113,0.55497729906857
"26",0.547542257336736,0.51659084786925,0.574877686823473,0.549121865009336,0.557096285962142,0.552391887946237,0.573726122415299,0.542918495925035,0.555342873350807,0.57108679098303,0.586681899398084,0.573726122415299,0.540599109728807,0.471342481770136,0.514745635252858,0.544218490211515,0.528330369619755,0.504489938111826,0.573726122415299,0.569935226574856,0.567779498002754,0.59650406640898,0.54259876745406,0.605158547109987,0.547051826377019,0.535719077818931,0.51659084786925,0.573726122415299,0.540248045158113,0.50604656868753,0.521122009954716,0.548203390785193,0.560069603587541,0.540828013637519,0.542918495925035,0.548271129868027,0.580672223447238,0.537771572028794,0.54146064247992,0.529413436267368,0.55745822942954,0.573296656630133,0.535043177250415,0.51342065879263,0.536514266912316,0.582744903903786,0.575005549761448,0.438120647915494,0.473645122865087,0.563529412467598,0.582192152987862,0.515241485339201,0.551996887806417,0.573726122415299,0.530656963254397,0.573726122415299,0.51342065879263,0.539447436938101,0.473645122865087,0.461187038471698,0.576881327606796,0.543555243303673,0.553538629331713,0.538186135215736,0.540248045158113,0.571754915104836,0.540248045158113,0.583096930369456,0.573726122415299,0.514572223200804,0.545558572487215,0.56238524516727,0.591442737617807,0.476978617322603,0.546657584914927,0.579492073146109,0.545296029349968,0.513648262110951,0.547417725806854,0.540248045158113,0.546447593758142,0.506238961230594,0.545722921049987,0.501900394905441,0.547051826377019,0.545296029349968,0.584352542008863,0.541399609566287,0.553837927695306,0.544269037115125,0.573726122415299,0.482746546034632,0.556107186970237,0.516429628852105,0.508418493316403,0.556613875309833,0.504890953482202,0.515994743940313,0.540248045158113,0.559956121656851
"27",0.547542257336736,0.51659084786925,0.574877686823473,0.584466126902959,0.557096285962142,0.5565867796767,0.573726122415299,0.542918495925035,0.569935226574856,0.57108679098303,0.587833463806258,0.574877686823473,0.550891385974569,0.471342481770136,0.514745635252858,0.545437793702523,0.549455209035961,0.504489938111826,0.573726122415299,0.569935226574856,0.567779498002754,0.59650406640898,0.54259876745406,0.605158547109987,0.553997927408959,0.535719077818931,0.517742412277424,0.573726122415299,0.540248045158113,0.50604656868753,0.530656963254397,0.548413381941978,0.563405692451929,0.541979578045693,0.542918495925035,0.549422694276201,0.580672223447238,0.544717673060733,0.54840674351186,0.529413436267368,0.56030164517057,0.583235334863502,0.535043177250415,0.51659084786925,0.540248045158113,0.582744903903786,0.575005549761448,0.438120647915494,0.509088324463097,0.574725599034694,0.582192152987862,0.515241485339201,0.551996887806417,0.573726122415299,0.532812691826498,0.573726122415299,0.515241485339201,0.539447436938101,0.546146940612893,0.461187038471698,0.57803289201497,0.543555243303673,0.600859689435191,0.538186135215736,0.546146940612893,0.571754915104836,0.540248045158113,0.583096930369456,0.580672223447238,0.514782214357588,0.545558572487215,0.563646546889635,0.592816486217675,0.477771164591758,0.553603685946866,0.580643637554282,0.545296029349968,0.513648262110951,0.551151504052651,0.540248045158113,0.546447593758142,0.506238961230594,0.545722921049987,0.501900394905441,0.547051826377019,0.54608180271084,0.586508270580965,0.541399609566287,0.553837927695306,0.544269037115125,0.573726122415299,0.482746546034632,0.556107186970237,0.516429628852105,0.523125352686075,0.557765439718007,0.504890953482202,0.515994743940313,0.540248045158113,0.560565773402355
"28",0.549086708425345,0.517753250530677,0.574877686823473,0.59917298627263,0.559765205825792,0.5565867796767,0.573726122415299,0.551151504052651,0.569935226574856,0.574877686823473,0.594779564838198,0.574877686823473,0.550891385974569,0.471342481770136,0.514745635252858,0.552383894734462,0.549665200192746,0.504489938111826,0.573726122415299,0.569935226574856,0.569935226574856,0.59650406640898,0.54259876745406,0.606264048941834,0.553997927408959,0.535719077818931,0.517742412277424,0.573726122415299,0.540248045158113,0.50604656868753,0.530656963254397,0.548413381941978,0.57102877787771,0.542189569202478,0.542918495925035,0.549632685432986,0.581823787855412,0.544717673060733,0.551089211192077,0.529413436267368,0.586921478986251,0.583235334863502,0.538592705190905,0.517143598785173,0.540248045158113,0.582744903903786,0.575005549761448,0.438120647915494,0.553474141724855,0.576881327606796,0.585736261801725,0.515241485339201,0.551996887806417,0.573726122415299,0.532812691826498,0.573726122415299,0.515241485339201,0.539447436938101,0.546146940612893,0.461187038471698,0.57803289201497,0.543555243303673,0.600859689435191,0.538186135215736,0.546146940612893,0.578701016136776,0.540248045158113,0.583096930369456,0.580672223447238,0.514782214357588,0.551457467941995,0.563646546889635,0.600595642490305,0.477771164591758,0.553603685946866,0.580853628711067,0.545296029349968,0.513648262110951,0.551151504052651,0.540248045158113,0.548252162924834,0.506238961230594,0.545722921049987,0.504056123477542,0.547051826377019,0.546657584914927,0.586508270580965,0.541609600723072,0.553837927695306,0.544269037115125,0.573726122415299,0.482746546034632,0.557838597927468,0.516429628852105,0.523125352686075,0.557975430874792,0.504890953482202,0.517726154897544,0.540248045158113,0.560565773402355
"29",0.549086708425345,0.518904814938851,0.575087677980257,0.59917298627263,0.559765205825792,0.5565867796767,0.573726122415299,0.551151504052651,0.573726122415299,0.574877686823473,0.594779564838198,0.574877686823473,0.554912377931582,0.471342481770136,0.514745635252858,0.552383894734462,0.549665200192746,0.505751239834191,0.573726122415299,0.569935226574856,0.573726122415299,0.59650406640898,0.54259876745406,0.606873700687338,0.554512744438496,0.548413381941978,0.517952403434208,0.573726122415299,0.540248045158113,0.50604656868753,0.530656963254397,0.548413381941978,0.57102877787771,0.542189569202478,0.543595886753373,0.549632685432986,0.581823787855412,0.544717673060733,0.551089211192077,0.536359537299307,0.586921478986251,0.592041415631892,0.542154426166304,0.567194720048467,0.575592307051736,0.582744903903786,0.581217365909378,0.438120647915494,0.56914966997905,0.580672223447238,0.585736261801725,0.515241485339201,0.551996887806417,0.574877686823473,0.54751955119617,0.574877686823473,0.516393049747375,0.539447436938101,0.546146940612893,0.461187038471698,0.578242883171755,0.543555243303673,0.600859689435191,0.538186135215736,0.546146940612893,0.578701016136776,0.540248045158113,0.583306921526241,0.580672223447238,0.514782214357588,0.551457467941995,0.563646546889635,0.600595642490305,0.47992689316386,0.553603685946866,0.580853628711067,0.54710059851666,0.513648262110951,0.552118818155517,0.540248045158113,0.548462154081618,0.506238961230594,0.545722921049987,0.5252056199199,0.548203390785193,0.546657584914927,0.586508270580965,0.541609600723072,0.553837927695306,0.544269037115125,0.574877686823473,0.482746546034632,0.557838597927468,0.516429628852105,0.523125352686075,0.557975430874792,0.506042517890376,0.523855187112342,0.540248045158113,0.561216068597559
"30",0.549086708425345,0.568955936202145,0.582033779012197,0.59917298627263,0.559765205825792,0.557738344084874,0.573726122415299,0.552118818155517,0.573726122415299,0.574877686823473,0.594779564838198,0.575087677980257,0.554912377931582,0.471342481770136,0.540661253563399,0.552383894734462,0.550106859012822,0.505751239834191,0.573726122415299,0.569935226574856,0.573726122415299,0.597655630817154,0.54259876745406,0.606873700687338,0.554512744438496,0.548413381941978,0.553296665327831,0.574877686823473,0.540248045158113,0.50604656868753,0.530656963254397,0.555359482973918,0.57102877787771,0.548462154081618,0.543595886753373,0.549632685432986,0.581823787855412,0.544717673060733,0.551089211192077,0.536359537299307,0.593867580018191,0.592041415631892,0.542154426166304,0.567194720048467,0.590299166421407,0.589691004935726,0.603469654620269,0.438120647915494,0.576095771010989,0.580672223447238,0.585736261801725,0.515241485339201,0.552118818155517,0.575087677980257,0.54751955119617,0.575087677980257,0.551737311640998,0.539447436938101,0.546146940612893,0.461187038471698,0.578242883171755,0.543555243303673,0.600859689435191,0.548645049605269,0.546146940612893,0.578701016136776,0.540248045158113,0.583306921526241,0.580672223447238,0.516787291209468,0.551704254968575,0.563646546889635,0.600595642490305,0.47992689316386,0.582033779012197,0.580853628711067,0.548252162924834,0.514799826519125,0.552118818155517,0.540248045158113,0.548462154081618,0.506238961230594,0.545722921049987,0.5252056199199,0.548413381941978,0.546657584914927,0.589677104875928,0.541609600723072,0.553837927695306,0.544269037115125,0.575087677980257,0.482746546034632,0.564784698959408,0.516429628852105,0.525281081258177,0.557975430874792,0.50773599496122,0.523855187112342,0.540248045158113,0.568162169629499
"31",0.549086708425345,0.568955936202145,0.582033779012197,0.59917298627263,0.559765205825792,0.557738344084874,0.57451189577617,0.599439878258995,0.573726122415299,0.575087677980257,0.594989555994983,0.575087677980257,0.554912377931582,0.471342481770136,0.547517640954034,0.578242883171755,0.550106859012822,0.505751239834191,0.573726122415299,0.569935226574856,0.573726122415299,0.597865621973939,0.54259876745406,0.606873700687338,0.554512744438496,0.548413381941978,0.568003524697502,0.575087677980257,0.540248045158113,0.50604656868753,0.532812691826498,0.555359482973918,0.575531062792164,0.555408255113558,0.543595886753373,0.549632685432986,0.582033779012197,0.544717673060733,0.551089211192077,0.536359537299307,0.593867580018191,0.598987516663831,0.542154426166304,0.567194720048467,0.590299166421407,0.589691004935726,0.603469654620269,0.438120647915494,0.576095771010989,0.580672223447238,0.585736261801725,0.516393049747375,0.552118818155517,0.575087677980257,0.54751955119617,0.575087677980257,0.566444171010669,0.539447436938101,0.546146940612893,0.461187038471698,0.578242883171755,0.543555243303673,0.600859689435191,0.549197800521193,0.55260653955192,0.578701016136776,0.540248045158113,0.583306921526241,0.580672223447238,0.516787291209468,0.551704254968575,0.563646546889635,0.600595642490305,0.506962915904472,0.582033779012197,0.580853628711067,0.548462154081618,0.514799826519125,0.55260653955192,0.540248045158113,0.555408255113558,0.506238961230594,0.577128114633376,0.529400511650363,0.548413381941978,0.546657584914927,0.599317947909894,0.541609600723072,0.553837927695306,0.544269037115125,0.575087677980257,0.518189747632641,0.564784698959408,0.51769093057447,0.525281081258177,0.557975430874792,0.507945986118005,0.523855187112342,0.540248045158113,0.568162169629499
"32",0.55023827283352,0.568955936202145,0.582033779012197,0.59917298627263,0.559765205825792,0.557948335241659,0.575087677980257,0.599439878258995,0.573726122415299,0.575087677980257,0.594989555994983,0.582033779012197,0.556017879763429,0.471342481770136,0.547517640954034,0.578242883171755,0.550106859012822,0.505751239834191,0.574987424137663,0.573726122415299,0.574877686823473,0.604811723005878,0.575477150610918,0.606873700687338,0.555488187231302,0.548413381941978,0.568003524697502,0.575087677980257,0.540248045158113,0.50604656868753,0.54751955119617,0.582033779012197,0.575531062792164,0.555408255113558,0.547946090652957,0.556578786464925,0.582033779012197,0.555802496575651,0.551089211192077,0.540230636213825,0.595019144426364,0.598987516663831,0.542154426166304,0.568357122709895,0.590299166421407,0.589691004935726,0.630242849719486,0.438120647915494,0.576095771010989,0.58145799680811,0.585736261801725,0.517652996688083,0.552118818155517,0.575087677980257,0.54751955119617,0.575087677980257,0.566444171010669,0.539447436938101,0.55260653955192,0.461187038471698,0.578242883171755,0.543555243303673,0.600859689435191,0.556143901553133,0.55260653955192,0.578701016136776,0.540248045158113,0.590253022558181,0.581823787855412,0.516787291209468,0.561098310975961,0.563646546889635,0.600595642490305,0.506962915904472,0.582033779012197,0.580853628711067,0.548462154081618,0.514799826519125,0.55260653955192,0.590299166421407,0.555408255113558,0.506238961230594,0.577128114633376,0.580672223447238,0.548413381941978,0.546657584914927,0.599317947909894,0.541609600723072,0.553837927695306,0.544269037115125,0.575087677980257,0.578251093148594,0.565936263367582,0.51769093057447,0.54312762002156,0.557975430874792,0.507945986118005,0.525006751520517,0.540248045158113,0.568372160786284
"33",0.550448263990304,0.568955936202145,0.582033779012197,0.59917298627263,0.60708626592927,0.557948335241659,0.575087677980257,0.599439878258995,0.573726122415299,0.575087677980257,0.594989555994983,0.582033779012197,0.603338939866907,0.471342481770136,0.547517640954034,0.578242883171755,0.550106859012822,0.505751239834191,0.574987424137663,0.574877686823473,0.574877686823473,0.604811723005878,0.589919827557538,0.606873700687338,0.580672223447238,0.548413381941978,0.568003524697502,0.582033779012197,0.540248045158113,0.50604656868753,0.54751955119617,0.582033779012197,0.575531062792164,0.582033779012197,0.547946090652957,0.556578786464925,0.582033779012197,0.580672223447238,0.551089211192077,0.540230636213825,0.595229135583149,0.598987516663831,0.542154426166304,0.568357122709895,0.590299166421407,0.589691004935726,0.630242849719486,0.438120647915494,0.577450552667665,0.58145799680811,0.585736261801725,0.567704117951377,0.552118818155517,0.582033779012197,0.552391887946237,0.582033779012197,0.566654162167454,0.539447436938101,0.55260653955192,0.461187038471698,0.578242883171755,0.543555243303673,0.600859689435191,0.556143901553133,0.55260653955192,0.578701016136776,0.540248045158113,0.590253022558181,0.582033779012197,0.517911759984508,0.561098310975961,0.563646546889635,0.605158547109987,0.506962915904472,0.582033779012197,0.580853628711067,0.548462154081618,0.514799826519125,0.599927599655398,0.590299166421407,0.582033779012197,0.506238961230594,0.577128114633376,0.592682362833665,0.548413381941978,0.553603685946866,0.599317947909894,0.542870902445437,0.553837927695306,0.544269037115125,0.575087677980257,0.578251093148594,0.565936263367582,0.51769093057447,0.543469024999042,0.564921531906732,0.507945986118005,0.525216742677301,0.540248045158113,0.568372160786284
"34",0.550448263990304,0.568955936202145,0.582033779012197,0.59917298627263,0.60708626592927,0.557948335241659,0.575087677980257,0.599439878258995,0.573726122415299,0.575087677980257,0.594989555994983,0.582033779012197,0.603338939866907,0.471342481770136,0.547517640954034,0.578242883171755,0.550106859012822,0.505751239834191,0.574987424137663,0.574877686823473,0.574877686823473,0.604811723005878,0.589919827557538,0.607523995882542,0.581823787855412,0.555359482973918,0.56916592735893,0.582033779012197,0.540248045158113,0.50604656868753,0.54751955119617,0.582033779012197,0.575531062792164,0.582033779012197,0.547946090652957,0.582033779012197,0.582033779012197,0.580672223447238,0.551089211192077,0.540230636213825,0.595229135583149,0.605571755515273,0.542154426166304,0.568357122709895,0.591450730829581,0.591273389910722,0.630242849719486,0.438120647915494,0.579645298951479,0.582033779012197,0.585736261801725,0.567704117951377,0.552118818155517,0.582033779012197,0.5565867796767,0.582033779012197,0.566654162167454,0.539447436938101,0.55260653955192,0.461187038471698,0.578242883171755,0.543555243303673,0.600859689435191,0.557295465961307,0.55260653955192,0.590711155523202,0.540248045158113,0.590253022558181,0.582033779012197,0.517911759984508,0.561098310975961,0.563646546889635,0.605158547109987,0.506962915904472,0.582033779012197,0.587799729743007,0.548462154081618,0.51500981767591,0.599927599655398,0.590299166421407,0.582033779012197,0.506238961230594,0.577128114633376,0.592682362833665,0.555359482973918,0.553603685946866,0.599317947909894,0.542870902445437,0.553837927695306,0.544269037115125,0.575087677980257,0.585197194180534,0.565936263367582,0.51769093057447,0.548645049605269,0.564921531906732,0.543290248011627,0.525216742677301,0.54029004338947,0.568372160786284
"35",0.550448263990304,0.56916592735893,0.582033779012197,0.59917298627263,0.60708626592927,0.564894436273598,0.575087677980257,0.599439878258995,0.573726122415299,0.582033779012197,0.597657121076976,0.582033779012197,0.603338939866907,0.471342481770136,0.547517640954034,0.578242883171755,0.550106859012822,0.505751239834191,0.574987424137663,0.575087677980257,0.574877686823473,0.604811723005878,0.596865928589478,0.607523995882542,0.582033779012197,0.555359482973918,0.576112028390869,0.582033779012197,0.540248045158113,0.50604656868753,0.552391887946237,0.582033779012197,0.579725954522627,0.582033779012197,0.547946090652957,0.582033779012197,0.582033779012197,0.583841057742202,0.554638739132566,0.540230636213825,0.595229135583149,0.605571755515273,0.542154426166304,0.568357122709895,0.598396831861521,0.591883041656226,0.630242849719486,0.438120647915494,0.579645298951479,0.582033779012197,0.586887826209899,0.567704117951377,0.55260653955192,0.582033779012197,0.557738344084874,0.582033779012197,0.566654162167454,0.539447436938101,0.55260653955192,0.461187038471698,0.578242883171755,0.543555243303673,0.600859689435191,0.557505457118091,0.55260653955192,0.590711155523202,0.541399609566287,0.590253022558181,0.582033779012197,0.519456211073118,0.561098310975961,0.563646546889635,0.605158547109987,0.537984597896489,0.582033779012197,0.587799729743007,0.548462154081618,0.516334794136138,0.599927599655398,0.590299166421407,0.582033779012197,0.506238961230594,0.57827967904155,0.592682362833665,0.555359482973918,0.553603685946866,0.599317947909894,0.542870902445437,0.553837927695306,0.545420601523299,0.575087677980257,0.585197194180534,0.565936263367582,0.51769093057447,0.548645049605269,0.589081353190222,0.557997107381299,0.525216742677301,0.54618893884425,0.568372160786284
"36",0.557394365022244,0.56916592735893,0.582033779012197,0.59917298627263,0.608191767761117,0.589081353190222,0.575087677980257,0.606385979290935,0.60929104301647,0.582033779012197,0.604116720016004,0.582033779012197,0.603338939866907,0.471342481770136,0.547517640954034,0.578242883171755,0.550448263990304,0.505751239834191,0.574987424137663,0.577755243062251,0.574877686823473,0.604811723005878,0.596865928589478,0.607523995882542,0.582033779012197,0.582033779012197,0.576112028390869,0.582033779012197,0.540248045158113,0.50604656868753,0.552391887946237,0.582033779012197,0.579725954522627,0.582033779012197,0.547946090652957,0.583295080734562,0.582033779012197,0.590300656681229,0.580058507356765,0.540230636213825,0.595229135583149,0.605571755515273,0.542154426166304,0.568357122709895,0.598396831861521,0.59253333685143,0.630242849719486,0.438120647915494,0.579645298951479,0.582033779012197,0.587097817366683,0.567704117951377,0.599927599655398,0.582033779012197,0.557738344084874,0.582033779012197,0.573600263199394,0.539447436938101,0.553867841274285,0.461187038471698,0.578242883171755,0.543555243303673,0.600859689435191,0.557505457118091,0.553867841274285,0.590711155523202,0.541609600723072,0.590253022558181,0.582033779012197,0.519456211073118,0.561707962721465,0.563646546889635,0.605158547109987,0.539136162304663,0.582033779012197,0.587799729743007,0.548462154081618,0.516334794136138,0.599927599655398,0.590299166421407,0.582033779012197,0.506238961230594,0.57827967904155,0.593833927241839,0.555359482973918,0.555408255113558,0.599317947909894,0.542870902445437,0.553837927695306,0.545630592680084,0.582033779012197,0.585197194180534,0.566146254524366,0.51769093057447,0.548645049605269,0.589081353190222,0.557997107381299,0.525216742677301,0.54618893884425,0.568372160786284
"37",0.557394365022244,0.56916592735893,0.582033779012197,0.59917298627263,0.608191767761117,0.589081353190222,0.575087677980257,0.606385979290935,0.615241718226168,0.582033779012197,0.604116720016004,0.582033779012197,0.603338939866907,0.471342481770136,0.547517640954034,0.578242883171755,0.557394365022244,0.505751239834191,0.574987424137663,0.584214842001278,0.581823787855412,0.604811723005878,0.596865928589478,0.607523995882542,0.582033779012197,0.583295080734562,0.576112028390869,0.582033779012197,0.540248045158113,0.50604656868753,0.5565867796767,0.582033779012197,0.580652625175793,0.582033779012197,0.547946090652957,0.583295080734562,0.582033779012197,0.590300656681229,0.600827310153596,0.540230636213825,0.595229135583149,0.605571755515273,0.542154426166304,0.575303223741834,0.598606823018305,0.59253333685143,0.630242849719486,0.438120647915494,0.579645298951479,0.582033779012197,0.587097817366683,0.567914109108162,0.599927599655398,0.582033779012197,0.557948335241659,0.582033779012197,0.573600263199394,0.539447436938101,0.553867841274285,0.461187038471698,0.578242883171755,0.543555243303673,0.600859689435191,0.557505457118091,0.553867841274285,0.590711155523202,0.541609600723072,0.590253022558181,0.582033779012197,0.519456211073118,0.609029022824943,0.563646546889635,0.605418665188069,0.539136162304663,0.582033779012197,0.587799729743007,0.548462154081618,0.55167905602976,0.599927599655398,0.590299166421407,0.582033779012197,0.506238961230594,0.578489670198335,0.594043918398623,0.555359482973918,0.582033779012197,0.599317947909894,0.542870902445437,0.553837927695306,0.595681713943378,0.582033779012197,0.585197194180534,0.566146254524366,0.51769093057447,0.548645049605269,0.589081353190222,0.557997107381299,0.525216742677301,0.54618893884425,0.591356031591779
"38",0.557394365022244,0.569507332336412,0.582033779012197,0.60611908730457,0.608191767761117,0.589081353190222,0.575087677980257,0.606385979290935,0.615241718226168,0.582033779012197,0.604116720016004,0.582033779012197,0.610285040898846,0.471342481770136,0.582861902847656,0.578242883171755,0.582033779012197,0.505751239834191,0.574987424137663,0.584214842001278,0.581823787855412,0.604811723005878,0.605158547109987,0.607733987039327,0.582033779012197,0.583295080734562,0.576664779306793,0.584701344094191,0.540248045158113,0.50604656868753,0.557848081399064,0.582033779012197,0.609957907191336,0.582033779012197,0.547946090652957,0.583295080734562,0.582033779012197,0.590300656681229,0.607286909092624,0.540230636213825,0.595229135583149,0.605571755515273,0.542154426166304,0.575303223741834,0.598606823018305,0.59253333685143,0.630242849719486,0.438120647915494,0.579645298951479,0.582033779012197,0.587097817366683,0.567914109108162,0.599927599655398,0.582033779012197,0.564894436273598,0.582033779012197,0.574860210140101,0.539447436938101,0.553867841274285,0.461187038471698,0.578242883171755,0.543555243303673,0.600859689435191,0.582033779012197,0.553867841274285,0.590711155523202,0.591660721986366,0.590253022558181,0.582033779012197,0.520717512795483,0.609029022824943,0.563646546889635,0.605418665188069,0.539346153461448,0.582033779012197,0.587799729743007,0.549632685432986,0.566385915399432,0.599927599655398,0.590299166421407,0.582033779012197,0.506238961230594,0.578489670198335,0.594043918398623,0.555359482973918,0.582033779012197,0.599927599655398,0.542870902445437,0.553837927695306,0.595681713943378,0.582033779012197,0.586551975837209,0.589081353190222,0.51769093057447,0.549796614013443,0.589081353190222,0.564943208413239,0.525216742677301,0.552648537783277,0.591356031591779
"39",0.582033779012197,0.576453433368352,0.582033779012197,0.60611908730457,0.608191767761117,0.589081353190222,0.575087677980257,0.606385979290935,0.615241718226168,0.582033779012197,0.604116720016004,0.582033779012197,0.610285040898846,0.471342481770136,0.582861902847656,0.578242883171755,0.582033779012197,0.505751239834191,0.574987424137663,0.584214842001278,0.582033779012197,0.604811723005878,0.605158547109987,0.607733987039327,0.582033779012197,0.583295080734562,0.577926081029158,0.591160943033218,0.540248045158113,0.50604656868753,0.557848081399064,0.582033779012197,0.609957907191336,0.610652598581429,0.547946090652957,0.583295080734562,0.582033779012197,0.590300656681229,0.607286909092624,0.540230636213825,0.595229135583149,0.61136344709756,0.542154426166304,0.575303223741834,0.598606823018305,0.59253333685143,0.630242849719486,0.438120647915494,0.584630895448043,0.582033779012197,0.587097817366683,0.567914109108162,0.599927599655398,0.582033779012197,0.564894436273598,0.582033779012197,0.574860210140101,0.539447436938101,0.553867841274285,0.461187038471698,0.578242883171755,0.543555243303673,0.600859689435191,0.582033779012197,0.553867841274285,0.590711155523202,0.591660721986366,0.590253022558181,0.582033779012197,0.520717512795483,0.609029022824943,0.563646546889635,0.605418665188069,0.539346153461448,0.582033779012197,0.587799729743007,0.55089398715535,0.566385915399432,0.606873700687338,0.591450730829581,0.582033779012197,0.506238961230594,0.578489670198335,0.594043918398623,0.582033779012197,0.582033779012197,0.599927599655398,0.542870902445437,0.553837927695306,0.595681713943378,0.582033779012197,0.586551975837209,0.589081353190222,0.51769093057447,0.550006605170228,0.589081353190222,0.564943208413239,0.525216742677301,0.552648537783277,0.591356031591779
"40",0.582033779012197,0.576453433368352,0.582033779012197,0.60611908730457,0.608191767761117,0.589081353190222,0.575087677980257,0.606385979290935,0.615241718226168,0.582033779012197,0.604116720016004,0.582033779012197,0.610285040898846,0.471342481770136,0.601023315899339,0.578242883171755,0.582033779012197,0.505751239834191,0.574987424137663,0.584214842001278,0.582033779012197,0.607479288087872,0.605158547109987,0.607733987039327,0.582033779012197,0.583295080734562,0.577926081029158,0.591160943033218,0.541399609566287,0.50604656868753,0.557848081399064,0.582033779012197,0.625187007794022,0.616603273791127,0.547946090652957,0.583295080734562,0.582033779012197,0.591883041656226,0.607286909092624,0.540230636213825,0.595229135583149,0.612468948929407,0.542154426166304,0.576088997102706,0.598606823018305,0.59253333685143,0.630242849719486,0.438120647915494,0.597245267453347,0.582033779012197,0.587097817366683,0.567914109108162,0.599927599655398,0.582033779012197,0.589081353190222,0.582033779012197,0.574860210140101,0.539447436938101,0.553867841274285,0.461187038471698,0.578242883171755,0.543555243303673,0.600859689435191,0.582033779012197,0.553867841274285,0.600595642490305,0.591660721986366,0.593966695844193,0.582033779012197,0.520717512795483,0.609029022824943,0.563646546889635,0.605418665188069,0.539346153461448,0.583295080734562,0.587799729743007,0.55089398715535,0.566385915399432,0.606873700687338,0.591660721986366,0.582033779012197,0.506238961230594,0.578489670198335,0.594043918398623,0.582033779012197,0.585122681189417,0.599927599655398,0.542870902445437,0.553837927695306,0.595681713943378,0.584701344094191,0.586551975837209,0.589081353190222,0.51769093057447,0.550006605170228,0.589081353190222,0.564943208413239,0.526343921015655,0.552648537783277,0.591356031591779
"41",0.582033779012197,0.576453433368352,0.582033779012197,0.60611908730457,0.608801419506621,0.589081353190222,0.575087677980257,0.606385979290935,0.622098105616803,0.582033779012197,0.604116720016004,0.582033779012197,0.610285040898846,0.471342481770136,0.632535549426641,0.578242883171755,0.582033779012197,0.505751239834191,0.574987424137663,0.584214842001278,0.582033779012197,0.6139388870269,0.606264048941834,0.607733987039327,0.582033779012197,0.583295080734562,0.577926081029158,0.591160943033218,0.541609600723072,0.50604656868753,0.557848081399064,0.582033779012197,0.625187007794022,0.616603273791127,0.547946090652957,0.583295080734562,0.582033779012197,0.591883041656226,0.607286909092624,0.540230636213825,0.623847955152381,0.612468948929407,0.542154426166304,0.576664779306793,0.627225642587538,0.592743328008215,0.630242849719486,0.438120647915494,0.597245267453347,0.582033779012197,0.587097817366683,0.567914109108162,0.599927599655398,0.583295080734562,0.589081353190222,0.610652598581429,0.574860210140101,0.539447436938101,0.553867841274285,0.461187038471698,0.581331785348974,0.543555243303673,0.607805790467131,0.584701344094191,0.553867841274285,0.600595642490305,0.591660721986366,0.593966695844193,0.582033779012197,0.520717512795483,0.609029022824943,0.563646546889635,0.606385979290935,0.539346153461448,0.583295080734562,0.587799729743007,0.55089398715535,0.566385915399432,0.608135002409703,0.591660721986366,0.582033779012197,0.506238961230594,0.578489670198335,0.594043918398623,0.582033779012197,0.613741500758649,0.599927599655398,0.542870902445437,0.553837927695306,0.595681713943378,0.591160943033218,0.586551975837209,0.589081353190222,0.51769093057447,0.550006605170228,0.589081353190222,0.564943208413239,0.526343921015655,0.552648537783277,0.591356031591779
"42",0.582033779012197,0.576453433368352,0.582033779012197,0.60611908730457,0.608801419506621,0.589081353190222,0.582033779012197,0.606385979290935,0.622098105616803,0.582033779012197,0.632576420479659,0.582033779012197,0.610285040898846,0.471342481770136,0.632535549426641,0.578242883171755,0.582033779012197,0.505751239834191,0.574987424137663,0.584214842001278,0.582033779012197,0.6139388870269,0.606264048941834,0.607733987039327,0.582033779012197,0.583295080734562,0.577926081029158,0.591160943033218,0.541609600723072,0.50604656868753,0.557848081399064,0.582033779012197,0.625187007794022,0.616603273791127,0.547946090652957,0.583295080734562,0.582033779012197,0.594549251956563,0.607286909092624,0.540230636213825,0.624674243258696,0.612468948929407,0.542154426166304,0.576664779306793,0.633176317797235,0.592743328008215,0.630242849719486,0.438120647915494,0.598506569175712,0.582033779012197,0.587097817366683,0.567914109108162,0.606873700687338,0.583295080734562,0.589081353190222,0.611478886687743,0.599020031423592,0.539447436938101,0.553867841274285,0.461187038471698,0.581331785348974,0.551151504052651,0.609067092189495,0.591160943033218,0.553867841274285,0.600595642490305,0.598606823018305,0.593966695844193,0.582033779012197,0.520717512795483,0.609029022824943,0.563646546889635,0.607923656471261,0.539346153461448,0.583295080734562,0.587799729743007,0.55089398715535,0.566385915399432,0.608135002409703,0.591660721986366,0.610652598581429,0.506238961230594,0.578489670198335,0.594043918398623,0.582033779012197,0.614567788864963,0.599927599655398,0.542870902445437,0.553837927695306,0.595681713943378,0.591160943033218,0.588746722121023,0.589081353190222,0.51769093057447,0.550006605170228,0.617700172759454,0.564943208413239,0.526343921015655,0.552648537783277,0.592617333314144
"43",0.582033779012197,0.599020031423592,0.583295080734562,0.60611908730457,0.615747520538561,0.589081353190222,0.582033779012197,0.607036274486139,0.623359407339167,0.582033779012197,0.638309653233461,0.582033779012197,0.610285040898846,0.471342481770136,0.639084358028197,0.581331785348974,0.582033779012197,0.505751239834191,0.574987424137663,0.591160943033218,0.61005446518957,0.6139388870269,0.606264048941834,0.607733987039327,0.582033779012197,0.583295080734562,0.577926081029158,0.591160943033218,0.541609600723072,0.50604656868753,0.557848081399064,0.583295080734562,0.625187007794022,0.616603273791127,0.547946090652957,0.583295080734562,0.610652598581429,0.594549251956563,0.607286909092624,0.540230636213825,0.629798630362079,0.612468948929407,0.542154426166304,0.576664779306793,0.633176317797235,0.592743328008215,0.630242849719486,0.438120647915494,0.598506569175712,0.582033779012197,0.587097817366683,0.574860210140101,0.606873700687338,0.583295080734562,0.590342654912586,0.616603273791127,0.599020031423592,0.539447436938101,0.553867841274285,0.461187038471698,0.581331785348974,0.551151504052651,0.609067092189495,0.591160943033218,0.553867841274285,0.600595642490305,0.598606823018305,0.593966695844193,0.582033779012197,0.520717512795483,0.609029022824943,0.563646546889635,0.607923656471261,0.546292254493388,0.583295080734562,0.587799729743007,0.55089398715535,0.566385915399432,0.608135002409703,0.598606823018305,0.616603273791127,0.506238961230594,0.578489670198335,0.594043918398623,0.582033779012197,0.619692175968346,0.599927599655398,0.542870902445437,0.553837927695306,0.595681713943378,0.591160943033218,0.588746722121023,0.589081353190222,0.51769093057447,0.550006605170228,0.618526460865768,0.564943208413239,0.526343921015655,0.552648537783277,0.592617333314144
"44",0.582033779012197,0.599020031423592,0.583295080734562,0.60611908730457,0.615747520538561,0.589081353190222,0.582033779012197,0.607036274486139,0.623359407339167,0.582033779012197,0.638309653233461,0.582033779012197,0.61089469264435,0.471342481770136,0.640793889261673,0.581331785348974,0.582033779012197,0.505751239834191,0.574987424137663,0.591160943033218,0.61005446518957,0.6139388870269,0.606264048941834,0.607733987039327,0.61005446518957,0.583295080734562,0.577926081029158,0.591160943033218,0.542870902445437,0.50604656868753,0.557848081399064,0.583295080734562,0.625187007794022,0.622098105616803,0.547946090652957,0.583295080734562,0.611478886687743,0.594549251956563,0.607286909092624,0.540230636213825,0.629798630362079,0.612468948929407,0.542154426166304,0.576664779306793,0.633176317797235,0.592743328008215,0.630242849719486,0.438120647915494,0.598506569175712,0.582033779012197,0.587097817366683,0.574860210140101,0.606873700687338,0.583295080734562,0.590342654912586,0.616603273791127,0.599020031423592,0.539447436938101,0.553867841274285,0.461187038471698,0.583999350430968,0.560025323903874,0.609067092189495,0.591160943033218,0.553867841274285,0.600595642490305,0.598606823018305,0.593966695844193,0.582033779012197,0.520717512795483,0.615975123856883,0.563646546889635,0.607923656471261,0.546292254493388,0.583295080734562,0.587799729743007,0.55089398715535,0.566385915399432,0.608135002409703,0.598606823018305,0.616603273791127,0.506238961230594,0.578489670198335,0.600503517337651,0.582033779012197,0.619692175968346,0.634517825303238,0.542870902445437,0.553837927695306,0.595681713943378,0.619620643496874,0.593732318617588,0.589081353190222,0.51769093057447,0.575087677980257,0.623650847969151,0.564943208413239,0.561688182909277,0.599969597886755,0.592617333314144
"45",0.610652598581429,0.599020031423592,0.583295080734562,0.60611908730457,0.615747520538561,0.589081353190222,0.582033779012197,0.607036274486139,0.623359407339167,0.582033779012197,0.638309653233461,0.582033779012197,0.61089469264435,0.471342481770136,0.647253488200701,0.581331785348974,0.582033779012197,0.505751239834191,0.574987424137663,0.591160943033218,0.616603273791127,0.6139388870269,0.606873700687338,0.636193687502982,0.61005446518957,0.583295080734562,0.577926081029158,0.591160943033218,0.542870902445437,0.50604656868753,0.557848081399064,0.583295080734562,0.626896539027498,0.622098105616803,0.547946090652957,0.583295080734562,0.616603273791127,0.594549251956563,0.607286909092624,0.540230636213825,0.629798630362079,0.612468948929407,0.542154426166304,0.576664779306793,0.633176317797235,0.592743328008215,0.630242849719486,0.438120647915494,0.598506569175712,0.610652598581429,0.594043918398623,0.599020031423592,0.607523995882542,0.583295080734562,0.590342654912586,0.616603273791127,0.599020031423592,0.539447436938101,0.553867841274285,0.461187038471698,0.593640193464934,0.560025323903874,0.609067092189495,0.591160943033218,0.553867841274285,0.600595642490305,0.598606823018305,0.593966695844193,0.582033779012197,0.520717512795483,0.615975123856883,0.563646546889635,0.607923656471261,0.546292254493388,0.583295080734562,0.587799729743007,0.55089398715535,0.573332016431372,0.608135002409703,0.598606823018305,0.616603273791127,0.506238961230594,0.607108489767566,0.600503517337651,0.582033779012197,0.619692175968346,0.634517825303238,0.542870902445437,0.553837927695306,0.595681713943378,0.620401614156773,0.606346690622891,0.589081353190222,0.51769093057447,0.575087677980257,0.623650847969151,0.564943208413239,0.576395042278949,0.599969597886755,0.592617333314144
"46",0.616603273791127,0.599020031423592,0.583295080734562,0.607270651712744,0.615747520538561,0.589081353190222,0.582033779012197,0.607036274486139,0.623359407339167,0.582033779012197,0.638309653233461,0.582033779012197,0.611544987839554,0.471342481770136,0.647253488200701,0.585122681189417,0.582033779012197,0.505751239834191,0.574987424137663,0.591160943033218,0.616603273791127,0.6139388870269,0.607523995882542,0.636974658162881,0.616603273791127,0.583295080734562,0.577926081029158,0.591160943033218,0.542870902445437,0.50604656868753,0.557848081399064,0.583295080734562,0.626896539027498,0.622098105616803,0.547946090652957,0.583295080734562,0.616603273791127,0.595199547151767,0.607286909092624,0.540230636213825,0.635293462187755,0.612468948929407,0.542154426166304,0.576664779306793,0.633176317797235,0.592743328008215,0.630242849719486,0.438120647915494,0.598506569175712,0.616603273791127,0.594043918398623,0.599020031423592,0.607733987039327,0.583295080734562,0.590342654912586,0.622098105616803,0.599020031423592,0.539447436938101,0.553867841274285,0.461187038471698,0.62209989392859,0.560025323903874,0.609067092189495,0.591160943033218,0.553867841274285,0.600595642490305,0.598606823018305,0.593966695844193,0.582033779012197,0.520717512795483,0.615975123856883,0.563646546889635,0.607923656471261,0.546292254493388,0.583295080734562,0.587799729743007,0.55089398715535,0.573332016431372,0.608135002409703,0.598606823018305,0.616603273791127,0.506238961230594,0.613059164977264,0.600503517337651,0.584701344094191,0.625187007794022,0.634517825303238,0.542870902445437,0.553837927695306,0.595681713943378,0.625353876250675,0.606346690622891,0.589081353190222,0.51769093057447,0.575087677980257,0.629145679794827,0.565864459939778,0.576395042278949,0.599969597886755,0.592617333314144
"47",0.616603273791127,0.627638850992823,0.583295080734562,0.607270651712744,0.615747520538561,0.589081353190222,0.584411420819662,0.607036274486139,0.623359407339167,0.582033779012197,0.643223012772092,0.582033779012197,0.611544987839554,0.471342481770136,0.647253488200701,0.613741500758649,0.582033779012197,0.505751239834191,0.574987424137663,0.591160943033218,0.622098105616803,0.6139388870269,0.607523995882542,0.641926920256783,0.616603273791127,0.583295080734562,0.577926081029158,0.619620643496874,0.542870902445437,0.50604656868753,0.557848081399064,0.583295080734562,0.633356137966526,0.622098105616803,0.547946090652957,0.583295080734562,0.616603273791127,0.595199547151767,0.607286909092624,0.540230636213825,0.636309548430261,0.613119244124611,0.542154426166304,0.577006184284275,0.638671149622911,0.592743328008215,0.630267235789306,0.438120647915494,0.598506569175712,0.616603273791127,0.594043918398623,0.599020031423592,0.607733987039327,0.583295080734562,0.590342654912586,0.622098105616803,0.599020031423592,0.539447436938101,0.553867841274285,0.461187038471698,0.622880864588488,0.560025323903874,0.609067092189495,0.596074302571849,0.553867841274285,0.600595642490305,0.598606823018305,0.593966695844193,0.583295080734562,0.520717512795483,0.615975123856883,0.563646546889635,0.607923656471261,0.546978857836991,0.583295080734562,0.589061031465372,0.55089398715535,0.573332016431372,0.608135002409703,0.598606823018305,0.622098105616803,0.506238961230594,0.613059164977264,0.603171082419645,0.591160943033218,0.625187007794022,0.640291471193858,0.542870902445437,0.553837927695306,0.595681713943378,0.625353876250675,0.606346690622891,0.589081353190222,0.51769093057447,0.575087677980257,0.629145679794827,0.565864459939778,0.576395042278949,0.599969597886755,0.592617333314144
"48",0.616603273791127,0.633589526202521,0.583295080734562,0.607480642869529,0.615747520538561,0.589081353190222,0.584411420819662,0.607036274486139,0.623359407339167,0.61005446518957,0.643223012772092,0.582033779012197,0.611544987839554,0.471342481770136,0.647253488200701,0.619692175968346,0.582033779012197,0.505751239834191,0.574987424137663,0.591160943033218,0.622098105616803,0.6139388870269,0.607523995882542,0.641926920256783,0.616603273791127,0.583295080734562,0.577926081029158,0.625353876250675,0.542870902445437,0.50604656868753,0.557848081399064,0.583295080734562,0.633356137966526,0.622098105616803,0.547946090652957,0.583295080734562,0.622098105616803,0.595199547151767,0.608548210814989,0.540230636213825,0.638019079663737,0.613119244124611,0.542154426166304,0.599020031423592,0.638671149622911,0.592743328008215,0.630267235789306,0.438120647915494,0.598506569175712,0.616603273791127,0.622662737967855,0.599020031423592,0.607733987039327,0.583295080734562,0.590342654912586,0.623807636850278,0.599020031423592,0.539447436938101,0.553867841274285,0.461187038471698,0.627833126682391,0.560025323903874,0.609067092189495,0.596074302571849,0.553867841274285,0.600595642490305,0.598606823018305,0.593966695844193,0.583295080734562,0.520717512795483,0.615975123856883,0.563646546889635,0.607923656471261,0.549380885714276,0.583295080734562,0.589061031465372,0.55089398715535,0.573332016431372,0.608135002409703,0.598606823018305,0.622098105616803,0.506238961230594,0.613059164977264,0.603171082419645,0.591160943033218,0.625187007794022,0.646840279795414,0.542870902445437,0.553837927695306,0.595681713943378,0.625353876250675,0.606346690622891,0.589081353190222,0.51769093057447,0.575087677980257,0.630855211028303,0.589081353190222,0.576395042278949,0.599969597886755,0.592617333314144
"49",0.622098105616803,0.633589526202521,0.583295080734562,0.607480642869529,0.616397815733765,0.589081353190222,0.612340724264729,0.607036274486139,0.623359407339167,0.616603273791127,0.643223012772092,0.582033779012197,0.611544987839554,0.471342481770136,0.647253488200701,0.619692175968346,0.582033779012197,0.505751239834191,0.574987424137663,0.591160943033218,0.623807636850278,0.6139388870269,0.607523995882542,0.641926920256783,0.622098105616803,0.583295080734562,0.577926081029158,0.625353876250675,0.542870902445437,0.50604656868753,0.557848081399064,0.583295080734562,0.633356137966526,0.622098105616803,0.547946090652957,0.583295080734562,0.622098105616803,0.595199547151767,0.608548210814989,0.540230636213825,0.647659922697703,0.613119244124611,0.542154426166304,0.599020031423592,0.638671149622911,0.592743328008215,0.630267235789306,0.438120647915494,0.598506569175712,0.616603273791127,0.628613413177553,0.599020031423592,0.607733987039327,0.583295080734562,0.590342654912586,0.630267235789306,0.599020031423592,0.539447436938101,0.553867841274285,0.461187038471698,0.627833126682391,0.56099263800674,0.609067092189495,0.596074302571849,0.553867841274285,0.600595642490305,0.598606823018305,0.593966695844193,0.583295080734562,0.520717512795483,0.616625419052087,0.563646546889635,0.607923656471261,0.549380885714276,0.583295080734562,0.589061031465372,0.55089398715535,0.573332016431372,0.608135002409703,0.598606823018305,0.622098105616803,0.506238961230594,0.613059164977264,0.603171082419645,0.591160943033218,0.625187007794022,0.646840279795414,0.542870902445437,0.553837927695306,0.595681713943378,0.630267235789306,0.607498255031065,0.589081353190222,0.51769093057447,0.575087677980257,0.637314809967331,0.589081353190222,0.580122602076942,0.634559823534595,0.592617333314144
"50",0.622098105616803,0.633589526202521,0.583295080734562,0.607480642869529,0.616397815733765,0.617102039367595,0.612970636769909,0.634680399102039,0.623359407339167,0.616603273791127,0.643223012772092,0.610652598581429,0.611754978996339,0.471342481770136,0.647253488200701,0.619692175968346,0.582033779012197,0.505751239834191,0.574987424137663,0.591160943033218,0.630267235789306,0.6139388870269,0.607523995882542,0.646840279795414,0.622098105616803,0.583295080734562,0.577926081029158,0.625353876250675,0.542870902445437,0.50604656868753,0.557848081399064,0.583295080734562,0.633356137966526,0.622098105616803,0.547946090652957,0.583295080734562,0.622098105616803,0.595409538308552,0.608548210814989,0.540230636213825,0.647659922697703,0.613329235281396,0.542154426166304,0.599020031423592,0.640380680856387,0.592743328008215,0.630267235789306,0.438120647915494,0.598506569175712,0.622098105616803,0.628613413177553,0.599020031423592,0.607733987039327,0.583295080734562,0.590342654912586,0.633356137966526,0.599020031423592,0.539447436938101,0.553867841274285,0.461187038471698,0.627833126682391,0.608313698110218,0.609067092189495,0.59959742581785,0.553867841274285,0.600595642490305,0.59986812474067,0.593966695844193,0.583295080734562,0.520717512795483,0.616835410208871,0.563646546889635,0.607923656471261,0.549380885714276,0.583295080734562,0.589061031465372,0.55089398715535,0.573332016431372,0.608135002409703,0.598606823018305,0.625187007794022,0.506238961230594,0.61855399680294,0.603171082419645,0.591160943033218,0.625187007794022,0.646840279795414,0.542870902445437,0.553837927695306,0.602627814975318,0.630267235789306,0.607498255031065,0.589081353190222,0.51769093057447,0.575087677980257,0.637314809967331,0.589081353190222,0.611361829488262,0.634559823534595,0.592617333314144
"51",0.622098105616803,0.633589526202521,0.583295080734562,0.636099462438761,0.61660780689055,0.617102039367595,0.617349148832209,0.641229207703596,0.623359407339167,0.616603273791127,0.643223012772092,0.616603273791127,0.611754978996339,0.471342481770136,0.647253488200701,0.619692175968346,0.582033779012197,0.505751239834191,0.574987424137663,0.619620643496874,0.630267235789306,0.6139388870269,0.607733987039327,0.646840279795414,0.623807636850278,0.583295080734562,0.577926081029158,0.625353876250675,0.542870902445437,0.50604656868753,0.557848081399064,0.583295080734562,0.633949532332149,0.622098105616803,0.547946090652957,0.583295080734562,0.623807636850278,0.598932661554552,0.608548210814989,0.540230636213825,0.647659922697703,0.613329235281396,0.542154426166304,0.599020031423592,0.646840279795414,0.592743328008215,0.630267235789306,0.438120647915494,0.598506569175712,0.622098105616803,0.628613413177553,0.599020031423592,0.608995288761692,0.583295080734562,0.590342654912586,0.633356137966526,0.599020031423592,0.539447436938101,0.553867841274285,0.461187038471698,0.632746486221022,0.608313698110218,0.609067092189495,0.62371842718775,0.553867841274285,0.600595642490305,0.59986812474067,0.593966695844193,0.583295080734562,0.520717512795483,0.616835410208871,0.563646546889635,0.607923656471261,0.578242883171755,0.583295080734562,0.589061031465372,0.55089398715535,0.601950836000604,0.608135002409703,0.598606823018305,0.626448309516387,0.506238961230594,0.620263528036416,0.603171082419645,0.592422244755583,0.625187007794022,0.646840279795414,0.542870902445437,0.553837927695306,0.602627814975318,0.630267235789306,0.60770824618785,0.589081353190222,0.51769093057447,0.582033779012197,0.637314809967331,0.589081353190222,0.617910638089818,0.641108632136152,0.592617333314144
"52",0.622098105616803,0.639084358028197,0.583295080734562,0.642050137648458,0.61660780689055,0.623650847969151,0.617349148832209,0.641229207703596,0.623359407339167,0.617864575513491,0.643223012772092,0.616603273791127,0.611754978996339,0.471342481770136,0.647253488200701,0.625187007794022,0.610652598581429,0.505751239834191,0.574987424137663,0.620401614156773,0.630267235789306,0.6139388870269,0.607733987039327,0.648101581517779,0.630267235789306,0.583295080734562,0.577926081029158,0.630267235789306,0.542870902445437,0.50604656868753,0.557848081399064,0.583295080734562,0.633949532332149,0.623807636850278,0.547946090652957,0.583295080734562,0.630267235789306,0.623053662924452,0.608548210814989,0.540230636213825,0.648269574443207,0.613329235281396,0.542154426166304,0.599020031423592,0.646840279795414,0.592743328008215,0.630267235789306,0.438120647915494,0.598506569175712,0.623359407339167,0.628613413177553,0.600036117666098,0.608995288761692,0.583295080734562,0.590342654912586,0.633356137966526,0.599020031423592,0.539447436938101,0.553867841274285,0.461187038471698,0.632746486221022,0.608313698110218,0.609067092189495,0.630267235789306,0.553867841274285,0.600595642490305,0.59986812474067,0.593966695844193,0.583295080734562,0.520717512795483,0.616835410208871,0.563646546889635,0.607923656471261,0.578242883171755,0.583295080734562,0.589061031465372,0.55089398715535,0.607901511210301,0.608135002409703,0.598606823018305,0.626448309516387,0.506238961230594,0.620263528036416,0.603171082419645,0.592422244755583,0.626448309516387,0.646840279795414,0.542870902445437,0.553837927695306,0.602627814975318,0.630267235789306,0.60770824618785,0.617700172759454,0.51769093057447,0.582033779012197,0.637314809967331,0.589081353190222,0.617910638089818,0.641108632136152,0.592617333314144
"53",0.625187007794022,0.640100444270704,0.583295080734562,0.642050137648458,0.61660780689055,0.623650847969151,0.617349148832209,0.641229207703596,0.623359407339167,0.617864575513491,0.643223012772092,0.616603273791127,0.611754978996339,0.471342481770136,0.647253488200701,0.625187007794022,0.616603273791127,0.505751239834191,0.574987424137663,0.625353876250675,0.630267235789306,0.6139388870269,0.607733987039327,0.648101581517779,0.630267235789306,0.583295080734562,0.577926081029158,0.630267235789306,0.542870902445437,0.50604656868753,0.557848081399064,0.583295080734562,0.633949532332149,0.630267235789306,0.547946090652957,0.583295080734562,0.631528537511671,0.623053662924452,0.608548210814989,0.540230636213825,0.648269574443207,0.613329235281396,0.542154426166304,0.599020031423592,0.646840279795414,0.620387452624115,0.630267235789306,0.438120647915494,0.598506569175712,0.623359407339167,0.634108245003229,0.600036117666098,0.608995288761692,0.583295080734562,0.590342654912586,0.633356137966526,0.599020031423592,0.539447436938101,0.553867841274285,0.461187038471698,0.632746486221022,0.608313698110218,0.609067092189495,0.630267235789306,0.553867841274285,0.600855760568387,0.59986812474067,0.593966695844193,0.583295080734562,0.520717512795483,0.616835410208871,0.563646546889635,0.607923656471261,0.578242883171755,0.583295080734562,0.589061031465372,0.55089398715535,0.607901511210301,0.608135002409703,0.598606823018305,0.626448309516387,0.506238961230594,0.623352430213635,0.6316307828833,0.592422244755583,0.626448309516387,0.646840279795414,0.542870902445437,0.553837927695306,0.602627814975318,0.630267235789306,0.60770824618785,0.623650847969151,0.51769093057447,0.582033779012197,0.637314809967331,0.589081353190222,0.623405469915494,0.646882278026771,0.592617333314144
"54",0.625187007794022,0.640100444270704,0.583295080734562,0.642050137648458,0.61660780689055,0.629145679794827,0.620402826686355,0.646352558399012,0.623359407339167,0.617864575513491,0.643223012772092,0.616603273791127,0.611754978996339,0.471342481770136,0.647253488200701,0.625187007794022,0.616603273791127,0.505751239834191,0.574987424137663,0.625353876250675,0.630267235789306,0.618852246565531,0.635378111655227,0.648101581517779,0.630267235789306,0.583295080734562,0.577926081029158,0.631528537511671,0.542870902445437,0.50604656868753,0.557848081399064,0.583295080734562,0.633949532332149,0.630267235789306,0.547946090652957,0.583295080734562,0.631528537511671,0.627967022463083,0.608548210814989,0.540230636213825,0.648269574443207,0.613329235281396,0.542154426166304,0.599020031423592,0.646840279795414,0.620387452624115,0.630267235789306,0.438120647915494,0.598506569175712,0.623359407339167,0.634108245003229,0.628056803843471,0.608995288761692,0.583295080734562,0.590342654912586,0.633356137966526,0.599020031423592,0.539447436938101,0.553867841274285,0.461187038471698,0.632746486221022,0.615259799142158,0.609067092189495,0.630267235789306,0.553867841274285,0.601121297773095,0.59986812474067,0.593966695844193,0.583295080734562,0.520717512795483,0.616835410208871,0.563646546889635,0.607923656471261,0.578242883171755,0.583295080734562,0.589061031465372,0.55089398715535,0.607901511210301,0.608135002409703,0.598606823018305,0.626448309516387,0.506238961230594,0.632746486221022,0.632411753543199,0.592422244755583,0.626448309516387,0.646840279795414,0.542870902445437,0.553837927695306,0.602627814975318,0.630267235789306,0.60770824618785,0.623650847969151,0.51769093057447,0.582033779012197,0.637314809967331,0.617700172759454,0.623405469915494,0.646882278026771,0.592617333314144
"55",0.625187007794022,0.640100444270704,0.583295080734562,0.642050137648458,0.61660780689055,0.629145679794827,0.620402826686355,0.646352558399012,0.623359407339167,0.617864575513491,0.643223012772092,0.622098105616803,0.611754978996339,0.471342481770136,0.647253488200701,0.625187007794022,0.616603273791127,0.505751239834191,0.574987424137663,0.625353876250675,0.630267235789306,0.622375369811531,0.635378111655227,0.648101581517779,0.630267235789306,0.583295080734562,0.577926081029158,0.631528537511671,0.542870902445437,0.50604656868753,0.557848081399064,0.583295080734562,0.633949532332149,0.630267235789306,0.547946090652957,0.583295080734562,0.631528537511671,0.627967022463083,0.608548210814989,0.540230636213825,0.648269574443207,0.614988842810823,0.542154426166304,0.599020031423592,0.648101581517779,0.625300812162746,0.630267235789306,0.438120647915494,0.598506569175712,0.623359407339167,0.634108245003229,0.628056803843471,0.608995288761692,0.583295080734562,0.590342654912586,0.633356137966526,0.599020031423592,0.539447436938101,0.553867841274285,0.461187038471698,0.632746486221022,0.615259799142158,0.609067092189495,0.630267235789306,0.553867841274285,0.602088611875961,0.59986812474067,0.593966695844193,0.583295080734562,0.520717512795483,0.616835410208871,0.563646546889635,0.607923656471261,0.581331785348974,0.583295080734562,0.589061031465372,0.55089398715535,0.607901511210301,0.608135002409703,0.598606823018305,0.626448309516387,0.506238961230594,0.633356137966526,0.637364015637101,0.592422244755583,0.626448309516387,0.646840279795414,0.542870902445437,0.553837927695306,0.602627814975318,0.630267235789306,0.60770824618785,0.623650847969151,0.51769093057447,0.582033779012197,0.637314809967331,0.623650847969151,0.623958220831418,0.646882278026771,0.592617333314144
"56",0.625187007794022,0.640100444270704,0.583295080734562,0.647544969474134,0.61660780689055,0.629145679794827,0.625897658512031,0.646352558399012,0.623359407339167,0.617864575513491,0.643223012772092,0.622098105616803,0.639399103612239,0.471342481770136,0.647253488200701,0.625187007794022,0.622098105616803,0.505751239834191,0.574987424137663,0.630267235789306,0.630267235789306,0.646496371181431,0.635378111655227,0.648101581517779,0.630267235789306,0.583295080734562,0.577926081029158,0.631528537511671,0.542870902445437,0.50604656868753,0.557848081399064,0.583295080734562,0.633949532332149,0.630267235789306,0.547946090652957,0.583295080734562,0.631528537511671,0.63451583106464,0.608548210814989,0.540230636213825,0.648269574443207,0.614988842810823,0.542154426166304,0.599020031423592,0.648101581517779,0.625300812162746,0.630267235789306,0.438120647915494,0.598506569175712,0.623359407339167,0.634108245003229,0.634605612445028,0.608995288761692,0.583295080734562,0.590342654912586,0.633356137966526,0.599020031423592,0.539447436938101,0.553867841274285,0.461187038471698,0.632746486221022,0.615259799142158,0.609067092189495,0.630267235789306,0.553867841274285,0.602088611875961,0.59986812474067,0.593966695844193,0.583295080734562,0.520717512795483,0.616835410208871,0.563646546889635,0.607923656471261,0.609950604918206,0.583295080734562,0.589061031465372,0.55089398715535,0.613396343035977,0.608135002409703,0.598606823018305,0.626448309516387,0.506238961230594,0.633356137966526,0.637364015637101,0.592422244755583,0.626448309516387,0.646840279795414,0.542870902445437,0.553837927695306,0.602627814975318,0.631528537511671,0.60770824618785,0.623650847969151,0.51769093057447,0.582033779012197,0.637314809967331,0.623650847969151,0.623958220831418,0.646882278026771,0.592617333314144
"57",0.626448309516387,0.640100444270704,0.583295080734562,0.647544969474134,0.61660780689055,0.629145679794827,0.625897658512031,0.646352558399012,0.623359407339167,0.617864575513491,0.643223012772092,0.625187007794022,0.639399103612239,0.471342481770136,0.647253488200701,0.626896539027498,0.622098105616803,0.505751239834191,0.574987424137663,0.630267235789306,0.633356137966526,0.653045179782987,0.641926920256783,0.648101581517779,0.630267235789306,0.583295080734562,0.577926081029158,0.631528537511671,0.542870902445437,0.50604656868753,0.557848081399064,0.583295080734562,0.633949532332149,0.630267235789306,0.547946090652957,0.583295080734562,0.631528537511671,0.63451583106464,0.608548210814989,0.540230636213825,0.648269574443207,0.614988842810823,0.542154426166304,0.599020031423592,0.648101581517779,0.625300812162746,0.630267235789306,0.438120647915494,0.598506569175712,0.623359407339167,0.634108245003229,0.634605612445028,0.608995288761692,0.583295080734562,0.590342654912586,0.633356137966526,0.627638850992823,0.539447436938101,0.553867841274285,0.461187038471698,0.633356137966526,0.615747520538561,0.609067092189495,0.630267235789306,0.553867841274285,0.602088611875961,0.59986812474067,0.593966695844193,0.583295080734562,0.520717512795483,0.644479534824771,0.563646546889635,0.607923656471261,0.615901280127904,0.583295080734562,0.589061031465372,0.55089398715535,0.615200912202669,0.608135002409703,0.598606823018305,0.626448309516387,0.506238961230594,0.633356137966526,0.637364015637101,0.592422244755583,0.626448309516387,0.646840279795414,0.542870902445437,0.553837927695306,0.603889116697682,0.631528537511671,0.60770824618785,0.629145679794827,0.51769093057447,0.58576133881019,0.638576111689695,0.623650847969151,0.623958220831418,0.646882278026771,0.592617333314144
"58",0.626448309516387,0.640100444270704,0.583295080734562,0.647544969474134,0.61660780689055,0.630855211028303,0.625897658512031,0.646840279795414,0.623359407339167,0.617864575513491,0.645424532964189,0.625187007794022,0.645947912213796,0.471342481770136,0.647253488200701,0.62885961764802,0.625187007794022,0.505751239834191,0.574987424137663,0.630267235789306,0.633356137966526,0.653045179782987,0.641926920256783,0.648101581517779,0.630267235789306,0.583295080734562,0.577926081029158,0.631528537511671,0.542870902445437,0.50604656868753,0.557848081399064,0.583295080734562,0.633949532332149,0.630267235789306,0.547946090652957,0.583295080734562,0.631528537511671,0.63451583106464,0.608548210814989,0.540230636213825,0.648269574443207,0.614988842810823,0.542154426166304,0.627638850992823,0.648101581517779,0.631849620764303,0.630267235789306,0.438120647915494,0.598506569175712,0.623359407339167,0.635817776236705,0.634605612445028,0.608995288761692,0.583295080734562,0.590342654912586,0.633356137966526,0.633589526202521,0.539447436938101,0.553867841274285,0.461187038471698,0.633356137966526,0.615747520538561,0.609067092189495,0.631528537511671,0.553867841274285,0.602088611875961,0.59986812474067,0.593966695844193,0.583295080734562,0.520717512795483,0.651028343426328,0.563646546889635,0.607923656471261,0.615901280127904,0.583295080734562,0.589061031465372,0.55089398715535,0.623164318780606,0.608135002409703,0.627225642587538,0.626448309516387,0.506238961230594,0.633356137966526,0.642277375175732,0.592422244755583,0.626448309516387,0.646840279795414,0.542870902445437,0.553837927695306,0.603889116697682,0.631528537511671,0.60770824618785,0.630855211028303,0.51769093057447,0.591256170635866,0.638576111689695,0.623650847969151,0.623958220831418,0.646882278026771,0.592617333314144
"59",0.626448309516387,0.640100444270704,0.583295080734562,0.64925450070761,0.620130930136551,0.637314809967331,0.625897658512031,0.646840279795414,0.623359407339167,0.617864575513491,0.645424532964189,0.625187007794022,0.645947912213796,0.471342481770136,0.647253488200701,0.635319216587048,0.625187007794022,0.505751239834191,0.574987424137663,0.630267235789306,0.633356137966526,0.653045179782987,0.646840279795414,0.648101581517779,0.633356137966526,0.583295080734562,0.577926081029158,0.631528537511671,0.542870902445437,0.50604656868753,0.557848081399064,0.583295080734562,0.635210834054514,0.633356137966526,0.547946090652957,0.583295080734562,0.631528537511671,0.63451583106464,0.608548210814989,0.540230636213825,0.649530876165572,0.614988842810823,0.542154426166304,0.633589526202521,0.648101581517779,0.631849620764303,0.631528537511671,0.438120647915494,0.598506569175712,0.623359407339167,0.642277375175732,0.640100444270704,0.608995288761692,0.583295080734562,0.590342654912586,0.63461743968889,0.633589526202521,0.539447436938101,0.553867841274285,0.461187038471698,0.633356137966526,0.615747520538561,0.609067092189495,0.631528537511671,0.553867841274285,0.602576333272364,0.59986812474067,0.593966695844193,0.583295080734562,0.520717512795483,0.651028343426328,0.563646546889635,0.607923656471261,0.615901280127904,0.583295080734562,0.589061031465372,0.55089398715535,0.624269820612453,0.608135002409703,0.633176317797235,0.626448309516387,0.506238961230594,0.633356137966526,0.642277375175732,0.592422244755583,0.626448309516387,0.646840279795414,0.542870902445437,0.553837927695306,0.603889116697682,0.631528537511671,0.60770824618785,0.637314809967331,0.51769093057447,0.61697371851342,0.638576111689695,0.629145679794827,0.623958220831418,0.646882278026771,0.592617333314144
"60",0.626448309516387,0.640100444270704,0.583295080734562,0.64925450070761,0.645848478014104,0.638330896209837,0.625897658512031,0.646840279795414,0.623359407339167,0.617864575513491,0.645424532964189,0.626896539027498,0.645947912213796,0.471342481770136,0.648269574443207,0.635319216587048,0.626896539027498,0.505751239834191,0.574987424137663,0.630267235789306,0.633356137966526,0.654306481505352,0.646840279795414,0.648101581517779,0.633356137966526,0.583295080734562,0.577926081029158,0.631528537511671,0.542870902445437,0.50604656868753,0.557848081399064,0.583295080734562,0.635210834054514,0.633356137966526,0.547946090652957,0.583295080734562,0.631528537511671,0.63451583106464,0.608548210814989,0.540230636213825,0.649530876165572,0.614988842810823,0.542154426166304,0.633589526202521,0.648101581517779,0.631849620764303,0.631528537511671,0.438120647915494,0.598506569175712,0.623359407339167,0.642277375175732,0.640100444270704,0.608995288761692,0.583295080734562,0.590342654912586,0.63461743968889,0.633589526202521,0.539447436938101,0.553867841274285,0.461187038471698,0.63461743968889,0.615747520538561,0.609067092189495,0.631528537511671,0.553867841274285,0.603837634994729,0.59986812474067,0.593966695844193,0.583295080734562,0.520717512795483,0.651028343426328,0.563646546889635,0.607923656471261,0.615901280127904,0.583295080734562,0.589061031465372,0.55089398715535,0.640328047589025,0.608135002409703,0.633176317797235,0.626448309516387,0.506238961230594,0.63461743968889,0.642277375175732,0.592422244755583,0.626448309516387,0.646840279795414,0.542870902445437,0.553837927695306,0.603889116697682,0.631528537511671,0.60770824618785,0.637314809967331,0.51769093057447,0.622098105616803,0.638576111689695,0.629145679794827,0.639084358028197,0.646882278026771,0.592617333314144
"61",0.626448309516387,0.640100444270704,0.583295080734562,0.655714099646638,0.650800740108006,0.638330896209837,0.625897658512031,0.648101581517779,0.623359407339167,0.617864575513491,0.645424532964189,0.626896539027498,0.650861271752427,0.471342481770136,0.648269574443207,0.635319216587048,0.628157840749863,0.505751239834191,0.574987424137663,0.630267235789306,0.633356137966526,0.654306481505352,0.646840279795414,0.648101581517779,0.633356137966526,0.583295080734562,0.577926081029158,0.631528537511671,0.542870902445437,0.50604656868753,0.557848081399064,0.583295080734562,0.635210834054514,0.633356137966526,0.547946090652957,0.583295080734562,0.631528537511671,0.635777132787004,0.608548210814989,0.540230636213825,0.649530876165572,0.614988842810823,0.542154426166304,0.633589526202521,0.648101581517779,0.631849620764303,0.631528537511671,0.438120647915494,0.598506569175712,0.623359407339167,0.642277375175732,0.641809975504179,0.608995288761692,0.583295080734562,0.590342654912586,0.63461743968889,0.633589526202521,0.539447436938101,0.553867841274285,0.461187038471698,0.63461743968889,0.616397815733765,0.609067092189495,0.631528537511671,0.553867841274285,0.603837634994729,0.59986812474067,0.593966695844193,0.583295080734562,0.520717512795483,0.651028343426328,0.563646546889635,0.607923656471261,0.62139611195358,0.583295080734562,0.589061031465372,0.55089398715535,0.640328047589025,0.608135002409703,0.633176317797235,0.626448309516387,0.506238961230594,0.63461743968889,0.642277375175732,0.592422244755583,0.626448309516387,0.646840279795414,0.542870902445437,0.553837927695306,0.603889116697682,0.631528537511671,0.60770824618785,0.637314809967331,0.51769093057447,0.622098105616803,0.638576111689695,0.629145679794827,0.639084358028197,0.646882278026771,0.592617333314144
"62",0.626448309516387,0.640100444270704,0.583295080734562,0.655714099646638,0.650800740108006,0.638330896209837,0.627158960234396,0.648101581517779,0.623359407339167,0.617864575513491,0.646685834686554,0.626896539027498,0.650861271752427,0.471342481770136,0.648269574443207,0.635319216587048,0.628157840749863,0.505751239834191,0.574987424137663,0.630267235789306,0.633356137966526,0.654306481505352,0.646840279795414,0.648101581517779,0.633356137966526,0.583295080734562,0.577926081029158,0.631528537511671,0.542870902445437,0.50604656868753,0.557848081399064,0.583295080734562,0.635210834054514,0.63461743968889,0.547946090652957,0.583295080734562,0.631528537511671,0.635777132787004,0.608548210814989,0.540230636213825,0.649530876165572,0.614988842810823,0.542154426166304,0.639084358028197,0.648101581517779,0.631849620764303,0.631528537511671,0.438120647915494,0.598506569175712,0.623359407339167,0.642277375175732,0.648269574443207,0.608995288761692,0.583295080734562,0.590342654912586,0.63461743968889,0.639084358028197,0.539447436938101,0.553867841274285,0.461187038471698,0.63461743968889,0.616397815733765,0.609067092189495,0.631528537511671,0.553867841274285,0.603837634994729,0.59986812474067,0.593966695844193,0.583295080734562,0.520717512795483,0.655941702964959,0.563646546889635,0.607923656471261,0.62139611195358,0.583295080734562,0.589061031465372,0.55089398715535,0.642037578822501,0.608135002409703,0.633176317797235,0.626448309516387,0.506238961230594,0.63461743968889,0.643538676898097,0.592422244755583,0.626448309516387,0.646840279795414,0.542870902445437,0.553837927695306,0.603889116697682,0.631528537511671,0.636327065757082,0.637314809967331,0.51769093057447,0.622098105616803,0.638576111689695,0.629145679794827,0.640793889261673,0.646882278026771,0.592617333314144
"63",0.626448309516387,0.641361745993068,0.583295080734562,0.655714099646638,0.650800740108006,0.638330896209837,0.627158960234396,0.648101581517779,0.623359407339167,0.617864575513491,0.646685834686554,0.626896539027498,0.650861271752427,0.471342481770136,0.648269574443207,0.635319216587048,0.628157840749863,0.505751239834191,0.574987424137663,0.631849620764303,0.633356137966526,0.654306481505352,0.646840279795414,0.648101581517779,0.633356137966526,0.583295080734562,0.577926081029158,0.631528537511671,0.542870902445437,0.50604656868753,0.557848081399064,0.583295080734562,0.635210834054514,0.63461743968889,0.547946090652957,0.583295080734562,0.631528537511671,0.635777132787004,0.608548210814989,0.540230636213825,0.649530876165572,0.614988842810823,0.542154426166304,0.639084358028197,0.648101581517779,0.631849620764303,0.631528537511671,0.438120647915494,0.598506569175712,0.623359407339167,0.642277375175732,0.648269574443207,0.608995288761692,0.583295080734562,0.590342654912586,0.63461743968889,0.639084358028197,0.539447436938101,0.553867841274285,0.461187038471698,0.63461743968889,0.61660780689055,0.609067092189495,0.631528537511671,0.553867841274285,0.603837634994729,0.59986812474067,0.593966695844193,0.583295080734562,0.520717512795483,0.655941702964959,0.563646546889635,0.607923656471261,0.625109785239592,0.583295080734562,0.589061031465372,0.55089398715535,0.648497177761528,0.608135002409703,0.638671149622911,0.626448309516387,0.506238961230594,0.63461743968889,0.643538676898097,0.592422244755583,0.626448309516387,0.646840279795414,0.542870902445437,0.553837927695306,0.603889116697682,0.631528537511671,0.64227774096678,0.637314809967331,0.51769093057447,0.622098105616803,0.638576111689695,0.629145679794827,0.647253488200701,0.646882278026771,0.592617333314144
"64",0.626448309516387,0.641361745993068,0.583295080734562,0.655714099646638,0.655714099646638,0.638330896209837,0.627158960234396,0.648101581517779,0.623359407339167,0.617864575513491,0.646685834686554,0.626896539027498,0.650861271752427,0.471342481770136,0.648269574443207,0.641230128955122,0.628157840749863,0.505751239834191,0.574987424137663,0.631849620764303,0.633356137966526,0.654306481505352,0.646840279795414,0.648101581517779,0.633356137966526,0.583295080734562,0.577926081029158,0.631528537511671,0.542870902445437,0.50604656868753,0.557848081399064,0.583295080734562,0.635210834054514,0.63461743968889,0.547946090652957,0.583295080734562,0.631528537511671,0.635777132787004,0.608548210814989,0.540230636213825,0.649530876165572,0.614988842810823,0.542154426166304,0.639084358028197,0.648101581517779,0.631849620764303,0.631528537511671,0.438120647915494,0.598506569175712,0.623359407339167,0.642277375175732,0.648269574443207,0.608995288761692,0.583295080734562,0.590342654912586,0.63461743968889,0.639084358028197,0.539447436938101,0.553867841274285,0.461187038471698,0.63461743968889,0.61660780689055,0.609067092189495,0.631528537511671,0.553867841274285,0.603837634994729,0.59986812474067,0.593966695844193,0.583295080734562,0.520717512795483,0.655941702964959,0.563646546889635,0.607923656471261,0.625109785239592,0.583295080734562,0.589061031465372,0.55089398715535,0.648497177761528,0.608135002409703,0.640380680856387,0.626448309516387,0.506238961230594,0.63461743968889,0.643538676898097,0.592422244755583,0.626448309516387,0.646840279795414,0.542870902445437,0.553837927695306,0.603889116697682,0.631528537511671,0.64227774096678,0.637314809967331,0.51769093057447,0.623807636850278,0.638576111689695,0.629420700471132,0.647253488200701,0.646882278026771,0.592617333314144
"65",0.626448309516387,0.641361745993068,0.583295080734562,0.655714099646638,0.655714099646638,0.638330896209837,0.627158960234396,0.648101581517779,0.623359407339167,0.617864575513491,0.646685834686554,0.626896539027498,0.650861271752427,0.471342481770136,0.648269574443207,0.641230128955122,0.628157840749863,0.505751239834191,0.574987424137663,0.633949532332149,0.633356137966526,0.654306481505352,0.646840279795414,0.648101581517779,0.633356137966526,0.583295080734562,0.577926081029158,0.631528537511671,0.542870902445437,0.50604656868753,0.557848081399064,0.583295080734562,0.635210834054514,0.63461743968889,0.547946090652957,0.583295080734562,0.631528537511671,0.635777132787004,0.608548210814989,0.540230636213825,0.649530876165572,0.614988842810823,0.542154426166304,0.639084358028197,0.648101581517779,0.631849620764303,0.631528537511671,0.438120647915494,0.598506569175712,0.623359407339167,0.642277375175732,0.648269574443207,0.608995288761692,0.583295080734562,0.590342654912586,0.63461743968889,0.639084358028197,0.539447436938101,0.553867841274285,0.461187038471698,0.63461743968889,0.61660780689055,0.609067092189495,0.631528537511671,0.553867841274285,0.603837634994729,0.59986812474067,0.593966695844193,0.583295080734562,0.520717512795483,0.655941702964959,0.563646546889635,0.607923656471261,0.625109785239592,0.583295080734562,0.589061031465372,0.55089398715535,0.648497177761528,0.608135002409703,0.646840279795414,0.626448309516387,0.506238961230594,0.63461743968889,0.643538676898097,0.592422244755583,0.626448309516387,0.646840279795414,0.542870902445437,0.553837927695306,0.603889116697682,0.631528537511671,0.64227774096678,0.637314809967331,0.51769093057447,0.630267235789306,0.638576111689695,0.630436786713639,0.647253488200701,0.646882278026771,0.592617333314144
"66",0.626448309516387,0.641361745993068,0.583295080734562,0.655714099646638,0.655714099646638,0.638330896209837,0.627158960234396,0.648101581517779,0.623359407339167,0.617864575513491,0.646685834686554,0.633356137966526,0.650861271752427,0.471342481770136,0.649530876165572,0.641230128955122,0.628157840749863,0.505751239834191,0.574987424137663,0.633949532332149,0.633356137966526,0.654306481505352,0.646840279795414,0.648101581517779,0.633356137966526,0.583295080734562,0.577926081029158,0.631528537511671,0.542870902445437,0.50604656868753,0.557848081399064,0.583295080734562,0.635210834054514,0.63461743968889,0.547946090652957,0.583295080734562,0.631528537511671,0.635777132787004,0.608548210814989,0.540230636213825,0.649530876165572,0.614988842810823,0.542154426166304,0.639084358028197,0.648101581517779,0.631849620764303,0.631528537511671,0.438120647915494,0.598506569175712,0.623359407339167,0.642277375175732,0.648269574443207,0.608995288761692,0.583295080734562,0.590342654912586,0.63461743968889,0.639359378704502,0.539447436938101,0.553867841274285,0.461187038471698,0.63461743968889,0.61660780689055,0.609067092189495,0.631528537511671,0.553867841274285,0.603837634994729,0.59986812474067,0.593966695844193,0.583295080734562,0.520717512795483,0.655941702964959,0.563646546889635,0.607923656471261,0.625109785239592,0.583295080734562,0.589061031465372,0.55089398715535,0.648497177761528,0.608135002409703,0.646840279795414,0.626448309516387,0.506238961230594,0.63461743968889,0.643538676898097,0.592422244755583,0.626448309516387,0.646840279795414,0.542870902445437,0.553837927695306,0.603889116697682,0.631528537511671,0.64227774096678,0.637314809967331,0.51769093057447,0.630267235789306,0.638576111689695,0.632146317947115,0.647253488200701,0.646882278026771,0.592617333314144
"67",0.626448309516387,0.641361745993068,0.583295080734562,0.655714099646638,0.655714099646638,0.638330896209837,0.627158960234396,0.648101581517779,0.623359407339167,0.617864575513491,0.646685834686554,0.633356137966526,0.650861271752427,0.471342481770136,0.649530876165572,0.641230128955122,0.628157840749863,0.505751239834191,0.574987424137663,0.633949532332149,0.635319216587048,0.654306481505352,0.648101581517779,0.648101581517779,0.633356137966526,0.583295080734562,0.577926081029158,0.631528537511671,0.542870902445437,0.50604656868753,0.557848081399064,0.583295080734562,0.635210834054514,0.63461743968889,0.547946090652957,0.583295080734562,0.631528537511671,0.635777132787004,0.608548210814989,0.540230636213825,0.649530876165572,0.614988842810823,0.542154426166304,0.639084358028197,0.648101581517779,0.631849620764303,0.631528537511671,0.438120647915494,0.598506569175712,0.623359407339167,0.642277375175732,0.648269574443207,0.608995288761692,0.583295080734562,0.590342654912586,0.63461743968889,0.640620680426867,0.539447436938101,0.553867841274285,0.461187038471698,0.63461743968889,0.61660780689055,0.609067092189495,0.631528537511671,0.553867841274285,0.603837634994729,0.59986812474067,0.593966695844193,0.583295080734562,0.520717512795483,0.657203004687324,0.563646546889635,0.607923656471261,0.625109785239592,0.583295080734562,0.589061031465372,0.55089398715535,0.648497177761528,0.608135002409703,0.646840279795414,0.626448309516387,0.506238961230594,0.63461743968889,0.643538676898097,0.592422244755583,0.626448309516387,0.646840279795414,0.542870902445437,0.553837927695306,0.603889116697682,0.631528537511671,0.647772572792456,0.641230128955122,0.51769093057447,0.630267235789306,0.638576111689695,0.638330896209837,0.647253488200701,0.648143579749136,0.592617333314144
"68",0.626448309516387,0.641361745993068,0.583295080734562,0.655714099646638,0.655714099646638,0.638330896209837,0.627158960234396,0.648101581517779,0.623359407339167,0.617864575513491,0.646685834686554,0.633356137966526,0.652122573474792,0.471342481770136,0.649530876165572,0.641230128955122,0.628157840749863,0.505751239834191,0.574987424137663,0.633949532332149,0.641230128955122,0.654306481505352,0.648101581517779,0.648101581517779,0.633356137966526,0.583295080734562,0.577926081029158,0.631528537511671,0.542870902445437,0.50604656868753,0.557848081399064,0.583295080734562,0.635210834054514,0.63461743968889,0.547946090652957,0.583295080734562,0.631528537511671,0.635777132787004,0.608548210814989,0.540230636213825,0.649530876165572,0.614988842810823,0.542154426166304,0.639084358028197,0.648101581517779,0.642277375175732,0.631528537511671,0.438120647915494,0.598506569175712,0.623359407339167,0.643567127312887,0.648269574443207,0.608995288761692,0.583295080734562,0.590342654912586,0.63461743968889,0.640620680426867,0.539447436938101,0.553867841274285,0.461187038471698,0.63461743968889,0.61660780689055,0.609067092189495,0.631528537511671,0.553867841274285,0.603837634994729,0.59986812474067,0.593966695844193,0.583295080734562,0.520717512795483,0.657203004687324,0.563646546889635,0.607923656471261,0.625109785239592,0.583295080734562,0.589061031465372,0.55089398715535,0.648497177761528,0.608135002409703,0.646840279795414,0.626448309516387,0.506238961230594,0.63461743968889,0.643538676898097,0.592422244755583,0.626448309516387,0.646840279795414,0.542870902445437,0.553837927695306,0.603889116697682,0.631528537511671,0.649482104025931,0.641230128955122,0.51769093057447,0.630267235789306,0.638576111689695,0.638330896209837,0.647253488200701,0.648143579749136,0.592617333314144
"69",0.626448309516387,0.641361745993068,0.583295080734562,0.655714099646638,0.655714099646638,0.638330896209837,0.627158960234396,0.648101581517779,0.623359407339167,0.617864575513491,0.646685834686554,0.635319216587048,0.652122573474792,0.471342481770136,0.649530876165572,0.641230128955122,0.628157840749863,0.505751239834191,0.574987424137663,0.633949532332149,0.641230128955122,0.654306481505352,0.648101581517779,0.648101581517779,0.633356137966526,0.583295080734562,0.577926081029158,0.631528537511671,0.542870902445437,0.50604656868753,0.557848081399064,0.583295080734562,0.635210834054514,0.63461743968889,0.547946090652957,0.583295080734562,0.631528537511671,0.635777132787004,0.608548210814989,0.540230636213825,0.649530876165572,0.614988842810823,0.542154426166304,0.639084358028197,0.648101581517779,0.643538676898097,0.631528537511671,0.438120647915494,0.598506569175712,0.623359407339167,0.643567127312887,0.648269574443207,0.608995288761692,0.583295080734562,0.590342654912586,0.63461743968889,0.640620680426867,0.539447436938101,0.553867841274285,0.461187038471698,0.63461743968889,0.617869108612915,0.609067092189495,0.631528537511671,0.553867841274285,0.603837634994729,0.59986812474067,0.593966695844193,0.583295080734562,0.520717512795483,0.657203004687324,0.563646546889635,0.607923656471261,0.625109785239592,0.583295080734562,0.589061031465372,0.55089398715535,0.649758479483893,0.608135002409703,0.646840279795414,0.626448309516387,0.506238961230594,0.63461743968889,0.643538676898097,0.592422244755583,0.626448309516387,0.646840279795414,0.542870902445437,0.553837927695306,0.603889116697682,0.631528537511671,0.650743405748296,0.641230128955122,0.51769093057447,0.630267235789306,0.638576111689695,0.638330896209837,0.648514789923065,0.648143579749136,0.592617333314144
"70",0.626448309516387,0.641361745993068,0.583295080734562,0.655714099646638,0.656975401369002,0.638330896209837,0.627158960234396,0.648101581517779,0.623359407339167,0.617864575513491,0.646685834686554,0.635319216587048,0.652122573474792,0.471342481770136,0.649530876165572,0.641230128955122,0.628157840749863,0.505751239834191,0.574987424137663,0.633949532332149,0.641230128955122,0.654306481505352,0.648101581517779,0.648101581517779,0.633356137966526,0.583295080734562,0.577926081029158,0.631528537511671,0.542870902445437,0.50604656868753,0.557848081399064,0.583295080734562,0.635210834054514,0.63461743968889,0.547946090652957,0.583295080734562,0.631528537511671,0.635777132787004,0.608548210814989,0.540230636213825,0.649530876165572,0.614988842810823,0.542154426166304,0.639084358028197,0.648101581517779,0.643538676898097,0.631528537511671,0.438120647915494,0.598506569175712,0.623359407339167,0.643567127312887,0.648269574443207,0.608995288761692,0.583295080734562,0.590342654912586,0.63461743968889,0.640620680426867,0.539447436938101,0.553867841274285,0.461187038471698,0.63461743968889,0.617869108612915,0.609067092189495,0.631528537511671,0.553867841274285,0.603837634994729,0.59986812474067,0.593966695844193,0.583295080734562,0.520717512795483,0.657203004687324,0.563646546889635,0.607923656471261,0.625109785239592,0.583295080734562,0.589061031465372,0.55089398715535,0.649758479483893,0.608135002409703,0.648101581517779,0.626448309516387,0.506238961230594,0.63461743968889,0.643538676898097,0.592422244755583,0.626448309516387,0.646840279795414,0.542870902445437,0.553837927695306,0.603889116697682,0.631528537511671,0.650743405748296,0.641230128955122,0.51769093057447,0.631528537511671,0.638576111689695,0.638330896209837,0.648514789923065,0.648143579749136,0.592617333314144
"71",0.626448309516387,0.641361745993068,0.583295080734562,0.655714099646638,0.656975401369002,0.638330896209837,0.627158960234396,0.648101581517779,0.623359407339167,0.617864575513491,0.646685834686554,0.635319216587048,0.652122573474792,0.471342481770136,0.649530876165572,0.641230128955122,0.628157840749863,0.505751239834191,0.574987424137663,0.633949532332149,0.641230128955122,0.654306481505352,0.648101581517779,0.648101581517779,0.635319216587048,0.583295080734562,0.577926081029158,0.631528537511671,0.542870902445437,0.50604656868753,0.557848081399064,0.583295080734562,0.635210834054514,0.63461743968889,0.547946090652957,0.583295080734562,0.631528537511671,0.635777132787004,0.608548210814989,0.540230636213825,0.649530876165572,0.614988842810823,0.542154426166304,0.639084358028197,0.648101581517779,0.643538676898097,0.631528537511671,0.438120647915494,0.598506569175712,0.623359407339167,0.643567127312887,0.648269574443207,0.608995288761692,0.583295080734562,0.590342654912586,0.63461743968889,0.640620680426867,0.539447436938101,0.553867841274285,0.461187038471698,0.63461743968889,0.617869108612915,0.609067092189495,0.631528537511671,0.553867841274285,0.603837634994729,0.59986812474067,0.593966695844193,0.583295080734562,0.520717512795483,0.657203004687324,0.563646546889635,0.607923656471261,0.625109785239592,0.583295080734562,0.589061031465372,0.55089398715535,0.649758479483893,0.608135002409703,0.648101581517779,0.626448309516387,0.506238961230594,0.63461743968889,0.643538676898097,0.592422244755583,0.626448309516387,0.646840279795414,0.542870902445437,0.553837927695306,0.603889116697682,0.631528537511671,0.650743405748296,0.641230128955122,0.51769093057447,0.631528537511671,0.638576111689695,0.638330896209837,0.648514789923065,0.648143579749136,0.592617333314144
"72",0.626448309516387,0.641361745993068,0.583295080734562,0.655714099646638,0.656975401369002,0.638330896209837,0.627158960234396,0.648101581517779,0.623359407339167,0.617864575513491,0.646685834686554,0.635319216587048,0.652122573474792,0.471342481770136,0.649530876165572,0.641230128955122,0.628157840749863,0.505751239834191,0.574987424137663,0.635210834054514,0.641230128955122,0.654306481505352,0.648101581517779,0.648101581517779,0.635319216587048,0.583295080734562,0.577926081029158,0.631528537511671,0.542870902445437,0.50604656868753,0.557848081399064,0.583295080734562,0.635210834054514,0.63461743968889,0.547946090652957,0.583295080734562,0.631528537511671,0.635777132787004,0.608548210814989,0.540230636213825,0.649530876165572,0.614988842810823,0.542154426166304,0.640345659750562,0.648101581517779,0.643538676898097,0.631528537511671,0.438120647915494,0.598506569175712,0.623359407339167,0.643567127312887,0.648269574443207,0.608995288761692,0.583295080734562,0.590342654912586,0.63461743968889,0.640620680426867,0.539447436938101,0.553867841274285,0.461187038471698,0.63461743968889,0.617869108612915,0.609067092189495,0.631528537511671,0.553867841274285,0.603837634994729,0.59986812474067,0.593966695844193,0.583295080734562,0.520717512795483,0.657203004687324,0.563646546889635,0.607923656471261,0.625109785239592,0.583295080734562,0.589061031465372,0.55089398715535,0.649758479483893,0.608135002409703,0.648101581517779,0.626448309516387,0.506238961230594,0.63461743968889,0.643538676898097,0.592422244755583,0.626448309516387,0.646989305777649,0.542870902445437,0.553837927695306,0.603889116697682,0.631528537511671,0.650743405748296,0.641230128955122,0.51769093057447,0.631528537511671,0.638576111689695,0.638330896209837,0.648514789923065,0.648143579749136,0.592617333314144
"73",0.626448309516387,0.641361745993068,0.583295080734562,0.655863125628872,0.656975401369002,0.638330896209837,0.627158960234396,0.648101581517779,0.623359407339167,0.617864575513491,0.646685834686554,0.635319216587048,0.652122573474792,0.471342481770136,0.649530876165572,0.641230128955122,0.628157840749863,0.505751239834191,0.574987424137663,0.635210834054514,0.641230128955122,0.654306481505352,0.648101581517779,0.648101581517779,0.636580518309413,0.583295080734562,0.577926081029158,0.631528537511671,0.542870902445437,0.50604656868753,0.557848081399064,0.583295080734562,0.635210834054514,0.63461743968889,0.547946090652957,0.583295080734562,0.631528537511671,0.635777132787004,0.608548210814989,0.540230636213825,0.649530876165572,0.614988842810823,0.542154426166304,0.640345659750562,0.648101581517779,0.643538676898097,0.631528537511671,0.438120647915494,0.598506569175712,0.623359407339167,0.644828429035252,0.651168807188492,0.608995288761692,0.583295080734562,0.590342654912586,0.63461743968889,0.640620680426867,0.539447436938101,0.553867841274285,0.461187038471698,0.63461743968889,0.617869108612915,0.609067092189495,0.631528537511671,0.553867841274285,0.603837634994729,0.59986812474067,0.593966695844193,0.583295080734562,0.520717512795483,0.657203004687324,0.563646546889635,0.607923656471261,0.625109785239592,0.583295080734562,0.589061031465372,0.55089398715535,0.649758479483893,0.608135002409703,0.648101581517779,0.626448309516387,0.506238961230594,0.63461743968889,0.643538676898097,0.592422244755583,0.626448309516387,0.646989305777649,0.542870902445437,0.553837927695306,0.603889116697682,0.631528537511671,0.650743405748296,0.641803878986724,0.51769093057447,0.631528537511671,0.638576111689695,0.638330896209837,0.648514789923065,0.648143579749136,0.592617333314144
"74",0.626448309516387,0.641361745993068,0.583295080734562,0.655863125628872,0.656975401369002,0.638330896209837,0.627158960234396,0.648101581517779,0.623359407339167,0.617864575513491,0.646685834686554,0.635319216587048,0.652122573474792,0.471342481770136,0.649530876165572,0.641230128955122,0.628157840749863,0.505751239834191,0.574987424137663,0.635210834054514,0.641230128955122,0.654306481505352,0.648101581517779,0.648101581517779,0.636580518309413,0.583295080734562,0.577926081029158,0.631528537511671,0.542870902445437,0.50604656868753,0.557848081399064,0.583295080734562,0.635210834054514,0.63461743968889,0.547946090652957,0.583295080734562,0.631528537511671,0.635777132787004,0.608548210814989,0.540230636213825,0.649530876165572,0.614988842810823,0.542154426166304,0.640345659750562,0.648101581517779,0.643538676898097,0.631528537511671,0.438120647915494,0.598506569175712,0.623359407339167,0.644828429035252,0.652430108910857,0.608995288761692,0.583295080734562,0.590342654912586,0.63461743968889,0.640620680426867,0.539447436938101,0.553867841274285,0.461187038471698,0.63461743968889,0.617869108612915,0.609067092189495,0.631528537511671,0.553867841274285,0.603837634994729,0.59986812474067,0.593966695844193,0.583295080734562,0.520717512795483,0.657203004687324,0.563646546889635,0.607923656471261,0.625109785239592,0.583295080734562,0.589061031465372,0.55089398715535,0.649758479483893,0.608135002409703,0.648101581517779,0.626448309516387,0.506238961230594,0.63461743968889,0.643538676898097,0.592422244755583,0.626448309516387,0.646989305777649,0.542870902445437,0.553837927695306,0.603889116697682,0.631528537511671,0.650743405748296,0.641803878986724,0.51769093057447,0.631528537511671,0.638576111689695,0.641230128955122,0.648514789923065,0.648143579749136,0.592617333314144
"75",0.626448309516387,0.641361745993068,0.583295080734562,0.655863125628872,0.656975401369002,0.641230128955122,0.627158960234396,0.648101581517779,0.623359407339167,0.617864575513491,0.646685834686554,0.641230128955122,0.652122573474792,0.471342481770136,0.649530876165572,0.641230128955122,0.628157840749863,0.505751239834191,0.574987424137663,0.635210834054514,0.642491430677487,0.654306481505352,0.648101581517779,0.648101581517779,0.636580518309413,0.583295080734562,0.577926081029158,0.631528537511671,0.542870902445437,0.50604656868753,0.557848081399064,0.583295080734562,0.635210834054514,0.63461743968889,0.547946090652957,0.583295080734562,0.631528537511671,0.635777132787004,0.608548210814989,0.540230636213825,0.649530876165572,0.614988842810823,0.542154426166304,0.640345659750562,0.648101581517779,0.643538676898097,0.631528537511671,0.438120647915494,0.598506569175712,0.623359407339167,0.644828429035252,0.652430108910857,0.608995288761692,0.583295080734562,0.590342654912586,0.63461743968889,0.640620680426867,0.539447436938101,0.553867841274285,0.461187038471698,0.63461743968889,0.617869108612915,0.609067092189495,0.631528537511671,0.553867841274285,0.603837634994729,0.59986812474067,0.593966695844193,0.583295080734562,0.520717512795483,0.657203004687324,0.563646546889635,0.607923656471261,0.625109785239592,0.583295080734562,0.589061031465372,0.55089398715535,0.649758479483893,0.608135002409703,0.648101581517779,0.626448309516387,0.506238961230594,0.63461743968889,0.643538676898097,0.592422244755583,0.626448309516387,0.646989305777649,0.542870902445437,0.553837927695306,0.603889116697682,0.631528537511671,0.650743405748296,0.643065180709089,0.51769093057447,0.631528537511671,0.638576111689695,0.641230128955122,0.648514789923065,0.648143579749136,0.592617333314144
"76",0.626448309516387,0.641361745993068,0.583295080734562,0.656436875660474,0.656975401369002,0.641230128955122,0.627158960234396,0.648101581517779,0.623359407339167,0.617864575513491,0.646685834686554,0.641230128955122,0.652122573474792,0.471342481770136,0.649530876165572,0.641230128955122,0.628157840749863,0.505751239834191,0.574987424137663,0.635210834054514,0.642491430677487,0.654306481505352,0.648101581517779,0.648101581517779,0.636580518309413,0.583295080734562,0.577926081029158,0.631528537511671,0.542870902445437,0.50604656868753,0.557848081399064,0.583295080734562,0.635210834054514,0.63461743968889,0.547946090652957,0.583295080734562,0.631528537511671,0.635777132787004,0.608548210814989,0.540230636213825,0.649530876165572,0.614988842810823,0.542154426166304,0.640345659750562,0.648101581517779,0.643538676898097,0.631528537511671,0.438120647915494,0.598506569175712,0.623359407339167,0.644828429035252,0.652430108910857,0.608995288761692,0.583295080734562,0.590342654912586,0.63461743968889,0.640620680426867,0.539447436938101,0.553867841274285,0.461187038471698,0.63461743968889,0.617869108612915,0.609067092189495,0.631528537511671,0.553867841274285,0.603837634994729,0.59986812474067,0.593966695844193,0.583295080734562,0.520717512795483,0.657203004687324,0.563646546889635,0.607923656471261,0.625109785239592,0.583295080734562,0.589061031465372,0.55089398715535,0.649758479483893,0.608135002409703,0.648101581517779,0.626448309516387,0.506238961230594,0.63461743968889,0.643538676898097,0.592422244755583,0.626448309516387,0.646989305777649,0.542870902445437,0.553837927695306,0.603889116697682,0.631528537511671,0.650743405748296,0.643065180709089,0.51769093057447,0.631528537511671,0.638576111689695,0.641230128955122,0.648514789923065,0.648143579749136,0.592617333314144
"77",0.626448309516387,0.641361745993068,0.583295080734562,0.656436875660474,0.656975401369002,0.641230128955122,0.627158960234396,0.648101581517779,0.623359407339167,0.617864575513491,0.646685834686554,0.641230128955122,0.652122573474792,0.471342481770136,0.649530876165572,0.641230128955122,0.628157840749863,0.505751239834191,0.574987424137663,0.635210834054514,0.642491430677487,0.654306481505352,0.648101581517779,0.648101581517779,0.636580518309413,0.583295080734562,0.577926081029158,0.631528537511671,0.542870902445437,0.50604656868753,0.557848081399064,0.583295080734562,0.635210834054514,0.63461743968889,0.547946090652957,0.583295080734562,0.631528537511671,0.635777132787004,0.608548210814989,0.540230636213825,0.649530876165572,0.614988842810823,0.542154426166304,0.640345659750562,0.648101581517779,0.643538676898097,0.631528537511671,0.438120647915494,0.598506569175712,0.623359407339167,0.644828429035252,0.652430108910857,0.608995288761692,0.583295080734562,0.590342654912586,0.63461743968889,0.640620680426867,0.539447436938101,0.553867841274285,0.461187038471698,0.63461743968889,0.617869108612915,0.609067092189495,0.631528537511671,0.553867841274285,0.603837634994729,0.59986812474067,0.593966695844193,0.583295080734562,0.520717512795483,0.657203004687324,0.563646546889635,0.607923656471261,0.625109785239592,0.583295080734562,0.589061031465372,0.55089398715535,0.649758479483893,0.608135002409703,0.648101581517779,0.626448309516387,0.506238961230594,0.63461743968889,0.643538676898097,0.592422244755583,0.626448309516387,0.646989305777649,0.542870902445437,0.553837927695306,0.603889116697682,0.631528537511671,0.650743405748296,0.643065180709089,0.51769093057447,0.631528537511671,0.638576111689695,0.641230128955122,0.648514789923065,0.648143579749136,0.592617333314144
"78",0.626448309516387,0.641361745993068,0.583295080734562,0.656436875660474,0.656975401369002,0.641230128955122,0.627158960234396,0.648101581517779,0.623359407339167,0.617864575513491,0.646685834686554,0.641230128955122,0.652122573474792,0.471342481770136,0.649530876165572,0.641230128955122,0.628157840749863,0.505751239834191,0.574987424137663,0.635210834054514,0.642491430677487,0.654306481505352,0.648101581517779,0.648101581517779,0.636580518309413,0.583295080734562,0.577926081029158,0.631528537511671,0.542870902445437,0.50604656868753,0.557848081399064,0.583295080734562,0.635210834054514,0.63461743968889,0.547946090652957,0.583295080734562,0.631528537511671,0.635777132787004,0.608548210814989,0.540230636213825,0.649530876165572,0.614988842810823,0.542154426166304,0.640345659750562,0.648101581517779,0.643538676898097,0.631528537511671,0.438120647915494,0.598506569175712,0.623359407339167,0.644828429035252,0.652430108910857,0.608995288761692,0.583295080734562,0.590342654912586,0.63461743968889,0.640620680426867,0.539447436938101,0.553867841274285,0.461187038471698,0.63461743968889,0.617869108612915,0.609067092189495,0.631528537511671,0.553867841274285,0.603837634994729,0.59986812474067,0.593966695844193,0.583295080734562,0.520717512795483,0.657203004687324,0.563646546889635,0.607923656471261,0.625109785239592,0.583295080734562,0.589061031465372,0.55089398715535,0.649758479483893,0.608135002409703,0.648101581517779,0.626448309516387,0.506238961230594,0.63461743968889,0.643538676898097,0.592422244755583,0.626448309516387,0.646989305777649,0.542870902445437,0.553837927695306,0.603889116697682,0.631528537511671,0.650743405748296,0.643065180709089,0.51769093057447,0.631528537511671,0.638576111689695,0.641230128955122,0.648514789923065,0.648143579749136,0.592617333314144
"79",0.626448309516387,0.641361745993068,0.583295080734562,0.656436875660474,0.656975401369002,0.641230128955122,0.627158960234396,0.648101581517779,0.623359407339167,0.617864575513491,0.646685834686554,0.641230128955122,0.652122573474792,0.471342481770136,0.649530876165572,0.641230128955122,0.628157840749863,0.505751239834191,0.574987424137663,0.635210834054514,0.642491430677487,0.654306481505352,0.648101581517779,0.648101581517779,0.636580518309413,0.583295080734562,0.577926081029158,0.631528537511671,0.542870902445437,0.50604656868753,0.557848081399064,0.583295080734562,0.635210834054514,0.63461743968889,0.547946090652957,0.583295080734562,0.631528537511671,0.635777132787004,0.608548210814989,0.540230636213825,0.649530876165572,0.614988842810823,0.542154426166304,0.640345659750562,0.648101581517779,0.643538676898097,0.631528537511671,0.438120647915494,0.598506569175712,0.623359407339167,0.644828429035252,0.652430108910857,0.608995288761692,0.583295080734562,0.590342654912586,0.63461743968889,0.640620680426867,0.539447436938101,0.553867841274285,0.461187038471698,0.63461743968889,0.617869108612915,0.609067092189495,0.631528537511671,0.553867841274285,0.603837634994729,0.59986812474067,0.593966695844193,0.583295080734562,0.520717512795483,0.657203004687324,0.563646546889635,0.607923656471261,0.625109785239592,0.583295080734562,0.589061031465372,0.55089398715535,0.649758479483893,0.608135002409703,0.648101581517779,0.626448309516387,0.506238961230594,0.63461743968889,0.643538676898097,0.592422244755583,0.626448309516387,0.646989305777649,0.542870902445437,0.553837927695306,0.603889116697682,0.631528537511671,0.650743405748296,0.643065180709089,0.51769093057447,0.631528537511671,0.638576111689695,0.641230128955122,0.648514789923065,0.648143579749136,0.592617333314144
"80",0.626448309516387,0.641361745993068,0.583295080734562,0.656436875660474,0.656975401369002,0.641230128955122,0.627158960234396,0.648101581517779,0.623359407339167,0.617864575513491,0.646685834686554,0.641230128955122,0.652122573474792,0.471342481770136,0.649530876165572,0.641230128955122,0.628157840749863,0.505751239834191,0.574987424137663,0.635210834054514,0.642491430677487,0.654306481505352,0.648101581517779,0.648101581517779,0.636580518309413,0.583295080734562,0.577926081029158,0.631528537511671,0.542870902445437,0.50604656868753,0.557848081399064,0.583295080734562,0.635210834054514,0.63461743968889,0.547946090652957,0.583295080734562,0.631528537511671,0.635777132787004,0.608548210814989,0.540230636213825,0.649530876165572,0.614988842810823,0.542154426166304,0.640345659750562,0.648101581517779,0.643538676898097,0.631528537511671,0.438120647915494,0.598506569175712,0.623359407339167,0.644828429035252,0.652430108910857,0.608995288761692,0.583295080734562,0.590342654912586,0.63461743968889,0.640620680426867,0.539447436938101,0.553867841274285,0.461187038471698,0.63461743968889,0.617869108612915,0.609067092189495,0.631528537511671,0.553867841274285,0.603837634994729,0.59986812474067,0.593966695844193,0.583295080734562,0.520717512795483,0.657203004687324,0.563646546889635,0.607923656471261,0.625109785239592,0.583295080734562,0.589061031465372,0.55089398715535,0.649758479483893,0.608135002409703,0.648101581517779,0.626448309516387,0.506238961230594,0.63461743968889,0.643538676898097,0.592422244755583,0.626448309516387,0.646989305777649,0.542870902445437,0.553837927695306,0.603889116697682,0.631528537511671,0.650743405748296,0.643065180709089,0.51769093057447,0.631528537511671,0.638576111689695,0.641230128955122,0.648514789923065,0.648143579749136,0.592617333314144
"81",0.626448309516387,0.641361745993068,0.583295080734562,0.656436875660474,0.656975401369002,0.641230128955122,0.627158960234396,0.648101581517779,0.623359407339167,0.617864575513491,0.646685834686554,0.641230128955122,0.652122573474792,0.471342481770136,0.649530876165572,0.641524116574621,0.628157840749863,0.505751239834191,0.574987424137663,0.635210834054514,0.642491430677487,0.654306481505352,0.648101581517779,0.648101581517779,0.636580518309413,0.583295080734562,0.577926081029158,0.631528537511671,0.542870902445437,0.50604656868753,0.557848081399064,0.583295080734562,0.635210834054514,0.63461743968889,0.547946090652957,0.583295080734562,0.631528537511671,0.635777132787004,0.608548210814989,0.540230636213825,0.649530876165572,0.614988842810823,0.542154426166304,0.640345659750562,0.648101581517779,0.643538676898097,0.631528537511671,0.438120647915494,0.598506569175712,0.623359407339167,0.644828429035252,0.652430108910857,0.608995288761692,0.583295080734562,0.590342654912586,0.63461743968889,0.640620680426867,0.539447436938101,0.553867841274285,0.461187038471698,0.63461743968889,0.617869108612915,0.609067092189495,0.631528537511671,0.553867841274285,0.603837634994729,0.59986812474067,0.593966695844193,0.583295080734562,0.520717512795483,0.657203004687324,0.563646546889635,0.607923656471261,0.625109785239592,0.583295080734562,0.589061031465372,0.55089398715535,0.649758479483893,0.608135002409703,0.648101581517779,0.626448309516387,0.506238961230594,0.63461743968889,0.643538676898097,0.592422244755583,0.626448309516387,0.646989305777649,0.542870902445437,0.553837927695306,0.603889116697682,0.631528537511671,0.650743405748296,0.643065180709089,0.51769093057447,0.631528537511671,0.638576111689695,0.641230128955122,0.648514789923065,0.648143579749136,0.592617333314144
