"","V1","V2","V3","V4","V5","V6","V7","V8","V9","V10","V11","V12","V13","V14","V15","V16","V17","V18","V19","V20","V21","V22","V23","V24","V25","V26","V27","V28","V29","V30","V31","V32","V33","V34","V35","V36","V37","V38","V39","V40","V41","V42","V43","V44","V45","V46","V47","V48","V49","V50","V51","V52","V53","V54","V55","V56","V57","V58","V59","V60","V61","V62","V63","V64","V65","V66","V67","V68","V69","V70","V71","V72","V73","V74","V75","V76","V77","V78","V79","V80","V81","V82","V83","V84","V85","V86","V87","V88","V89","V90","V91","V92","V93","V94","V95","V96","V97","V98","V99","V100"
"1",0.100447398728772,0.119625187648883,0.137974477224539,0.119625187648883,0.119625187648883,0.100447398728772,0.100447398728772,0.119625187648883,0.100447398728772,0.100447398728772,0.100447398728772,0.100447398728772,0.100447398728772,0.119625187648883,0.100447398728772,0.100447398728772,0.100447398728772,0.119625187648883,0.119625187648883,0.100447398728772,0.100447398728772,0.125022139294205,0.125022139294205,0.100447398728772,0.100447398728772,0.125022139294205,0.100447398728772,0.100447398728772,0.119625187648883,0.119625187648883,0.119625187648883,0.100447398728772,0.137974477224539,0.100447398728772,0.119625187648883,0.119625187648883,0.119625187648883,0.125022139294205,0.100447398728772,0.137974477224539,0.100447398728772,0.141209046518513,0.100447398728772,0.100447398728772,0.100447398728772,0.100447398728772,0.119625187648883,0.100447398728772,0.100447398728772,0.119625187648883,0.125022139294205,0.100447398728772,0.125022139294205,0.100447398728772,0.137974477224539,0.119625187648883,0.100447398728772,0.100447398728772,0.125022139294205,0.119625187648883,0.100447398728772,0.100447398728772,0.125022139294205,0.125022139294205,0.100447398728772,0.100447398728772,0.119625187648883,0.100447398728772,0.119625187648883,0.100447398728772,0.100447398728772,0.100447398728772,0.100447398728772,0.100447398728772,0.100447398728772,0.125022139294205,0.100447398728772,0.100447398728772,0.100447398728772,0.137974477224539,0.100447398728772,0.125022139294205,0.100447398728772,0.100447398728772,0.100447398728772,0.100447398728772,0.100447398728772,0.125022139294205,0.100447398728772,0.100447398728772,0.100447398728772,0.141209046518513,0.119625187648883,0.119625187648883,0.100447398728772,0.100447398728772,0.100447398728772,0.137974477224539,0.125022139294205,0.100447398728772
"2",0.100447398728772,0.119625187648883,0.137974477224539,0.119625187648883,0.119625187648883,0.100447398728772,0.100447398728772,0.119625187648883,0.100447398728772,0.100447398728772,0.100447398728772,0.100447398728772,0.100447398728772,0.119625187648883,0.100447398728772,0.100447398728772,0.100447398728772,0.119625187648883,0.119625187648883,0.100447398728772,0.100447398728772,0.125022139294205,0.125022139294205,0.100447398728772,0.100447398728772,0.125022139294205,0.100447398728772,0.100447398728772,0.119625187648883,0.119625187648883,0.119625187648883,0.100447398728772,0.0519255563954948,0.100447398728772,0.119625187648883,0.119625187648883,0.119625187648883,0.125022139294205,0.100447398728772,0.137974477224539,0.100447398728772,0.141209046518513,0.100447398728772,0.100447398728772,0.100447398728772,0.100447398728772,0.119625187648883,0.100447398728772,0.100447398728772,0.119625187648883,0.125022139294205,0.100447398728772,0.125022139294205,0.100447398728772,0.137974477224539,0.119625187648883,0.100447398728772,0.100447398728772,0.125022139294205,0.119625187648883,0.100447398728772,0.100447398728772,0.0647333284560729,0.125022139294205,0.100447398728772,0.100447398728772,0.119625187648883,0.100447398728772,0.119625187648883,0.100447398728772,0.100447398728772,0.100447398728772,0.100447398728772,0.100447398728772,0.100447398728772,0.125022139294205,0.100447398728772,0.100447398728772,0.100447398728772,0.137974477224539,0.100447398728772,0.125022139294205,0.100447398728772,0.100447398728772,0.100447398728772,0.100447398728772,0.100447398728772,0.125022139294205,0.100447398728772,0.100447398728772,0.100447398728772,0.141209046518513,0.119625187648883,0.119625187648883,0.100447398728772,0.100447398728772,0.100447398728772,0.137974477224539,0.125022139294205,0.100447398728772
"3",0.100447398728772,0.0519255563954948,0.137974477224539,0.119625187648883,0.119625187648883,0.100447398728772,0.100447398728772,0.119625187648883,0.100447398728772,0.100447398728772,0.100447398728772,0.100447398728772,0.0519255563954948,0.0721723491234661,0.100447398728772,0.100447398728772,0.100447398728772,0.119625187648883,0.119625187648883,0.100447398728772,0.100447398728772,0.125022139294205,0.125022139294205,0.100447398728772,0.100447398728772,0.0519255563954948,0.0721723491234661,0.100447398728772,0.119625187648883,0.119625187648883,0.119625187648883,0.100447398728772,0.0519255563954948,0.100447398728772,0.119625187648883,0.0519255563954948,0.119625187648883,0.125022139294205,0.100447398728772,0.0721723491234661,0.100447398728772,0.0721723491234661,0.100447398728772,0.100447398728772,0.100447398728772,0.100447398728772,0.119625187648883,0.100447398728772,0.100447398728772,0.119625187648883,0.125022139294205,0.100447398728772,0.125022139294205,0.100447398728772,0.137974477224539,0.119625187648883,0.100447398728772,0.100447398728772,0.125022139294205,0.119625187648883,0.100447398728772,0.100447398728772,0.0647333284560729,0.125022139294205,0.100447398728772,0.100447398728772,0.119625187648883,0.100447398728772,0.119625187648883,0.100447398728772,0.100447398728772,0.100447398728772,0.100447398728772,0.100447398728772,0.100447398728772,0.125022139294205,0.100447398728772,0.100447398728772,0.100447398728772,0.137974477224539,0.100447398728772,0.125022139294205,0.100447398728772,0.100447398728772,0.100447398728772,0.100447398728772,0.100447398728772,0.125022139294205,0.100447398728772,0.100447398728772,0.100447398728772,0.141209046518513,0.119625187648883,0.119625187648883,0.100447398728772,0.100447398728772,0.100447398728772,0.137974477224539,0.125022139294205,0.100447398728772
"4",0.100447398728772,0.0519255563954948,0.137974477224539,0.119625187648883,0.0519255563954948,0.100447398728772,0.100447398728772,0.119625187648883,0.0647333284560729,0.100447398728772,0.100447398728772,0.100447398728772,0.0519255563954948,0.0721723491234661,0.100447398728772,0.100447398728772,0.100447398728772,0.119625187648883,0.119625187648883,0.100447398728772,0.100447398728772,0.125022139294205,0.125022139294205,0.100447398728772,0.100447398728772,0.0519255563954948,0.0721723491234661,0.100447398728772,0.119625187648883,0.119625187648883,0.0647333284560729,0.100447398728772,0.0519255563954948,0.100447398728772,0.0721723491234661,0.0519255563954948,0.119625187648883,0.125022139294205,0.0721723491234661,0.0721723491234661,0.100447398728772,0.0519255563954948,0.100447398728772,0.100447398728772,0.100447398728772,0.0519255563954948,0.119625187648883,0.100447398728772,0.100447398728772,0.119625187648883,0.125022139294205,0.0647333284560729,0.125022139294205,0.100447398728772,0.0647333284560729,0.119625187648883,0.100447398728772,0.100447398728772,0.125022139294205,0.119625187648883,0.100447398728772,0.100447398728772,0.0519255563954948,0.125022139294205,0.100447398728772,0.100447398728772,0.119625187648883,0.100447398728772,0.119625187648883,0.100447398728772,0.100447398728772,0.100447398728772,0.100447398728772,0.0647333284560729,0.100447398728772,0.125022139294205,0.100447398728772,0.100447398728772,0.100447398728772,0.137974477224539,0.100447398728772,0.125022139294205,0.100447398728772,0.100447398728772,0.100447398728772,0.100447398728772,0.100447398728772,0.125022139294205,0.100447398728772,0.100447398728772,0.100447398728772,0.0721723491234661,0.119625187648883,0.119625187648883,0.0647333284560729,0.100447398728772,0.100447398728772,0.137974477224539,0.125022139294205,0.100447398728772
"5",0.100447398728772,0.0519255563954948,0.137974477224539,0.0519255563954948,0.0519255563954948,0.100447398728772,0.100447398728772,0.119625187648883,0.0647333284560729,0.100447398728772,0.100447398728772,0.100447398728772,0.0519255563954948,0.0721723491234661,0.100447398728772,0.100447398728772,0.100447398728772,0.119625187648883,0.119625187648883,0.100447398728772,0.100447398728772,0.125022139294205,0.125022139294205,0.100447398728772,0.100447398728772,0.0519255563954948,0.0721723491234661,0.0647333284560729,0.119625187648883,0.119625187648883,0.0647333284560729,0.0519255563954948,0.0519255563954948,0.100447398728772,0.0519255563954948,0.0519255563954948,0.119625187648883,0.125022139294205,0.0721723491234661,0.0519255563954948,0.100447398728772,0.0519255563954948,0.100447398728772,0.100447398728772,0.100447398728772,0.0519255563954948,0.119625187648883,0.0519255563954948,0.100447398728772,0.119625187648883,0.125022139294205,0.0519255563954948,0.125022139294205,0.100447398728772,0.0647333284560729,0.119625187648883,0.100447398728772,0.100447398728772,0.125022139294205,0.119625187648883,0.100447398728772,0.100447398728772,0.0519255563954948,0.125022139294205,0.100447398728772,0.100447398728772,0.119625187648883,0.100447398728772,0.0519255563954948,0.0729826923067274,0.100447398728772,0.100447398728772,0.100447398728772,0.0519255563954948,0.100447398728772,0.125022139294205,0.100447398728772,0.0519255563954948,0.100447398728772,0.137974477224539,0.100447398728772,0.0647333284560729,0.100447398728772,0.0721723491234661,0.100447398728772,0.100447398728772,0.100447398728772,0.125022139294205,0.0647333284560729,0.100447398728772,0.100447398728772,0.0721723491234661,0.119625187648883,0.0647333284560729,0.0647333284560729,0.100447398728772,0.100447398728772,0.137974477224539,0.125022139294205,0.0647333284560729
"6",0.100447398728772,0.0519255563954948,0.137974477224539,0.0519255563954948,0.0519255563954948,0.0721723491234661,0.100447398728772,0.119625187648883,0.0647333284560729,0.100447398728772,0.100447398728772,0.100447398728772,0.0519255563954948,0.0721723491234661,0.100447398728772,0.100447398728772,0.100447398728772,0.119625187648883,0.119625187648883,0.100447398728772,0.100447398728772,0.125022139294205,0.125022139294205,0.100447398728772,0.100447398728772,0.0519255563954948,0.0519255563954948,0.0519255563954948,0.0519255563954948,0.0647333284560729,0.0647333284560729,0.0519255563954948,0.0519255563954948,0.100447398728772,0.0519255563954948,0.0519255563954948,0.119625187648883,0.0721723491234661,0.0721723491234661,0.0519255563954948,0.100447398728772,0.0519255563954948,0.100447398728772,0.100447398728772,0.100447398728772,0.0519255563954948,0.119625187648883,0.0519255563954948,0.100447398728772,0.119625187648883,0.125022139294205,0.0519255563954948,0.0721723491234661,0.100447398728772,0.0647333284560729,0.0519255563954948,0.100447398728772,0.0647333284560729,0.0519255563954948,0.119625187648883,0.100447398728772,0.100447398728772,0.0519255563954948,0.125022139294205,0.0519255563954948,0.100447398728772,0.119625187648883,0.100447398728772,0.0519255563954948,0.0647333284560729,0.100447398728772,0.0647333284560729,0.100447398728772,0.0519255563954948,0.100447398728772,0.125022139294205,0.100447398728772,0.0519255563954948,0.0721723491234661,0.137974477224539,0.100447398728772,0.0647333284560729,0.100447398728772,0.0721723491234661,0.100447398728772,0.100447398728772,0.100447398728772,0.125022139294205,0.0647333284560729,0.100447398728772,0.100447398728772,0.0721723491234661,0.0519255563954948,0.0647333284560729,0.0647333284560729,0.100447398728772,0.100447398728772,0.137974477224539,0.125022139294205,0.0519255563954948
"7",0.100447398728772,0.0519255563954948,0.0519255563954948,0.0519255563954948,0.0519255563954948,0.0721723491234661,0.100447398728772,0.0519255563954948,0.0647333284560729,0.100447398728772,0.100447398728772,0.100447398728772,0.0519255563954948,0.0721723491234661,0.0309034805900011,0.100447398728772,0.100447398728772,0.119625187648883,0.119625187648883,0.100447398728772,0.0519255563954948,0.125022139294205,0.125022139294205,0.100447398728772,0.100447398728772,0.0519255563954948,0.0519255563954948,0.0519255563954948,0.0519255563954948,0.0647333284560729,0.0647333284560729,0.0519255563954948,0.0519255563954948,0.100447398728772,0.0519255563954948,0.0519255563954948,0.119625187648883,0.0721723491234661,0.0519255563954948,0.0519255563954948,0.100447398728772,0.0519255563954948,0.0721723491234661,0.100447398728772,0.100447398728772,0.0519255563954948,0.119625187648883,0.0519255563954948,0.100447398728772,0.119625187648883,0.125022139294205,0.0519255563954948,0.0721723491234661,0.0519255563954948,0.0647333284560729,0.0519255563954948,0.100447398728772,0.0647333284560729,0.0519255563954948,0.0721723491234661,0.0519255563954948,0.100447398728772,0.0519255563954948,0.125022139294205,0.0519255563954948,0.100447398728772,0.119625187648883,0.0519255563954948,0.0519255563954948,0.0309034805900011,0.100447398728772,0.0647333284560729,0.100447398728772,0.0519255563954948,0.100447398728772,0.0519255563954948,0.100447398728772,0.0519255563954948,0.0519255563954948,0.137974477224539,0.100447398728772,0.0647333284560729,0.100447398728772,0.0721723491234661,0.100447398728772,0.100447398728772,0.100447398728772,0.125022139294205,0.0647333284560729,0.0519255563954948,0.100447398728772,0.0721723491234661,0.0519255563954948,0.0519255563954948,0.0647333284560729,0.100447398728772,0.100447398728772,0.137974477224539,0.125022139294205,0.0519255563954948
"8",0.0647333284560729,0.0519255563954948,0.0519255563954948,0.0519255563954948,0.0519255563954948,0.0721723491234661,0.100447398728772,0.0519255563954948,0.0647333284560729,0.100447398728772,0.0729826923067274,0.0519255563954948,0.0519255563954948,0.0519255563954948,0.0309034805900011,0.100447398728772,0.100447398728772,0.119625187648883,0.119625187648883,0.100447398728772,0.0519255563954948,0.0309034805900011,0.125022139294205,0.100447398728772,0.100447398728772,0.0519255563954948,0.0519255563954948,0.0519255563954948,0.0519255563954948,0.0647333284560729,0.0647333284560729,0.0519255563954948,0.0519255563954948,0.100447398728772,0.0519255563954948,0.0519255563954948,0.119625187648883,0.0519255563954948,0.0519255563954948,0.0519255563954948,0.100447398728772,0.0519255563954948,0.0721723491234661,0.0729826923067274,0.100447398728772,0.0519255563954948,0.119625187648883,0.0519255563954948,0.100447398728772,0.119625187648883,0.125022139294205,0.0519255563954948,0.0519255563954948,0.0519255563954948,0.0647333284560729,0.0519255563954948,0.100447398728772,0.0647333284560729,0.0519255563954948,0.0519255563954948,0.0519255563954948,0.100447398728772,0.0519255563954948,0.125022139294205,0.0519255563954948,0.100447398728772,0.0519255563954948,0.0519255563954948,0.0519255563954948,0.0309034805900011,0.100447398728772,0.0647333284560729,0.100447398728772,0.0519255563954948,0.100447398728772,0.0519255563954948,0.100447398728772,0.0519255563954948,0.0519255563954948,0.137974477224539,0.100447398728772,0.0647333284560729,0.100447398728772,0.0519255563954948,0.100447398728772,0.100447398728772,0.100447398728772,0.125022139294205,0.0647333284560729,0.0519255563954948,0.100447398728772,0.0721723491234661,0.0519255563954948,0.0309034805900011,0.0647333284560729,0.100447398728772,0.0647333284560729,0.0309034805900011,0.0729826923067274,0.0519255563954948
"9",0.0647333284560729,0.0519255563954948,0.0519255563954948,0.0519255563954948,0.0519255563954948,0.0519255563954948,0.100447398728772,0.0519255563954948,0.0647333284560729,0.100447398728772,0.0729826923067274,0.0519255563954948,0.0519255563954948,0.0519255563954948,0.0309034805900011,0.100447398728772,0.100447398728772,0.119625187648883,0.119625187648883,0.100447398728772,0.0519255563954948,0.0309034805900011,0.125022139294205,0.100447398728772,0.0647333284560729,0.0519255563954948,0.0519255563954948,0.0519255563954948,0.0519255563954948,0.0519255563954948,0.0647333284560729,0.0519255563954948,0.0519255563954948,0.100447398728772,0.0519255563954948,0.0519255563954948,0.119625187648883,0.0519255563954948,0.0519255563954948,0.0519255563954948,0.100447398728772,0.0519255563954948,0.0721723491234661,0.0309034805900011,0.0519255563954948,0.0519255563954948,0.119625187648883,0.0519255563954948,0.0729826923067274,0.119625187648883,0.125022139294205,0.0519255563954948,0.0519255563954948,0.0519255563954948,0.0647333284560729,0.0519255563954948,0.0647333284560729,0.0647333284560729,0.0519255563954948,0.0519255563954948,0.0519255563954948,0.100447398728772,0.0519255563954948,0.125022139294205,0.0519255563954948,0.100447398728772,0.0519255563954948,0.0519255563954948,0.0519255563954948,0.0309034805900011,0.0519255563954948,0.0647333284560729,0.100447398728772,0.0519255563954948,0.100447398728772,0.0519255563954948,0.100447398728772,0.0519255563954948,0.0519255563954948,0.0647333284560729,0.100447398728772,0.0309034805900011,0.100447398728772,0.0519255563954948,0.100447398728772,0.100447398728772,0.100447398728772,0.125022139294205,0.0309034805900011,0.0519255563954948,0.100447398728772,0.0721723491234661,0.0519255563954948,0.0309034805900011,0.0647333284560729,0.100447398728772,0.0647333284560729,0.0309034805900011,0.0729826923067274,0.0519255563954948
"10",0.0647333284560729,0.0519255563954948,0.0519255563954948,0.0519255563954948,0.0519255563954948,0.0519255563954948,0.100447398728772,0.0519255563954948,0.0647333284560729,0.100447398728772,0.0729826923067274,0.0519255563954948,0.0519255563954948,0.0519255563954948,0.0309034805900011,0.0519255563954948,0.100447398728772,0.119625187648883,0.119625187648883,0.100447398728772,0.0519255563954948,0.0309034805900011,0.125022139294205,0.100447398728772,0.0647333284560729,0.0519255563954948,0.0519255563954948,0.0519255563954948,0.0519255563954948,0.0519255563954948,0.0647333284560729,0.0519255563954948,0.0519255563954948,0.100447398728772,0.0519255563954948,0.0519255563954948,0.119625187648883,0.0519255563954948,0.0519255563954948,0.0519255563954948,0.100447398728772,0.0519255563954948,0.0721723491234661,0.0309034805900011,0.0519255563954948,0.0519255563954948,0.119625187648883,0.0519255563954948,0.0309034805900011,0.119625187648883,0.125022139294205,0.0519255563954948,0.0519255563954948,0.0519255563954948,0.0647333284560729,0.0519255563954948,0.0647333284560729,0.0647333284560729,0.0519255563954948,0.0519255563954948,0.0519255563954948,0.0721723491234661,0.0309034805900011,0.125022139294205,0.0519255563954948,0.100447398728772,0.0519255563954948,0.0519255563954948,0.0519255563954948,0.0309034805900011,0.0519255563954948,0.0647333284560729,0.100447398728772,0.0519255563954948,0.100447398728772,0.0519255563954948,0.100447398728772,0.0519255563954948,0.0519255563954948,0.0647333284560729,0.100447398728772,0.0309034805900011,0.100447398728772,0.0519255563954948,0.100447398728772,0.100447398728772,0.100447398728772,0.0729826923067274,0.0309034805900011,0.0519255563954948,0.100447398728772,0.0721723491234661,0.0519255563954948,0.0309034805900011,0.0647333284560729,0.100447398728772,0.0647333284560729,0.0309034805900011,0.0519255563954948,0.0519255563954948
"11",0.0647333284560729,0.0309034805900011,0.0519255563954948,0.0519255563954948,0.0519255563954948,0.0519255563954948,0.100447398728772,0.0519255563954948,0.0647333284560729,0.100447398728772,0.0729826923067274,0.0519255563954948,0.0519255563954948,0.0519255563954948,0.0309034805900011,0.0519255563954948,0.0729826923067274,0.119625187648883,0.119625187648883,0.100447398728772,0.0519255563954948,0.0309034805900011,0.125022139294205,0.100447398728772,0.0647333284560729,0.0519255563954948,0.0519255563954948,0.0519255563954948,0.0519255563954948,0.0519255563954948,0.0647333284560729,0.0519255563954948,0.0519255563954948,0.100447398728772,0.0519255563954948,0.0519255563954948,0.119625187648883,0.0519255563954948,0.0519255563954948,0.0519255563954948,0.0729826923067274,0.0519255563954948,0.0721723491234661,0.0309034805900011,0.0519255563954948,0.0519255563954948,0.119625187648883,0.0519255563954948,0.0309034805900011,0.119625187648883,0.125022139294205,0.0519255563954948,0.0519255563954948,0.0519255563954948,0.0647333284560729,0.0519255563954948,0.0647333284560729,0.0647333284560729,0.0519255563954948,0.0519255563954948,0.0519255563954948,0.0721723491234661,0.0309034805900011,0.0647333284560729,0.0519255563954948,0.100447398728772,0.0519255563954948,0.0519255563954948,0.0519255563954948,0.0309034805900011,0.0519255563954948,0.0647333284560729,0.100447398728772,0.0519255563954948,0.100447398728772,0.0519255563954948,0.100447398728772,0.0519255563954948,0.0519255563954948,0.0519255563954948,0.100447398728772,0.0309034805900011,0.100447398728772,0.0519255563954948,0.100447398728772,0.100447398728772,0.100447398728772,0.0729826923067274,0.0309034805900011,0.0519255563954948,0.100447398728772,0.0721723491234661,0.0519255563954948,0.0309034805900011,0.0647333284560729,0.100447398728772,0.0647333284560729,0.0309034805900011,0.0519255563954948,0.0519255563954948
"12",0.0647333284560729,0.0309034805900011,0.0519255563954948,0.0309034805900011,0.0519255563954948,0.0519255563954948,0.100447398728772,0.0519255563954948,0.0647333284560729,0.0647333284560729,0.0647333284560729,0.0519255563954948,0.0519255563954948,0.0519255563954948,0.0309034805900011,0.0519255563954948,0.0647333284560729,0.119625187648883,0.119625187648883,0.100447398728772,0.0519255563954948,0.0309034805900011,0.125022139294205,0.100447398728772,0.0647333284560729,0.0519255563954948,0.0309034805900011,0.0519255563954948,0.0519255563954948,0.0519255563954948,0.0647333284560729,0.0519255563954948,0.0519255563954948,0.100447398728772,0.0519255563954948,0.0519255563954948,0.119625187648883,0.0519255563954948,0.0519255563954948,0.0519255563954948,0.0729826923067274,0.0519255563954948,0.0721723491234661,0.0309034805900011,0.0519255563954948,0.0519255563954948,0.119625187648883,0.0519255563954948,0.0309034805900011,0.119625187648883,0.125022139294205,0.0519255563954948,0.0519255563954948,0.0519255563954948,0.0647333284560729,0.0519255563954948,0.0647333284560729,0.0647333284560729,0.0519255563954948,0.0519255563954948,0.0519255563954948,0.0519255563954948,0.0309034805900011,0.0647333284560729,0.0519255563954948,0.100447398728772,0.0519255563954948,0.0519255563954948,0.0519255563954948,0.0309034805900011,0.0519255563954948,0.0647333284560729,0.100447398728772,0.0519255563954948,0.0729826923067274,0.0519255563954948,0.100447398728772,0.0519255563954948,0.0519255563954948,0.0519255563954948,0.100447398728772,0.0309034805900011,0.100447398728772,0.0519255563954948,0.100447398728772,0.100447398728772,0.100447398728772,0.0647333284560729,0.0309034805900011,0.0519255563954948,0.100447398728772,0.0721723491234661,0.0519255563954948,0.0309034805900011,0.0647333284560729,0.100447398728772,0.0647333284560729,0.0309034805900011,0.0519255563954948,0.0519255563954948
"13",0.0647333284560729,0.0309034805900011,0.0519255563954948,0.0309034805900011,0.0519255563954948,0.0519255563954948,0.100447398728772,0.0519255563954948,0.0647333284560729,0.0647333284560729,0.0647333284560729,0.0519255563954948,0.0519255563954948,0.0309034805900011,0.0309034805900011,0.0519255563954948,0.0519255563954948,0.0647333284560729,0.119625187648883,0.100447398728772,0.0519255563954948,0.0309034805900011,0.125022139294205,0.100447398728772,0.0309034805900011,0.0519255563954948,0.0309034805900011,0.0519255563954948,0.0519255563954948,0.0519255563954948,0.0647333284560729,0.0519255563954948,0.0519255563954948,0.0729826923067274,0.0519255563954948,0.0519255563954948,0.119625187648883,0.0309034805900011,0.0519255563954948,0.0519255563954948,0.0647333284560729,0.0519255563954948,0.0721723491234661,0.0309034805900011,0.0519255563954948,0.0519255563954948,0.0721723491234661,0.0519255563954948,0.0309034805900011,0.119625187648883,0.125022139294205,0.0519255563954948,0.0519255563954948,0.0519255563954948,0.0647333284560729,0.0519255563954948,0.0309034805900011,0.0647333284560729,0.0519255563954948,0.0309034805900011,0.0519255563954948,0.0519255563954948,0.0309034805900011,0.0309034805900011,0.0519255563954948,0.100447398728772,0.0519255563954948,0.0519255563954948,0.0519255563954948,0.0309034805900011,0.0519255563954948,0.0647333284560729,0.100447398728772,0.0519255563954948,0.0647333284560729,0.0519255563954948,0.100447398728772,0.0309034805900011,0.0519255563954948,0.0519255563954948,0.100447398728772,0.0309034805900011,0.0519255563954948,0.0519255563954948,0.100447398728772,0.100447398728772,0.100447398728772,0.0309034805900011,0.0309034805900011,0.0519255563954948,0.100447398728772,0.0309034805900011,0.0309034805900011,0.0309034805900011,0.0647333284560729,0.100447398728772,0.0647333284560729,0.0309034805900011,0.0519255563954948,0.0519255563954948
"14",0.0647333284560729,0.0309034805900011,0.0519255563954948,0.0309034805900011,0.0519255563954948,0.0519255563954948,0.100447398728772,0.0519255563954948,0.0647333284560729,0.0647333284560729,0.0647333284560729,0.0519255563954948,0.0519255563954948,0.0309034805900011,0.0309034805900011,0.0519255563954948,0.0519255563954948,0.0536060385757388,0.0647333284560729,0.100447398728772,0.0519255563954948,0.0309034805900011,0.0721723491234661,0.100447398728772,0.0309034805900011,0.0519255563954948,0.0309034805900011,0.0519255563954948,0.0519255563954948,0.0519255563954948,0.0647333284560729,0.0519255563954948,0.0519255563954948,0.0729826923067274,0.0519255563954948,0.0519255563954948,0.119625187648883,0.0309034805900011,0.0519255563954948,0.0519255563954948,0.0519255563954948,0.0519255563954948,0.0647333284560729,0.0309034805900011,0.0519255563954948,0.0519255563954948,0.0721723491234661,0.0519255563954948,0.0309034805900011,0.119625187648883,0.125022139294205,0.0519255563954948,0.0519255563954948,0.0519255563954948,0.0647333284560729,0.0519255563954948,0.0309034805900011,0.0647333284560729,0.0519255563954948,0.0309034805900011,0.0519255563954948,0.0519255563954948,0.0309034805900011,0.0309034805900011,0.0309034805900011,0.100447398728772,0.0519255563954948,0.0519255563954948,0.0519255563954948,0.0309034805900011,0.0519255563954948,0.0647333284560729,0.100447398728772,0.0519255563954948,0.0309034805900011,0.0519255563954948,0.100447398728772,0.0309034805900011,0.0519255563954948,0.0519255563954948,0.100447398728772,0.0309034805900011,0.0519255563954948,0.0519255563954948,0.100447398728772,0.100447398728772,0.100447398728772,0.0309034805900011,0.0309034805900011,0.0519255563954948,0.0729826923067274,0.0309034805900011,0.0309034805900011,0.0309034805900011,0.0647333284560729,0.100447398728772,0.0647333284560729,0.0309034805900011,0.0519255563954948,0.0519255563954948
"15",0.0647333284560729,0.0309034805900011,0.0519255563954948,0.0309034805900011,0.0519255563954948,0.0519255563954948,0.100447398728772,0.0519255563954948,0.0647333284560729,0.0519255563954948,0.0647333284560729,0.0519255563954948,0.0519255563954948,0.0309034805900011,0.0309034805900011,0.0519255563954948,0.0309034805900011,0.0536060385757388,0.0647333284560729,0.100447398728772,0.0519255563954948,0.0309034805900011,0.0721723491234661,0.100447398728772,0.0309034805900011,0.0309034805900011,0.0309034805900011,0.0519255563954948,0.0519255563954948,0.0519255563954948,0.0647333284560729,0.0309034805900011,0.0519255563954948,0.0729826923067274,0.0519255563954948,0.0309034805900011,0.0647333284560729,0.0309034805900011,0.0519255563954948,0.0519255563954948,0.0519255563954948,0.0519255563954948,0.0647333284560729,0.0309034805900011,0.0519255563954948,0.0519255563954948,0.0532695260812023,0.0519255563954948,0.0309034805900011,0.119625187648883,0.125022139294205,0.0519255563954948,0.0519255563954948,0.0519255563954948,0.0647333284560729,0.0519255563954948,0.0309034805900011,0.0309034805900011,0.0519255563954948,0.0309034805900011,0.0519255563954948,0.0519255563954948,0.0309034805900011,0.0309034805900011,0.0309034805900011,0.100447398728772,0.0519255563954948,0.0519255563954948,0.0519255563954948,0.0309034805900011,0.0519255563954948,0.0536060385757388,0.100447398728772,0.0519255563954948,0.0309034805900011,0.0519255563954948,0.100447398728772,0.0309034805900011,0.0519255563954948,0.0519255563954948,0.0729826923067274,0.0309034805900011,0.0519255563954948,0.0519255563954948,0.100447398728772,0.100447398728772,0.100447398728772,0.0309034805900011,0.0309034805900011,0.0519255563954948,0.0647333284560729,0.0309034805900011,0.0309034805900011,0.0309034805900011,0.0647333284560729,0.100447398728772,0.0519255563954948,0.0309034805900011,0.0519255563954948,0.0519255563954948
"16",0.0647333284560729,0.0309034805900011,0.0519255563954948,0.0309034805900011,0.0519255563954948,0.0519255563954948,0.100447398728772,0.0519255563954948,0.0309034805900011,0.0519255563954948,0.0519255563954948,0.0519255563954948,0.0519255563954948,0.0309034805900011,0.0309034805900011,0.0519255563954948,0.0309034805900011,0.0309034805900011,0.0647333284560729,0.100447398728772,0.0519255563954948,0.0309034805900011,0.0721723491234661,0.100447398728772,0.0309034805900011,0.0309034805900011,0.0309034805900011,0.0519255563954948,0.0519255563954948,0.0519255563954948,0.0647333284560729,0.0309034805900011,0.0519255563954948,0.0647333284560729,0.0519255563954948,0.0309034805900011,0.0647333284560729,0.0309034805900011,0.0519255563954948,0.0519255563954948,0.0519255563954948,0.0519255563954948,0.0519255563954948,0.0309034805900011,0.0519255563954948,0.0519255563954948,0.0532695260812023,0.0519255563954948,0.0309034805900011,0.119625187648883,0.125022139294205,0.0309034805900011,0.0519255563954948,0.0519255563954948,0.0647333284560729,0.0519255563954948,0.0309034805900011,0.0309034805900011,0.0519255563954948,0.0309034805900011,0.0519255563954948,0.0519255563954948,0.0309034805900011,0.0309034805900011,0.0309034805900011,0.100447398728772,0.0519255563954948,0.0519255563954948,0.0519255563954948,0.0309034805900011,0.0519255563954948,0.0536060385757388,0.100447398728772,0.0519255563954948,0.0309034805900011,0.0519255563954948,0.0647333284560729,0.0309034805900011,0.0519255563954948,0.0519255563954948,0.0729826923067274,0.0309034805900011,0.0519255563954948,0.0519255563954948,0.100447398728772,0.100447398728772,0.100447398728772,0.0309034805900011,0.0309034805900011,0.0519255563954948,0.0309034805900011,0.0309034805900011,0.0309034805900011,0.0309034805900011,0.0647333284560729,0.0647333284560729,0.0519255563954948,0.0309034805900011,0.0519255563954948,0.0519255563954948
"17",0.0647333284560729,0.0309034805900011,0.0519255563954948,0.0309034805900011,0.0519255563954948,0.0309034805900011,0.100447398728772,0.0519255563954948,0.0309034805900011,0.0519255563954948,0.0519255563954948,0.0519255563954948,0.0519255563954948,0.0309034805900011,0.0309034805900011,0.0519255563954948,0.0309034805900011,0.0309034805900011,0.0309034805900011,0.100447398728772,0.0519255563954948,0.0309034805900011,0.0721723491234661,0.100447398728772,0.0309034805900011,0.0309034805900011,0.0309034805900011,0.0309034805900011,0.0519255563954948,0.0309034805900011,0.0647333284560729,0.0309034805900011,0.0309034805900011,0.0309034805900011,0.0519255563954948,0.0309034805900011,0.0647333284560729,0.0309034805900011,0.0309034805900011,0.0309034805900011,0.0519255563954948,0.0519255563954948,0.0519255563954948,0.0309034805900011,0.0519255563954948,0.0519255563954948,0.0532695260812023,0.0519255563954948,0.0309034805900011,0.119625187648883,0.125022139294205,0.0309034805900011,0.0519255563954948,0.0519255563954948,0.0647333284560729,0.0309034805900011,0.0309034805900011,0.0309034805900011,0.0519255563954948,0.0309034805900011,0.0519255563954948,0.0519255563954948,0.0309034805900011,0.0309034805900011,0.0309034805900011,0.100447398728772,0.0519255563954948,0.0519255563954948,0.0519255563954948,0.0309034805900011,0.0309034805900011,0.0536060385757388,0.100447398728772,0.0519255563954948,0.0309034805900011,0.0519255563954948,0.0647333284560729,0.0309034805900011,0.0519255563954948,0.0519255563954948,0.0647333284560729,0.0309034805900011,0.0519255563954948,0.0519255563954948,0.100447398728772,0.0729826923067274,0.100447398728772,0.0309034805900011,0.0309034805900011,0.0519255563954948,0.0309034805900011,0.0309034805900011,0.0309034805900011,0.0309034805900011,0.0647333284560729,0.0309034805900011,0.0309034805900011,0.0309034805900011,0.0519255563954948,0.0309034805900011
"18",0.0647333284560729,0.0309034805900011,0.0519255563954948,0.0309034805900011,0.0519255563954948,0.0309034805900011,0.100447398728772,0.0519255563954948,0.0309034805900011,0.0519255563954948,0.0519255563954948,0.0519255563954948,0.0519255563954948,0.0309034805900011,0.0309034805900011,0.0519255563954948,0.0309034805900011,0.0309034805900011,0.0309034805900011,0.100447398728772,0.0519255563954948,0.0309034805900011,0.0519255563954948,0.100447398728772,0.0309034805900011,0.0309034805900011,0.0309034805900011,0.0309034805900011,0.0309034805900011,0.0309034805900011,0.0647333284560729,0.0309034805900011,0.0309034805900011,0.0309034805900011,0.0519255563954948,0.0309034805900011,0.0309034805900011,0.0309034805900011,0.0309034805900011,0.0309034805900011,0.0519255563954948,0.0519255563954948,0.0519255563954948,0.0309034805900011,0.0519255563954948,0.0519255563954948,0.0519255563954948,0.0519255563954948,0.0309034805900011,0.119625187648883,0.125022139294205,0.0309034805900011,0.0309034805900011,0.0519255563954948,0.0647333284560729,0.0309034805900011,0.0309034805900011,0.0309034805900011,0.0519255563954948,0.0309034805900011,0.0309034805900011,0.0519255563954948,0.0309034805900011,0.0309034805900011,0.0309034805900011,0.100447398728772,0.0309034805900011,0.0519255563954948,0.0309034805900011,0.0309034805900011,0.0309034805900011,0.0309034805900011,0.0721723491234661,0.0519255563954948,0.0309034805900011,0.0519255563954948,0.0647333284560729,0.0309034805900011,0.0519255563954948,0.0519255563954948,0.0647333284560729,0.0309034805900011,0.0519255563954948,0.0519255563954948,0.100447398728772,0.0729826923067274,0.100447398728772,0.0309034805900011,0.0309034805900011,0.0519255563954948,0.0309034805900011,0.0309034805900011,0.0309034805900011,0.0309034805900011,0.0647333284560729,0.0309034805900011,0.0309034805900011,0.0309034805900011,0.0519255563954948,0.0309034805900011
"19",0.0309034805900011,0.0309034805900011,0.0519255563954948,0.0309034805900011,0.0519255563954948,0.0309034805900011,0.0729826923067274,0.0519255563954948,0.0309034805900011,0.0309034805900011,0.0309034805900011,0.0519255563954948,0.0519255563954948,0.0309034805900011,0.0309034805900011,0.0519255563954948,0.0309034805900011,0.0309034805900011,0.0309034805900011,0.100447398728772,0.0519255563954948,0.0309034805900011,0.0519255563954948,0.100447398728772,0.0309034805900011,0.0309034805900011,0.0309034805900011,0.0309034805900011,0.0309034805900011,0.0309034805900011,0.0647333284560729,0.0309034805900011,0.0309034805900011,0.0309034805900011,0.0519255563954948,0.0309034805900011,0.0309034805900011,0.0309034805900011,0.0309034805900011,0.0309034805900011,0.0519255563954948,0.0519255563954948,0.0519255563954948,0.0309034805900011,0.0519255563954948,0.0309034805900011,0.0519255563954948,0.0519255563954948,0.0309034805900011,0.119625187648883,0.125022139294205,0.0309034805900011,0.0309034805900011,0.0519255563954948,0.0647333284560729,0.0309034805900011,0.0309034805900011,0.0309034805900011,0.0519255563954948,0.0309034805900011,0.0309034805900011,0.0519255563954948,0.0309034805900011,0.0309034805900011,0.0309034805900011,0.100447398728772,0.0309034805900011,0.0519255563954948,0.0309034805900011,0.0309034805900011,0.0309034805900011,0.0309034805900011,0.0721723491234661,0.0519255563954948,0.0309034805900011,0.0309034805900011,0.0647333284560729,0.0309034805900011,0.0519255563954948,0.0519255563954948,0.0647333284560729,0.0309034805900011,0.0519255563954948,0.0519255563954948,0.0729826923067274,0.0729826923067274,0.100447398728772,0.0309034805900011,0.0309034805900011,0.0519255563954948,0.0309034805900011,0.0309034805900011,0.0309034805900011,0.0309034805900011,0.0647333284560729,0.0309034805900011,0.0309034805900011,0.0309034805900011,0.0309034805900011,0.0309034805900011
"20",0.0309034805900011,0.0309034805900011,0.0519255563954948,0.0309034805900011,0.0519255563954948,0.0309034805900011,0.0729826923067274,0.0519255563954948,0.0309034805900011,0.0309034805900011,0.0309034805900011,0.0519255563954948,0.0519255563954948,0.0309034805900011,0.0309034805900011,0.0309034805900011,0.0309034805900011,0.0309034805900011,0.0309034805900011,0.100447398728772,0.0519255563954948,0.0309034805900011,0.0519255563954948,0.100447398728772,0.0309034805900011,0.0309034805900011,0.0309034805900011,0.0309034805900011,0.0309034805900011,0.0309034805900011,0.0647333284560729,0.0309034805900011,0.0309034805900011,0.0309034805900011,0.0519255563954948,0.0309034805900011,0.0309034805900011,0.0309034805900011,0.0309034805900011,0.0309034805900011,0.0519255563954948,0.0519255563954948,0.0309034805900011,0.0309034805900011,0.0519255563954948,0.0309034805900011,0.0519255563954948,0.0309034805900011,0.0309034805900011,0.119625187648883,0.125022139294205,0.0309034805900011,0.0309034805900011,0.0309034805900011,0.0647333284560729,0.0309034805900011,0.0309034805900011,0.0309034805900011,0.0519255563954948,0,0.0309034805900011,0.0519255563954948,0.0309034805900011,0.0309034805900011,0.0309034805900011,0.100447398728772,0.0309034805900011,0.0519255563954948,0.0309034805900011,0.0309034805900011,0.0309034805900011,0.0309034805900011,0.0721723491234661,0.0519255563954948,0.0309034805900011,0.0309034805900011,0.0647333284560729,0.0309034805900011,0.0519255563954948,0.0519255563954948,0.0309034805900011,0.0309034805900011,0.0519255563954948,0.0519255563954948,0.0519255563954948,0.0519255563954948,0.0729826923067274,0.0309034805900011,0.0309034805900011,0.0309034805900011,0.0309034805900011,0.0309034805900011,0.0309034805900011,0.0309034805900011,0.0647333284560729,0.0309034805900011,0.0309034805900011,0.0309034805900011,0.0309034805900011,0.0309034805900011
"21",0.0309034805900011,0.0309034805900011,0.0519255563954948,0.0309034805900011,0.0519255563954948,0.0309034805900011,0.0309034805900011,0.0519255563954948,0.0309034805900011,0.0309034805900011,0.0309034805900011,0.0309034805900011,0.0519255563954948,0.0309034805900011,0.0309034805900011,0.0309034805900011,0.0309034805900011,0.0309034805900011,0.0309034805900011,0.100447398728772,0.0519255563954948,0.0309034805900011,0.0519255563954948,0.100447398728772,0.0309034805900011,0.0309034805900011,0.0309034805900011,0.0309034805900011,0.0309034805900011,0.0309034805900011,0.0647333284560729,0.0309034805900011,0.0309034805900011,0.0309034805900011,0.0519255563954948,0.0309034805900011,0.0309034805900011,0.0309034805900011,0.0309034805900011,0.0309034805900011,0.0519255563954948,0.0519255563954948,0.0309034805900011,0.0309034805900011,0.0309034805900011,0.0309034805900011,0.0519255563954948,0.0309034805900011,0.0309034805900011,0.119625187648883,0.125022139294205,0.0309034805900011,0.0309034805900011,0.0309034805900011,0.0647333284560729,0.0309034805900011,0.0309034805900011,0.0309034805900011,0.0519255563954948,0,0.0309034805900011,0.0519255563954948,0.0309034805900011,0.0309034805900011,0.0309034805900011,0.100447398728772,0.0309034805900011,0.0519255563954948,0.0309034805900011,0.0309034805900011,0.0309034805900011,0.0309034805900011,0.0721723491234661,0.0519255563954948,0.0309034805900011,0.0309034805900011,0.0647333284560729,0.0309034805900011,0.0519255563954948,0.0309034805900011,0.0309034805900011,0.0309034805900011,0.0519255563954948,0.0519255563954948,0.0519255563954948,0.0519255563954948,0.0729826923067274,0.0309034805900011,0.0309034805900011,0.0309034805900011,0.0309034805900011,0.0309034805900011,0.0309034805900011,0.0309034805900011,0.0647333284560729,0.0309034805900011,0.0309034805900011,0.0309034805900011,0.0309034805900011,0.0309034805900011
"22",0.0309034805900011,0.0309034805900011,0.0519255563954948,0.0309034805900011,0.0519255563954948,0.0309034805900011,0.0309034805900011,0.0519255563954948,0.0309034805900011,0.0309034805900011,0.0309034805900011,0.0309034805900011,0.0519255563954948,0.0309034805900011,0.0309034805900011,0.0309034805900011,0.0309034805900011,0.0309034805900011,0.0309034805900011,0.0729826923067274,0.0519255563954948,0.0309034805900011,0.0519255563954948,0.100447398728772,0.0309034805900011,0.0309034805900011,0.0309034805900011,0.0309034805900011,0.0309034805900011,0.0309034805900011,0.0647333284560729,0.0309034805900011,0.0309034805900011,0.0309034805900011,0.0519255563954948,0.0309034805900011,0.0309034805900011,0.0309034805900011,0.0309034805900011,0.0309034805900011,0.0519255563954948,0.0519255563954948,0.0309034805900011,0.0309034805900011,0.0309034805900011,0.0309034805900011,0.0519255563954948,0.0309034805900011,0.0309034805900011,0.119625187648883,0.0729826923067274,0.0309034805900011,0.0309034805900011,0.0309034805900011,0.0647333284560729,0.0309034805900011,0.0309034805900011,0.0309034805900011,0.0309034805900011,0,0.0309034805900011,0.0519255563954948,0.0309034805900011,0.0309034805900011,0.0309034805900011,0.100447398728772,0.0309034805900011,0.0519255563954948,0.0309034805900011,0.0309034805900011,0.0309034805900011,0.0309034805900011,0.0721723491234661,0.0519255563954948,0.0309034805900011,0.0309034805900011,0.0647333284560729,0.0309034805900011,0.0519255563954948,0.0309034805900011,0.0309034805900011,0.0309034805900011,0.0519255563954948,0.0519255563954948,0.0519255563954948,0.0309034805900011,0.0729826923067274,0.0309034805900011,0.0309034805900011,0.0309034805900011,0.0309034805900011,0.0309034805900011,0.0309034805900011,0.0309034805900011,0.0647333284560729,0.0309034805900011,0.0309034805900011,0.0309034805900011,0.0309034805900011,0.0309034805900011
"23",0.0309034805900011,0.0309034805900011,0.0309034805900011,0.0309034805900011,0.0519255563954948,0.0309034805900011,0.0309034805900011,0.0519255563954948,0.0309034805900011,0.0309034805900011,0.0309034805900011,0.0309034805900011,0.0519255563954948,0.0309034805900011,0.0309034805900011,0.0309034805900011,0.0309034805900011,0.0309034805900011,0.0309034805900011,0.0729826923067274,0.0519255563954948,0.0309034805900011,0.0519255563954948,0.100447398728772,0.0309034805900011,0.0309034805900011,0.0309034805900011,0.0309034805900011,0.0309034805900011,0.0309034805900011,0.0647333284560729,0.0309034805900011,0.0309034805900011,0.0309034805900011,0.0519255563954948,0.0309034805900011,0.0309034805900011,0.0309034805900011,0.0309034805900011,0.0309034805900011,0.0519255563954948,0.0519255563954948,0.0309034805900011,0.0309034805900011,0.0309034805900011,0.0309034805900011,0.0309034805900011,0.0309034805900011,0.0309034805900011,0.119625187648883,0.0729826923067274,0.0309034805900011,0.0309034805900011,0.0309034805900011,0.0647333284560729,0.0309034805900011,0.0309034805900011,0.0309034805900011,0.0309034805900011,0,0.0309034805900011,0.0519255563954948,0.0309034805900011,0.0309034805900011,0.0309034805900011,0.100447398728772,0.0309034805900011,0.0519255563954948,0.0309034805900011,0.0309034805900011,0.0309034805900011,0.0309034805900011,0.0721723491234661,0.0519255563954948,0.0309034805900011,0.0309034805900011,0.0519255563954948,0.0309034805900011,0.0519255563954948,0.0309034805900011,0.0309034805900011,0.0309034805900011,0.0519255563954948,0.0519255563954948,0.0519255563954948,0.0309034805900011,0.0729826923067274,0.0309034805900011,0,0.0309034805900011,0.0309034805900011,0.0309034805900011,0.0309034805900011,0.0309034805900011,0.0647333284560729,0.0309034805900011,0.0309034805900011,0.0309034805900011,0.0309034805900011,0.0309034805900011
"24",0.0309034805900011,0.0309034805900011,0.0309034805900011,0.0309034805900011,0.0519255563954948,0.0309034805900011,0.0309034805900011,0.0519255563954948,0.0309034805900011,0.0309034805900011,0.0309034805900011,0.0309034805900011,0.0519255563954948,0,0.0309034805900011,0.0309034805900011,0.0309034805900011,0.0309034805900011,0.0309034805900011,0.0647333284560729,0.0519255563954948,0.0309034805900011,0.0519255563954948,0.100447398728772,0.0309034805900011,0.0309034805900011,0.0309034805900011,0.0309034805900011,0.0309034805900011,0.0309034805900011,0.0647333284560729,0.0309034805900011,0.0309034805900011,0.0309034805900011,0.0519255563954948,0.0309034805900011,0.0309034805900011,0.0309034805900011,0.0309034805900011,0.0309034805900011,0.0309034805900011,0.0519255563954948,0.0309034805900011,0.0309034805900011,0.0309034805900011,0.0309034805900011,0.0309034805900011,0.0309034805900011,0.0309034805900011,0.119625187648883,0.0729826923067274,0.0309034805900011,0.0309034805900011,0.0309034805900011,0.0647333284560729,0.0309034805900011,0.0309034805900011,0.0309034805900011,0.0309034805900011,0,0.0309034805900011,0.0519255563954948,0.0309034805900011,0.0309034805900011,0.0309034805900011,0.100447398728772,0.0309034805900011,0.0309034805900011,0.0309034805900011,0.0309034805900011,0.0309034805900011,0.0309034805900011,0.0721723491234661,0.0519255563954948,0.0309034805900011,0.0309034805900011,0.0519255563954948,0.0309034805900011,0.0519255563954948,0.0309034805900011,0.0309034805900011,0,0.0519255563954948,0.0519255563954948,0.0309034805900011,0.0309034805900011,0.0729826923067274,0.0309034805900011,0,0.0309034805900011,0.0309034805900011,0.0309034805900011,0.0309034805900011,0.0309034805900011,0.0647333284560729,0.0309034805900011,0.0309034805900011,0.0309034805900011,0.0309034805900011,0.0309034805900011
"25",0.0309034805900011,0.0309034805900011,0.0309034805900011,0.0309034805900011,0.0519255563954948,0.0309034805900011,0.0309034805900011,0.0519255563954948,0.0309034805900011,0.0309034805900011,0.0309034805900011,0.0309034805900011,0.0519255563954948,0,0.0309034805900011,0.0309034805900011,0.0309034805900011,0.0309034805900011,0.0309034805900011,0.0309034805900011,0.0519255563954948,0.0309034805900011,0.0519255563954948,0.100447398728772,0.0309034805900011,0.0309034805900011,0.0309034805900011,0.0309034805900011,0.0309034805900011,0,0.0647333284560729,0.0309034805900011,0.0309034805900011,0.0309034805900011,0.0519255563954948,0.0309034805900011,0.0309034805900011,0.0309034805900011,0.0309034805900011,0.0309034805900011,0.0309034805900011,0.0519255563954948,0.0309034805900011,0.0309034805900011,0.0309034805900011,0.0309034805900011,0.0309034805900011,0,0.0309034805900011,0.119625187648883,0.0647333284560729,0.0309034805900011,0.0309034805900011,0.0309034805900011,0.0519255563954948,0.0309034805900011,0.0309034805900011,0,0.0309034805900011,0,0.0309034805900011,0.0519255563954948,0.0309034805900011,0.0309034805900011,0.0309034805900011,0.100447398728772,0.0309034805900011,0.0309034805900011,0.0309034805900011,0.0309034805900011,0.0309034805900011,0.0309034805900011,0.0721723491234661,0.0519255563954948,0.0309034805900011,0.0309034805900011,0.0309034805900011,0.0309034805900011,0.0519255563954948,0.0309034805900011,0.0309034805900011,0,0.0309034805900011,0.0519255563954948,0.0309034805900011,0.0309034805900011,0.0647333284560729,0.0309034805900011,0,0.0309034805900011,0.0309034805900011,0.0309034805900011,0.0309034805900011,0.0309034805900011,0.0647333284560729,0.0309034805900011,0.0309034805900011,0.0309034805900011,0.0309034805900011,0.0309034805900011
"26",0.0309034805900011,0.0309034805900011,0.0309034805900011,0.0309034805900011,0.0519255563954948,0.0309034805900011,0.0309034805900011,0.0519255563954948,0.0309034805900011,0.0309034805900011,0.0309034805900011,0.0309034805900011,0.0519255563954948,0,0.0309034805900011,0.0309034805900011,0.0309034805900011,0.0309034805900011,0.0309034805900011,0.0309034805900011,0.0519255563954948,0.0309034805900011,0.0519255563954948,0.0729826923067274,0.0309034805900011,0.0309034805900011,0.0309034805900011,0.0309034805900011,0.0309034805900011,0,0.0647333284560729,0.0309034805900011,0.0309034805900011,0.0309034805900011,0.0519255563954948,0.0309034805900011,0.0309034805900011,0.0309034805900011,0.0309034805900011,0.0309034805900011,0.0309034805900011,0.0519255563954948,0.0309034805900011,0.0309034805900011,0.0309034805900011,0.0309034805900011,0.0309034805900011,0,0.0309034805900011,0.0647333284560729,0.0309034805900011,0.0309034805900011,0.0309034805900011,0.0309034805900011,0.0519255563954948,0.0309034805900011,0.0309034805900011,0,0.0309034805900011,0,0.0309034805900011,0.0519255563954948,0.0309034805900011,0.0309034805900011,0.0309034805900011,0.100447398728772,0.0309034805900011,0.0309034805900011,0.0309034805900011,0.0309034805900011,0.0309034805900011,0.0309034805900011,0.0721723491234661,0.0519255563954948,0.0309034805900011,0.0309034805900011,0.0309034805900011,0.0309034805900011,0.0519255563954948,0.0309034805900011,0.0309034805900011,0,0.0309034805900011,0.0519255563954948,0.0309034805900011,0.0309034805900011,0.0647333284560729,0.0309034805900011,0,0.0309034805900011,0.0309034805900011,0.0309034805900011,0.0309034805900011,0.0309034805900011,0.0647333284560729,0.0309034805900011,0.0309034805900011,0.0309034805900011,0.0309034805900011,0.0309034805900011
"27",0.0309034805900011,0.0309034805900011,0.0309034805900011,0.0309034805900011,0.0519255563954948,0.0309034805900011,0.0309034805900011,0.0519255563954948,0.0309034805900011,0.0309034805900011,0.0309034805900011,0.0309034805900011,0.0519255563954948,0,0.0309034805900011,0.0309034805900011,0.0309034805900011,0.0309034805900011,0.0309034805900011,0.0309034805900011,0.0519255563954948,0.0309034805900011,0.0519255563954948,0.0647333284560729,0.0309034805900011,0.0309034805900011,0.0309034805900011,0.0309034805900011,0.0309034805900011,0,0.0647333284560729,0.0309034805900011,0.0309034805900011,0.0309034805900011,0.0519255563954948,0.0309034805900011,0.0309034805900011,0.0309034805900011,0.0309034805900011,0.0309034805900011,0.0309034805900011,0.0519255563954948,0.0309034805900011,0.0309034805900011,0.0309034805900011,0.0309034805900011,0.0309034805900011,0,0.0309034805900011,0.0647333284560729,0.0309034805900011,0.0309034805900011,0.0309034805900011,0.0309034805900011,0.0309034805900011,0.0309034805900011,0.0309034805900011,0,0.0309034805900011,0,0.0309034805900011,0.0519255563954948,0.0309034805900011,0.0309034805900011,0.0309034805900011,0.100447398728772,0.0309034805900011,0.0309034805900011,0.0309034805900011,0.0309034805900011,0.0309034805900011,0,0.0647333284560729,0.0519255563954948,0.0309034805900011,0.0309034805900011,0.0309034805900011,0.0309034805900011,0.0519255563954948,0.0309034805900011,0.0309034805900011,0,0.0309034805900011,0.0519255563954948,0.0309034805900011,0.0309034805900011,0.0309034805900011,0.0309034805900011,0,0.0309034805900011,0.0309034805900011,0.0309034805900011,0.0309034805900011,0.0309034805900011,0.0647333284560729,0.0309034805900011,0.0309034805900011,0.0309034805900011,0.0309034805900011,0.0309034805900011
"28",0.0309034805900011,0.0309034805900011,0.0309034805900011,0.0309034805900011,0.0519255563954948,0.0309034805900011,0.0309034805900011,0.0519255563954948,0.0309034805900011,0.0309034805900011,0.0309034805900011,0.0309034805900011,0.0519255563954948,0,0.0309034805900011,0.0309034805900011,0.0309034805900011,0.0309034805900011,0.0309034805900011,0.0309034805900011,0.0309034805900011,0.0309034805900011,0.0519255563954948,0.0309034805900011,0.0309034805900011,0.0309034805900011,0.0309034805900011,0.0309034805900011,0.0309034805900011,0,0.0647333284560729,0.0309034805900011,0.0309034805900011,0.0309034805900011,0.0519255563954948,0.0309034805900011,0.0309034805900011,0.0309034805900011,0.0309034805900011,0.0309034805900011,0.0309034805900011,0.0519255563954948,0.0309034805900011,0.0309034805900011,0.0309034805900011,0.0309034805900011,0.0309034805900011,0,0.0309034805900011,0.0309034805900011,0.0309034805900011,0.0309034805900011,0.0309034805900011,0.0309034805900011,0.0309034805900011,0.0309034805900011,0.0309034805900011,0,0.0309034805900011,0,0.0309034805900011,0.0519255563954948,0.0309034805900011,0.0309034805900011,0.0309034805900011,0.100447398728772,0.0309034805900011,0.0309034805900011,0.0309034805900011,0.0309034805900011,0.0309034805900011,0,0.0647333284560729,0.0519255563954948,0.0309034805900011,0.0309034805900011,0.0309034805900011,0.0309034805900011,0.0519255563954948,0.0309034805900011,0.0309034805900011,0,0.0309034805900011,0.0309034805900011,0.0309034805900011,0.0309034805900011,0.0309034805900011,0.0309034805900011,0,0.0309034805900011,0.0309034805900011,0.0309034805900011,0.0309034805900011,0.0309034805900011,0.0647333284560729,0.0309034805900011,0.0309034805900011,0.0309034805900011,0.0309034805900011,0.0309034805900011
"29",0.0309034805900011,0.0309034805900011,0.0309034805900011,0.0309034805900011,0.0519255563954948,0.0309034805900011,0.0309034805900011,0.0519255563954948,0.0309034805900011,0.0309034805900011,0.0309034805900011,0.0309034805900011,0.0519255563954948,0,0.0309034805900011,0.0309034805900011,0.0309034805900011,0,0.0309034805900011,0.0309034805900011,0.0309034805900011,0.0309034805900011,0.0519255563954948,0.0309034805900011,0.0309034805900011,0.0309034805900011,0.0309034805900011,0.0309034805900011,0.0309034805900011,0,0.0647333284560729,0.0309034805900011,0.0309034805900011,0.0309034805900011,0.0519255563954948,0.0309034805900011,0.0309034805900011,0.0309034805900011,0.0309034805900011,0.0309034805900011,0.0309034805900011,0.0519255563954948,0,0.0309034805900011,0.0309034805900011,0.0309034805900011,0.0309034805900011,0,0.0309034805900011,0.0309034805900011,0.0309034805900011,0.0309034805900011,0.0309034805900011,0.0309034805900011,0.0309034805900011,0.0309034805900011,0.0309034805900011,0,0.0309034805900011,0,0.0309034805900011,0.0519255563954948,0.0309034805900011,0.0309034805900011,0.0309034805900011,0.100447398728772,0.0309034805900011,0.0309034805900011,0.0309034805900011,0.0309034805900011,0.0309034805900011,0,0.0519255563954948,0.0309034805900011,0.0309034805900011,0.0309034805900011,0.0309034805900011,0.0309034805900011,0.0309034805900011,0.0309034805900011,0.0309034805900011,0,0.0309034805900011,0.0309034805900011,0.0309034805900011,0.0309034805900011,0.0309034805900011,0.0309034805900011,0,0.0309034805900011,0.0309034805900011,0.0309034805900011,0.0309034805900011,0.0309034805900011,0.0647333284560729,0.0309034805900011,0.0309034805900011,0.0309034805900011,0.0309034805900011,0.0309034805900011
"30",0.0309034805900011,0.0309034805900011,0.0309034805900011,0.0309034805900011,0.0519255563954948,0.0309034805900011,0.0309034805900011,0.0309034805900011,0.0309034805900011,0.0309034805900011,0.0309034805900011,0.0309034805900011,0.0519255563954948,0,0.0309034805900011,0.0309034805900011,0.0309034805900011,0,0.0309034805900011,0.0309034805900011,0.0309034805900011,0.0309034805900011,0.0519255563954948,0.0309034805900011,0.0309034805900011,0.0309034805900011,0.0309034805900011,0.0309034805900011,0.0309034805900011,0,0.0647333284560729,0.0309034805900011,0.0309034805900011,0.0309034805900011,0.0519255563954948,0.0309034805900011,0.0309034805900011,0.0309034805900011,0.0309034805900011,0.0309034805900011,0.0309034805900011,0.0519255563954948,0,0.0309034805900011,0.0309034805900011,0.0309034805900011,0.0309034805900011,0,0.0309034805900011,0.0309034805900011,0.0309034805900011,0.0309034805900011,0.0309034805900011,0.0309034805900011,0.0309034805900011,0.0309034805900011,0.0309034805900011,0,0.0309034805900011,0,0.0309034805900011,0.0519255563954948,0.0309034805900011,0.0309034805900011,0.0309034805900011,0.100447398728772,0.0309034805900011,0.0309034805900011,0.0309034805900011,0.0309034805900011,0.0309034805900011,0,0.0519255563954948,0.0309034805900011,0.0309034805900011,0.0309034805900011,0.0309034805900011,0.0309034805900011,0.0309034805900011,0.0309034805900011,0.0309034805900011,0,0.0309034805900011,0.0309034805900011,0.0309034805900011,0.0309034805900011,0.0309034805900011,0.0309034805900011,0,0.0309034805900011,0.0309034805900011,0.0309034805900011,0.0309034805900011,0.0309034805900011,0.0309034805900011,0.0309034805900011,0.0309034805900011,0.0309034805900011,0.0309034805900011,0.0309034805900011
"31",0.0309034805900011,0.0309034805900011,0.0309034805900011,0.0309034805900011,0.0519255563954948,0.0309034805900011,0.0309034805900011,0.0309034805900011,0.0309034805900011,0.0309034805900011,0.0309034805900011,0.0309034805900011,0.0519255563954948,0,0.0309034805900011,0.0309034805900011,0.0309034805900011,0,0.0309034805900011,0.0309034805900011,0.0309034805900011,0.0309034805900011,0.0519255563954948,0.0309034805900011,0.0309034805900011,0.0309034805900011,0.0309034805900011,0.0309034805900011,0.0309034805900011,0,0.0309034805900011,0.0309034805900011,0.0309034805900011,0.0309034805900011,0.0519255563954948,0.0309034805900011,0.0309034805900011,0.0309034805900011,0.0309034805900011,0.0309034805900011,0.0309034805900011,0.0519255563954948,0,0.0309034805900011,0.0309034805900011,0.0309034805900011,0.0309034805900011,0,0.0309034805900011,0.0309034805900011,0.0309034805900011,0.0309034805900011,0.0309034805900011,0.0309034805900011,0.0309034805900011,0.0309034805900011,0.0309034805900011,0,0.0309034805900011,0,0.0309034805900011,0.0519255563954948,0.0309034805900011,0.0309034805900011,0.0309034805900011,0.100447398728772,0.0309034805900011,0.0309034805900011,0.0309034805900011,0.0309034805900011,0.0309034805900011,0,0.0519255563954948,0.0309034805900011,0.0309034805900011,0.0309034805900011,0.0309034805900011,0.0309034805900011,0.0309034805900011,0.0309034805900011,0.0309034805900011,0,0.0309034805900011,0.0309034805900011,0.0309034805900011,0.0309034805900011,0.0309034805900011,0.0309034805900011,0,0.0309034805900011,0.0309034805900011,0.0309034805900011,0.0309034805900011,0,0.0309034805900011,0.0309034805900011,0.0309034805900011,0.0309034805900011,0.0309034805900011,0.0309034805900011
"32",0.0309034805900011,0.0309034805900011,0.0309034805900011,0.0309034805900011,0.0519255563954948,0.0309034805900011,0.0309034805900011,0.0309034805900011,0.0309034805900011,0.0309034805900011,0.0309034805900011,0.0309034805900011,0.0309034805900011,0,0.0309034805900011,0.0309034805900011,0.0309034805900011,0,0,0.0309034805900011,0.0309034805900011,0.0309034805900011,0.0519255563954948,0.0309034805900011,0.0309034805900011,0.0309034805900011,0.0309034805900011,0.0309034805900011,0.0309034805900011,0,0.0309034805900011,0.0309034805900011,0.0309034805900011,0.0309034805900011,0,0.0309034805900011,0.0309034805900011,0.0309034805900011,0.0309034805900011,0,0.0309034805900011,0.0519255563954948,0,0.0309034805900011,0.0309034805900011,0.0309034805900011,0.0309034805900011,0,0.0309034805900011,0.0309034805900011,0.0309034805900011,0.0309034805900011,0.0309034805900011,0.0309034805900011,0.0309034805900011,0.0309034805900011,0.0309034805900011,0,0.0309034805900011,0,0.0309034805900011,0.0519255563954948,0.0309034805900011,0.0309034805900011,0.0309034805900011,0.100447398728772,0.0309034805900011,0.0309034805900011,0.0309034805900011,0.0309034805900011,0.0309034805900011,0,0.0519255563954948,0.0309034805900011,0.0309034805900011,0.0309034805900011,0.0309034805900011,0.0309034805900011,0.0309034805900011,0.0309034805900011,0.0309034805900011,0,0.0309034805900011,0.0309034805900011,0.0309034805900011,0.0309034805900011,0.0309034805900011,0.0309034805900011,0,0.0309034805900011,0.0309034805900011,0.0309034805900011,0.0309034805900011,0,0.0309034805900011,0.0309034805900011,0.0309034805900011,0.0309034805900011,0.0309034805900011,0.0309034805900011
"33",0.0309034805900011,0.0309034805900011,0.0309034805900011,0.0309034805900011,0.0519255563954948,0.0309034805900011,0.0309034805900011,0.0309034805900011,0.0309034805900011,0.0309034805900011,0.0309034805900011,0.0309034805900011,0.0309034805900011,0,0.0309034805900011,0.0309034805900011,0.0309034805900011,0,0,0.0309034805900011,0.0309034805900011,0.0309034805900011,0.0519255563954948,0.0309034805900011,0.0309034805900011,0.0309034805900011,0.0309034805900011,0.0309034805900011,0.0309034805900011,0,0.0309034805900011,0.0309034805900011,0.0309034805900011,0.0309034805900011,0,0.0309034805900011,0.0309034805900011,0.0309034805900011,0.0309034805900011,0,0.0309034805900011,0.0519255563954948,0,0.0309034805900011,0.0309034805900011,0.0309034805900011,0.0309034805900011,0,0.0309034805900011,0.0309034805900011,0.0309034805900011,0.0309034805900011,0.0309034805900011,0.0309034805900011,0.0309034805900011,0.0309034805900011,0.0309034805900011,0,0.0309034805900011,0,0.0309034805900011,0.0519255563954948,0.0309034805900011,0.0309034805900011,0.0309034805900011,0.100447398728772,0.0309034805900011,0.0309034805900011,0.0309034805900011,0.0309034805900011,0.0309034805900011,0,0.0519255563954948,0.0309034805900011,0.0309034805900011,0.0309034805900011,0.0309034805900011,0.0309034805900011,0.0309034805900011,0.0309034805900011,0.0309034805900011,0,0.0309034805900011,0.0309034805900011,0.0309034805900011,0.0309034805900011,0.0309034805900011,0,0,0.0309034805900011,0.0309034805900011,0.0309034805900011,0.0309034805900011,0,0.0309034805900011,0.0309034805900011,0.0309034805900011,0.0309034805900011,0.0309034805900011,0.0309034805900011
"34",0.0309034805900011,0.0309034805900011,0.0309034805900011,0.0309034805900011,0.0519255563954948,0.0309034805900011,0.0309034805900011,0.0309034805900011,0.0309034805900011,0.0309034805900011,0.0309034805900011,0.0309034805900011,0.0309034805900011,0,0.0309034805900011,0.0309034805900011,0.0309034805900011,0,0,0.0309034805900011,0.0309034805900011,0.0309034805900011,0.0519255563954948,0.0309034805900011,0.0309034805900011,0.0309034805900011,0.0309034805900011,0.0309034805900011,0.0309034805900011,0,0.0309034805900011,0.0309034805900011,0.0309034805900011,0.0309034805900011,0,0.0309034805900011,0.0309034805900011,0.0309034805900011,0.0309034805900011,0,0.0309034805900011,0.0519255563954948,0,0.0309034805900011,0.0309034805900011,0.0309034805900011,0.0309034805900011,0,0.0309034805900011,0.0309034805900011,0.0309034805900011,0.0309034805900011,0.0309034805900011,0.0309034805900011,0.0309034805900011,0.0309034805900011,0.0309034805900011,0,0.0309034805900011,0,0.0309034805900011,0.0519255563954948,0.0309034805900011,0.0309034805900011,0.0309034805900011,0.100447398728772,0.0309034805900011,0.0309034805900011,0.0309034805900011,0.0309034805900011,0.0309034805900011,0,0.0519255563954948,0.0309034805900011,0.0309034805900011,0.0309034805900011,0.0309034805900011,0.0309034805900011,0.0309034805900011,0.0309034805900011,0.0309034805900011,0,0.0309034805900011,0.0309034805900011,0.0309034805900011,0.0309034805900011,0.0309034805900011,0,0,0.0309034805900011,0.0309034805900011,0.0309034805900011,0.0309034805900011,0,0.0309034805900011,0.0309034805900011,0.0309034805900011,0.0309034805900011,0.0309034805900011,0.0309034805900011
"35",0.0309034805900011,0.0309034805900011,0.0309034805900011,0.0309034805900011,0.0519255563954948,0.0309034805900011,0.0309034805900011,0.0309034805900011,0.0309034805900011,0.0309034805900011,0.0309034805900011,0.0309034805900011,0.0309034805900011,0,0.0309034805900011,0.0309034805900011,0.0309034805900011,0,0,0.0309034805900011,0.0309034805900011,0.0309034805900011,0.0519255563954948,0.0309034805900011,0.0309034805900011,0.0309034805900011,0.0309034805900011,0.0309034805900011,0.0309034805900011,0,0.0309034805900011,0.0309034805900011,0.0309034805900011,0.0309034805900011,0,0.0309034805900011,0.0309034805900011,0.0309034805900011,0.0309034805900011,0,0.0309034805900011,0.0519255563954948,0,0.0309034805900011,0.0309034805900011,0.0309034805900011,0.0309034805900011,0,0.0309034805900011,0.0309034805900011,0.0309034805900011,0.0309034805900011,0.0309034805900011,0.0309034805900011,0.0309034805900011,0.0309034805900011,0.0309034805900011,0,0.0309034805900011,0,0.0309034805900011,0.0519255563954948,0.0309034805900011,0.0309034805900011,0.0309034805900011,0.100447398728772,0.0309034805900011,0.0309034805900011,0.0309034805900011,0.0309034805900011,0.0309034805900011,0,0.0519255563954948,0.0309034805900011,0.0309034805900011,0.0309034805900011,0.0309034805900011,0.0309034805900011,0.0309034805900011,0.0309034805900011,0.0309034805900011,0,0.0309034805900011,0.0309034805900011,0.0309034805900011,0.0309034805900011,0.0309034805900011,0,0,0.0309034805900011,0.0309034805900011,0.0309034805900011,0.0309034805900011,0,0.0309034805900011,0.0309034805900011,0.0309034805900011,0.0309034805900011,0.0309034805900011,0.0309034805900011
"36",0.0309034805900011,0.0309034805900011,0.0309034805900011,0.0309034805900011,0.0309034805900011,0.0309034805900011,0.0309034805900011,0.0309034805900011,0.0309034805900011,0.0309034805900011,0.0309034805900011,0.0309034805900011,0.0309034805900011,0,0.0309034805900011,0.0309034805900011,0.0309034805900011,0,0,0.0309034805900011,0.0309034805900011,0.0309034805900011,0.0519255563954948,0.0309034805900011,0.0309034805900011,0.0309034805900011,0.0309034805900011,0.0309034805900011,0.0309034805900011,0,0.0309034805900011,0.0309034805900011,0.0309034805900011,0.0309034805900011,0,0,0.0309034805900011,0.0309034805900011,0.0309034805900011,0,0.0309034805900011,0.0519255563954948,0,0.0309034805900011,0.0309034805900011,0.0309034805900011,0.0309034805900011,0,0.0309034805900011,0.0309034805900011,0.0309034805900011,0.0309034805900011,0.0309034805900011,0.0309034805900011,0.0309034805900011,0.0309034805900011,0.0309034805900011,0,0,0,0.0309034805900011,0.0519255563954948,0.0309034805900011,0.0309034805900011,0,0.100447398728772,0.0309034805900011,0.0309034805900011,0.0309034805900011,0.0309034805900011,0.0309034805900011,0,0.0519255563954948,0.0309034805900011,0.0309034805900011,0.0309034805900011,0.0309034805900011,0.0309034805900011,0.0309034805900011,0.0309034805900011,0.0309034805900011,0,0.0309034805900011,0.0309034805900011,0.0309034805900011,0.0309034805900011,0.0309034805900011,0,0,0.0309034805900011,0.0309034805900011,0.0309034805900011,0.0309034805900011,0,0.0309034805900011,0.0309034805900011,0.0309034805900011,0.0309034805900011,0.0309034805900011,0.0309034805900011
"37",0.0309034805900011,0.0309034805900011,0.0309034805900011,0.0309034805900011,0.0309034805900011,0.0309034805900011,0.0309034805900011,0.0309034805900011,0.0309034805900011,0.0309034805900011,0.0309034805900011,0.0309034805900011,0.0309034805900011,0,0.0309034805900011,0.0309034805900011,0.0309034805900011,0,0,0.0309034805900011,0.0309034805900011,0.0309034805900011,0.0519255563954948,0.0309034805900011,0.0309034805900011,0,0.0309034805900011,0.0309034805900011,0.0309034805900011,0,0.0309034805900011,0.0309034805900011,0.0309034805900011,0.0309034805900011,0,0,0.0309034805900011,0.0309034805900011,0.0309034805900011,0,0.0309034805900011,0.0519255563954948,0,0.0309034805900011,0.0309034805900011,0.0309034805900011,0.0309034805900011,0,0.0309034805900011,0.0309034805900011,0.0309034805900011,0.0309034805900011,0.0309034805900011,0.0309034805900011,0.0309034805900011,0.0309034805900011,0.0309034805900011,0,0,0,0.0309034805900011,0.0519255563954948,0.0309034805900011,0.0309034805900011,0,0.100447398728772,0.0309034805900011,0.0309034805900011,0.0309034805900011,0.0309034805900011,0.0309034805900011,0,0.0519255563954948,0.0309034805900011,0.0309034805900011,0.0309034805900011,0.0309034805900011,0.0309034805900011,0.0309034805900011,0.0309034805900011,0.0309034805900011,0,0.0309034805900011,0.0309034805900011,0.0309034805900011,0.0309034805900011,0.0309034805900011,0,0,0.0309034805900011,0.0309034805900011,0.0309034805900011,0.0309034805900011,0,0.0309034805900011,0.0309034805900011,0.0309034805900011,0.0309034805900011,0.0309034805900011,0.0309034805900011
"38",0.0309034805900011,0.0309034805900011,0.0309034805900011,0.0309034805900011,0.0309034805900011,0.0309034805900011,0.0309034805900011,0.0309034805900011,0.0309034805900011,0.0309034805900011,0.0309034805900011,0.0309034805900011,0.0309034805900011,0,0.0309034805900011,0.0309034805900011,0.0309034805900011,0,0,0.0309034805900011,0.0309034805900011,0.0309034805900011,0.0519255563954948,0.0309034805900011,0.0309034805900011,0,0.0309034805900011,0.0309034805900011,0.0309034805900011,0,0,0.0309034805900011,0.0309034805900011,0.0309034805900011,0,0,0.0309034805900011,0.0309034805900011,0.0309034805900011,0,0.0309034805900011,0.0519255563954948,0,0.0309034805900011,0.0309034805900011,0.0309034805900011,0.0309034805900011,0,0.0309034805900011,0.0309034805900011,0.0309034805900011,0.0309034805900011,0.0309034805900011,0.0309034805900011,0.0309034805900011,0.0309034805900011,0.0309034805900011,0,0,0,0.0309034805900011,0.0519255563954948,0.0309034805900011,0.0309034805900011,0,0.100447398728772,0.0309034805900011,0.0309034805900011,0.0309034805900011,0,0.0309034805900011,0,0.0519255563954948,0.0309034805900011,0.0309034805900011,0.0309034805900011,0.0309034805900011,0.0309034805900011,0.0309034805900011,0.0309034805900011,0.0309034805900011,0,0.0309034805900011,0.0309034805900011,0.0309034805900011,0.0309034805900011,0.0309034805900011,0,0,0.0309034805900011,0.0309034805900011,0.0309034805900011,0.0309034805900011,0,0.0309034805900011,0.0309034805900011,0.0309034805900011,0.0309034805900011,0.0309034805900011,0.0309034805900011
"39",0.0309034805900011,0.0309034805900011,0.0309034805900011,0.0309034805900011,0.0309034805900011,0.0309034805900011,0.0309034805900011,0.0309034805900011,0.0309034805900011,0.0309034805900011,0.0309034805900011,0.0309034805900011,0.0309034805900011,0,0.0309034805900011,0.0309034805900011,0.0309034805900011,0,0,0.0309034805900011,0.0309034805900011,0.0309034805900011,0.0519255563954948,0.0309034805900011,0.0309034805900011,0,0,0.0309034805900011,0.0309034805900011,0,0,0.0309034805900011,0.0309034805900011,0.0309034805900011,0,0,0.0309034805900011,0.0309034805900011,0.0309034805900011,0,0.0309034805900011,0.0519255563954948,0,0.0309034805900011,0.0309034805900011,0.0309034805900011,0.0309034805900011,0,0.0309034805900011,0.0309034805900011,0.0309034805900011,0.0309034805900011,0.0309034805900011,0.0309034805900011,0.0309034805900011,0.0309034805900011,0.0309034805900011,0,0,0,0.0309034805900011,0.0519255563954948,0.0309034805900011,0.0309034805900011,0,0.100447398728772,0.0309034805900011,0.0309034805900011,0.0309034805900011,0,0.0309034805900011,0,0.0519255563954948,0.0309034805900011,0.0309034805900011,0.0309034805900011,0,0.0309034805900011,0.0309034805900011,0.0309034805900011,0.0309034805900011,0,0.0309034805900011,0.0309034805900011,0.0309034805900011,0.0309034805900011,0.0309034805900011,0,0,0.0309034805900011,0.0309034805900011,0.0309034805900011,0.0309034805900011,0,0.0309034805900011,0.0309034805900011,0.0309034805900011,0.0309034805900011,0.0309034805900011,0.0309034805900011
"40",0.0309034805900011,0.0309034805900011,0.0309034805900011,0.0309034805900011,0.0309034805900011,0.0309034805900011,0.0309034805900011,0.0309034805900011,0.0309034805900011,0.0309034805900011,0.0309034805900011,0.0309034805900011,0.0309034805900011,0,0.0309034805900011,0.0309034805900011,0.0309034805900011,0,0,0.0309034805900011,0.0309034805900011,0.0309034805900011,0.0519255563954948,0.0309034805900011,0.0309034805900011,0,0,0.0309034805900011,0.0309034805900011,0,0,0.0309034805900011,0.0309034805900011,0.0309034805900011,0,0,0.0309034805900011,0.0309034805900011,0.0309034805900011,0,0.0309034805900011,0.0309034805900011,0,0.0309034805900011,0.0309034805900011,0.0309034805900011,0.0309034805900011,0,0.0309034805900011,0.0309034805900011,0.0309034805900011,0.0309034805900011,0.0309034805900011,0.0309034805900011,0.0309034805900011,0.0309034805900011,0.0309034805900011,0,0,0,0.0309034805900011,0.0519255563954948,0.0309034805900011,0.0309034805900011,0,0.0729826923067274,0.0309034805900011,0,0.0309034805900011,0,0.0309034805900011,0,0.0519255563954948,0.0309034805900011,0,0.0309034805900011,0,0.0309034805900011,0.0309034805900011,0.0309034805900011,0.0309034805900011,0,0.0309034805900011,0.0309034805900011,0.0309034805900011,0.0309034805900011,0.0309034805900011,0,0,0.0309034805900011,0.0309034805900011,0.0309034805900011,0.0309034805900011,0,0.0309034805900011,0.0309034805900011,0.0309034805900011,0.0309034805900011,0.0309034805900011,0.0309034805900011
"41",0.0309034805900011,0.0309034805900011,0.0309034805900011,0.0309034805900011,0.0309034805900011,0.0309034805900011,0.0309034805900011,0.0309034805900011,0.0309034805900011,0.0309034805900011,0.0309034805900011,0.0309034805900011,0.0309034805900011,0,0.0309034805900011,0.0309034805900011,0.0309034805900011,0,0,0.0309034805900011,0.0309034805900011,0.0309034805900011,0.0309034805900011,0.0309034805900011,0.0309034805900011,0,0,0.0309034805900011,0.0309034805900011,0,0,0.0309034805900011,0.0309034805900011,0.0309034805900011,0,0,0.0309034805900011,0.0309034805900011,0.0309034805900011,0,0.0309034805900011,0.0309034805900011,0,0.0309034805900011,0.0309034805900011,0.0309034805900011,0.0309034805900011,0,0.0309034805900011,0.0309034805900011,0.0309034805900011,0.0309034805900011,0.0309034805900011,0,0.0309034805900011,0.0309034805900011,0.0309034805900011,0,0,0,0.0309034805900011,0.0519255563954948,0.0309034805900011,0.0309034805900011,0,0.0647333284560729,0.0309034805900011,0,0.0309034805900011,0,0.0309034805900011,0,0.0309034805900011,0.0309034805900011,0,0.0309034805900011,0,0.0309034805900011,0,0.0309034805900011,0.0309034805900011,0,0.0309034805900011,0.0309034805900011,0.0309034805900011,0.0309034805900011,0.0309034805900011,0,0,0.0309034805900011,0.0309034805900011,0.0309034805900011,0.0309034805900011,0,0.0309034805900011,0.0309034805900011,0.0309034805900011,0.0309034805900011,0.0309034805900011,0.0309034805900011
"42",0.0309034805900011,0.0309034805900011,0.0309034805900011,0.0309034805900011,0.0309034805900011,0.0309034805900011,0.0309034805900011,0.0309034805900011,0.0309034805900011,0.0309034805900011,0.0309034805900011,0.0309034805900011,0.0309034805900011,0,0.0309034805900011,0.0309034805900011,0.0309034805900011,0,0,0.0309034805900011,0.0309034805900011,0.0309034805900011,0.0309034805900011,0.0309034805900011,0.0309034805900011,0,0,0.0309034805900011,0.0309034805900011,0,0,0.0309034805900011,0.0309034805900011,0.0309034805900011,0,0,0.0309034805900011,0.0309034805900011,0.0309034805900011,0,0.0309034805900011,0.0309034805900011,0,0.0309034805900011,0.0309034805900011,0.0309034805900011,0.0309034805900011,0,0,0.0309034805900011,0.0309034805900011,0.0309034805900011,0.0309034805900011,0,0.0309034805900011,0.0309034805900011,0.0309034805900011,0,0,0,0.0309034805900011,0.0519255563954948,0,0.0309034805900011,0,0.0647333284560729,0.0309034805900011,0,0.0309034805900011,0,0.0309034805900011,0,0,0.0309034805900011,0,0.0309034805900011,0,0.0309034805900011,0,0.0309034805900011,0.0309034805900011,0,0.0309034805900011,0.0309034805900011,0.0309034805900011,0.0309034805900011,0.0309034805900011,0,0,0.0309034805900011,0.0309034805900011,0.0309034805900011,0.0309034805900011,0,0.0309034805900011,0.0309034805900011,0.0309034805900011,0.0309034805900011,0.0309034805900011,0
"43",0.0309034805900011,0.0309034805900011,0,0.0309034805900011,0.0309034805900011,0.0309034805900011,0.0309034805900011,0.0309034805900011,0,0.0309034805900011,0.0309034805900011,0.0309034805900011,0.0309034805900011,0,0.0309034805900011,0.0309034805900011,0.0309034805900011,0,0,0.0309034805900011,0.0309034805900011,0.0309034805900011,0.0309034805900011,0.0309034805900011,0.0309034805900011,0,0,0.0309034805900011,0.0309034805900011,0,0,0,0.0309034805900011,0.0309034805900011,0,0,0.0309034805900011,0.0309034805900011,0.0309034805900011,0,0.0309034805900011,0.0309034805900011,0,0.0309034805900011,0.0309034805900011,0.0309034805900011,0.0309034805900011,0,0,0.0309034805900011,0.0309034805900011,0.0309034805900011,0.0309034805900011,0,0,0.0309034805900011,0.0309034805900011,0,0,0,0.0309034805900011,0.0519255563954948,0,0.0309034805900011,0,0.0647333284560729,0.0309034805900011,0,0.0309034805900011,0,0.0309034805900011,0,0,0.0309034805900011,0,0.0309034805900011,0,0.0309034805900011,0,0.0309034805900011,0.0309034805900011,0,0.0309034805900011,0.0309034805900011,0.0309034805900011,0.0309034805900011,0.0309034805900011,0,0,0.0309034805900011,0.0309034805900011,0.0309034805900011,0.0309034805900011,0,0.0309034805900011,0.0309034805900011,0.0309034805900011,0.0309034805900011,0.0309034805900011,0
"44",0.0309034805900011,0.0309034805900011,0,0.0309034805900011,0.0309034805900011,0.0309034805900011,0.0309034805900011,0.0309034805900011,0,0.0309034805900011,0.0309034805900011,0.0309034805900011,0.0309034805900011,0,0.0309034805900011,0.0309034805900011,0.0309034805900011,0,0,0.0309034805900011,0.0309034805900011,0.0309034805900011,0.0309034805900011,0.0309034805900011,0.0309034805900011,0,0,0.0309034805900011,0,0,0,0,0.0309034805900011,0.0309034805900011,0,0,0.0309034805900011,0.0309034805900011,0.0309034805900011,0,0.0309034805900011,0.0309034805900011,0,0.0309034805900011,0.0309034805900011,0.0309034805900011,0.0309034805900011,0,0,0.0309034805900011,0.0309034805900011,0.0309034805900011,0.0309034805900011,0,0,0.0309034805900011,0.0309034805900011,0,0,0,0.0309034805900011,0.0519255563954948,0,0.0309034805900011,0,0.0519255563954948,0.0309034805900011,0,0.0309034805900011,0,0.0309034805900011,0,0,0.0309034805900011,0,0.0309034805900011,0,0.0309034805900011,0,0.0309034805900011,0.0309034805900011,0,0.0309034805900011,0.0309034805900011,0.0309034805900011,0.0309034805900011,0.0309034805900011,0,0,0.0309034805900011,0.0309034805900011,0.0309034805900011,0.0309034805900011,0,0.0309034805900011,0.0309034805900011,0.0309034805900011,0.0309034805900011,0.0309034805900011,0
"45",0.0309034805900011,0.0309034805900011,0,0.0309034805900011,0.0309034805900011,0.0309034805900011,0.0309034805900011,0.0309034805900011,0,0.0309034805900011,0.0309034805900011,0.0309034805900011,0.0309034805900011,0,0.0309034805900011,0.0309034805900011,0.0309034805900011,0,0,0.0309034805900011,0.0309034805900011,0.0309034805900011,0.0309034805900011,0.0309034805900011,0.0309034805900011,0,0,0.0309034805900011,0,0,0,0,0.0309034805900011,0.0309034805900011,0,0,0.0309034805900011,0.0309034805900011,0.0309034805900011,0,0.0309034805900011,0.0309034805900011,0,0.0309034805900011,0.0309034805900011,0.0309034805900011,0.0309034805900011,0,0,0.0309034805900011,0.0309034805900011,0.0309034805900011,0.0309034805900011,0,0,0.0309034805900011,0.0309034805900011,0,0,0,0.0309034805900011,0.0519255563954948,0,0.0309034805900011,0,0.0519255563954948,0.0309034805900011,0,0.0309034805900011,0,0.0309034805900011,0,0,0.0309034805900011,0,0.0309034805900011,0,0.0309034805900011,0,0.0309034805900011,0.0309034805900011,0,0.0309034805900011,0.0309034805900011,0.0309034805900011,0.0309034805900011,0.0309034805900011,0,0,0.0309034805900011,0.0309034805900011,0.0309034805900011,0.0309034805900011,0,0.0309034805900011,0.0309034805900011,0.0309034805900011,0.0309034805900011,0.0309034805900011,0
"46",0.0309034805900011,0.0309034805900011,0,0.0309034805900011,0.0309034805900011,0.0309034805900011,0.0309034805900011,0.0309034805900011,0,0.0309034805900011,0.0309034805900011,0.0309034805900011,0.0309034805900011,0,0.0309034805900011,0.0309034805900011,0.0309034805900011,0,0,0.0309034805900011,0.0309034805900011,0.0309034805900011,0.0309034805900011,0.0309034805900011,0.0309034805900011,0,0,0.0309034805900011,0,0,0,0,0.0309034805900011,0.0309034805900011,0,0,0.0309034805900011,0.0309034805900011,0.0309034805900011,0,0.0309034805900011,0.0309034805900011,0,0.0309034805900011,0.0309034805900011,0.0309034805900011,0.0309034805900011,0,0,0.0309034805900011,0.0309034805900011,0.0309034805900011,0.0309034805900011,0,0,0.0309034805900011,0.0309034805900011,0,0,0,0.0309034805900011,0.0519255563954948,0,0.0309034805900011,0,0.0519255563954948,0.0309034805900011,0,0.0309034805900011,0,0.0309034805900011,0,0,0.0309034805900011,0,0.0309034805900011,0,0.0309034805900011,0,0.0309034805900011,0.0309034805900011,0,0.0309034805900011,0.0309034805900011,0.0309034805900011,0.0309034805900011,0.0309034805900011,0,0,0.0309034805900011,0.0309034805900011,0.0309034805900011,0.0309034805900011,0,0.0309034805900011,0.0309034805900011,0.0309034805900011,0.0309034805900011,0.0309034805900011,0
"47",0.0309034805900011,0.0309034805900011,0,0.0309034805900011,0.0309034805900011,0.0309034805900011,0.0309034805900011,0.0309034805900011,0,0.0309034805900011,0.0309034805900011,0.0309034805900011,0.0309034805900011,0,0.0309034805900011,0.0309034805900011,0.0309034805900011,0,0,0.0309034805900011,0.0309034805900011,0.0309034805900011,0.0309034805900011,0.0309034805900011,0.0309034805900011,0,0,0.0309034805900011,0,0,0,0,0.0309034805900011,0.0309034805900011,0,0,0.0309034805900011,0.0309034805900011,0.0309034805900011,0,0.0309034805900011,0.0309034805900011,0,0.0309034805900011,0.0309034805900011,0.0309034805900011,0.0309034805900011,0,0,0.0309034805900011,0.0309034805900011,0.0309034805900011,0.0309034805900011,0,0,0.0309034805900011,0.0309034805900011,0,0,0,0.0309034805900011,0.0519255563954948,0,0.0309034805900011,0,0.0519255563954948,0.0309034805900011,0,0,0,0.0309034805900011,0,0,0.0309034805900011,0,0,0,0.0309034805900011,0,0.0309034805900011,0.0309034805900011,0,0.0309034805900011,0.0309034805900011,0.0309034805900011,0.0309034805900011,0.0309034805900011,0,0,0.0309034805900011,0.0309034805900011,0.0309034805900011,0.0309034805900011,0,0.0309034805900011,0.0309034805900011,0.0309034805900011,0.0309034805900011,0.0309034805900011,0
"48",0.0309034805900011,0.0309034805900011,0,0.0309034805900011,0.0309034805900011,0.0309034805900011,0.0309034805900011,0.0309034805900011,0,0.0309034805900011,0.0309034805900011,0.0309034805900011,0.0309034805900011,0,0.0309034805900011,0.0309034805900011,0.0309034805900011,0,0,0.0309034805900011,0.0309034805900011,0.0309034805900011,0.0309034805900011,0.0309034805900011,0.0309034805900011,0,0,0.0309034805900011,0,0,0,0,0.0309034805900011,0.0309034805900011,0,0,0.0309034805900011,0.0309034805900011,0,0,0.0309034805900011,0.0309034805900011,0,0.0309034805900011,0.0309034805900011,0.0309034805900011,0.0309034805900011,0,0,0.0309034805900011,0.0309034805900011,0.0309034805900011,0.0309034805900011,0,0,0.0309034805900011,0.0309034805900011,0,0,0,0.0309034805900011,0.0519255563954948,0,0.0309034805900011,0,0.0519255563954948,0.0309034805900011,0,0,0,0.0309034805900011,0,0,0.0309034805900011,0,0,0,0.0309034805900011,0,0.0309034805900011,0.0309034805900011,0,0.0309034805900011,0.0309034805900011,0.0309034805900011,0.0309034805900011,0.0309034805900011,0,0,0.0309034805900011,0.0309034805900011,0.0309034805900011,0.0309034805900011,0,0.0309034805900011,0.0309034805900011,0.0309034805900011,0.0309034805900011,0.0309034805900011,0
"49",0.0309034805900011,0.0309034805900011,0,0.0309034805900011,0.0309034805900011,0.0309034805900011,0.0309034805900011,0.0309034805900011,0,0.0309034805900011,0.0309034805900011,0.0309034805900011,0.0309034805900011,0,0.0309034805900011,0.0309034805900011,0.0309034805900011,0,0,0.0309034805900011,0.0309034805900011,0.0309034805900011,0.0309034805900011,0.0309034805900011,0.0309034805900011,0,0,0.0309034805900011,0,0,0,0,0.0309034805900011,0.0309034805900011,0,0,0.0309034805900011,0.0309034805900011,0,0,0.0309034805900011,0.0309034805900011,0,0.0309034805900011,0.0309034805900011,0.0309034805900011,0.0309034805900011,0,0,0.0309034805900011,0.0309034805900011,0.0309034805900011,0.0309034805900011,0,0,0.0309034805900011,0.0309034805900011,0,0,0,0.0309034805900011,0.0309034805900011,0,0.0309034805900011,0,0.0519255563954948,0.0309034805900011,0,0,0,0.0309034805900011,0,0,0.0309034805900011,0,0,0,0.0309034805900011,0,0.0309034805900011,0.0309034805900011,0,0.0309034805900011,0.0309034805900011,0.0309034805900011,0.0309034805900011,0.0309034805900011,0,0,0.0309034805900011,0.0309034805900011,0.0309034805900011,0.0309034805900011,0,0.0309034805900011,0.0309034805900011,0.0309034805900011,0.0309034805900011,0.0309034805900011,0
"50",0.0309034805900011,0.0309034805900011,0,0.0309034805900011,0.0309034805900011,0.0309034805900011,0.0309034805900011,0.0309034805900011,0,0.0309034805900011,0.0309034805900011,0.0309034805900011,0.0309034805900011,0,0.0309034805900011,0.0309034805900011,0.0309034805900011,0,0,0.0309034805900011,0.0309034805900011,0.0309034805900011,0.0309034805900011,0.0309034805900011,0.0309034805900011,0,0,0.0309034805900011,0,0,0,0,0.0309034805900011,0.0309034805900011,0,0,0.0309034805900011,0.0309034805900011,0,0,0.0309034805900011,0.0309034805900011,0,0.0309034805900011,0.0309034805900011,0.0309034805900011,0.0309034805900011,0,0,0.0309034805900011,0.0309034805900011,0.0309034805900011,0.0309034805900011,0,0,0.0309034805900011,0.0309034805900011,0,0,0,0.0309034805900011,0.0309034805900011,0,0.0309034805900011,0,0.0519255563954948,0,0,0,0,0.0309034805900011,0,0,0.0309034805900011,0,0,0,0.0309034805900011,0,0.0309034805900011,0.0309034805900011,0,0.0309034805900011,0.0309034805900011,0.0309034805900011,0.0309034805900011,0.0309034805900011,0,0,0.0309034805900011,0.0309034805900011,0.0309034805900011,0.0309034805900011,0,0.0309034805900011,0.0309034805900011,0.0309034805900011,0.0309034805900011,0.0309034805900011,0
"51",0.0309034805900011,0.0309034805900011,0,0.0309034805900011,0.0309034805900011,0.0309034805900011,0.0309034805900011,0.0309034805900011,0,0.0309034805900011,0.0309034805900011,0.0309034805900011,0.0309034805900011,0,0.0309034805900011,0.0309034805900011,0.0309034805900011,0,0,0.0309034805900011,0.0309034805900011,0.0309034805900011,0.0309034805900011,0.0309034805900011,0.0309034805900011,0,0,0.0309034805900011,0,0,0,0,0.0309034805900011,0.0309034805900011,0,0,0.0309034805900011,0.0309034805900011,0,0,0.0309034805900011,0.0309034805900011,0,0.0309034805900011,0.0309034805900011,0.0309034805900011,0.0309034805900011,0,0,0.0309034805900011,0.0309034805900011,0.0309034805900011,0,0,0,0.0309034805900011,0.0309034805900011,0,0,0,0.0309034805900011,0.0309034805900011,0,0.0309034805900011,0,0.0519255563954948,0,0,0,0,0.0309034805900011,0,0,0.0309034805900011,0,0,0,0.0309034805900011,0,0.0309034805900011,0,0,0.0309034805900011,0.0309034805900011,0,0.0309034805900011,0.0309034805900011,0,0,0.0309034805900011,0.0309034805900011,0.0309034805900011,0.0309034805900011,0,0.0309034805900011,0.0309034805900011,0.0309034805900011,0.0309034805900011,0.0309034805900011,0
"52",0.0309034805900011,0.0309034805900011,0,0.0309034805900011,0.0309034805900011,0.0309034805900011,0.0309034805900011,0.0309034805900011,0,0,0.0309034805900011,0.0309034805900011,0.0309034805900011,0,0.0309034805900011,0.0309034805900011,0.0309034805900011,0,0,0.0309034805900011,0.0309034805900011,0.0309034805900011,0.0309034805900011,0,0.0309034805900011,0,0,0.0309034805900011,0,0,0,0,0.0309034805900011,0.0309034805900011,0,0,0.0309034805900011,0.0309034805900011,0,0,0.0309034805900011,0.0309034805900011,0,0.0309034805900011,0.0309034805900011,0.0309034805900011,0.0309034805900011,0,0,0,0.0309034805900011,0.0309034805900011,0,0,0,0.0309034805900011,0.0309034805900011,0,0,0,0.0309034805900011,0.0309034805900011,0,0.0309034805900011,0,0.0519255563954948,0,0,0,0,0.0309034805900011,0,0,0.0309034805900011,0,0,0,0.0309034805900011,0,0.0309034805900011,0,0,0.0309034805900011,0.0309034805900011,0,0,0.0309034805900011,0,0,0.0309034805900011,0.0309034805900011,0.0309034805900011,0.0309034805900011,0,0.0309034805900011,0.0309034805900011,0.0309034805900011,0.0309034805900011,0.0309034805900011,0
"53",0.0309034805900011,0.0309034805900011,0,0.0309034805900011,0.0309034805900011,0.0309034805900011,0.0309034805900011,0.0309034805900011,0,0,0.0309034805900011,0.0309034805900011,0.0309034805900011,0,0.0309034805900011,0.0309034805900011,0.0309034805900011,0,0,0.0309034805900011,0.0309034805900011,0.0309034805900011,0.0309034805900011,0,0.0309034805900011,0,0,0.0309034805900011,0,0,0,0,0.0309034805900011,0.0309034805900011,0,0,0,0.0309034805900011,0,0,0.0309034805900011,0.0309034805900011,0,0.0309034805900011,0.0309034805900011,0.0309034805900011,0.0309034805900011,0,0,0,0.0309034805900011,0.0309034805900011,0,0,0,0.0309034805900011,0.0309034805900011,0,0,0,0.0309034805900011,0.0309034805900011,0,0.0309034805900011,0,0.0519255563954948,0,0,0,0,0.0309034805900011,0,0,0.0309034805900011,0,0,0,0.0309034805900011,0,0.0309034805900011,0,0,0.0309034805900011,0.0309034805900011,0,0,0.0309034805900011,0,0,0.0309034805900011,0.0309034805900011,0.0309034805900011,0.0309034805900011,0,0.0309034805900011,0.0309034805900011,0.0309034805900011,0.0309034805900011,0.0309034805900011,0
"54",0.0309034805900011,0.0309034805900011,0,0.0309034805900011,0.0309034805900011,0.0309034805900011,0.0309034805900011,0.0309034805900011,0,0,0.0309034805900011,0.0309034805900011,0.0309034805900011,0,0.0309034805900011,0.0309034805900011,0.0309034805900011,0,0,0.0309034805900011,0.0309034805900011,0.0309034805900011,0.0309034805900011,0,0.0309034805900011,0,0,0,0,0,0,0,0.0309034805900011,0.0309034805900011,0,0,0,0.0309034805900011,0,0,0.0309034805900011,0.0309034805900011,0,0.0309034805900011,0.0309034805900011,0.0309034805900011,0.0309034805900011,0,0,0,0.0309034805900011,0.0309034805900011,0,0,0,0.0309034805900011,0.0309034805900011,0,0,0,0.0309034805900011,0.0309034805900011,0,0.0309034805900011,0,0.0519255563954948,0,0,0,0,0.0309034805900011,0,0,0.0309034805900011,0,0,0,0.0309034805900011,0,0.0309034805900011,0,0,0.0309034805900011,0.0309034805900011,0,0,0.0309034805900011,0,0,0.0309034805900011,0.0309034805900011,0.0309034805900011,0.0309034805900011,0,0.0309034805900011,0.0309034805900011,0.0309034805900011,0.0309034805900011,0.0309034805900011,0
"55",0.0309034805900011,0.0309034805900011,0,0.0309034805900011,0.0309034805900011,0.0309034805900011,0.0309034805900011,0.0309034805900011,0,0,0.0309034805900011,0.0309034805900011,0.0309034805900011,0,0.0309034805900011,0.0309034805900011,0.0309034805900011,0,0,0.0309034805900011,0.0309034805900011,0.0309034805900011,0.0309034805900011,0,0.0309034805900011,0,0,0,0,0,0,0,0.0309034805900011,0.0309034805900011,0,0,0,0.0309034805900011,0,0,0.0309034805900011,0,0,0.0309034805900011,0,0.0309034805900011,0.0309034805900011,0,0,0,0.0309034805900011,0.0309034805900011,0,0,0,0.0309034805900011,0.0309034805900011,0,0,0,0.0309034805900011,0.0309034805900011,0,0.0309034805900011,0,0.0309034805900011,0,0,0,0,0.0309034805900011,0,0,0.0309034805900011,0,0,0,0.0309034805900011,0,0.0309034805900011,0,0,0.0309034805900011,0.0309034805900011,0,0,0.0309034805900011,0,0,0.0309034805900011,0.0309034805900011,0.0309034805900011,0.0309034805900011,0,0.0309034805900011,0.0309034805900011,0.0309034805900011,0.0309034805900011,0.0309034805900011,0
"56",0.0309034805900011,0.0309034805900011,0,0.0309034805900011,0.0309034805900011,0.0309034805900011,0.0309034805900011,0.0309034805900011,0,0,0.0309034805900011,0.0309034805900011,0.0309034805900011,0,0.0309034805900011,0.0309034805900011,0.0309034805900011,0,0,0.0309034805900011,0.0309034805900011,0.0309034805900011,0.0309034805900011,0,0.0309034805900011,0,0,0,0,0,0,0,0.0309034805900011,0.0309034805900011,0,0,0,0.0309034805900011,0,0,0.0309034805900011,0,0,0.0309034805900011,0,0.0309034805900011,0.0309034805900011,0,0,0,0.0309034805900011,0.0309034805900011,0,0,0,0.0309034805900011,0.0309034805900011,0,0,0,0.0309034805900011,0.0309034805900011,0,0.0309034805900011,0,0.0309034805900011,0,0,0,0,0.0309034805900011,0,0,0.0309034805900011,0,0,0,0.0309034805900011,0,0.0309034805900011,0,0,0.0309034805900011,0.0309034805900011,0,0,0.0309034805900011,0,0,0.0309034805900011,0,0.0309034805900011,0.0309034805900011,0,0.0309034805900011,0.0309034805900011,0.0309034805900011,0.0309034805900011,0.0309034805900011,0
"57",0,0.0309034805900011,0,0.0309034805900011,0.0309034805900011,0.0309034805900011,0.0309034805900011,0.0309034805900011,0,0,0.0309034805900011,0.0309034805900011,0.0309034805900011,0,0.0309034805900011,0.0309034805900011,0.0309034805900011,0,0,0.0309034805900011,0.0309034805900011,0.0309034805900011,0.0309034805900011,0,0.0309034805900011,0,0,0,0,0,0,0,0.0309034805900011,0.0309034805900011,0,0,0,0.0309034805900011,0,0,0.0309034805900011,0,0,0.0309034805900011,0,0.0309034805900011,0.0309034805900011,0,0,0,0.0309034805900011,0.0309034805900011,0,0,0,0.0309034805900011,0.0309034805900011,0,0,0,0.0309034805900011,0.0309034805900011,0,0.0309034805900011,0,0.0309034805900011,0,0,0,0,0.0309034805900011,0,0,0.0309034805900011,0,0,0,0.0309034805900011,0,0.0309034805900011,0,0,0.0309034805900011,0.0309034805900011,0,0,0.0309034805900011,0,0,0,0,0.0309034805900011,0.0309034805900011,0,0.0309034805900011,0,0.0309034805900011,0.0309034805900011,0.0309034805900011,0
"58",0,0.0309034805900011,0,0.0309034805900011,0.0309034805900011,0.0309034805900011,0.0309034805900011,0.0309034805900011,0,0,0.0309034805900011,0.0309034805900011,0.0309034805900011,0,0.0309034805900011,0.0309034805900011,0.0309034805900011,0,0,0.0309034805900011,0.0309034805900011,0.0309034805900011,0.0309034805900011,0,0.0309034805900011,0,0,0,0,0,0,0,0.0309034805900011,0.0309034805900011,0,0,0,0.0309034805900011,0,0,0.0309034805900011,0,0,0.0309034805900011,0,0.0309034805900011,0.0309034805900011,0,0,0,0.0309034805900011,0.0309034805900011,0,0,0,0.0309034805900011,0.0309034805900011,0,0,0,0.0309034805900011,0.0309034805900011,0,0,0,0.0309034805900011,0,0,0,0,0.0309034805900011,0,0,0.0309034805900011,0,0,0,0.0309034805900011,0,0.0309034805900011,0,0,0.0309034805900011,0.0309034805900011,0,0,0.0309034805900011,0,0,0,0,0.0309034805900011,0.0309034805900011,0,0.0309034805900011,0,0.0309034805900011,0.0309034805900011,0.0309034805900011,0
"59",0,0.0309034805900011,0,0.0309034805900011,0.0309034805900011,0.0309034805900011,0.0309034805900011,0.0309034805900011,0,0,0.0309034805900011,0.0309034805900011,0.0309034805900011,0,0.0309034805900011,0.0309034805900011,0.0309034805900011,0,0,0.0309034805900011,0.0309034805900011,0.0309034805900011,0.0309034805900011,0,0.0309034805900011,0,0,0,0,0,0,0,0,0.0309034805900011,0,0,0,0.0309034805900011,0,0,0,0,0,0.0309034805900011,0,0.0309034805900011,0,0,0,0,0.0309034805900011,0.0309034805900011,0,0,0,0,0.0309034805900011,0,0,0,0.0309034805900011,0.0309034805900011,0,0,0,0.0309034805900011,0,0,0,0,0.0309034805900011,0,0,0.0309034805900011,0,0,0,0.0309034805900011,0,0.0309034805900011,0,0,0.0309034805900011,0.0309034805900011,0,0,0.0309034805900011,0,0,0,0,0.0309034805900011,0.0309034805900011,0,0.0309034805900011,0,0.0309034805900011,0.0309034805900011,0.0309034805900011,0
"60",0,0.0309034805900011,0,0.0309034805900011,0.0309034805900011,0.0309034805900011,0.0309034805900011,0.0309034805900011,0,0,0.0309034805900011,0.0309034805900011,0.0309034805900011,0,0.0309034805900011,0.0309034805900011,0.0309034805900011,0,0,0.0309034805900011,0.0309034805900011,0,0.0309034805900011,0,0.0309034805900011,0,0,0,0,0,0,0,0,0.0309034805900011,0,0,0,0.0309034805900011,0,0,0,0,0,0.0309034805900011,0,0.0309034805900011,0,0,0,0,0.0309034805900011,0.0309034805900011,0,0,0,0,0.0309034805900011,0,0,0,0,0.0309034805900011,0,0,0,0,0,0,0,0,0.0309034805900011,0,0,0.0309034805900011,0,0,0,0.0309034805900011,0,0.0309034805900011,0,0,0,0.0309034805900011,0,0,0.0309034805900011,0,0,0,0,0.0309034805900011,0.0309034805900011,0,0.0309034805900011,0,0.0309034805900011,0.0309034805900011,0.0309034805900011,0
"61",0,0.0309034805900011,0,0.0309034805900011,0.0309034805900011,0.0309034805900011,0.0309034805900011,0,0,0,0.0309034805900011,0.0309034805900011,0.0309034805900011,0,0.0309034805900011,0.0309034805900011,0,0,0,0.0309034805900011,0.0309034805900011,0,0.0309034805900011,0,0.0309034805900011,0,0,0,0,0,0,0,0,0.0309034805900011,0,0,0,0,0,0,0,0,0,0.0309034805900011,0,0.0309034805900011,0,0,0,0,0.0309034805900011,0.0309034805900011,0,0,0,0,0.0309034805900011,0,0,0,0,0.0309034805900011,0,0,0,0,0,0,0,0,0.0309034805900011,0,0,0.0309034805900011,0,0,0,0.0309034805900011,0,0.0309034805900011,0,0,0,0.0309034805900011,0,0,0.0309034805900011,0,0,0,0,0.0309034805900011,0.0309034805900011,0,0.0309034805900011,0,0.0309034805900011,0.0309034805900011,0.0309034805900011,0
"62",0,0.0309034805900011,0,0.0309034805900011,0.0309034805900011,0.0309034805900011,0,0,0,0,0,0.0309034805900011,0.0309034805900011,0,0.0309034805900011,0.0309034805900011,0,0,0,0.0309034805900011,0.0309034805900011,0,0.0309034805900011,0,0.0309034805900011,0,0,0,0,0,0,0,0,0,0,0,0,0,0,0,0,0,0,0.0309034805900011,0,0.0309034805900011,0,0,0,0,0.0309034805900011,0.0309034805900011,0,0,0,0,0.0309034805900011,0,0,0,0,0.0309034805900011,0,0,0,0,0,0,0,0,0.0309034805900011,0,0,0.0309034805900011,0,0,0,0.0309034805900011,0,0.0309034805900011,0,0,0,0,0,0,0.0309034805900011,0,0,0,0,0.0309034805900011,0.0309034805900011,0,0.0309034805900011,0,0.0309034805900011,0.0309034805900011,0.0309034805900011,0
"63",0,0,0,0.0309034805900011,0.0309034805900011,0.0309034805900011,0,0,0,0,0,0.0309034805900011,0.0309034805900011,0,0.0309034805900011,0.0309034805900011,0,0,0,0.0309034805900011,0.0309034805900011,0,0.0309034805900011,0,0.0309034805900011,0,0,0,0,0,0,0,0,0,0,0,0,0,0,0,0,0,0,0.0309034805900011,0,0.0309034805900011,0,0,0,0,0.0309034805900011,0.0309034805900011,0,0,0,0,0.0309034805900011,0,0,0,0,0.0309034805900011,0,0,0,0,0,0,0,0,0.0309034805900011,0,0,0,0,0,0,0.0309034805900011,0,0.0309034805900011,0,0,0,0,0,0,0.0309034805900011,0,0,0,0,0.0309034805900011,0.0309034805900011,0,0.0309034805900011,0,0.0309034805900011,0.0309034805900011,0.0309034805900011,0
"64",0,0,0,0.0309034805900011,0.0309034805900011,0.0309034805900011,0,0,0,0,0,0.0309034805900011,0.0309034805900011,0,0.0309034805900011,0.0309034805900011,0,0,0,0.0309034805900011,0.0309034805900011,0,0.0309034805900011,0,0.0309034805900011,0,0,0,0,0,0,0,0,0,0,0,0,0,0,0,0,0,0,0.0309034805900011,0,0.0309034805900011,0,0,0,0,0.0309034805900011,0.0309034805900011,0,0,0,0,0.0309034805900011,0,0,0,0,0.0309034805900011,0,0,0,0,0,0,0,0,0.0309034805900011,0,0,0,0,0,0,0.0309034805900011,0,0.0309034805900011,0,0,0,0,0,0,0.0309034805900011,0,0,0,0,0.0309034805900011,0.0309034805900011,0,0.0309034805900011,0,0.0309034805900011,0.0309034805900011,0.0309034805900011,0
"65",0,0,0,0.0309034805900011,0.0309034805900011,0.0309034805900011,0,0,0,0,0,0.0309034805900011,0.0309034805900011,0,0.0309034805900011,0.0309034805900011,0,0,0,0.0309034805900011,0.0309034805900011,0,0.0309034805900011,0,0.0309034805900011,0,0,0,0,0,0,0,0,0,0,0,0,0,0,0,0,0,0,0.0309034805900011,0,0.0309034805900011,0,0,0,0,0.0309034805900011,0.0309034805900011,0,0,0,0,0.0309034805900011,0,0,0,0,0.0309034805900011,0,0,0,0,0,0,0,0,0.0309034805900011,0,0,0,0,0,0,0.0309034805900011,0,0.0309034805900011,0,0,0,0,0,0,0.0309034805900011,0,0,0,0,0.0309034805900011,0.0309034805900011,0,0.0309034805900011,0,0.0309034805900011,0.0309034805900011,0.0309034805900011,0
"66",0,0,0,0.0309034805900011,0.0309034805900011,0.0309034805900011,0,0,0,0,0,0.0309034805900011,0.0309034805900011,0,0,0.0309034805900011,0,0,0,0.0309034805900011,0.0309034805900011,0,0.0309034805900011,0,0.0309034805900011,0,0,0,0,0,0,0,0,0,0,0,0,0,0,0,0,0,0,0.0309034805900011,0,0.0309034805900011,0,0,0,0,0.0309034805900011,0.0309034805900011,0,0,0,0,0.0309034805900011,0,0,0,0,0.0309034805900011,0,0,0,0,0,0,0,0,0.0309034805900011,0,0,0,0,0,0,0.0309034805900011,0,0.0309034805900011,0,0,0,0,0,0,0.0309034805900011,0,0,0,0,0.0309034805900011,0.0309034805900011,0,0.0309034805900011,0,0.0309034805900011,0.0309034805900011,0.0309034805900011,0
"67",0,0,0,0.0309034805900011,0.0309034805900011,0.0309034805900011,0,0,0,0,0,0.0309034805900011,0.0309034805900011,0,0,0.0309034805900011,0,0,0,0.0309034805900011,0.0309034805900011,0,0,0,0.0309034805900011,0,0,0,0,0,0,0,0,0,0,0,0,0,0,0,0,0,0,0.0309034805900011,0,0.0309034805900011,0,0,0,0,0.0309034805900011,0.0309034805900011,0,0,0,0,0,0,0,0,0,0.0309034805900011,0,0,0,0,0,0,0,0,0,0,0,0,0,0,0,0.0309034805900011,0,0.0309034805900011,0,0,0,0,0,0,0.0309034805900011,0,0,0,0,0.0309034805900011,0.0309034805900011,0,0.0309034805900011,0,0.0309034805900011,0.0309034805900011,0,0
"68",0,0,0,0.0309034805900011,0.0309034805900011,0.0309034805900011,0,0,0,0,0,0.0309034805900011,0,0,0,0.0309034805900011,0,0,0,0.0309034805900011,0.0309034805900011,0,0,0,0.0309034805900011,0,0,0,0,0,0,0,0,0,0,0,0,0,0,0,0,0,0,0.0309034805900011,0,0.0309034805900011,0,0,0,0,0.0309034805900011,0.0309034805900011,0,0,0,0,0,0,0,0,0,0.0309034805900011,0,0,0,0,0,0,0,0,0,0,0,0,0,0,0,0.0309034805900011,0,0.0309034805900011,0,0,0,0,0,0,0.0309034805900011,0,0,0,0,0.0309034805900011,0.0309034805900011,0,0.0309034805900011,0,0.0309034805900011,0.0309034805900011,0,0
"69",0,0,0,0.0309034805900011,0.0309034805900011,0.0309034805900011,0,0,0,0,0,0.0309034805900011,0,0,0,0.0309034805900011,0,0,0,0.0309034805900011,0.0309034805900011,0,0,0,0.0309034805900011,0,0,0,0,0,0,0,0,0,0,0,0,0,0,0,0,0,0,0.0309034805900011,0,0,0,0,0,0,0.0309034805900011,0.0309034805900011,0,0,0,0,0,0,0,0,0,0,0,0,0,0,0,0,0,0,0,0,0,0,0,0,0,0,0,0.0309034805900011,0,0,0,0,0,0,0.0309034805900011,0,0,0,0,0,0.0309034805900011,0,0.0309034805900011,0,0.0309034805900011,0,0,0
"70",0,0,0,0.0309034805900011,0,0.0309034805900011,0,0,0,0,0,0.0309034805900011,0,0,0,0.0309034805900011,0,0,0,0.0309034805900011,0.0309034805900011,0,0,0,0.0309034805900011,0,0,0,0,0,0,0,0,0,0,0,0,0,0,0,0,0,0,0.0309034805900011,0,0,0,0,0,0,0.0309034805900011,0.0309034805900011,0,0,0,0,0,0,0,0,0,0,0,0,0,0,0,0,0,0,0,0,0,0,0,0,0,0,0,0,0,0,0,0,0,0,0.0309034805900011,0,0,0,0,0,0.0309034805900011,0,0,0,0.0309034805900011,0,0,0
"71",0,0,0,0.0309034805900011,0,0.0309034805900011,0,0,0,0,0,0.0309034805900011,0,0,0,0.0309034805900011,0,0,0,0.0309034805900011,0.0309034805900011,0,0,0,0.0309034805900011,0,0,0,0,0,0,0,0,0,0,0,0,0,0,0,0,0,0,0.0309034805900011,0,0,0,0,0,0,0.0309034805900011,0.0309034805900011,0,0,0,0,0,0,0,0,0,0,0,0,0,0,0,0,0,0,0,0,0,0,0,0,0,0,0,0,0,0,0,0,0,0,0.0309034805900011,0,0,0,0,0,0.0309034805900011,0,0,0,0.0309034805900011,0,0,0
"72",0,0,0,0.0309034805900011,0,0.0309034805900011,0,0,0,0,0,0.0309034805900011,0,0,0,0.0309034805900011,0,0,0,0,0.0309034805900011,0,0,0,0.0309034805900011,0,0,0,0,0,0,0,0,0,0,0,0,0,0,0,0,0,0,0,0,0,0,0,0,0,0.0309034805900011,0.0309034805900011,0,0,0,0,0,0,0,0,0,0,0,0,0,0,0,0,0,0,0,0,0,0,0,0,0,0,0,0,0,0,0,0,0,0,0.0309034805900011,0,0,0,0,0,0.0309034805900011,0,0,0,0.0309034805900011,0,0,0
"73",0,0,0,0.0309034805900011,0,0.0309034805900011,0,0,0,0,0,0.0309034805900011,0,0,0,0.0309034805900011,0,0,0,0,0.0309034805900011,0,0,0,0,0,0,0,0,0,0,0,0,0,0,0,0,0,0,0,0,0,0,0,0,0,0,0,0,0,0,0.0309034805900011,0,0,0,0,0,0,0,0,0,0,0,0,0,0,0,0,0,0,0,0,0,0,0,0,0,0,0,0,0,0,0,0,0,0,0.0309034805900011,0,0,0,0,0,0.0309034805900011,0,0,0,0.0309034805900011,0,0,0
"74",0,0,0,0.0309034805900011,0,0.0309034805900011,0,0,0,0,0,0.0309034805900011,0,0,0,0.0309034805900011,0,0,0,0,0.0309034805900011,0,0,0,0,0,0,0,0,0,0,0,0,0,0,0,0,0,0,0,0,0,0,0,0,0,0,0,0,0,0,0,0,0,0,0,0,0,0,0,0,0,0,0,0,0,0,0,0,0,0,0,0,0,0,0,0,0,0,0,0,0,0,0,0,0,0.0309034805900011,0,0,0,0,0,0.0309034805900011,0,0,0,0.0309034805900011,0,0,0
"75",0,0,0,0.0309034805900011,0,0.0309034805900011,0,0,0,0,0,0.0309034805900011,0,0,0,0.0309034805900011,0,0,0,0,0,0,0,0,0,0,0,0,0,0,0,0,0,0,0,0,0,0,0,0,0,0,0,0,0,0,0,0,0,0,0,0,0,0,0,0,0,0,0,0,0,0,0,0,0,0,0,0,0,0,0,0,0,0,0,0,0,0,0,0,0,0,0,0,0,0,0.0309034805900011,0,0,0,0,0,0,0,0,0,0.0309034805900011,0,0,0
"76",0,0,0,0.0309034805900011,0,0.0309034805900011,0,0,0,0,0,0.0309034805900011,0,0,0,0.0309034805900011,0,0,0,0,0,0,0,0,0,0,0,0,0,0,0,0,0,0,0,0,0,0,0,0,0,0,0,0,0,0,0,0,0,0,0,0,0,0,0,0,0,0,0,0,0,0,0,0,0,0,0,0,0,0,0,0,0,0,0,0,0,0,0,0,0,0,0,0,0,0,0.0309034805900011,0,0,0,0,0,0,0,0,0,0.0309034805900011,0,0,0
"77",0,0,0,0.0309034805900011,0,0.0309034805900011,0,0,0,0,0,0.0309034805900011,0,0,0,0.0309034805900011,0,0,0,0,0,0,0,0,0,0,0,0,0,0,0,0,0,0,0,0,0,0,0,0,0,0,0,0,0,0,0,0,0,0,0,0,0,0,0,0,0,0,0,0,0,0,0,0,0,0,0,0,0,0,0,0,0,0,0,0,0,0,0,0,0,0,0,0,0,0,0.0309034805900011,0,0,0,0,0,0,0,0,0,0.0309034805900011,0,0,0
"78",0,0,0,0.0309034805900011,0,0.0309034805900011,0,0,0,0,0,0.0309034805900011,0,0,0,0.0309034805900011,0,0,0,0,0,0,0,0,0,0,0,0,0,0,0,0,0,0,0,0,0,0,0,0,0,0,0,0,0,0,0,0,0,0,0,0,0,0,0,0,0,0,0,0,0,0,0,0,0,0,0,0,0,0,0,0,0,0,0,0,0,0,0,0,0,0,0,0,0,0,0.0309034805900011,0,0,0,0,0,0,0,0,0,0.0309034805900011,0,0,0
"79",0,0,0,0.0309034805900011,0,0.0309034805900011,0,0,0,0,0,0.0309034805900011,0,0,0,0.0309034805900011,0,0,0,0,0,0,0,0,0,0,0,0,0,0,0,0,0,0,0,0,0,0,0,0,0,0,0,0,0,0,0,0,0,0,0,0,0,0,0,0,0,0,0,0,0,0,0,0,0,0,0,0,0,0,0,0,0,0,0,0,0,0,0,0,0,0,0,0,0,0,0.0309034805900011,0,0,0,0,0,0,0,0,0,0.0309034805900011,0,0,0
"80",0,0,0,0.0309034805900011,0,0.0309034805900011,0,0,0,0,0,0.0309034805900011,0,0,0,0.0309034805900011,0,0,0,0,0,0,0,0,0,0,0,0,0,0,0,0,0,0,0,0,0,0,0,0,0,0,0,0,0,0,0,0,0,0,0,0,0,0,0,0,0,0,0,0,0,0,0,0,0,0,0,0,0,0,0,0,0,0,0,0,0,0,0,0,0,0,0,0,0,0,0.0309034805900011,0,0,0,0,0,0,0,0,0,0.0309034805900011,0,0,0
"81",0,0,0,0.0309034805900011,0,0.0309034805900011,0,0,0,0,0,0.0309034805900011,0,0,0,0.0309034805900011,0,0,0,0,0,0,0,0,0,0,0,0,0,0,0,0,0,0,0,0,0,0,0,0,0,0,0,0,0,0,0,0,0,0,0,0,0,0,0,0,0,0,0,0,0,0,0,0,0,0,0,0,0,0,0,0,0,0,0,0,0,0,0,0,0,0,0,0,0,0,0.0309034805900011,0,0,0,0,0,0,0,0,0,0.0309034805900011,0,0,0
