"","V1","V2","V3","V4","V5","V6","V7","V8","V9","V10","V11","V12","V13","V14","V15","V16","V17","V18","V19","V20","V21","V22","V23","V24","V25","V26","V27","V28","V29","V30","V31","V32","V33","V34","V35","V36","V37","V38","V39","V40","V41","V42","V43","V44","V45","V46","V47","V48","V49","V50","V51","V52","V53","V54","V55","V56","V57","V58","V59","V60","V61","V62","V63","V64","V65","V66","V67","V68","V69","V70","V71","V72","V73","V74","V75","V76","V77","V78","V79","V80","V81","V82","V83","V84","V85","V86","V87","V88","V89","V90","V91","V92","V93","V94","V95","V96","V97","V98","V99","V100"
"1",0.296042866624722,0.280485827574221,0.286273705446144,0.291509225288824,0.291398133192977,0.296042866624722,0.296042866624722,0.291509225288824,0.29625963168979,0.290248682244187,0.296042866624722,0.29073640364059,0.295189354181017,0.291398133192977,0.293760059533225,0.296042866624722,0.296042866624722,0.279784050676063,0.290151734068836,0.296042866624722,0.29625963168979,0.285717750471603,0.290170701012029,0.296042866624722,0.296042866624722,0.289948516820334,0.29073640364059,0.288083172148524,0.278898844470281,0.291398133192977,0.291398133192977,0.295189354181017,0.286296160952104,0.286949612788568,0.290327855684203,0.288122271147136,0.290479591229751,0.289557662312384,0.29625963168979,0.28226791413932,0.296042866624722,0.286942290193713,0.290248682244187,0.294701632784614,0.29625963168979,0.295189354181017,0.291509225288824,0.293686901323764,0.293686901323764,0.290479591229751,0.291240978520802,0.29625963168979,0.291240978520802,0.288083172148524,0.281737185199226,0.284136503513197,0.29625963168979,0.29625963168979,0.285717750471603,0.291398133192977,0.294102277379701,0.29625963168979,0.291018794329108,0.281708775427885,0.288083172148524,0.281412836922801,0.291509225288824,0.296042866624722,0.283070507114459,0.294742276234314,0.29625963168979,0.296042866624722,0.296042866624722,0.29625963168979,0.296042866624722,0.289501438873631,0.286949612788568,0.288083172148524,0.29625963168979,0.283916385363529,0.296042866624722,0.291018794329108,0.296042866624722,0.29625963168979,0.287080633722585,0.293686901323764,0.296042866624722,0.263125865416741,0.29625963168979,0.29073640364059,0.296042866624722,0.283354794497296,0.282199206387601,0.283221673651711,0.29073640364059,0.295189354181017,0.294742276234314,0.275221091865115,0.291240978520802,0.29625963168979
"2",0.311280908786343,0.297499175618749,0.387130392007793,0.308522573333352,0.308411481237505,0.329831554672334,0.392399815261431,0.390015399545683,0.392616580326499,0.305486724405808,0.329831554672334,0.387093352277299,0.391546302817726,0.308411481237505,0.327548747580836,0.311280908786343,0.311280908786343,0.296797398720591,0.388657908325694,0.392399815261431,0.392616580326499,0.384223924728461,0.307184049056557,0.392399815261431,0.329831554672334,0.316601813742935,0.305974445802211,0.303321214310145,0.37740501872714,0.389904307449836,0.308411481237505,0.310427396342638,0.304418262304454,0.302187654950188,0.388834029941062,0.305135619191664,0.307492939274279,0.306571010356911,0.311497673851411,0.300329185795286,0.311280908786343,0.325328260445545,0.305486724405808,0.328490320832225,0.392616580326499,0.391546302817726,0.308522573333352,0.308924943485385,0.390043849960473,0.38898576548661,0.389747152777661,0.330048319737402,0.389747152777661,0.384440120785233,0.304639769105321,0.382642677770056,0.311497673851411,0.311497673851411,0.384223924728461,0.308411481237505,0.309340319541321,0.392616580326499,0.326982719804677,0.314205787548389,0.384440120785233,0.389089541761511,0.390015399545683,0.392399815261431,0.381576681371318,0.309980318395935,0.392616580326499,0.311280908786343,0.392399815261431,0.311497673851411,0.329831554672334,0.38800761313049,0.302187654950188,0.300053480954244,0.392616580326499,0.384773071925178,0.311280908786343,0.308032142373636,0.311280908786343,0.311497673851411,0.405189048935162,0.405189048935162,0.392399815261431,0.361632039673599,0.311497673851411,0.387093352277299,0.392399815261431,0.324257982936772,0.299212554432129,0.300235021696239,0.305974445802211,0.405189048935162,0.309980318395935,0.298172041476353,0.389747152777661,0.330048319737402
"3",0.321261720729235,0.417787299038751,0.38763198636836,0.308522573333352,0.308411481237505,0.335011155902135,0.392399815261431,0.390015399545683,0.392616580326499,0.386605630880896,0.392803865342718,0.387093352277299,0.391950352899013,0.318905619950111,0.337529559523728,0.329831554672334,0.329831554672334,0.312766697829219,0.388657908325694,0.392399815261431,0.392616580326499,0.384223924728461,0.326134626487598,0.392399815261431,0.334946126382614,0.325912442295903,0.324525091688202,0.321871860196136,0.37740501872714,0.389904307449836,0.308411481237505,0.328978042228628,0.304418262304454,0.304776845913343,0.388834029941062,0.316255667029655,0.307492939274279,0.325521587787953,0.311497673851411,0.313493483996759,0.329831554672334,0.325328260445545,0.324037370291799,0.328490320832225,0.393020630407786,0.391546302817726,0.308522573333352,0.318905755428277,0.39044790004176,0.38898576548661,0.49901187848306,0.330048319737402,0.389747152777661,0.384440120785233,0.325106753644679,0.382642677770056,0.330048319737402,0.311497673851411,0.384223924728461,0.327362058668546,0.327890965427312,0.392616580326499,0.364737002787359,0.322928684723058,0.38484417086652,0.389089541761511,0.390015399545683,0.392399815261431,0.391598001285745,0.328530964281925,0.392616580326499,0.318995035539452,0.392803865342718,0.311497673851411,0.329831554672334,0.38800761313049,0.302187654950188,0.328235974124001,0.392616580326499,0.384773071925178,0.321261720729235,0.308032142373636,0.329831554672334,0.311497673851411,0.420427091096783,0.438977736982773,0.392399815261431,0.377255308580169,0.330048319737402,0.387093352277299,0.392399815261431,0.333426061363824,0.300352264500808,0.31918559912728,0.31994758252226,0.405189048935162,0.328530964281925,0.30015219034575,0.389747152777661,0.330048319737402
"4",0.339812366615226,0.436737876469792,0.38763198636836,0.308522573333352,0.327362058668546,0.335011155902135,0.402380627204324,0.390015399545683,0.397900228787533,0.386605630880896,0.392803865342718,0.387093352277299,0.391950352899013,0.343500326145394,0.438977736982773,0.329831554672334,0.329831554672334,0.317145894056256,0.389087970214789,0.392399815261431,0.392616580326499,0.384223924728461,0.389106937157983,0.392399815261431,0.334946126382614,0.325912442295903,0.330737470070519,0.321871860196136,0.377835080616235,0.389904307449836,0.318392293180397,0.334092613938909,0.324513359279055,0.32174422621626,0.388834029941062,0.342240379204686,0.32644351670532,0.325833201116804,0.311497673851411,0.317992578400412,0.329831554672334,0.36698278369618,0.335333973275287,0.328490320832225,0.403001442350679,0.391950352899013,0.318503385276245,0.337456401314268,0.39044790004176,0.389415827375705,0.49901187848306,0.330048319737402,0.389747152777661,0.38484417086652,0.325106753644679,0.383072739659151,0.330293277808745,0.321016369771212,0.384223924728461,0.327362058668546,0.327890965427312,0.392616580326499,0.364737002787359,0.361441333833698,0.38484417086652,0.389089541761511,0.390015399545683,0.392803865342718,0.391598001285745,0.338511776224818,0.392616580326499,0.354241482197463,0.392803865342718,0.31921180060452,0.329831554672334,0.397988425073383,0.302187654950188,0.328235974124001,0.392616580326499,0.385274666285745,0.339812366615226,0.318012954316528,0.329831554672334,0.330048319737402,0.423016282059937,0.438977736982773,0.392399815261431,0.377255308580169,0.330048319737402,0.387093352277299,0.392399815261431,0.364737002787359,0.42684509823895,0.333276303799496,0.31994758252226,0.438977736982773,0.328530964281925,0.310133002288642,0.390177214666756,0.330048319737402
"5",0.344926938325506,0.436737876469792,0.38763198636836,0.327473150764393,0.337342870611438,0.336899450575209,0.402380627204324,0.390015399545683,0.461593472968701,0.387009680962183,0.397918437052999,0.387093352277299,0.391950352899013,0.343500326145394,0.438977736982773,0.339812366615226,0.329831554672334,0.317145894056256,0.389087970214789,0.392803865342718,0.392616580326499,0.384223924728461,0.389106937157983,0.392803865342718,0.346242729366103,0.325912442295903,0.337805365973394,0.326986431906416,0.377835080616235,0.389904307449836,0.342561597935484,0.334092613938909,0.324513359279055,0.337705681139096,0.389264091830157,0.343503360856305,0.32644351670532,0.325833201116804,0.330048319737402,0.330482066632603,0.330076512743677,0.378279386679668,0.340448544985568,0.328735278903569,0.403001442350679,0.391950352899013,0.473277131652375,0.337871777370204,0.400428711984652,0.389415827375705,0.49901187848306,0.34134492272089,0.389747152777661,0.38484417086652,0.334496338872598,0.385399712632656,0.330293277808745,0.32239011837108,0.384223924728461,0.327362058668546,0.327890965427312,0.392616580326499,0.376033605770847,0.364737002787359,0.389958742576801,0.389089541761511,0.390015399545683,0.392803865342718,0.391747352415577,0.338511776224818,0.393020630407786,0.361019590303975,0.392803865342718,0.354241482197463,0.335011155902135,0.398418486962478,0.320738300836179,0.328235974124001,0.393020630407786,0.385274666285745,0.339812366615226,0.345948552077172,0.334946126382614,0.330048319737402,0.423016282059937,0.438977736982773,0.392803865342718,0.377685370469264,0.330048319737402,0.387093352277299,0.392399815261431,0.364737002787359,0.468978130370723,0.333276303799496,0.327661709275369,0.438977736982773,0.338511776224818,0.314259328519461,0.390177214666756,0.335162891447682
"6",0.364737002787359,0.436737876469792,0.38763198636836,0.337453962707286,0.35764931352448,0.336899450575209,0.501545997571871,0.390445461434778,0.461828446299234,0.392124252672464,0.427709313457743,0.387093352277299,0.391950352899013,0.343500326145394,0.438977736982773,0.339812366615226,0.449954245704239,0.317145894056256,0.389087970214789,0.393048823414062,0.393020630407786,0.384653986617556,0.399087749100875,0.512926556374624,0.346242729366103,0.333426061363824,0.337805365973394,0.326986431906416,0.377835080616235,0.390334369338931,0.351433575283654,0.336468630008386,0.332198629182877,0.337705681139096,0.431988892589565,0.343503360856305,0.337740119688809,0.325833201116804,0.34134492272089,0.330482066632603,0.330076512743677,0.387447465106721,0.376033605770847,0.328735278903569,0.403001442350679,0.391950352899013,0.49304748746387,0.380504588455124,0.400428711984652,0.431971280428028,0.49901187848306,0.345705964873728,0.389747152777661,0.38484417086652,0.364737002787359,0.385399712632656,0.330293277808745,0.336601669567071,0.427583806485069,0.338658661652034,0.380504588455124,0.392616580326499,0.471951564507344,0.364737002787359,0.427709313457743,0.389089541761511,0.390015399545683,0.392803865342718,0.391747352415577,0.338511776224818,0.393020630407786,0.366892731359461,0.508450466163501,0.364737002787359,0.335011155902135,0.398418486962478,0.325852872546459,0.328235974124001,0.427709313457743,0.395255478228638,0.450834853781078,0.351990878265944,0.341310240310479,0.330048319737402,0.438977736982773,0.438977736982773,0.402784677285611,0.395051983249897,0.335162891447682,0.387093352277299,0.392803865342718,0.364737002787359,0.468978130370723,0.333276303799496,0.354241482197463,0.439222695054117,0.338511776224818,0.33071663352864,0.390177214666756,0.335162891447682
"7",0.364737002787359,0.437595114563053,0.397612798311253,0.338311200800547,0.362702107191216,0.336899450575209,0.501545997571871,0.398977605352187,0.466037536141459,0.427709313457743,0.427709313457743,0.387497402358586,0.392195310970356,0.343500326145394,0.439222695054117,0.351108969598715,0.453530869277862,0.327984147309658,0.389087970214789,0.393048823414062,0.393020630407786,0.384653986617556,0.399087749100875,0.512926556374624,0.376033605770847,0.333426061363824,0.337805365973394,0.342955731015044,0.395201693396868,0.397468649542982,0.351433575283654,0.336468630008386,0.332198629182877,0.337705681139096,0.431988892589565,0.349545687045077,0.337740119688809,0.325833201116804,0.34134492272089,0.330482066632603,0.330076512743677,0.461423827209652,0.376033605770847,0.448857969935474,0.403001442350679,0.397129954128814,0.514394660097753,0.39459529312734,0.400673670055996,0.43228289375688,0.499441940372155,0.345705964873728,0.396030630101321,0.385089128937864,0.364737002787359,0.438013335660469,0.330293277808745,0.336601669567071,0.427709313457743,0.344700987840806,0.380749546526468,0.393020630407786,0.505662000366466,0.364737002787359,0.429865042029845,0.389089541761511,0.390015399545683,0.399871761245593,0.391747352415577,0.343626347935098,0.393020630407786,0.378313378151434,0.524433855001358,0.364737002787359,0.335011155902135,0.398418486962478,0.325852872546459,0.328235974124001,0.427709313457743,0.395255478228638,0.450834853781078,0.354302460919829,0.342749018429868,0.335227920967203,0.469999418974791,0.438977736982773,0.402784677285611,0.395051983249897,0.364737002787359,0.387093352277299,0.392803865342718,0.364737002787359,0.497851507994117,0.340410584003548,0.364737002787359,0.439222695054117,0.338511776224818,0.33071663352864,0.400158026609649,0.336601669567071
"8",0.364737002787359,0.437595114563053,0.398107713598253,0.444550062319211,0.362702107191216,0.336899450575209,0.501950047653158,0.398977605352187,0.466037536141459,0.427709313457743,0.427709313457743,0.401470539078636,0.399018248801888,0.34499735987602,0.439222695054117,0.351108969598715,0.464497826788648,0.345817138256475,0.389087970214789,0.393048823414062,0.403001442350679,0.412541435438122,0.399087749100875,0.516503179948246,0.376033605770847,0.333426061363824,0.338228057850277,0.364737002787359,0.426107378983441,0.398168475555555,0.351433575283654,0.336468630008386,0.335246616954065,0.337705681139096,0.506665134896334,0.349545687045077,0.347720931631701,0.332077010433557,0.34134492272089,0.330482066632603,0.336899450575209,0.461423827209652,0.406711281604602,0.453775827349205,0.403001442350679,0.397129954128814,0.517136189484293,0.39459529312734,0.401089046111932,0.453328342968005,0.499441940372155,0.345950922945071,0.396030630101321,0.510671942289401,0.364737002787359,0.438013335660469,0.340274089751637,0.346582481509964,0.427709313457743,0.354681799783698,0.380749546526468,0.508450466163501,0.506550737133245,0.366892731359461,0.433655937870288,0.389089541761511,0.399996211488575,0.399871761245593,0.391747352415577,0.364737002787359,0.393020630407786,0.410980957282514,0.524433855001358,0.378827707459575,0.335011155902135,0.398730100291329,0.342820252849376,0.445341850910638,0.427709313457743,0.395750393515638,0.450834853781078,0.509076207295959,0.342749018429868,0.335227920967203,0.469999418974791,0.438977736982773,0.402784677285611,0.395051983249897,0.38815314377605,0.387497402358586,0.397983466572519,0.364737002787359,0.503614911735413,0.352312828578836,0.364737002787359,0.440079933147378,0.338511776224818,0.33071663352864,0.400158026609649,0.34789827255056
"9",0.366892731359461,0.437906727891905,0.398107713598253,0.494694704160265,0.362702107191216,0.348196053558697,0.501950047653158,0.398977605352187,0.466037536141459,0.427709313457743,0.427709313457743,0.401470539078636,0.4516318718297,0.347815305721905,0.439222695054117,0.351108969598715,0.464742784859991,0.400003744074586,0.394843082692346,0.393048823414062,0.403001442350679,0.412541435438122,0.510110236266727,0.5197817515574,0.378189334342949,0.364737002787359,0.338228057850277,0.473029428793395,0.426418992312293,0.428108106986202,0.354681799783698,0.336468630008386,0.335246616954065,0.337950639210439,0.523142748082547,0.382075931959619,0.458743418797553,0.452199701465462,0.346459494431171,0.330482066632603,0.336899450575209,0.480269544540466,0.406711281604602,0.453775827349205,0.514023929516531,0.397129954128814,0.523684998085849,0.394840251198683,0.401089046111932,0.453328342968005,0.499441940372155,0.345950922945071,0.396200573912334,0.52774219116351,0.410191864706583,0.438013335660469,0.354364794423853,0.364737002787359,0.427709313457743,0.35499341311255,0.394840251198683,0.524433855001358,0.506550737133245,0.378313378151434,0.440703512048312,0.389089541761511,0.427583806485069,0.399871761245593,0.391747352415577,0.454756066069076,0.508450466163501,0.410980957282514,0.524433855001358,0.380983436031676,0.346307758885623,0.453863969443788,0.39885613562885,0.445341850910638,0.427709313457743,0.405159880486094,0.451079811852421,0.528846563107455,0.352042549638329,0.346524523950691,0.470244377046134,0.439222695054117,0.508450466163501,0.506074470415749,0.390308872348152,0.387497402358586,0.399871761245593,0.377415157913059,0.503614911735413,0.352312828578836,0.364737002787359,0.444949546786315,0.343626347935098,0.4343729696099,0.400158026609649,0.348835510500648
"10",0.378313378151434,0.455613304162337,0.430682354707684,0.506646425361656,0.364056888847891,0.348196053558697,0.502195005724501,0.398977605352187,0.466037536141459,0.427709313457743,0.427709313457743,0.401470539078636,0.462788498772421,0.347815305721905,0.470244377046134,0.356223541308995,0.464742784859991,0.445441779605635,0.394843082692346,0.397983466572519,0.403246400422022,0.499441940372155,0.510110236266727,0.5197817515574,0.382384226073412,0.473029428793395,0.347972731350411,0.474492592982604,0.434459607896844,0.473562968905427,0.36181607998775,0.456591321040291,0.34933732162628,0.380962789159228,0.523142748082547,0.490368357965655,0.459055032126405,0.46783184961101,0.376033605770847,0.341778669616091,0.446045632885648,0.492271826193284,0.515003707610638,0.467425252540209,0.516719945013314,0.397129954128814,0.532557463155416,0.394840251198683,0.443721857196852,0.453328342968005,0.499441940372155,0.350885566103529,0.396200573912334,0.52774219116351,0.454756066069076,0.438013335660469,0.35923440806279,0.364737002787359,0.434756887635768,0.36181607998775,0.394840251198683,0.524433855001358,0.506550737133245,0.378313378151434,0.440703512048312,0.39735370986723,0.517602869766786,0.399871761245593,0.393102134072252,0.454756066069076,0.524433855001358,0.412242259004878,0.524433855001358,0.384231660531721,0.346307758885623,0.499710200687993,0.444092308693054,0.445586808981982,0.536001739463779,0.427709313457743,0.464742784859991,0.528846563107455,0.404656172666142,0.356505335893583,0.470244377046134,0.439222695054117,0.524433855001358,0.506386083744601,0.464285234451082,0.38774236042993,0.399871761245593,0.485707583919095,0.503614911735413,0.352312828578836,0.378827707459575,0.450596981217799,0.343626347935098,0.4343729696099,0.4004696399385,0.464265346256363
"11",0.382384226073412,0.455613304162337,0.498421261419832,0.506646425361656,0.364368502176743,0.348196053558697,0.502195005724501,0.514881614687738,0.477373265219193,0.536001739463779,0.429865042029845,0.406585110788916,0.462788498772421,0.348695913798744,0.470244377046134,0.356223541308995,0.469612398498928,0.445441779605635,0.398365514999702,0.397983466572519,0.508695424234844,0.499441940372155,0.524653817351136,0.555771526266979,0.383645527795777,0.474492592982604,0.347972731350411,0.474492592982604,0.455206192274506,0.51812717026792,0.37290870704501,0.456591321040291,0.34933732162628,0.40367108382794,0.523142748082547,0.490368357965655,0.466254328302161,0.470514317291227,0.376033605770847,0.341778669616091,0.446045632885648,0.494954293873501,0.515003707610638,0.467425252540209,0.537464903652989,0.517252645160719,0.541397413465222,0.394840251198683,0.518343528898491,0.453328342968005,0.499441940372155,0.352773860776603,0.396200573912334,0.52774219116351,0.485777748061094,0.438324948989321,0.378827707459575,0.376033605770847,0.434756887635768,0.36181607998775,0.469461922900322,0.524433855001358,0.506550737133245,0.378313378151434,0.440703512048312,0.416456131226351,0.51981387343048,0.399871761245593,0.427709313457743,0.454756066069076,0.524433855001358,0.412242259004878,0.524433855001358,0.388102759446238,0.347681507485492,0.499710200687993,0.444092308693054,0.445586808981982,0.54394753388018,0.427709313457743,0.480975223209795,0.548562863130849,0.404656172666142,0.362547662082355,0.470244377046134,0.439222695054117,0.524433855001358,0.524836726422604,0.475705881243056,0.427709313457743,0.399871761245593,0.489656772448303,0.507820153997733,0.352312828578836,0.48712013346561,0.475113990685071,0.343626347935098,0.449412834310782,0.55524338631463,0.498428821101476
"12",0.382384226073412,0.455613304162337,0.498421261419832,0.506646425361656,0.365355799309045,0.348196053558697,0.502195005724501,0.526025723447952,0.477373265219193,0.537464903652989,0.43691261620787,0.406585110788916,0.462788498772421,0.376494990211845,0.470244377046134,0.376033605770847,0.469612398498928,0.445441779605635,0.514621767565988,0.397983466572519,0.524433855001358,0.499753553701007,0.527336285031353,0.571754915104836,0.383645527795777,0.480975223209795,0.38069405466981,0.477771164591758,0.457361920846608,0.51812717026792,0.37290870704501,0.456591321040291,0.34933732162628,0.410035197755805,0.523142748082547,0.495820758029844,0.466254328302161,0.470514317291227,0.376033605770847,0.341778669616091,0.454756066069076,0.497110022445603,0.522949502027039,0.472294866179146,0.537464903652989,0.532676834321967,0.541397413465222,0.394840251198683,0.518790606845193,0.460100882921908,0.51772837673946,0.352773860776603,0.398977605352187,0.530424658843726,0.487933476633195,0.512946620690959,0.402243848448266,0.376033605770847,0.439805291809937,0.37290870704501,0.481678531011225,0.524433855001358,0.509074017968802,0.383396247970949,0.548995938054348,0.419199564081119,0.523675001152005,0.399871761245593,0.427709313457743,0.455613304162337,0.524433855001358,0.412242259004878,0.524433855001358,0.388102759446238,0.34861874543558,0.499710200687993,0.454756066069076,0.470244377046134,0.54394753388018,0.451125454446435,0.480975223209795,0.551304392517389,0.409194691216004,0.473570149248207,0.470244377046134,0.454262559754999,0.524433855001358,0.549804674964301,0.481558537999893,0.427709313457743,0.515518362066376,0.496335846015712,0.519096516543271,0.352312828578836,0.48858329765482,0.479986327435138,0.357717052607314,0.44999662327446,0.55524338631463,0.498428821101476
"13",0.38674526822625,0.457769032734439,0.51772837673946,0.557217602595153,0.471705752923557,0.348723009431877,0.502195005724501,0.526025723447952,0.482421669393361,0.540743475262143,0.43691261620787,0.406585110788916,0.462788498772421,0.38181860473175,0.470244377046134,0.376033605770847,0.472294866179146,0.445441779605635,0.526157137268649,0.399871761245593,0.524433855001358,0.535097815594629,0.527647898360205,0.571754915104836,0.383645527795777,0.50480718733237,0.488986480675846,0.483657690890012,0.46115281668705,0.522776780913629,0.37290870704501,0.472015510201539,0.352585546126325,0.410035197755805,0.523142748082547,0.503766552446244,0.47042705580472,0.477831479471113,0.380394647923685,0.388956420915926,0.454756066069076,0.497419400384721,0.528734500987941,0.473649647835821,0.537464903652989,0.534050582921836,0.545977930246441,0.394840251198683,0.518790606845193,0.475853416965468,0.51772837673946,0.468203696532317,0.398977605352187,0.552246126987795,0.487933476633195,0.514138828548833,0.495065927882011,0.38181860473175,0.439805291809937,0.37290870704501,0.481678531011225,0.524433855001358,0.509074017968802,0.38674526822625,0.550459102243558,0.43443760624274,0.523675001152005,0.399871761245593,0.427709313457743,0.485777748061094,0.524433855001358,0.412242259004878,0.524433855001358,0.388102759446238,0.358599557378472,0.549761321951287,0.454756066069076,0.470244377046134,0.54394753388018,0.54394753388018,0.480975223209795,0.553032199755413,0.419470710081886,0.473570149248207,0.475113990685071,0.475387399171205,0.524433855001358,0.549804674964301,0.485629385921871,0.451125454446435,0.526662470826589,0.501418715835226,0.519096516543271,0.352312828578836,0.48858329765482,0.480748744360249,0.357717052607314,0.450506359872784,0.561792194916187,0.498428821101476
"14",0.495037694232286,0.457769032734439,0.51772837673946,0.557217602595153,0.4968301787466,0.348723009431877,0.502195005724501,0.526025723447952,0.483319889631737,0.546630001560397,0.545205042213906,0.406585110788916,0.462788498772421,0.38181860473175,0.470244377046134,0.376033605770847,0.483657690890012,0.445441779605635,0.526157137268649,0.399871761245593,0.524433855001358,0.535097815594629,0.527647898360205,0.571754915104836,0.383645527795777,0.50480718733237,0.490449644865056,0.485813419462114,0.46115281668705,0.522776780913629,0.37290870704501,0.474697977881756,0.352585546126325,0.410035197755805,0.523142748082547,0.503766552446244,0.47042705580472,0.489901500206765,0.380394647923685,0.403019054512215,0.454756066069076,0.518568896827079,0.528734500987941,0.473649647835821,0.540743475262143,0.536895624400854,0.545977930246441,0.469461922900322,0.530560137009394,0.487923437701119,0.51772837673946,0.498607652280158,0.398977605352187,0.552246126987795,0.495244908086674,0.514585906495536,0.497221656454113,0.38181860473175,0.491985560829228,0.37290870704501,0.484535765525153,0.525165437095963,0.509074017968802,0.38674526822625,0.556941732470749,0.462562873435318,0.523675001152005,0.409852573188485,0.428108106986202,0.487933476633195,0.524433855001358,0.412242259004878,0.524433855001358,0.388102759446238,0.376033605770847,0.549761321951287,0.455613304162337,0.520295498309428,0.54394753388018,0.546630001560397,0.480975223209795,0.553032199755413,0.477007880606387,0.473570149248207,0.475113990685071,0.475387399171205,0.524433855001358,0.567779498002754,0.485629385921871,0.451125454446435,0.526662470826589,0.504767736090527,0.519096516543271,0.352312828578836,0.48858329765482,0.480748744360249,0.378827707459575,0.450506359872784,0.561792194916187,0.498428821101476
"15",0.496500858421495,0.457769032734439,0.519884105311562,0.588557711112974,0.4968301787466,0.348723009431877,0.502195005724501,0.526025723447952,0.523675001152005,0.548785730132499,0.553150836630306,0.427709313457743,0.462788498772421,0.38181860473175,0.520295498309428,0.382075931959619,0.485813419462114,0.45872839426898,0.526157137268649,0.441715953928162,0.524433855001358,0.535097815594629,0.527647898360205,0.571754915104836,0.383645527795777,0.506962915904472,0.496932275092247,0.506962915904472,0.467256108050373,0.522776780913629,0.37290870704501,0.485994580865245,0.352585546126325,0.410035197755805,0.525953920020148,0.506449020126462,0.48288427313785,0.511050996649122,0.380394647923685,0.409941988777826,0.461120179996941,0.518568896827079,0.528734500987941,0.494143429956348,0.546630001560397,0.538087832258728,0.557324226621096,0.469461922900322,0.530560137009394,0.547984783217072,0.51772837673946,0.498607652280158,0.398977605352187,0.565729984312536,0.545296029349968,0.514585906495536,0.503494241333253,0.38181860473175,0.491985560829228,0.37290870704501,0.485727973383027,0.525165437095963,0.509074017968802,0.388006569948615,0.580773696593323,0.462562873435318,0.523675001152005,0.441715953928162,0.433336886790141,0.495244908086674,0.524433855001358,0.412242259004878,0.524433855001358,0.388102759446238,0.376033605770847,0.549761321951287,0.457769032734439,0.520295498309428,0.54394753388018,0.546630001560397,0.50480718733237,0.553032199755413,0.501071512392253,0.476266164744991,0.485777748061094,0.525438520434499,0.524433855001358,0.567779498002754,0.486890687644236,0.453281183018536,0.526662470826589,0.505665956328903,0.519096516543271,0.352312828578836,0.491831522154864,0.491111469252158,0.380983436031676,0.450506359872784,0.561792194916187,0.505662000366466
"16",0.510461883393534,0.457769032734439,0.523675001152005,0.588557711112974,0.4968301787466,0.348723009431877,0.51772837673946,0.526025723447952,0.523675001152005,0.55169851069435,0.553150836630306,0.536001739463779,0.520325669296922,0.38181860473175,0.520295498309428,0.382075931959619,0.506962915904472,0.508779515532274,0.526157137268649,0.441715953928162,0.524628943559919,0.553072638633083,0.527647898360205,0.571754915104836,0.383645527795777,0.518383562696445,0.496932275092247,0.506962915904472,0.467256108050373,0.572827902176923,0.37290870704501,0.494954293873501,0.352585546126325,0.461120179996941,0.558832303177006,0.507347240364837,0.494954293873501,0.511050996649122,0.390096239367137,0.409941988777826,0.511171301260235,0.518568896827079,0.528734500987941,0.494143429956348,0.567779498002754,0.547984783217072,0.563536042769026,0.470654130758196,0.530560137009394,0.550140511789174,0.51772837673946,0.498607652280158,0.40895841729508,0.569520880152979,0.545296029349968,0.529004034798537,0.506339282812271,0.38181860473175,0.498664634396637,0.37290870704501,0.485727973383027,0.525165437095963,0.509074017968802,0.388006569948615,0.580773696593323,0.462562873435318,0.523675001152005,0.441715953928162,0.433336886790141,0.49568656690675,0.524433855001358,0.412242259004878,0.535094469283937,0.388102759446238,0.376033605770847,0.567779498002754,0.469045395279977,0.535828869324388,0.54394753388018,0.546630001560397,0.50480718733237,0.553794616680523,0.501071512392253,0.487043452823843,0.486563521421965,0.525438520434499,0.524433855001358,0.569935226574856,0.486890687644236,0.488724384616546,0.526662470826589,0.505665956328903,0.519096516543271,0.352312828578836,0.495110093764018,0.491111469252158,0.387256020910816,0.450506359872784,0.572380490953933,0.505662000366466
"17",0.526815452771261,0.469045395279977,0.523675001152005,0.59510651971453,0.4968301787466,0.34914570130876,0.51772837673946,0.526025723447952,0.523675001152005,0.551908501851135,0.576982800752881,0.537464903652989,0.522926850077739,0.38181860473175,0.520295498309428,0.384933166473547,0.506962915904472,0.508779515532274,0.526157137268649,0.509017943556033,0.524628943559919,0.553072638633083,0.527647898360205,0.571754915104836,0.383645527795777,0.518383562696445,0.520764239214821,0.518383562696445,0.467256108050373,0.572827902176923,0.37290870704501,0.516103790315858,0.517340104445347,0.461120179996941,0.567196725125319,0.51363342725181,0.494954293873501,0.513206725221224,0.390557623808134,0.410809049038098,0.513327029832337,0.522454410618423,0.528734500987941,0.50480718733237,0.567779498002754,0.547984783217072,0.595881454822148,0.471101208704899,0.568915978271963,0.550140511789174,0.51772837673946,0.526662470826589,0.409825477555352,0.573726122415299,0.545296029349968,0.550051245225815,0.509196517326199,0.38181860473175,0.543050451658396,0.37290870704501,0.506221755503554,0.525165437095963,0.509074017968802,0.388006569948615,0.580773696593323,0.462562873435318,0.523675001152005,0.441715953928162,0.433336886790141,0.497491136073442,0.524433855001358,0.412242259004878,0.535094469283937,0.388102759446238,0.399449746759539,0.567779498002754,0.495244908086674,0.535828869324388,0.546103262452281,0.567779498002754,0.506962915904472,0.560006432828453,0.515778371761925,0.488417201423711,0.487139303626052,0.525438520434499,0.524433855001358,0.573726122415299,0.486890687644236,0.548785730132499,0.526662470826589,0.505665956328903,0.52360699111284,0.352312828578836,0.500996620062273,0.493115191322381,0.432710882830041,0.470305667368282,0.572380490953933,0.505662000366466
"18",0.526815452771261,0.504389657173599,0.523675001152005,0.59510651971453,0.497610532980845,0.390989893991329,0.519884105311562,0.526025723447952,0.523675001152005,0.551908501851135,0.576982800752881,0.540743475262143,0.538602378331933,0.38181860473175,0.525438520434499,0.408349307462239,0.518383562696445,0.535691982185797,0.531373046646849,0.509017943556033,0.524628943559919,0.567779498002754,0.528572604579969,0.571754915104836,0.383645527795777,0.519096516543271,0.520764239214821,0.518383562696445,0.492853975871157,0.573726122415299,0.37290870704501,0.516103790315858,0.517340104445347,0.461120179996941,0.567196725125319,0.51363342725181,0.497110022445603,0.520633584071852,0.486475582544631,0.420435314621439,0.513327029832337,0.522454410618423,0.528734500987941,0.51748534245807,0.567779498002754,0.547984783217072,0.595881454822148,0.471101208704899,0.577908775048275,0.569935226574856,0.51772837673946,0.526662470826589,0.427709313457743,0.573726122415299,0.546447593758142,0.550051245225815,0.530183439969755,0.38181860473175,0.543948671896771,0.37290870704501,0.506221755503554,0.525165437095963,0.509074017968802,0.388006569948615,0.580773696593323,0.462562873435318,0.523675001152005,0.451125454446435,0.433336886790141,0.547542257336736,0.524433855001358,0.412242259004878,0.535094469283937,0.388102759446238,0.492271826193284,0.569935226574856,0.495244908086674,0.537984597896489,0.549894158292724,0.567779498002754,0.506962915904472,0.588991986373021,0.515778371761925,0.498314152382056,0.487580962446128,0.525438520434499,0.524433855001358,0.574877686823473,0.486890687644236,0.548785730132499,0.527085162703472,0.526815452771261,0.52360699111284,0.352312828578836,0.511875516765375,0.497000705113725,0.477275084192533,0.470305667368282,0.572380490953933,0.552983060469944
"19",0.526815452771261,0.505541221581773,0.523675001152005,0.59510651971453,0.49842340197485,0.399911131200536,0.523675001152005,0.526025723447952,0.523675001152005,0.551908501851135,0.576982800752881,0.546630001560397,0.539066743292575,0.38181860473175,0.540971891449458,0.501171386895984,0.527178805211581,0.536133641005873,0.531373046646849,0.509017943556033,0.525360525654524,0.569935226574856,0.555032845116493,0.571754915104836,0.383645527795777,0.545296029349968,0.520764239214821,0.545296029349968,0.492853975871157,0.573726122415299,0.37290870704501,0.51825951888796,0.517340104445347,0.511171301260235,0.568302226957166,0.528496736807195,0.501304914176065,0.520633584071852,0.508005772632514,0.513257394055184,0.514478594240511,0.522454410618423,0.528734500987941,0.518383562696445,0.569935226574856,0.550140511789174,0.595881454822148,0.482870738869099,0.577908775048275,0.569935226574856,0.51772837673946,0.526662470826589,0.427709313457743,0.573726122415299,0.546657584914927,0.567779498002754,0.530183439969755,0.38181860473175,0.543948671896771,0.37290870704501,0.523138914050458,0.526539185695831,0.509074017968802,0.388006569948615,0.580773696593323,0.462562873435318,0.523675001152005,0.451125454446435,0.433336886790141,0.547542257336736,0.571754915104836,0.412242259004878,0.585665646517434,0.388102759446238,0.494954293873501,0.573726122415299,0.497049477253366,0.545296029349968,0.573726122415299,0.569935226574856,0.518383562696445,0.595540794974577,0.525003351018558,0.52214611650463,0.487580962446128,0.540971891449458,0.524433855001358,0.575087677980257,0.486890687644236,0.569935226574856,0.534318341968461,0.526815452771261,0.52360699111284,0.352312828578836,0.533025013207733,0.497000705113725,0.527326205455827,0.490920770186164,0.579360312501307,0.552983060469944
"20",0.547051826377019,0.505541221581773,0.523675001152005,0.59564030368726,0.49842340197485,0.492733210634281,0.559019263045627,0.526703114276289,0.523675001152005,0.552699694338633,0.580773696593323,0.548785730132499,0.539489435169458,0.38181860473175,0.540971891449458,0.525003351018558,0.528330369619755,0.536133641005873,0.531373046646849,0.509017943556033,0.525360525654524,0.573726122415299,0.57027413875409,0.578701016136776,0.383645527795777,0.545296029349968,0.522919967786923,0.546447593758142,0.537239793132915,0.573726122415299,0.37290870704501,0.522454410618423,0.517340104445347,0.513327029832337,0.568302226957166,0.528496736807195,0.522454410618423,0.527178805211581,0.508005772632514,0.515413122627285,0.514688585397295,0.522454410618423,0.528734500987941,0.545296029349968,0.573726122415299,0.550140511789174,0.596916982181428,0.487740352508036,0.584457583649832,0.573726122415299,0.519884105311562,0.573983530930067,0.429865042029845,0.574877686823473,0.546657584914927,0.567779498002754,0.530183439969755,0.38181860473175,0.569499853941667,0.37290870704501,0.523985178412301,0.534318341968461,0.509074017968802,0.388006569948615,0.580773696593323,0.462562873435318,0.573726122415299,0.54394753388018,0.433336886790141,0.547542257336736,0.571754915104836,0.412242259004878,0.617005755035255,0.388102759446238,0.494954293873501,0.573726122415299,0.497049477253366,0.545296029349968,0.573726122415299,0.569935226574856,0.519535127104619,0.595540794974577,0.52715907959066,0.52214611650463,0.487580962446128,0.540971891449458,0.571754915104836,0.575087677980257,0.486890687644236,0.569935226574856,0.534513430527022,0.526815452771261,0.524758555521014,0.352312828578836,0.533025013207733,0.497000705113725,0.527326205455827,0.491706543547036,0.591362594154125,0.552983060469944
"21",0.547051826377019,0.505751212738558,0.523675001152005,0.59564030368726,0.524150705635113,0.492733210634281,0.560170827453801,0.534318341968461,0.523675001152005,0.552699694338633,0.580773696593323,0.552576625972941,0.548383576745531,0.38181860473175,0.54312762002156,0.525003351018558,0.52854036077654,0.536133641005873,0.531373046646849,0.509017943556033,0.525360525654524,0.573726122415299,0.571856523729087,0.578701016136776,0.383645527795777,0.547051826377019,0.527114859517386,0.546657584914927,0.559019263045627,0.573726122415299,0.37290870704501,0.547051826377019,0.523888913046904,0.513327029832337,0.56891187870267,0.547046407250393,0.522454410618423,0.546965120350992,0.508005772632514,0.518095590307502,0.514688585397295,0.523605975026597,0.528734500987941,0.545296029349968,0.573726122415299,0.569935226574856,0.596916982181428,0.499103177218903,0.60074505323053,0.573726122415299,0.523675001152005,0.573983530930067,0.538157468035881,0.575087677980257,0.546657584914927,0.567779498002754,0.54710059851666,0.38181860473175,0.575959452880695,0.37290870704501,0.553092391349637,0.534318341968461,0.509074017968802,0.388006569948615,0.580773696593323,0.462562873435318,0.574877686823473,0.567779498002754,0.433336886790141,0.547542257336736,0.571754915104836,0.412242259004878,0.617387464767023,0.388102759446238,0.516103790315858,0.573726122415299,0.497049477253366,0.545296029349968,0.573726122415299,0.569935226574856,0.519745118261404,0.595540794974577,0.531353971321123,0.52214611650463,0.487580962446128,0.54312762002156,0.571754915104836,0.575087677980257,0.486890687644236,0.569935226574856,0.53703671136258,0.527967017179435,0.524968546677798,0.352312828578836,0.535180741779834,0.504397812959172,0.527326205455827,0.491706543547036,0.593518322726226,0.552983060469944
"22",0.548271129868027,0.505751212738558,0.523675001152005,0.59564030368726,0.524150705635113,0.492733210634281,0.560380818610586,0.535423843800308,0.573726122415299,0.552699694338633,0.580773696593323,0.573726122415299,0.568178291531213,0.38181860473175,0.548303644627787,0.525003351018558,0.52854036077654,0.536133641005873,0.531373046646849,0.509017943556033,0.525360525654524,0.573726122415299,0.571856523729087,0.578701016136776,0.383645527795777,0.548203390785193,0.553132086452178,0.546657584914927,0.559019263045627,0.574987424137663,0.37290870704501,0.547051826377019,0.544268107734909,0.513327029832337,0.570173180425035,0.547046407250393,0.523605975026597,0.548116684759166,0.534318341968461,0.522290482037965,0.514688585397295,0.523815966183382,0.528734500987941,0.545296029349968,0.573726122415299,0.569935226574856,0.596916982181428,0.518897892004585,0.603486582617069,0.573726122415299,0.523675001152005,0.573983530930067,0.542106656565089,0.575087677980257,0.546657584914927,0.569935226574856,0.548645049605269,0.38181860473175,0.575959452880695,0.37290870704501,0.553092391349637,0.534578460046543,0.509074017968802,0.388006569948615,0.581925261001497,0.464570659850511,0.575087677980257,0.567779498002754,0.433336886790141,0.547542257336736,0.571754915104836,0.412242259004878,0.62393627336858,0.388102759446238,0.516103790315858,0.573726122415299,0.54710059851666,0.545296029349968,0.573726122415299,0.573726122415299,0.519745118261404,0.600024377128261,0.548271129868027,0.52214611650463,0.537632083709422,0.548303644627787,0.571754915104836,0.575087677980257,0.486890687644236,0.573726122415299,0.53703671136258,0.52817700833622,0.524968546677798,0.352312828578836,0.539375633510297,0.504397812959172,0.527326205455827,0.492282325751123,0.602845750571737,0.554088562301791
"23",0.553026413482957,0.505751212738558,0.524826565560179,0.596282876627021,0.571471765738591,0.495415678314498,0.560380818610586,0.535423843800308,0.573726122415299,0.552699694338633,0.580773696593323,0.573726122415299,0.568178291531213,0.38181860473175,0.548303644627787,0.52715907959066,0.52854036077654,0.536133641005873,0.531373046646849,0.51772837673946,0.607271811405842,0.573726122415299,0.571856523729087,0.580603129582748,0.383645527795777,0.548413381941978,0.553132086452178,0.546657584914927,0.559019263045627,0.574987424137663,0.37290870704501,0.548203390785193,0.559072701053293,0.514478594240511,0.570173180425035,0.548197971658567,0.523815966183382,0.548326675915951,0.534318341968461,0.533608327997831,0.514688585397295,0.523815966183382,0.528734500987941,0.545296029349968,0.573726122415299,0.569935226574856,0.596916982181428,0.518897892004585,0.603486582617069,0.573726122415299,0.523675001152005,0.573983530930067,0.548785730132499,0.575087677980257,0.546657584914927,0.569935226574856,0.548645049605269,0.38181860473175,0.575959452880695,0.37290870704501,0.55562583304762,0.534578460046543,0.509074017968802,0.388006569948615,0.582135252158282,0.464570659850511,0.575087677980257,0.569935226574856,0.433336886790141,0.547542257336736,0.571754915104836,0.412242259004878,0.62393627336858,0.388102759446238,0.51825951888796,0.57451189577617,0.54710059851666,0.545296029349968,0.573726122415299,0.573726122415299,0.519745118261404,0.600024377128261,0.548271129868027,0.524301845076732,0.539787812281524,0.548303644627787,0.571754915104836,0.575087677980257,0.486890687644236,0.574877686823473,0.53703671136258,0.52817700833622,0.524968546677798,0.352312828578836,0.539375633510297,0.505549377367346,0.527326205455827,0.492282325751123,0.611063395475366,0.55497729906857
"24",0.555492116098106,0.520458072108229,0.525036556716963,0.596282876627021,0.571471765738591,0.516565174756856,0.575087677980257,0.536033495545812,0.573726122415299,0.571296782139815,0.583942530888287,0.573726122415299,0.570182013601436,0.38181860473175,0.548303644627787,0.52715907959066,0.52854036077654,0.542791038066776,0.531373046646849,0.51772837673946,0.607271811405842,0.573726122415299,0.571856523729087,0.580603129582748,0.383645527795777,0.548413381941978,0.554283650860352,0.546657584914927,0.559019263045627,0.574987424137663,0.37290870704501,0.548413381941978,0.561814230439833,0.514688585397295,0.570173180425035,0.548407962815351,0.529093111692463,0.548326675915951,0.534318341968461,0.533608327997831,0.524827988080918,0.523815966183382,0.528734500987941,0.546447593758142,0.573726122415299,0.569935226574856,0.597345364141269,0.521053620576687,0.603486582617069,0.573726122415299,0.523675001152005,0.573983530930067,0.548785730132499,0.575087677980257,0.546657584914927,0.573726122415299,0.548645049605269,0.38181860473175,0.575959452880695,0.37290870704501,0.556339802980688,0.534578460046543,0.509074017968802,0.388006569948615,0.582135252158282,0.464570659850511,0.575087677980257,0.569935226574856,0.433336886790141,0.547542257336736,0.573657028550808,0.412242259004878,0.62393627336858,0.388102759446238,0.522454410618423,0.575087677980257,0.54710059851666,0.546447593758142,0.573726122415299,0.573726122415299,0.52854036077654,0.600024377128261,0.548271129868027,0.528496736807195,0.547099243735003,0.548303644627787,0.571754915104836,0.575087677980257,0.486890687644236,0.575087677980257,0.53703671136258,0.52817700833622,0.524968546677798,0.352312828578836,0.540302304163463,0.505759368524131,0.54710059851666,0.492282325751123,0.613804924861906,0.556636906597997
"25",0.555492116098106,0.546657584914927,0.525036556716963,0.606158218817941,0.571471765738591,0.516565174756856,0.575087677980257,0.58335455564929,0.573726122415299,0.571296782139815,0.590402129827314,0.573726122415299,0.570182013601436,0.38181860473175,0.549455209035961,0.528310643998834,0.548326675915951,0.542791038066776,0.531373046646849,0.51772837673946,0.613820620007398,0.573726122415299,0.574857365098622,0.580603129582748,0.383645527795777,0.548413381941978,0.554493642017137,0.546657584914927,0.559019263045627,0.574987424137663,0.37290870704501,0.548413381941978,0.568026046587763,0.514688585397295,0.570173180425035,0.548407962815351,0.530784963025319,0.548326675915951,0.581639402071939,0.554757824440188,0.546657584914927,0.523815966183382,0.528734500987941,0.546657584914927,0.573726122415299,0.573726122415299,0.597345364141269,0.521839393937559,0.603486582617069,0.57451189577617,0.523675001152005,0.575565915905064,0.548785730132499,0.575087677980257,0.546657584914927,0.57451189577617,0.548645049605269,0.38181860473175,0.575959452880695,0.37290870704501,0.560363152257783,0.536841622804019,0.509074017968802,0.388006569948615,0.582135252158282,0.464570659850511,0.575087677980257,0.569935226574856,0.433336886790141,0.547542257336736,0.573657028550808,0.412242259004878,0.62393627336858,0.388102759446238,0.523605975026597,0.575087677980257,0.54710059851666,0.546657584914927,0.574877686823473,0.574877686823473,0.52854036077654,0.600024377128261,0.548271129868027,0.528496736807195,0.547099243735003,0.549455209035961,0.571754915104836,0.575087677980257,0.486890687644236,0.575087677980257,0.53703671136258,0.535719077818931,0.524968546677798,0.352312828578836,0.541453868571637,0.505759368524131,0.54710059851666,0.492282325751123,0.617595820702348,0.556636906597997
"26",0.555492116098106,0.546657584914927,0.525036556716963,0.607361264929069,0.571471765738591,0.518568896827079,0.575087677980257,0.58335455564929,0.573726122415299,0.575087677980257,0.590402129827314,0.574877686823473,0.570182013601436,0.38181860473175,0.549665200192746,0.528520635155619,0.548326675915951,0.542791038066776,0.531373046646849,0.519884105311562,0.613820620007398,0.574877686823473,0.583221787046936,0.580603129582748,0.383645527795777,0.557948335241659,0.554493642017137,0.547099243735003,0.560170827453801,0.574987424137663,0.37290870704501,0.548413381941978,0.596147195244105,0.514688585397295,0.570173180425035,0.548407962815351,0.530784963025319,0.548326675915951,0.581639402071939,0.554757824440188,0.546657584914927,0.535719077818931,0.528734500987941,0.549665200192746,0.573726122415299,0.573726122415299,0.597345364141269,0.522415176141646,0.603486582617069,0.575087677980257,0.559019263045627,0.575565915905064,0.552576625972941,0.575087677980257,0.546657584914927,0.575087677980257,0.549796614013443,0.38181860473175,0.577220754603059,0.37290870704501,0.569141053567713,0.536841622804019,0.509074017968802,0.388006569948615,0.583396553880647,0.464570659850511,0.575087677980257,0.57108679098303,0.433336886790141,0.547542257336736,0.573657028550808,0.412242259004878,0.62393627336858,0.388102759446238,0.523815966183382,0.575087677980257,0.547542257336736,0.546657584914927,0.575087677980257,0.575087677980257,0.52854036077654,0.600024377128261,0.548271129868027,0.529648301215369,0.547099243735003,0.549665200192746,0.571754915104836,0.575087677980257,0.486890687644236,0.575087677980257,0.53703671136258,0.539133127593752,0.524968546677798,0.352312828578836,0.541663859728422,0.505759368524131,0.54710059851666,0.494438054323225,0.617595820702348,0.556636906597997
"27",0.555492116098106,0.546657584914927,0.560380818610586,0.611305711722479,0.571471765738591,0.518568896827079,0.575087677980257,0.58335455564929,0.573726122415299,0.575087677980257,0.590402129827314,0.575087677980257,0.570182013601436,0.38181860473175,0.550106859012822,0.528520635155619,0.548944456351395,0.551496864992571,0.531373046646849,0.523675001152005,0.613820620007398,0.575087677980257,0.584327288878783,0.588585503103879,0.383645527795777,0.559209636964023,0.554493642017137,0.547099243735003,0.560380818610586,0.574987424137663,0.37290870704501,0.548413381941978,0.596147195244105,0.524827988080918,0.570173180425035,0.548407962815351,0.530784963025319,0.548326675915951,0.581639402071939,0.554757824440188,0.548462154081618,0.546782224827341,0.528734500987941,0.550217951108669,0.573726122415299,0.573726122415299,0.600812860052446,0.522415176141646,0.605214389855094,0.575087677980257,0.562452279763642,0.575565915905064,0.576894956710262,0.575087677980257,0.547099243735003,0.575087677980257,0.550006605170228,0.38181860473175,0.577220754603059,0.37290870704501,0.571296782139815,0.536841622804019,0.509074017968802,0.388006569948615,0.583396553880647,0.466806049584025,0.575087677980257,0.571296782139815,0.433336886790141,0.54869382174491,0.581639402071939,0.412242259004878,0.624400353825074,0.388102759446238,0.52817700833622,0.582033779012197,0.547542257336736,0.546657584914927,0.575087677980257,0.575087677980257,0.549665200192746,0.600024377128261,0.548271129868027,0.529858292372154,0.547099243735003,0.549665200192746,0.571754915104836,0.575362698656562,0.486890687644236,0.575087677980257,0.53703671136258,0.539133127593752,0.524968546677798,0.352312828578836,0.541663859728422,0.505759368524131,0.548252162924834,0.499614078929452,0.617595820702348,0.556636906597997
"28",0.555492116098106,0.548462154081618,0.560380818610586,0.612203931960855,0.571471765738591,0.518568896827079,0.575087677980257,0.58335455564929,0.574877686823473,0.575087677980257,0.590402129827314,0.575087677980257,0.570182013601436,0.38181860473175,0.550448263990304,0.528520635155619,0.550205758073759,0.552395085230946,0.531373046646849,0.524826565560179,0.624131361927141,0.575087677980257,0.584936940624286,0.589691004935726,0.383645527795777,0.559209636964023,0.556785932580231,0.548360545457368,0.560380818610586,0.574987424137663,0.37290870704501,0.548413381941978,0.596147195244105,0.546657584914927,0.570173180425035,0.548407962815351,0.532046264747684,0.548326675915951,0.581639402071939,0.555909388848362,0.548462154081618,0.546782224827341,0.528734500987941,0.550217951108669,0.574877686823473,0.573726122415299,0.600812860052446,0.522415176141646,0.605214389855094,0.575087677980257,0.562452279763642,0.575988607781946,0.58335455564929,0.575087677980257,0.548360545457368,0.575087677980257,0.550006605170228,0.38181860473175,0.577220754603059,0.37290870704501,0.575087677980257,0.536841622804019,0.509074017968802,0.388006569948615,0.583396553880647,0.466806049584025,0.575087677980257,0.575087677980257,0.433336886790141,0.548903812901694,0.581639402071939,0.412242259004878,0.624400353825074,0.388102759446238,0.52817700833622,0.582033779012197,0.54869382174491,0.546657584914927,0.575087677980257,0.575087677980257,0.549665200192746,0.600024377128261,0.548271129868027,0.532715526886082,0.547099243735003,0.550006605170228,0.571754915104836,0.576624000378927,0.486890687644236,0.575087677980257,0.53703671136258,0.539133127593752,0.524968546677798,0.352312828578836,0.541663859728422,0.505759368524131,0.548462154081618,0.499614078929452,0.617595820702348,0.556636906597997
"29",0.555638432517027,0.548462154081618,0.56164212033295,0.612228318030675,0.571471765738591,0.522454410618423,0.575087677980257,0.58335455564929,0.575087677980257,0.576348979702622,0.590402129827314,0.575087677980257,0.570182013601436,0.38181860473175,0.550448263990304,0.545437793702523,0.550205758073759,0.559341186262886,0.531373046646849,0.525036556716963,0.624131361927141,0.575087677980257,0.584936940624286,0.590300656681229,0.383645527795777,0.559209636964023,0.55975290440835,0.548360545457368,0.560380818610586,0.574987424137663,0.37290870704501,0.557948335241659,0.596147195244105,0.546657584914927,0.570173180425035,0.550074344253062,0.532046264747684,0.548326675915951,0.582744903903786,0.556119380005147,0.548462154081618,0.546782224827341,0.528734500987941,0.550217951108669,0.575087677980257,0.57451189577617,0.600812860052446,0.542189569202478,0.605214389855094,0.575087677980257,0.56891187870267,0.575988607781946,0.58335455564929,0.575087677980257,0.548360545457368,0.575087677980257,0.550006605170228,0.38181860473175,0.577220754603059,0.37290870704501,0.575087677980257,0.536841622804019,0.509074017968802,0.388006569948615,0.583396553880647,0.492648509685106,0.575087677980257,0.575087677980257,0.433336886790141,0.550165114624059,0.581639402071939,0.412242259004878,0.624400353825074,0.388102759446238,0.52817700833622,0.582033779012197,0.548903812901694,0.546657584914927,0.575087677980257,0.575087677980257,0.549665200192746,0.600024377128261,0.548271129868027,0.533642197539247,0.547099243735003,0.550006605170228,0.571754915104836,0.576624000378927,0.486890687644236,0.575087677980257,0.53703671136258,0.539133127593752,0.524968546677798,0.352312828578836,0.541663859728422,0.505759368524131,0.548462154081618,0.499614078929452,0.623807636850278,0.556636906597997
"30",0.555638432517027,0.555408255113558,0.56164212033295,0.612228318030675,0.571471765738591,0.522454410618423,0.575087677980257,0.58335455564929,0.575087677980257,0.576348979702622,0.591052425022519,0.575087677980257,0.570182013601436,0.38181860473175,0.585415051199617,0.545747171641641,0.550205758073759,0.559341186262886,0.531373046646849,0.525036556716963,0.624131361927141,0.575087677980257,0.584936940624286,0.590300656681229,0.383645527795777,0.559209636964023,0.55975290440835,0.548360545457368,0.560380818610586,0.574987424137663,0.37290870704501,0.557948335241659,0.596147195244105,0.546657584914927,0.570173180425035,0.551001014906228,0.532046264747684,0.548326675915951,0.58335455564929,0.558021493451119,0.548462154081618,0.548855040762054,0.528734500987941,0.550217951108669,0.575087677980257,0.575087677980257,0.600812860052446,0.542189569202478,0.605356702894219,0.575087677980257,0.56891187870267,0.575988607781946,0.58335455564929,0.575087677980257,0.548360545457368,0.575087677980257,0.550006605170228,0.38181860473175,0.577220754603059,0.37290870704501,0.575087677980257,0.536841622804019,0.509074017968802,0.388006569948615,0.583396553880647,0.53370923213562,0.575087677980257,0.575087677980257,0.433336886790141,0.550165114624059,0.581639402071939,0.412242259004878,0.624400353825074,0.388102759446238,0.548413381941978,0.582033779012197,0.548903812901694,0.548462154081618,0.575087677980257,0.575087677980257,0.550006605170228,0.600024377128261,0.548271129868027,0.533642197539247,0.547099243735003,0.550006605170228,0.571754915104836,0.576624000378927,0.486890687644236,0.576348979702622,0.53703671136258,0.539133127593752,0.53355142716825,0.352312828578836,0.541663859728422,0.507020670246496,0.548462154081618,0.499614078929452,0.630267235789306,0.556636906597997
"31",0.555638432517027,0.558177428819802,0.56164212033295,0.61677767483379,0.571471765738591,0.553132086452178,0.575087677980257,0.58335455564929,0.575087677980257,0.576348979702622,0.591262416179303,0.575087677980257,0.573726122415299,0.38181860473175,0.591963859801173,0.549632685432986,0.550205758073759,0.559341186262886,0.531373046646849,0.560380818610586,0.624131361927141,0.575087677980257,0.584936940624286,0.590950951876434,0.383645527795777,0.559209636964023,0.559766452224917,0.548360545457368,0.575087677980257,0.574987424137663,0.37290870704501,0.557948335241659,0.596289989230719,0.548462154081618,0.570173180425035,0.551001014906228,0.532046264747684,0.548326675915951,0.58335455564929,0.558400832314988,0.548462154081618,0.548855040762054,0.528734500987941,0.550217951108669,0.575087677980257,0.575087677980257,0.600812860052446,0.548462154081618,0.61179150932893,0.575087677980257,0.56891187870267,0.583221787046936,0.58335455564929,0.575087677980257,0.548360545457368,0.575087677980257,0.550006605170228,0.38181860473175,0.577220754603059,0.37290870704501,0.575087677980257,0.536841622804019,0.509074017968802,0.388006569948615,0.583396553880647,0.53370923213562,0.575087677980257,0.575087677980257,0.433336886790141,0.550165114624059,0.581639402071939,0.412242259004878,0.624400353825074,0.388102759446238,0.548413381941978,0.582033779012197,0.548903812901694,0.548462154081618,0.576670062955254,0.575087677980257,0.550006605170228,0.600024377128261,0.573726122415299,0.533642197539247,0.548855040762054,0.550006605170228,0.571754915104836,0.576624000378927,0.486890687644236,0.576348979702622,0.53703671136258,0.575087677980257,0.53664845803541,0.352312828578836,0.551906009052887,0.507020670246496,0.548903812901694,0.499614078929452,0.630267235789306,0.556636906597997
"32",0.556789996925201,0.55934796017117,0.56164212033295,0.61677767483379,0.573673285930688,0.554283650860352,0.575087677980257,0.58335455564929,0.576348979702622,0.576348979702622,0.591262416179303,0.575087677980257,0.573726122415299,0.38181860473175,0.591963859801173,0.549632685432986,0.550205758073759,0.559341186262886,0.531373046646849,0.575087677980257,0.624131361927141,0.575087677980257,0.584936940624286,0.591160943033218,0.383645527795777,0.559209636964023,0.559766452224917,0.548360545457368,0.576670062955254,0.574987424137663,0.37290870704501,0.559209636964023,0.59989574060996,0.550006605170228,0.570173180425035,0.553572390490597,0.532046264747684,0.550106859012822,0.58335455564929,0.558400832314988,0.549632685432986,0.548855040762054,0.528734500987941,0.557164052140609,0.575087677980257,0.575087677980257,0.600812860052446,0.548462154081618,0.61179150932893,0.575087677980257,0.56891187870267,0.584327288878783,0.58335455564929,0.575087677980257,0.548360545457368,0.582033779012197,0.550006605170228,0.38181860473175,0.577220754603059,0.37290870704501,0.575087677980257,0.536841622804019,0.509074017968802,0.388006569948615,0.583396553880647,0.53370923213562,0.575087677980257,0.575087677980257,0.433336886790141,0.550165114624059,0.582744903903786,0.412242259004878,0.628552082211955,0.388102759446238,0.548413381941978,0.582033779012197,0.550165114624059,0.550006605170228,0.576670062955254,0.575087677980257,0.550006605170228,0.600024377128261,0.573726122415299,0.533642197539247,0.548855040762054,0.550006605170228,0.573337300079833,0.576624000378927,0.486890687644236,0.576348979702622,0.53703671136258,0.575087677980257,0.549426758621171,0.352312828578836,0.553572390490597,0.507020670246496,0.548903812901694,0.499955483906934,0.630267235789306,0.556636906597997
"33",0.556999988081986,0.55934796017117,0.56164212033295,0.61677767483379,0.5818344906305,0.554493642017137,0.576348979702622,0.58335455564929,0.576348979702622,0.576348979702622,0.591262416179303,0.575087677980257,0.573726122415299,0.38181860473175,0.59745869162685,0.549632685432986,0.550205758073759,0.559341186262886,0.531373046646849,0.575087677980257,0.624131361927141,0.575087677980257,0.584936940624286,0.591160943033218,0.383645527795777,0.559209636964023,0.560107857202399,0.548360545457368,0.576670062955254,0.574987424137663,0.37290870704501,0.559209636964023,0.59989574060996,0.550006605170228,0.570173180425035,0.553572390490597,0.532046264747684,0.550106859012822,0.584936940624286,0.558400832314988,0.549632685432986,0.550116342484419,0.528734500987941,0.557164052140609,0.575087677980257,0.575087677980257,0.600812860052446,0.548462154081618,0.616839913503098,0.575087677980257,0.56891187870267,0.584936940624286,0.58335455564929,0.575087677980257,0.548360545457368,0.582033779012197,0.550006605170228,0.38181860473175,0.577220754603059,0.37290870704501,0.575087677980257,0.536841622804019,0.509074017968802,0.388006569948615,0.583396553880647,0.53370923213562,0.575087677980257,0.575087677980257,0.433336886790141,0.550165114624059,0.58335455564929,0.412242259004878,0.628552082211955,0.388102759446238,0.551182555648222,0.582033779012197,0.550165114624059,0.550006605170228,0.577931364677619,0.575087677980257,0.551267906892593,0.600024377128261,0.573726122415299,0.533642197539247,0.550074344253062,0.550006605170228,0.573337300079833,0.576624000378927,0.486890687644236,0.576348979702622,0.53703671136258,0.575087677980257,0.549426758621171,0.352312828578836,0.576670062955254,0.507020670246496,0.548903812901694,0.499955483906934,0.630267235789306,0.556636906597997
"34",0.556999988081986,0.569657848578468,0.56164212033295,0.61677767483379,0.5818344906305,0.554493642017137,0.576348979702622,0.58335455564929,0.576348979702622,0.576348979702622,0.591262416179303,0.575087677980257,0.573726122415299,0.38181860473175,0.59745869162685,0.549632685432986,0.550205758073759,0.559341186262886,0.531373046646849,0.575087677980257,0.624131361927141,0.575087677980257,0.584936940624286,0.591160943033218,0.383645527795777,0.559209636964023,0.560107857202399,0.548360545457368,0.576670062955254,0.574987424137663,0.37290870704501,0.559209636964023,0.59989574060996,0.550448263990304,0.570173180425035,0.553572390490597,0.532046264747684,0.550106859012822,0.584936940624286,0.558400832314988,0.549903641764321,0.550116342484419,0.528734500987941,0.557164052140609,0.575087677980257,0.575087677980257,0.600812860052446,0.575087677980257,0.617738133741474,0.575087677980257,0.56891187870267,0.584936940624286,0.58335455564929,0.575087677980257,0.548360545457368,0.582033779012197,0.550006605170228,0.38181860473175,0.577220754603059,0.37290870704501,0.582033779012197,0.536841622804019,0.509074017968802,0.388006569948615,0.583396553880647,0.548462804376813,0.575087677980257,0.575087677980257,0.433336886790141,0.550165114624059,0.58335455564929,0.412242259004878,0.628552082211955,0.388102759446238,0.551182555648222,0.582033779012197,0.550165114624059,0.550006605170228,0.577931364677619,0.575087677980257,0.551267906892593,0.600024377128261,0.573726122415299,0.533642197539247,0.550074344253062,0.550006605170228,0.583221787046936,0.576624000378927,0.486890687644236,0.576348979702622,0.53703671136258,0.575087677980257,0.552084840231568,0.352312828578836,0.576670062955254,0.507020670246496,0.550448263990304,0.535299745800557,0.630267235789306,0.556636906597997
"35",0.556999988081986,0.570938117244027,0.56164212033295,0.61677767483379,0.582939992462347,0.554493642017137,0.576348979702622,0.584936940624286,0.576348979702622,0.576348979702622,0.591262416179303,0.575087677980257,0.573726122415299,0.38181860473175,0.59745869162685,0.55089398715535,0.550205758073759,0.559341186262886,0.531373046646849,0.577755243062251,0.624595442383635,0.575087677980257,0.584936940624286,0.591160943033218,0.383645527795777,0.559209636964023,0.560107857202399,0.548360545457368,0.576670062955254,0.574987424137663,0.37290870704501,0.559209636964023,0.59989574060996,0.550448263990304,0.570173180425035,0.553572390490597,0.532046264747684,0.550106859012822,0.584936940624286,0.558400832314988,0.549903641764321,0.550116342484419,0.528734500987941,0.557177599957176,0.575087677980257,0.575087677980257,0.600812860052446,0.575087677980257,0.617738133741474,0.575087677980257,0.56891187870267,0.584936940624286,0.584936940624286,0.575087677980257,0.548360545457368,0.582033779012197,0.550006605170228,0.38181860473175,0.577220754603059,0.37290870704501,0.582033779012197,0.536841622804019,0.509074017968802,0.388006569948615,0.583396553880647,0.568425512087923,0.575087677980257,0.575087677980257,0.433336886790141,0.550165114624059,0.58335455564929,0.412242259004878,0.628552082211955,0.388102759446238,0.551182555648222,0.582033779012197,0.550165114624059,0.550006605170228,0.577931364677619,0.575087677980257,0.551267906892593,0.600024377128261,0.575308507390295,0.533642197539247,0.550345300584397,0.584973392379541,0.583221787046936,0.576624000378927,0.486890687644236,0.576348979702622,0.53703671136258,0.575087677980257,0.552084840231568,0.352312828578836,0.576670062955254,0.507020670246496,0.550448263990304,0.535299745800557,0.631849620764303,0.556636906597997
"36",0.556999988081986,0.5989588034214,0.56164212033295,0.618038976556155,0.583549644207851,0.557948335241659,0.576348979702622,0.584936940624286,0.576348979702622,0.576348979702622,0.592523717901668,0.576670062955254,0.573726122415299,0.38181860473175,0.59745869162685,0.55089398715535,0.550205758073759,0.559341186262886,0.531373046646849,0.584214842001278,0.628747170770516,0.575087677980257,0.584936940624286,0.591160943033218,0.383645527795777,0.559209636964023,0.560107857202399,0.548360545457368,0.576670062955254,0.574987424137663,0.37290870704501,0.559209636964023,0.600497263665524,0.550448263990304,0.570173180425035,0.554833692212962,0.532046264747684,0.550106859012822,0.586198242346651,0.558400832314988,0.55684974279626,0.550116342484419,0.528734500987941,0.557177599957176,0.575087677980257,0.575087677980257,0.600812860052446,0.575087677980257,0.617738133741474,0.575087677980257,0.56891187870267,0.584936940624286,0.584936940624286,0.575087677980257,0.548360545457368,0.582033779012197,0.550006605170228,0.38181860473175,0.577220754603059,0.37290870704501,0.582033779012197,0.536841622804019,0.509074017968802,0.388006569948615,0.583396553880647,0.574643959892063,0.576348979702622,0.575087677980257,0.433336886790141,0.550165114624059,0.58335455564929,0.412242259004878,0.628552082211955,0.388102759446238,0.552443857370587,0.582033779012197,0.550165114624059,0.550006605170228,0.577931364677619,0.575087677980257,0.551267906892593,0.600024377128261,0.575308507390295,0.534903499261612,0.550345300584397,0.584973392379541,0.584327288878783,0.576624000378927,0.486890687644236,0.576348979702622,0.53703671136258,0.576670062955254,0.552084840231568,0.352312828578836,0.576670062955254,0.507020670246496,0.550448263990304,0.535299745800557,0.631849620764303,0.556636906597997
"37",0.556999988081986,0.5989588034214,0.56164212033295,0.618038976556155,0.583549644207851,0.557948335241659,0.576348979702622,0.585587235819491,0.576348979702622,0.576348979702622,0.592523717901668,0.576670062955254,0.573726122415299,0.38181860473175,0.59745869162685,0.55089398715535,0.550205758073759,0.560641776653295,0.531373046646849,0.584214842001278,0.629852672602363,0.575087677980257,0.584936940624286,0.591160943033218,0.383645527795777,0.559209636964023,0.560107857202399,0.548360545457368,0.576670062955254,0.574987424137663,0.37290870704501,0.559209636964023,0.600497263665524,0.551709565712669,0.570173180425035,0.554833692212962,0.532046264747684,0.550106859012822,0.586198242346651,0.559662134037353,0.559618916502505,0.550116342484419,0.528734500987941,0.557519004934658,0.575087677980257,0.576670062955254,0.600812860052446,0.575087677980257,0.622098105616803,0.575087677980257,0.56891187870267,0.584936940624286,0.585587235819491,0.575087677980257,0.548360545457368,0.582033779012197,0.550006605170228,0.38181860473175,0.577220754603059,0.37290870704501,0.582033779012197,0.536841622804019,0.509074017968802,0.388006569948615,0.583396553880647,0.576594845477675,0.576348979702622,0.575087677980257,0.433336886790141,0.550165114624059,0.584004850844494,0.412242259004878,0.628552082211955,0.388102759446238,0.552443857370587,0.582033779012197,0.550165114624059,0.550448263990304,0.577931364677619,0.575087677980257,0.551267906892593,0.600024377128261,0.578477341685259,0.534903499261612,0.550345300584397,0.591522200981097,0.584936940624286,0.576624000378927,0.486890687644236,0.576348979702622,0.53703671136258,0.576670062955254,0.553255371582935,0.352312828578836,0.576670062955254,0.507020670246496,0.551709565712669,0.535299745800557,0.631849620764303,0.556636906597997
"38",0.556999988081986,0.5989588034214,0.56164212033295,0.618038976556155,0.584958617130793,0.557948335241659,0.576348979702622,0.585587235819491,0.576348979702622,0.576348979702622,0.592523717901668,0.576670062955254,0.574877686823473,0.38181860473175,0.59745869162685,0.55089398715535,0.550205758073759,0.56247344145312,0.531373046646849,0.584214842001278,0.630462324347867,0.576348979702622,0.584936940624286,0.591160943033218,0.383645527795777,0.559209636964023,0.582135252158282,0.548360545457368,0.576670062955254,0.574987424137663,0.37290870704501,0.559209636964023,0.603020544501081,0.551709565712669,0.570173180425035,0.554833692212962,0.532046264747684,0.550448263990304,0.586198242346651,0.559662134037353,0.583616163987194,0.550116342484419,0.528734500987941,0.557960663754734,0.575087677980257,0.576670062955254,0.600812860052446,0.575087677980257,0.622098105616803,0.575087677980257,0.56891187870267,0.584936940624286,0.585797226976275,0.575087677980257,0.548360545457368,0.582033779012197,0.550006605170228,0.38181860473175,0.577220754603059,0.37290870704501,0.582033779012197,0.536841622804019,0.509074017968802,0.388006569948615,0.583396553880647,0.576594845477675,0.576348979702622,0.575087677980257,0.433336886790141,0.550165114624059,0.584214842001278,0.412242259004878,0.628552082211955,0.388102759446238,0.552443857370587,0.582033779012197,0.550165114624059,0.550448263990304,0.577931364677619,0.575087677980257,0.551267906892593,0.600024377128261,0.584936940624286,0.534903499261612,0.550345300584397,0.591522200981097,0.585587235819491,0.576624000378927,0.486890687644236,0.576348979702622,0.53703671136258,0.576670062955254,0.553255371582935,0.352312828578836,0.576670062955254,0.507020670246496,0.551709565712669,0.550006605170228,0.631849620764303,0.556636906597997
"39",0.55826128980435,0.5989588034214,0.56164212033295,0.618038976556155,0.585608912325997,0.557948335241659,0.576348979702622,0.585797226976275,0.576348979702622,0.576348979702622,0.592523717901668,0.576670062955254,0.574877686823473,0.38181860473175,0.602067658822859,0.55089398715535,0.550205758073759,0.580672223447238,0.531373046646849,0.584214842001278,0.630462324347867,0.576348979702622,0.584936940624286,0.592422244755583,0.383645527795777,0.559209636964023,0.582135252158282,0.548360545457368,0.576670062955254,0.574987424137663,0.37290870704501,0.559209636964023,0.603020544501081,0.551709565712669,0.570173180425035,0.554833692212962,0.532046264747684,0.551709565712669,0.586198242346651,0.559662134037353,0.583616163987194,0.550116342484419,0.528734500987941,0.557960663754734,0.575087677980257,0.576670062955254,0.600812860052446,0.575087677980257,0.622098105616803,0.575087677980257,0.56891187870267,0.584936940624286,0.585797226976275,0.575087677980257,0.548360545457368,0.61005446518957,0.550559356086152,0.38181860473175,0.577220754603059,0.37290870704501,0.582033779012197,0.536841622804019,0.509074017968802,0.388006569948615,0.583396553880647,0.576594845477675,0.576348979702622,0.575087677980257,0.433336886790141,0.550165114624059,0.584214842001278,0.412242259004878,0.628552082211955,0.388102759446238,0.552443857370587,0.582033779012197,0.550165114624059,0.585415051199617,0.577931364677619,0.575087677980257,0.551267906892593,0.600024377128261,0.584936940624286,0.534903499261612,0.550345300584397,0.591522200981097,0.585797226976275,0.576624000378927,0.486890687644236,0.576348979702622,0.53703671136258,0.576670062955254,0.553255371582935,0.352312828578836,0.577931364677619,0.507020670246496,0.551709565712669,0.550052667746555,0.631849620764303,0.556636906597997
"40",0.55826128980435,0.605507612022956,0.56164212033295,0.618038976556155,0.585818903482782,0.557948335241659,0.576348979702622,0.585797226976275,0.576348979702622,0.576348979702622,0.592523717901668,0.576670062955254,0.574877686823473,0.38181860473175,0.602067658822859,0.55089398715535,0.550205758073759,0.580672223447238,0.531373046646849,0.584214842001278,0.630462324347867,0.576348979702622,0.584936940624286,0.592422244755583,0.383645527795777,0.559209636964023,0.582135252158282,0.548360545457368,0.576670062955254,0.574987424137663,0.37290870704501,0.559209636964023,0.603020544501081,0.551709565712669,0.570173180425035,0.554833692212962,0.532046264747684,0.551709565712669,0.586198242346651,0.559662134037353,0.583616163987194,0.550116342484419,0.528734500987941,0.557960663754734,0.575087677980257,0.576670062955254,0.600812860052446,0.575087677980257,0.622098105616803,0.576348979702622,0.56891187870267,0.584936940624286,0.585797226976275,0.575087677980257,0.548360545457368,0.61005446518957,0.551820657808516,0.38181860473175,0.577220754603059,0.37290870704501,0.582033779012197,0.536841622804019,0.509074017968802,0.388006569948615,0.583396553880647,0.576594845477675,0.576348979702622,0.575087677980257,0.433336886790141,0.550165114624059,0.591262416179303,0.412242259004878,0.628552082211955,0.388102759446238,0.552443857370587,0.582033779012197,0.550165114624059,0.585415051199617,0.577931364677619,0.575087677980257,0.551267906892593,0.600024377128261,0.584936940624286,0.534903499261612,0.550345300584397,0.597017032806773,0.585797226976275,0.576624000378927,0.486890687644236,0.576348979702622,0.53703671136258,0.576670062955254,0.553255371582935,0.352312828578836,0.577931364677619,0.507020670246496,0.551709565712669,0.550052667746555,0.631849620764303,0.556636906597997
"41",0.55826128980435,0.605507612022956,0.56164212033295,0.618038976556155,0.585818903482782,0.557948335241659,0.576348979702622,0.585797226976275,0.576348979702622,0.576348979702622,0.592523717901668,0.576670062955254,0.575087677980257,0.38181860473175,0.602067658822859,0.55089398715535,0.550205758073759,0.580672223447238,0.531373046646849,0.584214842001278,0.630462324347867,0.576348979702622,0.584936940624286,0.592422244755583,0.383645527795777,0.559209636964023,0.582135252158282,0.548360545457368,0.611636850164567,0.574987424137663,0.37290870704501,0.559209636964023,0.603020544501081,0.551709565712669,0.570173180425035,0.554833692212962,0.532046264747684,0.551709565712669,0.586198242346651,0.559662134037353,0.583616163987194,0.550116342484419,0.528734500987941,0.557960663754734,0.575087677980257,0.576670062955254,0.600812860052446,0.575087677980257,0.622098105616803,0.576348979702622,0.570173180425035,0.584936940624286,0.585797226976275,0.582033779012197,0.548360545457368,0.616603273791127,0.551820657808516,0.38181860473175,0.577220754603059,0.37290870704501,0.582033779012197,0.536841622804019,0.509074017968802,0.388006569948615,0.583396553880647,0.576594845477675,0.576348979702622,0.575087677980257,0.433336886790141,0.550165114624059,0.591262416179303,0.412242259004878,0.628552082211955,0.388102759446238,0.552443857370587,0.582033779012197,0.550165114624059,0.591963859801173,0.577931364677619,0.576348979702622,0.551267906892593,0.600024377128261,0.584936940624286,0.534903499261612,0.550345300584397,0.597017032806773,0.585797226976275,0.576624000378927,0.486890687644236,0.576348979702622,0.53703671136258,0.576670062955254,0.553255371582935,0.352312828578836,0.577931364677619,0.507020670246496,0.551709565712669,0.585019454955868,0.631849620764303,0.556636906597997
"42",0.55826128980435,0.611002443848632,0.56164212033295,0.618038976556155,0.585818903482782,0.557948335241659,0.576348979702622,0.585797226976275,0.576348979702622,0.576348979702622,0.592523717901668,0.576670062955254,0.582033779012197,0.38181860473175,0.602067658822859,0.55089398715535,0.550205758073759,0.580672223447238,0.531373046646849,0.584214842001278,0.630462324347867,0.576348979702622,0.585587235819491,0.592422244755583,0.383645527795777,0.559209636964023,0.582135252158282,0.548360545457368,0.611636850164567,0.574987424137663,0.37290870704501,0.559209636964023,0.603020544501081,0.551709565712669,0.570173180425035,0.554833692212962,0.532046264747684,0.551709565712669,0.586198242346651,0.559662134037353,0.583616163987194,0.550116342484419,0.528734500987941,0.562409766715256,0.575087677980257,0.576670062955254,0.600812860052446,0.575087677980257,0.622098105616803,0.576348979702622,0.570173180425035,0.585587235819491,0.585797226976275,0.582033779012197,0.548360545457368,0.616603273791127,0.551820657808516,0.38181860473175,0.577220754603059,0.37290870704501,0.582033779012197,0.536841622804019,0.509074017968802,0.388006569948615,0.583396553880647,0.576594845477675,0.576348979702622,0.575087677980257,0.433336886790141,0.550165114624059,0.591262416179303,0.412242259004878,0.628552082211955,0.388102759446238,0.552443857370587,0.582033779012197,0.550165114624059,0.591963859801173,0.577931364677619,0.576348979702622,0.551267906892593,0.600024377128261,0.587036852192133,0.534903499261612,0.550345300584397,0.597017032806773,0.585797226976275,0.576624000378927,0.486890687644236,0.576348979702622,0.53703671136258,0.576670062955254,0.553255371582935,0.352312828578836,0.577931364677619,0.507020670246496,0.551709565712669,0.585019454955868,0.633949532332149,0.556636906597997
"43",0.55826128980435,0.611002443848632,0.56164212033295,0.618038976556155,0.585818903482782,0.557948335241659,0.576348979702622,0.585797226976275,0.576348979702622,0.576348979702622,0.592523717901668,0.576670062955254,0.582033779012197,0.38181860473175,0.602067658822859,0.55089398715535,0.550205758073759,0.580672223447238,0.531373046646849,0.584214842001278,0.630462324347867,0.576348979702622,0.585797226976275,0.592422244755583,0.383645527795777,0.559209636964023,0.582135252158282,0.548360545457368,0.618185658766123,0.574987424137663,0.37290870704501,0.559209636964023,0.603020544501081,0.551709565712669,0.570173180425035,0.554833692212962,0.532046264747684,0.551709565712669,0.586198242346651,0.559662134037353,0.584877465709558,0.550116342484419,0.528734500987941,0.562409766715256,0.575087677980257,0.576670062955254,0.600812860052446,0.575087677980257,0.622098105616803,0.576348979702622,0.570173180425035,0.585797226976275,0.585797226976275,0.582033779012197,0.548360545457368,0.616603273791127,0.551820657808516,0.38181860473175,0.577220754603059,0.37290870704501,0.582033779012197,0.536841622804019,0.509074017968802,0.388006569948615,0.583396553880647,0.576594845477675,0.576348979702622,0.575087677980257,0.433336886790141,0.550165114624059,0.591262416179303,0.412242259004878,0.628552082211955,0.388102759446238,0.552443857370587,0.582033779012197,0.550165114624059,0.59745869162685,0.577931364677619,0.576348979702622,0.551267906892593,0.600024377128261,0.587036852192133,0.534903499261612,0.575087677980257,0.598278334529138,0.585797226976275,0.576624000378927,0.486890687644236,0.576348979702622,0.53703671136258,0.576670062955254,0.553255371582935,0.352312828578836,0.577931364677619,0.507020670246496,0.551709565712669,0.590514286781544,0.633949532332149,0.556636906597997
"44",0.55826128980435,0.611002443848632,0.56164212033295,0.618038976556155,0.585818903482782,0.558463152271195,0.576348979702622,0.585797226976275,0.576348979702622,0.576348979702622,0.592523717901668,0.576670062955254,0.582033779012197,0.38181860473175,0.602067658822859,0.55089398715535,0.550205758073759,0.580672223447238,0.531373046646849,0.585797226976275,0.630462324347867,0.576348979702622,0.585797226976275,0.592422244755583,0.383645527795777,0.559209636964023,0.582135252158282,0.548360545457368,0.618185658766123,0.574987424137663,0.37290870704501,0.559209636964023,0.603020544501081,0.551709565712669,0.570173180425035,0.554833692212962,0.532046264747684,0.551709565712669,0.586198242346651,0.559662134037353,0.584877465709558,0.550116342484419,0.528734500987941,0.562409766715256,0.575087677980257,0.576670062955254,0.600812860052446,0.610652598581429,0.622098105616803,0.576348979702622,0.570173180425035,0.585797226976275,0.585797226976275,0.582033779012197,0.548360545457368,0.622098105616803,0.551820657808516,0.38181860473175,0.577220754603059,0.37290870704501,0.610652598581429,0.536841622804019,0.509074017968802,0.388006569948615,0.583396553880647,0.576594845477675,0.576348979702622,0.575087677980257,0.433336886790141,0.550165114624059,0.591262416179303,0.412242259004878,0.631075363047513,0.388102759446238,0.552443857370587,0.582033779012197,0.550165114624059,0.59745869162685,0.577931364677619,0.576348979702622,0.551267906892593,0.600024377128261,0.621627077839973,0.534903499261612,0.575087677980257,0.598278334529138,0.585797226976275,0.576624000378927,0.486890687644236,0.576348979702622,0.53703671136258,0.576670062955254,0.562711747546529,0.352312828578836,0.577931364677619,0.507020670246496,0.551709565712669,0.590514286781544,0.633949532332149,0.556636906597997
"45",0.55826128980435,0.611002443848632,0.56164212033295,0.618038976556155,0.585818903482782,0.559438595064001,0.576348979702622,0.585797226976275,0.576348979702622,0.576348979702622,0.592523717901668,0.576670062955254,0.583616163987194,0.38181860473175,0.602067658822859,0.55089398715535,0.550205758073759,0.581823787855412,0.531373046646849,0.585797226976275,0.630462324347867,0.576348979702622,0.585797226976275,0.592422244755583,0.383645527795777,0.559209636964023,0.582135252158282,0.548360545457368,0.618185658766123,0.574987424137663,0.37290870704501,0.559209636964023,0.603020544501081,0.551709565712669,0.570173180425035,0.554833692212962,0.532046264747684,0.551709565712669,0.586198242346651,0.559662134037353,0.584877465709558,0.550116342484419,0.528734500987941,0.562409766715256,0.575087677980257,0.576670062955254,0.600812860052446,0.616603273791127,0.622098105616803,0.576348979702622,0.570173180425035,0.585797226976275,0.585797226976275,0.582033779012197,0.548360545457368,0.622098105616803,0.551820657808516,0.38181860473175,0.577220754603059,0.37290870704501,0.616603273791127,0.536841622804019,0.509074017968802,0.388006569948615,0.583396553880647,0.576888833097174,0.576348979702622,0.575087677980257,0.433336886790141,0.550165114624059,0.591262416179303,0.412242259004878,0.631075363047513,0.388102759446238,0.552443857370587,0.582033779012197,0.550165114624059,0.59745869162685,0.577931364677619,0.576348979702622,0.551267906892593,0.600024377128261,0.621627077839973,0.534903499261612,0.575087677980257,0.598278334529138,0.58705852869864,0.576624000378927,0.486890687644236,0.576348979702622,0.53703671136258,0.576670062955254,0.562711747546529,0.352312828578836,0.577931364677619,0.507020670246496,0.551709565712669,0.590514286781544,0.633949532332149,0.556636906597997
"46",0.55826128980435,0.611002443848632,0.56164212033295,0.618038976556155,0.592765004514722,0.582135252158282,0.576348979702622,0.585797226976275,0.576348979702622,0.576348979702622,0.592523717901668,0.576670062955254,0.583616163987194,0.38181860473175,0.602067658822859,0.55089398715535,0.550205758073759,0.582033779012197,0.531373046646849,0.585797226976275,0.630462324347867,0.576348979702622,0.585797226976275,0.592422244755583,0.383645527795777,0.559209636964023,0.582135252158282,0.548360545457368,0.623680490591799,0.574987424137663,0.37290870704501,0.559209636964023,0.603020544501081,0.551709565712669,0.570173180425035,0.554833692212962,0.532046264747684,0.551709565712669,0.586198242346651,0.559662134037353,0.584877465709558,0.550116342484419,0.528734500987941,0.562409766715256,0.576348979702622,0.583616163987194,0.600812860052446,0.616603273791127,0.622098105616803,0.576348979702622,0.570173180425035,0.585797226976275,0.585797226976275,0.61005446518957,0.548360545457368,0.622098105616803,0.551820657808516,0.38181860473175,0.577220754603059,0.37290870704501,0.616603273791127,0.536841622804019,0.509074017968802,0.388006569948615,0.583396553880647,0.578319482526623,0.576348979702622,0.575087677980257,0.433336886790141,0.550165114624059,0.591262416179303,0.412242259004878,0.631075363047513,0.388102759446238,0.552443857370587,0.582033779012197,0.550165114624059,0.609405156275412,0.577931364677619,0.576348979702622,0.551267906892593,0.600024377128261,0.627400723730593,0.534903499261612,0.575087677980257,0.598278334529138,0.58705852869864,0.576624000378927,0.486890687644236,0.576348979702622,0.53703671136258,0.576670062955254,0.562711747546529,0.352312828578836,0.577931364677619,0.507020670246496,0.551709565712669,0.5970630953831,0.633949532332149,0.556636906597997
"47",0.55826128980435,0.611002443848632,0.56164212033295,0.618038976556155,0.592765004514722,0.582135252158282,0.576348979702622,0.58705852869864,0.576348979702622,0.576348979702622,0.592523717901668,0.576670062955254,0.583616163987194,0.38181860473175,0.603328960545223,0.55089398715535,0.550205758073759,0.582033779012197,0.531373046646849,0.585797226976275,0.631871297270809,0.576348979702622,0.585797226976275,0.592422244755583,0.383645527795777,0.559209636964023,0.582135252158282,0.548360545457368,0.623680490591799,0.574987424137663,0.37290870704501,0.559209636964023,0.603020544501081,0.551709565712669,0.570173180425035,0.554833692212962,0.532046264747684,0.551709565712669,0.586198242346651,0.559662134037353,0.584877465709558,0.550116342484419,0.528734500987941,0.591028586284488,0.576348979702622,0.583616163987194,0.600812860052446,0.616603273791127,0.622098105616803,0.576348979702622,0.570173180425035,0.585797226976275,0.585797226976275,0.61005446518957,0.548360545457368,0.622098105616803,0.551820657808516,0.38181860473175,0.577220754603059,0.37290870704501,0.616603273791127,0.536841622804019,0.509074017968802,0.388006569948615,0.583396553880647,0.579033452459691,0.576348979702622,0.575087677980257,0.433336886790141,0.550165114624059,0.591262416179303,0.412242259004878,0.631075363047513,0.388102759446238,0.552443857370587,0.582033779012197,0.550165114624059,0.609405156275412,0.577931364677619,0.576348979702622,0.551267906892593,0.600024377128261,0.627400723730593,0.534903499261612,0.575087677980257,0.598278334529138,0.58705852869864,0.576624000378927,0.486890687644236,0.576348979702622,0.53703671136258,0.576670062955254,0.562711747546529,0.352312828578836,0.577931364677619,0.507020670246496,0.551709565712669,0.597583331539264,0.635210834054514,0.556636906597997
"48",0.55826128980435,0.612711975082108,0.56164212033295,0.618038976556155,0.594026306237087,0.582135252158282,0.576348979702622,0.58705852869864,0.576348979702622,0.576348979702622,0.592523717901668,0.576670062955254,0.583616163987194,0.38181860473175,0.603328960545223,0.55089398715535,0.550205758073759,0.583295080734562,0.531373046646849,0.585797226976275,0.631871297270809,0.576348979702622,0.58705852869864,0.592422244755583,0.383645527795777,0.559209636964023,0.582135252158282,0.548360545457368,0.623680490591799,0.574987424137663,0.37290870704501,0.559209636964023,0.603020544501081,0.551709565712669,0.570173180425035,0.554833692212962,0.532046264747684,0.551709565712669,0.586198242346651,0.559662134037353,0.584877465709558,0.550116342484419,0.528734500987941,0.591028586284488,0.576348979702622,0.583616163987194,0.600812860052446,0.616603273791127,0.622098105616803,0.576348979702622,0.570173180425035,0.592743328008215,0.585797226976275,0.616603273791127,0.548360545457368,0.623359407339167,0.551820657808516,0.38181860473175,0.577220754603059,0.37290870704501,0.622098105616803,0.536841622804019,0.509074017968802,0.388006569948615,0.583396553880647,0.580968080665423,0.576348979702622,0.576348979702622,0.433336886790141,0.550165114624059,0.591262416179303,0.412242259004878,0.631075363047513,0.388102759446238,0.552443857370587,0.582033779012197,0.550165114624059,0.609405156275412,0.577931364677619,0.576348979702622,0.551267906892593,0.600024377128261,0.633949532332149,0.534903499261612,0.575087677980257,0.598278334529138,0.58705852869864,0.576624000378927,0.486890687644236,0.576348979702622,0.53703671136258,0.576670062955254,0.565089389353994,0.352312828578836,0.577931364677619,0.507020670246496,0.551709565712669,0.597583331539264,0.635210834054514,0.556636906597997
"49",0.55826128980435,0.62506216466436,0.56164212033295,0.618038976556155,0.594026306237087,0.582135252158282,0.576348979702622,0.58705852869864,0.576348979702622,0.576348979702622,0.592523717901668,0.577931364677619,0.611636850164567,0.38181860473175,0.603328960545223,0.55089398715535,0.550205758073759,0.583295080734562,0.531373046646849,0.585797226976275,0.633971208838656,0.576348979702622,0.58705852869864,0.592422244755583,0.383645527795777,0.559209636964023,0.582135252158282,0.548360545457368,0.623680490591799,0.574987424137663,0.37290870704501,0.559209636964023,0.603020544501081,0.551709565712669,0.570173180425035,0.554833692212962,0.532046264747684,0.551709565712669,0.586198242346651,0.559662134037353,0.584877465709558,0.550116342484419,0.528734500987941,0.596523418110164,0.576348979702622,0.583616163987194,0.600812860052446,0.616603273791127,0.622098105616803,0.576348979702622,0.570173180425035,0.592743328008215,0.585797226976275,0.616603273791127,0.548360545457368,0.623359407339167,0.551820657808516,0.38181860473175,0.577220754603059,0.37290870704501,0.622098105616803,0.536841622804019,0.509074017968802,0.388006569948615,0.583396553880647,0.580968080665423,0.576348979702622,0.576348979702622,0.433336886790141,0.550165114624059,0.591262416179303,0.412242259004878,0.631075363047513,0.388102759446238,0.552443857370587,0.582033779012197,0.550165114624059,0.609405156275412,0.577931364677619,0.576348979702622,0.551267906892593,0.600024377128261,0.633949532332149,0.534903499261612,0.575087677980257,0.598278334529138,0.58705852869864,0.576624000378927,0.486890687644236,0.576348979702622,0.53703671136258,0.576670062955254,0.565089389353994,0.352312828578836,0.577931364677619,0.507020670246496,0.551709565712669,0.597583331539264,0.635210834054514,0.556636906597997
"50",0.55826128980435,0.62506216466436,0.56164212033295,0.618038976556155,0.594026306237087,0.582135252158282,0.576348979702622,0.58705852869864,0.576348979702622,0.576348979702622,0.592523717901668,0.577931364677619,0.618185658766123,0.38181860473175,0.603328960545223,0.55089398715535,0.550205758073759,0.583295080734562,0.531373046646849,0.585797226976275,0.633971208838656,0.576348979702622,0.58705852869864,0.592422244755583,0.383645527795777,0.559209636964023,0.582135252158282,0.548360545457368,0.623680490591799,0.574987424137663,0.37290870704501,0.559209636964023,0.603020544501081,0.551709565712669,0.570173180425035,0.554833692212962,0.532046264747684,0.551709565712669,0.586198242346651,0.559662134037353,0.584877465709558,0.550116342484419,0.528734500987941,0.596523418110164,0.576348979702622,0.583616163987194,0.600812860052446,0.622098105616803,0.622098105616803,0.576348979702622,0.570173180425035,0.592743328008215,0.585797226976275,0.616603273791127,0.548360545457368,0.623359407339167,0.551820657808516,0.38181860473175,0.577220754603059,0.37290870704501,0.623807636850278,0.536841622804019,0.509074017968802,0.388006569948615,0.583396553880647,0.580968080665423,0.576348979702622,0.576348979702622,0.433336886790141,0.550165114624059,0.591262416179303,0.412242259004878,0.631075363047513,0.388102759446238,0.552443857370587,0.582033779012197,0.550165114624059,0.609405156275412,0.577931364677619,0.576348979702622,0.551267906892593,0.600024377128261,0.633949532332149,0.534903499261612,0.575087677980257,0.598278334529138,0.58705852869864,0.576624000378927,0.486890687644236,0.576348979702622,0.53703671136258,0.611636850164567,0.565869743588239,0.352312828578836,0.577931364677619,0.507020670246496,0.551709565712669,0.600352505245508,0.635210834054514,0.556636906597997
"51",0.55826128980435,0.633949532332149,0.56164212033295,0.618038976556155,0.594026306237087,0.582135252158282,0.576348979702622,0.58705852869864,0.576348979702622,0.576348979702622,0.592523717901668,0.577931364677619,0.618185658766123,0.38181860473175,0.603328960545223,0.55089398715535,0.550205758073759,0.583295080734562,0.531373046646849,0.585797226976275,0.633971208838656,0.576348979702622,0.58705852869864,0.592422244755583,0.383645527795777,0.559209636964023,0.582135252158282,0.548360545457368,0.623680490591799,0.574987424137663,0.37290870704501,0.559209636964023,0.603020544501081,0.551709565712669,0.570173180425035,0.554833692212962,0.532046264747684,0.551709565712669,0.586198242346651,0.559662134037353,0.584877465709558,0.550116342484419,0.528734500987941,0.602474093319861,0.576348979702622,0.583616163987194,0.600812860052446,0.622098105616803,0.622098105616803,0.576348979702622,0.570173180425035,0.594843239576062,0.585797226976275,0.622098105616803,0.548360545457368,0.623359407339167,0.551820657808516,0.38181860473175,0.577220754603059,0.37290870704501,0.630267235789306,0.536841622804019,0.509074017968802,0.388006569948615,0.583396553880647,0.580968080665423,0.576348979702622,0.576348979702622,0.433336886790141,0.550165114624059,0.591262416179303,0.412242259004878,0.631075363047513,0.388102759446238,0.552443857370587,0.582033779012197,0.550165114624059,0.609405156275412,0.577931364677619,0.576348979702622,0.551267906892593,0.600024377128261,0.633949532332149,0.534903499261612,0.575087677980257,0.598278334529138,0.58705852869864,0.576624000378927,0.486890687644236,0.576348979702622,0.53703671136258,0.618185658766123,0.565869743588239,0.352312828578836,0.577931364677619,0.507020670246496,0.551709565712669,0.600352505245508,0.635210834054514,0.556636906597997
"52",0.55826128980435,0.633949532332149,0.56164212033295,0.618038976556155,0.594026306237087,0.582135252158282,0.576348979702622,0.58705852869864,0.576348979702622,0.576348979702622,0.592523717901668,0.577931364677619,0.618185658766123,0.38181860473175,0.603328960545223,0.55089398715535,0.550205758073759,0.583295080734562,0.531373046646849,0.585797226976275,0.633971208838656,0.576348979702622,0.58705852869864,0.592422244755583,0.383645527795777,0.559209636964023,0.583396553880647,0.548360545457368,0.623680490591799,0.574987424137663,0.37290870704501,0.559209636964023,0.603020544501081,0.551709565712669,0.570173180425035,0.554833692212962,0.532046264747684,0.551709565712669,0.586198242346651,0.559662134037353,0.584877465709558,0.550116342484419,0.528734500987941,0.602474093319861,0.576348979702622,0.584877465709558,0.600812860052446,0.622098105616803,0.622098105616803,0.576348979702622,0.570173180425035,0.596104541298426,0.58705852869864,0.622098105616803,0.548360545457368,0.623359407339167,0.551820657808516,0.38181860473175,0.577220754603059,0.37290870704501,0.630267235789306,0.536841622804019,0.509074017968802,0.388006569948615,0.583396553880647,0.580968080665423,0.576348979702622,0.576348979702622,0.433336886790141,0.550165114624059,0.591262416179303,0.412242259004878,0.631075363047513,0.388102759446238,0.552443857370587,0.582033779012197,0.550165114624059,0.609405156275412,0.577931364677619,0.576348979702622,0.551267906892593,0.600024377128261,0.635319216587048,0.534903499261612,0.582033779012197,0.598278334529138,0.58705852869864,0.576624000378927,0.486890687644236,0.576348979702622,0.53703671136258,0.618185658766123,0.565869743588239,0.352312828578836,0.577931364677619,0.507020670246496,0.551709565712669,0.600352505245508,0.635210834054514,0.556636906597997
"53",0.55826128980435,0.633949532332149,0.56164212033295,0.618038976556155,0.594026306237087,0.582135252158282,0.576348979702622,0.58705852869864,0.576348979702622,0.576348979702622,0.592523717901668,0.577931364677619,0.623680490591799,0.38181860473175,0.603328960545223,0.55089398715535,0.550205758073759,0.583295080734562,0.531373046646849,0.58705852869864,0.633971208838656,0.576348979702622,0.58705852869864,0.592422244755583,0.383645527795777,0.559209636964023,0.583396553880647,0.548360545457368,0.623680490591799,0.574987424137663,0.37290870704501,0.559209636964023,0.603020544501081,0.551709565712669,0.570173180425035,0.554833692212962,0.532046264747684,0.551709565712669,0.586198242346651,0.559662134037353,0.584877465709558,0.550116342484419,0.528734500987941,0.602474093319861,0.576348979702622,0.584877465709558,0.600812860052446,0.622098105616803,0.622098105616803,0.576348979702622,0.570173180425035,0.596104541298426,0.58705852869864,0.622098105616803,0.548360545457368,0.623359407339167,0.551820657808516,0.38181860473175,0.577220754603059,0.37290870704501,0.630267235789306,0.536841622804019,0.509074017968802,0.388006569948615,0.583396553880647,0.580968080665423,0.576348979702622,0.576348979702622,0.433336886790141,0.550165114624059,0.591262416179303,0.412242259004878,0.631075363047513,0.388102759446238,0.552443857370587,0.582033779012197,0.550165114624059,0.609405156275412,0.577931364677619,0.576348979702622,0.551267906892593,0.600024377128261,0.635319216587048,0.534903499261612,0.582033779012197,0.598278334529138,0.58705852869864,0.576624000378927,0.486890687644236,0.576348979702622,0.53703671136258,0.623680490591799,0.565869743588239,0.352312828578836,0.577931364677619,0.507020670246496,0.551709565712669,0.600352505245508,0.635210834054514,0.556636906597997
"54",0.55826128980435,0.633949532332149,0.56164212033295,0.618038976556155,0.594026306237087,0.582135252158282,0.576348979702622,0.58705852869864,0.576348979702622,0.576348979702622,0.592523717901668,0.577931364677619,0.623680490591799,0.38181860473175,0.603328960545223,0.55089398715535,0.550205758073759,0.583295080734562,0.531373046646849,0.58705852869864,0.633971208838656,0.576348979702622,0.58705852869864,0.592422244755583,0.383645527795777,0.559209636964023,0.583396553880647,0.548360545457368,0.623680490591799,0.574987424137663,0.37290870704501,0.559209636964023,0.603020544501081,0.551709565712669,0.570173180425035,0.554833692212962,0.532046264747684,0.551709565712669,0.586198242346651,0.559662134037353,0.584877465709558,0.550116342484419,0.528734500987941,0.602474093319861,0.576348979702622,0.584877465709558,0.600812860052446,0.622098105616803,0.622098105616803,0.576348979702622,0.570173180425035,0.596104541298426,0.58705852869864,0.622098105616803,0.548360545457368,0.623359407339167,0.551820657808516,0.38181860473175,0.577220754603059,0.37290870704501,0.633356137966526,0.536841622804019,0.509074017968802,0.388006569948615,0.583396553880647,0.580968080665423,0.576348979702622,0.576348979702622,0.433336886790141,0.550165114624059,0.591262416179303,0.412242259004878,0.631075363047513,0.388102759446238,0.552443857370587,0.61005446518957,0.550165114624059,0.609405156275412,0.577931364677619,0.576348979702622,0.551267906892593,0.600024377128261,0.635319216587048,0.534903499261612,0.582033779012197,0.598278334529138,0.58705852869864,0.576624000378927,0.486890687644236,0.576348979702622,0.53703671136258,0.623680490591799,0.567239427843137,0.352312828578836,0.577931364677619,0.507020670246496,0.551709565712669,0.60480160820603,0.635210834054514,0.556636906597997
"55",0.55826128980435,0.635210834054514,0.56164212033295,0.618038976556155,0.594026306237087,0.582135252158282,0.576348979702622,0.58705852869864,0.576348979702622,0.576348979702622,0.592523717901668,0.577931364677619,0.623680490591799,0.38181860473175,0.603328960545223,0.55089398715535,0.550205758073759,0.583295080734562,0.531373046646849,0.58705852869864,0.633971208838656,0.576348979702622,0.58705852869864,0.592422244755583,0.383645527795777,0.559209636964023,0.583396553880647,0.548360545457368,0.625780402159646,0.574987424137663,0.37290870704501,0.559209636964023,0.603020544501081,0.551709565712669,0.570173180425035,0.554833692212962,0.532046264747684,0.551709565712669,0.586198242346651,0.559662134037353,0.584877465709558,0.550116342484419,0.528734500987941,0.602474093319861,0.576348979702622,0.584877465709558,0.600812860052446,0.622098105616803,0.622098105616803,0.576348979702622,0.570173180425035,0.596104541298426,0.58705852869864,0.622098105616803,0.548360545457368,0.623359407339167,0.551820657808516,0.38181860473175,0.577220754603059,0.37290870704501,0.633356137966526,0.536841622804019,0.509074017968802,0.388006569948615,0.583396553880647,0.580968080665423,0.576348979702622,0.576348979702622,0.433336886790141,0.550165114624059,0.592523717901668,0.412242259004878,0.631075363047513,0.388102759446238,0.552443857370587,0.61005446518957,0.550165114624059,0.609405156275412,0.577931364677619,0.576348979702622,0.551267906892593,0.600024377128261,0.635319216587048,0.534903499261612,0.582033779012197,0.598278334529138,0.58705852869864,0.576624000378927,0.486890687644236,0.576348979702622,0.53703671136258,0.625390021825275,0.567239427843137,0.352312828578836,0.577931364677619,0.507020670246496,0.551709565712669,0.60480160820603,0.635210834054514,0.556636906597997
"56",0.55826128980435,0.635210834054514,0.56164212033295,0.618038976556155,0.594026306237087,0.582135252158282,0.576348979702622,0.58705852869864,0.576348979702622,0.576348979702622,0.592523717901668,0.577931364677619,0.623680490591799,0.38181860473175,0.603328960545223,0.55089398715535,0.550205758073759,0.583295080734562,0.531373046646849,0.58705852869864,0.633971208838656,0.576348979702622,0.58705852869864,0.592422244755583,0.383645527795777,0.559209636964023,0.583396553880647,0.548360545457368,0.625780402159646,0.574987424137663,0.37290870704501,0.559209636964023,0.603020544501081,0.551709565712669,0.570173180425035,0.554833692212962,0.532046264747684,0.551709565712669,0.586198242346651,0.559662134037353,0.584877465709558,0.550116342484419,0.528734500987941,0.602474093319861,0.576348979702622,0.584877465709558,0.600812860052446,0.622843980657885,0.622098105616803,0.576348979702622,0.570173180425035,0.596104541298426,0.58705852869864,0.625187007794022,0.548360545457368,0.623359407339167,0.551820657808516,0.38181860473175,0.577220754603059,0.37290870704501,0.633356137966526,0.536841622804019,0.509074017968802,0.388006569948615,0.583396553880647,0.580968080665423,0.576348979702622,0.576348979702622,0.433336886790141,0.550165114624059,0.592523717901668,0.412242259004878,0.631075363047513,0.388102759446238,0.552443857370587,0.61005446518957,0.550165114624059,0.609405156275412,0.577931364677619,0.576348979702622,0.551267906892593,0.600024377128261,0.635319216587048,0.534903499261612,0.582033779012197,0.598278334529138,0.58705852869864,0.576624000378927,0.486890687644236,0.576348979702622,0.53703671136258,0.62665132354764,0.567803017012314,0.352312828578836,0.577931364677619,0.507020670246496,0.551709565712669,0.60480160820603,0.635210834054514,0.556636906597997
"57",0.55826128980435,0.635210834054514,0.56164212033295,0.618038976556155,0.594026306237087,0.583396553880647,0.576348979702622,0.58705852869864,0.576348979702622,0.576348979702622,0.592523717901668,0.577931364677619,0.623680490591799,0.38181860473175,0.603328960545223,0.55089398715535,0.550205758073759,0.583295080734562,0.531373046646849,0.58705852869864,0.633971208838656,0.576348979702622,0.58705852869864,0.592422244755583,0.383645527795777,0.559209636964023,0.583396553880647,0.548360545457368,0.627041703882011,0.574987424137663,0.37290870704501,0.559209636964023,0.603020544501081,0.551709565712669,0.570173180425035,0.554833692212962,0.532046264747684,0.551709565712669,0.586198242346651,0.559662134037353,0.584877465709558,0.550116342484419,0.528734500987941,0.602474093319861,0.576348979702622,0.584877465709558,0.600812860052446,0.622843980657885,0.623359407339167,0.576348979702622,0.570173180425035,0.596104541298426,0.58705852869864,0.625187007794022,0.548360545457368,0.623359407339167,0.551820657808516,0.38181860473175,0.577220754603059,0.37290870704501,0.633356137966526,0.536841622804019,0.509074017968802,0.388006569948615,0.583396553880647,0.580968080665423,0.576348979702622,0.576348979702622,0.433336886790141,0.550165114624059,0.592523717901668,0.412242259004878,0.631075363047513,0.388102759446238,0.552443857370587,0.615549297015246,0.550165114624059,0.610623104984763,0.577931364677619,0.576348979702622,0.551267906892593,0.600024377128261,0.635319216587048,0.534903499261612,0.582033779012197,0.598278334529138,0.58705852869864,0.576624000378927,0.486890687644236,0.576348979702622,0.53703671136258,0.62665132354764,0.567803017012314,0.352312828578836,0.577931364677619,0.507020670246496,0.551709565712669,0.60480160820603,0.635210834054514,0.556636906597997
"58",0.55826128980435,0.635210834054514,0.56164212033295,0.618038976556155,0.594026306237087,0.583396553880647,0.576348979702622,0.58705852869864,0.576348979702622,0.576348979702622,0.592523717901668,0.577931364677619,0.625390021825275,0.38181860473175,0.603328960545223,0.55089398715535,0.550205758073759,0.583295080734562,0.531373046646849,0.58705852869864,0.633971208838656,0.576348979702622,0.58705852869864,0.592422244755583,0.383645527795777,0.559209636964023,0.583396553880647,0.548360545457368,0.627041703882011,0.574987424137663,0.37290870704501,0.559209636964023,0.603020544501081,0.551709565712669,0.570173180425035,0.554833692212962,0.532046264747684,0.551709565712669,0.586198242346651,0.559662134037353,0.584877465709558,0.550116342484419,0.528734500987941,0.602474093319861,0.576348979702622,0.584877465709558,0.600812860052446,0.622843980657885,0.623359407339167,0.576348979702622,0.570173180425035,0.596104541298426,0.58705852869864,0.625187007794022,0.548360545457368,0.623359407339167,0.551820657808516,0.38181860473175,0.577220754603059,0.37290870704501,0.633356137966526,0.536841622804019,0.509074017968802,0.388006569948615,0.583396553880647,0.580968080665423,0.576348979702622,0.576348979702622,0.433336886790141,0.550165114624059,0.592523717901668,0.412242259004878,0.631075363047513,0.388102759446238,0.552443857370587,0.622098105616803,0.550165114624059,0.610623104984763,0.577931364677619,0.576348979702622,0.551267906892593,0.600024377128261,0.636580518309413,0.534903499261612,0.584701344094191,0.598278334529138,0.58705852869864,0.576624000378927,0.486890687644236,0.576348979702622,0.53703671136258,0.62665132354764,0.567803017012314,0.352312828578836,0.577931364677619,0.507020670246496,0.551709565712669,0.60480160820603,0.635210834054514,0.556636906597997
"59",0.55826128980435,0.635210834054514,0.56164212033295,0.618038976556155,0.594026306237087,0.583396553880647,0.576348979702622,0.58705852869864,0.576348979702622,0.576348979702622,0.592523717901668,0.577931364677619,0.631849620764303,0.38181860473175,0.603328960545223,0.55089398715535,0.550205758073759,0.583295080734562,0.531373046646849,0.58705852869864,0.633971208838656,0.576348979702622,0.58705852869864,0.592422244755583,0.383645527795777,0.559209636964023,0.583396553880647,0.548360545457368,0.627041703882011,0.574987424137663,0.37290870704501,0.559209636964023,0.603020544501081,0.551709565712669,0.570173180425035,0.554833692212962,0.532046264747684,0.551709565712669,0.586198242346651,0.559662134037353,0.584877465709558,0.550116342484419,0.528734500987941,0.602474093319861,0.576348979702622,0.584877465709558,0.600812860052446,0.622843980657885,0.623359407339167,0.576348979702622,0.570173180425035,0.596104541298426,0.58705852869864,0.625187007794022,0.548360545457368,0.623359407339167,0.551820657808516,0.38181860473175,0.577220754603059,0.37290870704501,0.633356137966526,0.536841622804019,0.509074017968802,0.388006569948615,0.583396553880647,0.580968080665423,0.576348979702622,0.576348979702622,0.433336886790141,0.550165114624059,0.592523717901668,0.412242259004878,0.631075363047513,0.388102759446238,0.552443857370587,0.622098105616803,0.550165114624059,0.610887287407815,0.577931364677619,0.576348979702622,0.551267906892593,0.600024377128261,0.636580518309413,0.534903499261612,0.591160943033218,0.598278334529138,0.58705852869864,0.576624000378927,0.486890687644236,0.576348979702622,0.53703671136258,0.62665132354764,0.569064318734679,0.352312828578836,0.577931364677619,0.507020670246496,0.551709565712669,0.60480160820603,0.635210834054514,0.556636906597997
"60",0.55826128980435,0.635210834054514,0.56164212033295,0.618038976556155,0.594026306237087,0.583396553880647,0.576348979702622,0.58705852869864,0.576348979702622,0.576348979702622,0.592523717901668,0.577931364677619,0.631849620764303,0.38181860473175,0.603328960545223,0.55089398715535,0.550205758073759,0.583295080734562,0.531373046646849,0.58705852869864,0.633971208838656,0.576348979702622,0.58705852869864,0.592422244755583,0.383645527795777,0.559209636964023,0.583396553880647,0.548360545457368,0.627041703882011,0.574987424137663,0.37290870704501,0.559209636964023,0.603020544501081,0.551709565712669,0.570173180425035,0.554833692212962,0.532046264747684,0.551709565712669,0.586198242346651,0.559662134037353,0.584877465709558,0.550116342484419,0.528734500987941,0.602474093319861,0.576348979702622,0.584877465709558,0.600812860052446,0.622843980657885,0.623359407339167,0.576348979702622,0.570173180425035,0.596104541298426,0.58705852869864,0.625187007794022,0.548360545457368,0.623359407339167,0.551820657808516,0.38181860473175,0.577220754603059,0.37290870704501,0.633929887998128,0.536841622804019,0.509074017968802,0.388006569948615,0.583396553880647,0.580968080665423,0.576348979702622,0.576348979702622,0.433336886790141,0.550165114624059,0.592523717901668,0.412242259004878,0.631075363047513,0.388102759446238,0.552443857370587,0.622098105616803,0.550165114624059,0.610887287407815,0.577931364677619,0.576348979702622,0.551267906892593,0.600024377128261,0.636580518309413,0.534903499261612,0.591160943033218,0.598278334529138,0.58705852869864,0.576624000378927,0.486890687644236,0.576348979702622,0.53703671136258,0.62665132354764,0.569064318734679,0.352312828578836,0.577931364677619,0.507020670246496,0.551709565712669,0.60480160820603,0.635210834054514,0.556636906597997
"61",0.55826128980435,0.635210834054514,0.56164212033295,0.618038976556155,0.594026306237087,0.583396553880647,0.576348979702622,0.58705852869864,0.576348979702622,0.576348979702622,0.592523717901668,0.577931364677619,0.631849620764303,0.38181860473175,0.603328960545223,0.55089398715535,0.550205758073759,0.583295080734562,0.531373046646849,0.58705852869864,0.633971208838656,0.576348979702622,0.58705852869864,0.592422244755583,0.383645527795777,0.559209636964023,0.583396553880647,0.548360545457368,0.627041703882011,0.574987424137663,0.37290870704501,0.559209636964023,0.603020544501081,0.551709565712669,0.570173180425035,0.554833692212962,0.532046264747684,0.551709565712669,0.586198242346651,0.559662134037353,0.584877465709558,0.550116342484419,0.528734500987941,0.603132517205006,0.576348979702622,0.584877465709558,0.600812860052446,0.625932882835105,0.623359407339167,0.576348979702622,0.570173180425035,0.596104541298426,0.58705852869864,0.625932882835105,0.548360545457368,0.623359407339167,0.551820657808516,0.38181860473175,0.577220754603059,0.37290870704501,0.63589296661865,0.536841622804019,0.509074017968802,0.388006569948615,0.583396553880647,0.580968080665423,0.576348979702622,0.576348979702622,0.433336886790141,0.550165114624059,0.592523717901668,0.412242259004878,0.631075363047513,0.388102759446238,0.552443857370587,0.623807636850278,0.550165114624059,0.610887287407815,0.577931364677619,0.576348979702622,0.551267906892593,0.600024377128261,0.636580518309413,0.534903499261612,0.591160943033218,0.598278334529138,0.58705852869864,0.576624000378927,0.486890687644236,0.576348979702622,0.53703671136258,0.62665132354764,0.569064318734679,0.352312828578836,0.577931364677619,0.507020670246496,0.551709565712669,0.60480160820603,0.635210834054514,0.556636906597997
"62",0.55826128980435,0.635210834054514,0.56164212033295,0.618038976556155,0.594026306237087,0.583396553880647,0.576348979702622,0.58705852869864,0.576348979702622,0.576348979702622,0.592523717901668,0.577931364677619,0.633949532332149,0.38181860473175,0.603328960545223,0.55089398715535,0.550205758073759,0.583295080734562,0.531373046646849,0.58705852869864,0.635232510561021,0.576348979702622,0.58705852869864,0.592422244755583,0.383645527795777,0.559209636964023,0.583396553880647,0.548360545457368,0.627041703882011,0.574987424137663,0.37290870704501,0.559209636964023,0.603020544501081,0.551709565712669,0.570173180425035,0.554833692212962,0.532046264747684,0.551709565712669,0.586198242346651,0.559662134037353,0.584877465709558,0.550116342484419,0.528734500987941,0.603132517205006,0.576348979702622,0.584877465709558,0.600812860052446,0.627895961455627,0.623359407339167,0.576348979702622,0.570173180425035,0.596104541298426,0.58705852869864,0.625932882835105,0.548360545457368,0.623359407339167,0.551820657808516,0.38181860473175,0.577220754603059,0.37290870704501,0.63589296661865,0.536841622804019,0.509074017968802,0.388006569948615,0.583396553880647,0.580968080665423,0.576348979702622,0.576348979702622,0.433336886790141,0.550165114624059,0.592523717901668,0.412242259004878,0.631075363047513,0.388102759446238,0.552443857370587,0.630267235789306,0.550165114624059,0.612850366028337,0.577931364677619,0.576348979702622,0.551267906892593,0.600024377128261,0.636580518309413,0.534903499261612,0.591160943033218,0.598278334529138,0.58705852869864,0.576624000378927,0.486890687644236,0.576348979702622,0.53703671136258,0.62665132354764,0.569064318734679,0.352312828578836,0.577931364677619,0.507020670246496,0.551709565712669,0.60480160820603,0.635210834054514,0.556636906597997
"63",0.55826128980435,0.635210834054514,0.56164212033295,0.618038976556155,0.594026306237087,0.583396553880647,0.576348979702622,0.58705852869864,0.576348979702622,0.576348979702622,0.592523717901668,0.577931364677619,0.633949532332149,0.38181860473175,0.603328960545223,0.55089398715535,0.550205758073759,0.583295080734562,0.531373046646849,0.58705852869864,0.635232510561021,0.576348979702622,0.58705852869864,0.592422244755583,0.383645527795777,0.559209636964023,0.583396553880647,0.548360545457368,0.627041703882011,0.574987424137663,0.37290870704501,0.559209636964023,0.603020544501081,0.551709565712669,0.570173180425035,0.554833692212962,0.532046264747684,0.551709565712669,0.586198242346651,0.559662134037353,0.584877465709558,0.550116342484419,0.528734500987941,0.603389925719774,0.576348979702622,0.584877465709558,0.600812860052446,0.627895961455627,0.623359407339167,0.576348979702622,0.570173180425035,0.596104541298426,0.58705852869864,0.625932882835105,0.548360545457368,0.623359407339167,0.551820657808516,0.38181860473175,0.577220754603059,0.37290870704501,0.63589296661865,0.536841622804019,0.509074017968802,0.388006569948615,0.583396553880647,0.580968080665423,0.576348979702622,0.576348979702622,0.433336886790141,0.550165114624059,0.592523717901668,0.412242259004878,0.631075363047513,0.388102759446238,0.552443857370587,0.630267235789306,0.550165114624059,0.612850366028337,0.577931364677619,0.576348979702622,0.551267906892593,0.600024377128261,0.636580518309413,0.534903499261612,0.591160943033218,0.598278334529138,0.58705852869864,0.576624000378927,0.486890687644236,0.576348979702622,0.53703671136258,0.62665132354764,0.569064318734679,0.352312828578836,0.577931364677619,0.507020670246496,0.551709565712669,0.60480160820603,0.635210834054514,0.556636906597997
"64",0.55826128980435,0.635210834054514,0.56164212033295,0.618038976556155,0.594026306237087,0.583396553880647,0.576348979702622,0.58705852869864,0.576348979702622,0.576348979702622,0.592523717901668,0.577931364677619,0.633949532332149,0.38181860473175,0.603328960545223,0.55089398715535,0.550205758073759,0.583295080734562,0.531373046646849,0.58705852869864,0.635232510561021,0.576348979702622,0.58705852869864,0.592422244755583,0.383645527795777,0.559209636964023,0.583396553880647,0.548360545457368,0.627041703882011,0.574987424137663,0.37290870704501,0.559209636964023,0.603020544501081,0.551709565712669,0.570173180425035,0.554833692212962,0.532046264747684,0.551709565712669,0.586198242346651,0.559662134037353,0.584877465709558,0.550116342484419,0.528734500987941,0.622373126293108,0.576348979702622,0.584877465709558,0.600812860052446,0.627895961455627,0.623359407339167,0.576348979702622,0.570173180425035,0.596104541298426,0.58705852869864,0.625932882835105,0.548360545457368,0.623359407339167,0.551820657808516,0.38181860473175,0.577220754603059,0.37290870704501,0.63589296661865,0.536841622804019,0.509074017968802,0.388006569948615,0.583396553880647,0.580968080665423,0.576348979702622,0.576348979702622,0.433336886790141,0.550165114624059,0.592523717901668,0.412242259004878,0.631075363047513,0.388102759446238,0.552443857370587,0.630267235789306,0.550165114624059,0.612850366028337,0.577931364677619,0.576348979702622,0.551267906892593,0.600024377128261,0.636580518309413,0.534903499261612,0.591160943033218,0.598278334529138,0.58705852869864,0.576624000378927,0.486890687644236,0.576348979702622,0.53703671136258,0.62665132354764,0.569064318734679,0.352312828578836,0.577931364677619,0.507020670246496,0.551709565712669,0.606511139439505,0.635210834054514,0.556636906597997
"65",0.55826128980435,0.635210834054514,0.56164212033295,0.618038976556155,0.594026306237087,0.583396553880647,0.576348979702622,0.58705852869864,0.576348979702622,0.576348979702622,0.592523717901668,0.577931364677619,0.633949532332149,0.38181860473175,0.603328960545223,0.55089398715535,0.550205758073759,0.583295080734562,0.531373046646849,0.58705852869864,0.635232510561021,0.576348979702622,0.58705852869864,0.592422244755583,0.383645527795777,0.559209636964023,0.583396553880647,0.548360545457368,0.627041703882011,0.574987424137663,0.37290870704501,0.559209636964023,0.603020544501081,0.551709565712669,0.570173180425035,0.554833692212962,0.532046264747684,0.551709565712669,0.586198242346651,0.559662134037353,0.584877465709558,0.550116342484419,0.528734500987941,0.622373126293108,0.576348979702622,0.584877465709558,0.600812860052446,0.627895961455627,0.623359407339167,0.576348979702622,0.570173180425035,0.596104541298426,0.58705852869864,0.625932882835105,0.548360545457368,0.623359407339167,0.551820657808516,0.38181860473175,0.577220754603059,0.37290870704501,0.637154268341015,0.536841622804019,0.509074017968802,0.388006569948615,0.583396553880647,0.580968080665423,0.576348979702622,0.576348979702622,0.433336886790141,0.550165114624059,0.592523717901668,0.412242259004878,0.631075363047513,0.388102759446238,0.552443857370587,0.630267235789306,0.550165114624059,0.612850366028337,0.577931364677619,0.576348979702622,0.551267906892593,0.600024377128261,0.636580518309413,0.534903499261612,0.618805067649119,0.598278334529138,0.58705852869864,0.576624000378927,0.486890687644236,0.576348979702622,0.53703671136258,0.62665132354764,0.569064318734679,0.352312828578836,0.577931364677619,0.507020670246496,0.551709565712669,0.617610865552646,0.635210834054514,0.556636906597997
"66",0.55826128980435,0.635210834054514,0.56164212033295,0.618038976556155,0.594026306237087,0.583396553880647,0.576348979702622,0.58705852869864,0.576348979702622,0.576348979702622,0.592523717901668,0.577931364677619,0.633949532332149,0.38181860473175,0.603328960545223,0.55089398715535,0.550205758073759,0.583295080734562,0.531373046646849,0.58705852869864,0.635232510561021,0.576348979702622,0.58705852869864,0.592422244755583,0.383645527795777,0.559209636964023,0.583396553880647,0.548360545457368,0.627041703882011,0.574987424137663,0.37290870704501,0.559209636964023,0.603020544501081,0.551709565712669,0.570173180425035,0.554833692212962,0.532046264747684,0.551709565712669,0.586198242346651,0.559662134037353,0.584877465709558,0.550116342484419,0.528734500987941,0.624082657526583,0.576348979702622,0.584877465709558,0.600812860052446,0.629157263177992,0.623359407339167,0.576348979702622,0.570173180425035,0.596104541298426,0.58705852869864,0.625932882835105,0.548360545457368,0.623359407339167,0.551820657808516,0.38181860473175,0.577220754603059,0.37290870704501,0.637154268341015,0.536841622804019,0.509074017968802,0.388006569948615,0.583396553880647,0.580968080665423,0.576348979702622,0.576348979702622,0.433336886790141,0.550165114624059,0.592523717901668,0.412242259004878,0.631075363047513,0.388102759446238,0.552443857370587,0.633356137966526,0.550165114624059,0.61359624106942,0.577931364677619,0.576348979702622,0.551267906892593,0.600024377128261,0.636580518309413,0.534903499261612,0.618805067649119,0.598278334529138,0.58705852869864,0.576624000378927,0.486890687644236,0.576348979702622,0.53703671136258,0.62665132354764,0.569064318734679,0.352312828578836,0.577931364677619,0.507020670246496,0.551709565712669,0.631849620764303,0.635210834054514,0.556636906597997
"67",0.55826128980435,0.635210834054514,0.56164212033295,0.618038976556155,0.594026306237087,0.583396553880647,0.576348979702622,0.58705852869864,0.576348979702622,0.576348979702622,0.592523717901668,0.577931364677619,0.633949532332149,0.38181860473175,0.603328960545223,0.55089398715535,0.550205758073759,0.583295080734562,0.531373046646849,0.58705852869864,0.635232510561021,0.576348979702622,0.58705852869864,0.592422244755583,0.383645527795777,0.559209636964023,0.583396553880647,0.548360545457368,0.627041703882011,0.574987424137663,0.37290870704501,0.559209636964023,0.603020544501081,0.551709565712669,0.570173180425035,0.554833692212962,0.532046264747684,0.551709565712669,0.586198242346651,0.559662134037353,0.584877465709558,0.550116342484419,0.528734500987941,0.630267235789306,0.576348979702622,0.584877465709558,0.600812860052446,0.629157263177992,0.623359407339167,0.576348979702622,0.570173180425035,0.596104541298426,0.58705852869864,0.625932882835105,0.548360545457368,0.623359407339167,0.551820657808516,0.38181860473175,0.577220754603059,0.37290870704501,0.637154268341015,0.536841622804019,0.509074017968802,0.388006569948615,0.583396553880647,0.580968080665423,0.576348979702622,0.576348979702622,0.433336886790141,0.550165114624059,0.592523717901668,0.412242259004878,0.631075363047513,0.388102759446238,0.552443857370587,0.633356137966526,0.550165114624059,0.628170982131932,0.577931364677619,0.576348979702622,0.551267906892593,0.600024377128261,0.636580518309413,0.534903499261612,0.62371842718775,0.598278334529138,0.58705852869864,0.576624000378927,0.486890687644236,0.576348979702622,0.53703671136258,0.62665132354764,0.569064318734679,0.352312828578836,0.577931364677619,0.507020670246496,0.551709565712669,0.631849620764303,0.635210834054514,0.556636906597997
"68",0.55826128980435,0.635210834054514,0.56164212033295,0.618038976556155,0.594026306237087,0.583396553880647,0.576348979702622,0.58705852869864,0.576348979702622,0.576348979702622,0.592523717901668,0.577931364677619,0.633949532332149,0.38181860473175,0.603328960545223,0.55089398715535,0.550205758073759,0.583295080734562,0.531373046646849,0.58705852869864,0.635232510561021,0.576348979702622,0.58705852869864,0.592422244755583,0.383645527795777,0.559209636964023,0.583396553880647,0.548360545457368,0.627041703882011,0.574987424137663,0.37290870704501,0.559209636964023,0.603020544501081,0.551709565712669,0.570173180425035,0.554833692212962,0.532046264747684,0.551709565712669,0.586198242346651,0.559662134037353,0.584877465709558,0.550116342484419,0.528734500987941,0.630267235789306,0.576348979702622,0.584877465709558,0.600812860052446,0.629157263177992,0.623359407339167,0.576348979702622,0.570173180425035,0.596104541298426,0.58705852869864,0.625932882835105,0.548360545457368,0.623359407339167,0.551820657808516,0.38181860473175,0.577220754603059,0.37290870704501,0.637154268341015,0.536841622804019,0.509074017968802,0.388006569948615,0.583396553880647,0.580968080665423,0.576348979702622,0.576348979702622,0.433336886790141,0.550165114624059,0.592523717901668,0.412242259004878,0.631075363047513,0.388102759446238,0.552443857370587,0.633356137966526,0.550165114624059,0.628170982131932,0.577931364677619,0.576348979702622,0.551267906892593,0.600024377128261,0.636580518309413,0.534903499261612,0.62371842718775,0.598278334529138,0.58705852869864,0.576624000378927,0.486890687644236,0.576348979702622,0.53703671136258,0.62665132354764,0.569064318734679,0.352312828578836,0.577931364677619,0.507020670246496,0.551709565712669,0.631849620764303,0.635210834054514,0.556636906597997
"69",0.55826128980435,0.635210834054514,0.56164212033295,0.618038976556155,0.594026306237087,0.583396553880647,0.576348979702622,0.58705852869864,0.576348979702622,0.576348979702622,0.592523717901668,0.577931364677619,0.633949532332149,0.38181860473175,0.603328960545223,0.55089398715535,0.550205758073759,0.583295080734562,0.531373046646849,0.58705852869864,0.635232510561021,0.576348979702622,0.58705852869864,0.592422244755583,0.383645527795777,0.559209636964023,0.583396553880647,0.548360545457368,0.627041703882011,0.574987424137663,0.37290870704501,0.559209636964023,0.603020544501081,0.551709565712669,0.570173180425035,0.554833692212962,0.532046264747684,0.551709565712669,0.586198242346651,0.559662134037353,0.584877465709558,0.550116342484419,0.528734500987941,0.630840985820908,0.576348979702622,0.584877465709558,0.600812860052446,0.629157263177992,0.623359407339167,0.576348979702622,0.570173180425035,0.596104541298426,0.58705852869864,0.625932882835105,0.548360545457368,0.623359407339167,0.551820657808516,0.38181860473175,0.577220754603059,0.37290870704501,0.637154268341015,0.536841622804019,0.509074017968802,0.388006569948615,0.583396553880647,0.580968080665423,0.576348979702622,0.576348979702622,0.433336886790141,0.550165114624059,0.592523717901668,0.412242259004878,0.631075363047513,0.388102759446238,0.552443857370587,0.633356137966526,0.550165114624059,0.628170982131932,0.577931364677619,0.576348979702622,0.551267906892593,0.600024377128261,0.636580518309413,0.534903499261612,0.62371842718775,0.598278334529138,0.58705852869864,0.576624000378927,0.486890687644236,0.576348979702622,0.53703671136258,0.62665132354764,0.569064318734679,0.352312828578836,0.577931364677619,0.507020670246496,0.551709565712669,0.631849620764303,0.635210834054514,0.556636906597997
"70",0.55826128980435,0.635210834054514,0.56164212033295,0.618038976556155,0.594026306237087,0.583396553880647,0.576348979702622,0.58705852869864,0.576348979702622,0.576348979702622,0.592523717901668,0.577931364677619,0.633949532332149,0.38181860473175,0.603328960545223,0.55089398715535,0.550205758073759,0.583295080734562,0.531373046646849,0.58705852869864,0.635232510561021,0.576348979702622,0.58705852869864,0.592422244755583,0.383645527795777,0.559209636964023,0.583396553880647,0.548360545457368,0.627041703882011,0.574987424137663,0.37290870704501,0.559209636964023,0.603020544501081,0.551709565712669,0.570173180425035,0.554833692212962,0.532046264747684,0.551709565712669,0.586198242346651,0.559662134037353,0.584877465709558,0.550116342484419,0.528734500987941,0.630840985820908,0.576348979702622,0.584877465709558,0.600812860052446,0.629157263177992,0.623359407339167,0.576348979702622,0.570173180425035,0.596104541298426,0.58705852869864,0.627895961455627,0.548360545457368,0.623359407339167,0.551820657808516,0.38181860473175,0.577220754603059,0.37290870704501,0.637154268341015,0.536841622804019,0.509074017968802,0.388006569948615,0.583396553880647,0.580968080665423,0.576348979702622,0.576348979702622,0.433336886790141,0.550165114624059,0.592523717901668,0.412242259004878,0.631075363047513,0.388102759446238,0.552443857370587,0.633356137966526,0.550165114624059,0.629708388355927,0.577931364677619,0.576348979702622,0.551267906892593,0.600024377128261,0.636580518309413,0.534903499261612,0.630267235789306,0.598278334529138,0.58705852869864,0.576624000378927,0.486890687644236,0.576348979702622,0.53703671136258,0.62665132354764,0.569064318734679,0.352312828578836,0.577931364677619,0.507020670246496,0.551709565712669,0.631849620764303,0.635210834054514,0.556636906597997
"71",0.55826128980435,0.635210834054514,0.56164212033295,0.618038976556155,0.594026306237087,0.583396553880647,0.576348979702622,0.58705852869864,0.576348979702622,0.576348979702622,0.592523717901668,0.577931364677619,0.635210834054514,0.38181860473175,0.603328960545223,0.55089398715535,0.550205758073759,0.583295080734562,0.531373046646849,0.58705852869864,0.635232510561021,0.576348979702622,0.58705852869864,0.592422244755583,0.383645527795777,0.559209636964023,0.583396553880647,0.548360545457368,0.627041703882011,0.574987424137663,0.37290870704501,0.559209636964023,0.603020544501081,0.551709565712669,0.570173180425035,0.554833692212962,0.532046264747684,0.551709565712669,0.586198242346651,0.559662134037353,0.584877465709558,0.550116342484419,0.528734500987941,0.630840985820908,0.576348979702622,0.584877465709558,0.600812860052446,0.629157263177992,0.623359407339167,0.576348979702622,0.570173180425035,0.596104541298426,0.58705852869864,0.627895961455627,0.548360545457368,0.623359407339167,0.551820657808516,0.38181860473175,0.577220754603059,0.37290870704501,0.637154268341015,0.536841622804019,0.509074017968802,0.388006569948615,0.583396553880647,0.580968080665423,0.576348979702622,0.576348979702622,0.433336886790141,0.550165114624059,0.592523717901668,0.412242259004878,0.631075363047513,0.388102759446238,0.552443857370587,0.633929887998128,0.550165114624059,0.629708388355927,0.577931364677619,0.576348979702622,0.551267906892593,0.600024377128261,0.636580518309413,0.534903499261612,0.630267235789306,0.598278334529138,0.58705852869864,0.576624000378927,0.486890687644236,0.576348979702622,0.53703671136258,0.62665132354764,0.569064318734679,0.352312828578836,0.577931364677619,0.507020670246496,0.551709565712669,0.633949532332149,0.635210834054514,0.556636906597997
"72",0.55826128980435,0.635210834054514,0.56164212033295,0.618038976556155,0.594026306237087,0.583396553880647,0.576348979702622,0.58705852869864,0.576348979702622,0.576348979702622,0.592523717901668,0.577931364677619,0.635210834054514,0.38181860473175,0.603328960545223,0.55089398715535,0.550205758073759,0.583295080734562,0.531373046646849,0.58705852869864,0.635232510561021,0.576348979702622,0.58705852869864,0.592422244755583,0.383645527795777,0.559209636964023,0.583396553880647,0.548360545457368,0.627041703882011,0.574987424137663,0.37290870704501,0.559209636964023,0.603020544501081,0.551709565712669,0.570173180425035,0.554833692212962,0.532046264747684,0.551709565712669,0.586198242346651,0.559662134037353,0.584877465709558,0.550116342484419,0.528734500987941,0.633894663675054,0.576348979702622,0.584877465709558,0.600812860052446,0.629157263177992,0.623359407339167,0.576348979702622,0.570173180425035,0.596104541298426,0.58705852869864,0.628170982131932,0.548360545457368,0.623359407339167,0.551820657808516,0.38181860473175,0.577220754603059,0.37290870704501,0.637154268341015,0.536841622804019,0.509074017968802,0.388006569948615,0.583396553880647,0.580968080665423,0.576348979702622,0.576348979702622,0.433336886790141,0.550165114624059,0.592523717901668,0.412242259004878,0.631075363047513,0.388102759446238,0.552443857370587,0.633929887998128,0.550165114624059,0.63589296661865,0.577931364677619,0.576348979702622,0.551267906892593,0.600024377128261,0.636580518309413,0.534903499261612,0.631528537511671,0.598278334529138,0.58705852869864,0.576624000378927,0.486890687644236,0.576348979702622,0.53703671136258,0.62665132354764,0.569064318734679,0.352312828578836,0.577931364677619,0.507020670246496,0.551709565712669,0.633949532332149,0.635210834054514,0.556636906597997
"73",0.55826128980435,0.635210834054514,0.56164212033295,0.618038976556155,0.594026306237087,0.583396553880647,0.576348979702622,0.58705852869864,0.576348979702622,0.576348979702622,0.592523717901668,0.577931364677619,0.635210834054514,0.38181860473175,0.603328960545223,0.55089398715535,0.550205758073759,0.583295080734562,0.531373046646849,0.58705852869864,0.635232510561021,0.576348979702622,0.58705852869864,0.592422244755583,0.383645527795777,0.559209636964023,0.583396553880647,0.548360545457368,0.627041703882011,0.574987424137663,0.37290870704501,0.559209636964023,0.603020544501081,0.551709565712669,0.570173180425035,0.554833692212962,0.532046264747684,0.551709565712669,0.586198242346651,0.559662134037353,0.584877465709558,0.550116342484419,0.528734500987941,0.633894663675054,0.576348979702622,0.584877465709558,0.600812860052446,0.629157263177992,0.623359407339167,0.576348979702622,0.570173180425035,0.596104541298426,0.58705852869864,0.628170982131932,0.548360545457368,0.623359407339167,0.551820657808516,0.38181860473175,0.577220754603059,0.37290870704501,0.637154268341015,0.536841622804019,0.509074017968802,0.388006569948615,0.583396553880647,0.629405554012211,0.576348979702622,0.576348979702622,0.433336886790141,0.550165114624059,0.592523717901668,0.412242259004878,0.631075363047513,0.388102759446238,0.552443857370587,0.633929887998128,0.550165114624059,0.63589296661865,0.577931364677619,0.576348979702622,0.551267906892593,0.600024377128261,0.636580518309413,0.534903499261612,0.631528537511671,0.598278334529138,0.58705852869864,0.576624000378927,0.486890687644236,0.576348979702622,0.53703671136258,0.62665132354764,0.569064318734679,0.352312828578836,0.577931364677619,0.507020670246496,0.551709565712669,0.633949532332149,0.635210834054514,0.556636906597997
"74",0.55826128980435,0.635210834054514,0.56164212033295,0.618038976556155,0.594026306237087,0.583396553880647,0.576348979702622,0.58705852869864,0.576348979702622,0.576348979702622,0.592523717901668,0.577931364677619,0.635210834054514,0.38181860473175,0.603328960545223,0.55089398715535,0.550205758073759,0.583295080734562,0.531373046646849,0.58705852869864,0.635232510561021,0.576348979702622,0.58705852869864,0.592422244755583,0.383645527795777,0.559209636964023,0.583396553880647,0.548360545457368,0.627041703882011,0.574987424137663,0.37290870704501,0.559209636964023,0.603020544501081,0.551709565712669,0.570173180425035,0.554833692212962,0.532046264747684,0.551709565712669,0.586198242346651,0.559662134037353,0.584877465709558,0.550116342484419,0.528734500987941,0.633894663675054,0.576348979702622,0.584877465709558,0.600812860052446,0.629157263177992,0.623359407339167,0.576348979702622,0.570173180425035,0.596104541298426,0.58705852869864,0.629708388355927,0.548360545457368,0.623359407339167,0.551820657808516,0.38181860473175,0.577220754603059,0.37290870704501,0.637154268341015,0.536841622804019,0.509074017968802,0.388006569948615,0.583396553880647,0.629405554012211,0.576348979702622,0.576348979702622,0.433336886790141,0.550165114624059,0.592523717901668,0.412242259004878,0.631075363047513,0.388102759446238,0.552443857370587,0.633929887998128,0.550165114624059,0.63589296661865,0.577931364677619,0.576348979702622,0.551267906892593,0.600024377128261,0.636580518309413,0.534903499261612,0.631528537511671,0.598278334529138,0.58705852869864,0.576624000378927,0.486890687644236,0.576348979702622,0.53703671136258,0.62665132354764,0.569064318734679,0.352312828578836,0.577931364677619,0.507020670246496,0.551709565712669,0.633949532332149,0.635210834054514,0.556636906597997
"75",0.55826128980435,0.635210834054514,0.56164212033295,0.618038976556155,0.594026306237087,0.583396553880647,0.576348979702622,0.58705852869864,0.576348979702622,0.576348979702622,0.592523717901668,0.577931364677619,0.635210834054514,0.38181860473175,0.603328960545223,0.55089398715535,0.550205758073759,0.583295080734562,0.531373046646849,0.58705852869864,0.635232510561021,0.576348979702622,0.58705852869864,0.592422244755583,0.383645527795777,0.559209636964023,0.583396553880647,0.548360545457368,0.627041703882011,0.574987424137663,0.37290870704501,0.559209636964023,0.603020544501081,0.551709565712669,0.570173180425035,0.554833692212962,0.532046264747684,0.551709565712669,0.586198242346651,0.559662134037353,0.584877465709558,0.550116342484419,0.528734500987941,0.633894663675054,0.576348979702622,0.584877465709558,0.600812860052446,0.629157263177992,0.623359407339167,0.576348979702622,0.570173180425035,0.596104541298426,0.58705852869864,0.63589296661865,0.548360545457368,0.623359407339167,0.551820657808516,0.38181860473175,0.577220754603059,0.37290870704501,0.637154268341015,0.536841622804019,0.509074017968802,0.388006569948615,0.583396553880647,0.63003546651739,0.576348979702622,0.576348979702622,0.433336886790141,0.550165114624059,0.592523717901668,0.412242259004878,0.631075363047513,0.388102759446238,0.552443857370587,0.63589296661865,0.550165114624059,0.63589296661865,0.577931364677619,0.576348979702622,0.551267906892593,0.600024377128261,0.636580518309413,0.534903499261612,0.631528537511671,0.598278334529138,0.58705852869864,0.576624000378927,0.486890687644236,0.576348979702622,0.53703671136258,0.62665132354764,0.569064318734679,0.352312828578836,0.577931364677619,0.507020670246496,0.551709565712669,0.633949532332149,0.635210834054514,0.556636906597997
"76",0.55826128980435,0.635210834054514,0.56164212033295,0.618038976556155,0.594026306237087,0.583396553880647,0.576348979702622,0.58705852869864,0.576348979702622,0.576348979702622,0.592523717901668,0.577931364677619,0.635210834054514,0.38181860473175,0.603328960545223,0.55089398715535,0.550205758073759,0.583295080734562,0.531373046646849,0.58705852869864,0.635232510561021,0.576348979702622,0.58705852869864,0.592422244755583,0.383645527795777,0.559209636964023,0.583396553880647,0.548360545457368,0.627041703882011,0.574987424137663,0.37290870704501,0.559209636964023,0.603020544501081,0.551709565712669,0.570173180425035,0.554833692212962,0.532046264747684,0.551709565712669,0.586198242346651,0.559662134037353,0.584877465709558,0.550116342484419,0.528734500987941,0.634314645988623,0.576348979702622,0.584877465709558,0.600812860052446,0.629157263177992,0.623359407339167,0.576348979702622,0.570173180425035,0.596104541298426,0.58705852869864,0.63589296661865,0.548360545457368,0.623359407339167,0.551820657808516,0.38181860473175,0.577220754603059,0.37290870704501,0.637154268341015,0.536841622804019,0.509074017968802,0.388006569948615,0.583396553880647,0.63757181882151,0.576348979702622,0.576348979702622,0.433336886790141,0.550165114624059,0.592523717901668,0.412242259004878,0.631075363047513,0.388102759446238,0.552443857370587,0.63589296661865,0.550165114624059,0.636312948932219,0.577931364677619,0.576348979702622,0.551267906892593,0.600024377128261,0.636580518309413,0.534903499261612,0.631528537511671,0.598278334529138,0.58705852869864,0.576624000378927,0.486890687644236,0.576348979702622,0.53703671136258,0.62665132354764,0.569064318734679,0.352312828578836,0.577931364677619,0.507020670246496,0.551709565712669,0.634523282363751,0.635210834054514,0.556636906597997
"77",0.55826128980435,0.635210834054514,0.56164212033295,0.618038976556155,0.594026306237087,0.583396553880647,0.576348979702622,0.58705852869864,0.576348979702622,0.576348979702622,0.592523717901668,0.577931364677619,0.635210834054514,0.38181860473175,0.603328960545223,0.55089398715535,0.550205758073759,0.583295080734562,0.531373046646849,0.58705852869864,0.635232510561021,0.576348979702622,0.58705852869864,0.592422244755583,0.383645527795777,0.559209636964023,0.583396553880647,0.548360545457368,0.627041703882011,0.574987424137663,0.37290870704501,0.559209636964023,0.603020544501081,0.551709565712669,0.570173180425035,0.554833692212962,0.532046264747684,0.551709565712669,0.586198242346651,0.559662134037353,0.584877465709558,0.550116342484419,0.528734500987941,0.634314645988623,0.576348979702622,0.584877465709558,0.600812860052446,0.629157263177992,0.623359407339167,0.576348979702622,0.570173180425035,0.596104541298426,0.58705852869864,0.63589296661865,0.548360545457368,0.623359407339167,0.551820657808516,0.38181860473175,0.577220754603059,0.37290870704501,0.637154268341015,0.536841622804019,0.509074017968802,0.388006569948615,0.583396553880647,0.641950330883811,0.576348979702622,0.576348979702622,0.433336886790141,0.550165114624059,0.592523717901668,0.412242259004878,0.631075363047513,0.388102759446238,0.552443857370587,0.63589296661865,0.550165114624059,0.642097866606223,0.577931364677619,0.576348979702622,0.551267906892593,0.600024377128261,0.636580518309413,0.534903499261612,0.631528537511671,0.598278334529138,0.58705852869864,0.576624000378927,0.486890687644236,0.576348979702622,0.53703671136258,0.62665132354764,0.569064318734679,0.352312828578836,0.577931364677619,0.507020670246496,0.551709565712669,0.634523282363751,0.635210834054514,0.556636906597997
"78",0.55826128980435,0.635210834054514,0.56164212033295,0.618038976556155,0.594026306237087,0.583396553880647,0.576348979702622,0.58705852869864,0.576348979702622,0.576348979702622,0.592523717901668,0.577931364677619,0.635210834054514,0.38181860473175,0.603328960545223,0.55089398715535,0.550205758073759,0.583295080734562,0.531373046646849,0.58705852869864,0.635232510561021,0.576348979702622,0.58705852869864,0.592422244755583,0.383645527795777,0.559209636964023,0.583396553880647,0.548360545457368,0.627041703882011,0.574987424137663,0.37290870704501,0.559209636964023,0.603020544501081,0.551709565712669,0.570173180425035,0.554833692212962,0.532046264747684,0.551709565712669,0.586198242346651,0.559662134037353,0.584877465709558,0.550116342484419,0.528734500987941,0.634314645988623,0.576348979702622,0.584877465709558,0.600812860052446,0.629157263177992,0.623359407339167,0.576348979702622,0.570173180425035,0.596104541298426,0.58705852869864,0.637154268341015,0.548360545457368,0.623359407339167,0.551820657808516,0.38181860473175,0.577220754603059,0.37290870704501,0.637154268341015,0.536841622804019,0.509074017968802,0.388006569948615,0.583396553880647,0.641950330883811,0.576348979702622,0.576348979702622,0.433336886790141,0.550165114624059,0.592523717901668,0.412242259004878,0.631075363047513,0.388102759446238,0.552443857370587,0.63589296661865,0.550165114624059,0.642097866606223,0.577931364677619,0.576348979702622,0.551267906892593,0.600024377128261,0.636580518309413,0.534903499261612,0.631528537511671,0.598278334529138,0.58705852869864,0.576624000378927,0.486890687644236,0.576348979702622,0.53703671136258,0.62665132354764,0.569064318734679,0.352312828578836,0.577931364677619,0.507020670246496,0.551709565712669,0.634523282363751,0.635210834054514,0.556636906597997
"79",0.55826128980435,0.635210834054514,0.56164212033295,0.618038976556155,0.594026306237087,0.583396553880647,0.576348979702622,0.58705852869864,0.576348979702622,0.576348979702622,0.592523717901668,0.577931364677619,0.635210834054514,0.38181860473175,0.603328960545223,0.55089398715535,0.550205758073759,0.583295080734562,0.531373046646849,0.58705852869864,0.635232510561021,0.576348979702622,0.58705852869864,0.592422244755583,0.383645527795777,0.559209636964023,0.583396553880647,0.548360545457368,0.627041703882011,0.574987424137663,0.37290870704501,0.559209636964023,0.603020544501081,0.551709565712669,0.570173180425035,0.554833692212962,0.532046264747684,0.551709565712669,0.586198242346651,0.559662134037353,0.584877465709558,0.550116342484419,0.528734500987941,0.634314645988623,0.576348979702622,0.584877465709558,0.600812860052446,0.629157263177992,0.623359407339167,0.576348979702622,0.570173180425035,0.596104541298426,0.58705852869864,0.637154268341015,0.548360545457368,0.623359407339167,0.551820657808516,0.38181860473175,0.577220754603059,0.37290870704501,0.637154268341015,0.536841622804019,0.509074017968802,0.388006569948615,0.583396553880647,0.641950330883811,0.576348979702622,0.576348979702622,0.433336886790141,0.550165114624059,0.592523717901668,0.412242259004878,0.631075363047513,0.388102759446238,0.552443857370587,0.63589296661865,0.550165114624059,0.643359168328588,0.577931364677619,0.576348979702622,0.551267906892593,0.600024377128261,0.636580518309413,0.534903499261612,0.631528537511671,0.598278334529138,0.58705852869864,0.576624000378927,0.486890687644236,0.576348979702622,0.53703671136258,0.62665132354764,0.569064318734679,0.352312828578836,0.577931364677619,0.507020670246496,0.551709565712669,0.63589296661865,0.635210834054514,0.556636906597997
"80",0.55826128980435,0.635210834054514,0.56164212033295,0.618038976556155,0.594026306237087,0.583396553880647,0.576348979702622,0.58705852869864,0.576348979702622,0.576348979702622,0.592523717901668,0.577931364677619,0.635210834054514,0.38181860473175,0.603328960545223,0.55089398715535,0.550205758073759,0.583295080734562,0.531373046646849,0.58705852869864,0.635232510561021,0.576348979702622,0.58705852869864,0.592422244755583,0.383645527795777,0.559209636964023,0.583396553880647,0.548360545457368,0.627041703882011,0.574987424137663,0.37290870704501,0.559209636964023,0.603020544501081,0.551709565712669,0.570173180425035,0.554833692212962,0.532046264747684,0.551709565712669,0.586198242346651,0.559662134037353,0.584877465709558,0.550116342484419,0.528734500987941,0.634314645988623,0.576348979702622,0.584877465709558,0.600812860052446,0.629157263177992,0.623359407339167,0.576348979702622,0.570173180425035,0.596104541298426,0.58705852869864,0.637154268341015,0.548360545457368,0.623359407339167,0.551820657808516,0.38181860473175,0.577220754603059,0.37290870704501,0.637154268341015,0.536841622804019,0.509074017968802,0.388006569948615,0.583396553880647,0.641950330883811,0.576348979702622,0.576348979702622,0.433336886790141,0.550165114624059,0.592523717901668,0.412242259004878,0.631075363047513,0.388102759446238,0.552443857370587,0.637154268341015,0.550165114624059,0.643359168328588,0.577931364677619,0.576348979702622,0.551267906892593,0.600024377128261,0.636580518309413,0.534903499261612,0.631528537511671,0.598278334529138,0.58705852869864,0.576624000378927,0.486890687644236,0.576348979702622,0.53703671136258,0.62665132354764,0.569064318734679,0.352312828578836,0.577931364677619,0.507020670246496,0.551709565712669,0.637154268341015,0.635210834054514,0.556636906597997
"81",0.55826128980435,0.635210834054514,0.56164212033295,0.618038976556155,0.594026306237087,0.583396553880647,0.576348979702622,0.58705852869864,0.576348979702622,0.576348979702622,0.592523717901668,0.577931364677619,0.635210834054514,0.38181860473175,0.603328960545223,0.55089398715535,0.550205758073759,0.583295080734562,0.531373046646849,0.58705852869864,0.635232510561021,0.576348979702622,0.58705852869864,0.592422244755583,0.383645527795777,0.559209636964023,0.583396553880647,0.548360545457368,0.627041703882011,0.574987424137663,0.37290870704501,0.559209636964023,0.603020544501081,0.551709565712669,0.570173180425035,0.554833692212962,0.532046264747684,0.551709565712669,0.586198242346651,0.559662134037353,0.584877465709558,0.550116342484419,0.528734500987941,0.634314645988623,0.576348979702622,0.584877465709558,0.600812860052446,0.629157263177992,0.623359407339167,0.576348979702622,0.570173180425035,0.596104541298426,0.58705852869864,0.637154268341015,0.548360545457368,0.623359407339167,0.551820657808516,0.38181860473175,0.577220754603059,0.37290870704501,0.637154268341015,0.536841622804019,0.509074017968802,0.388006569948615,0.583396553880647,0.641950330883811,0.576348979702622,0.576348979702622,0.433336886790141,0.550165114624059,0.592523717901668,0.412242259004878,0.631075363047513,0.388102759446238,0.552443857370587,0.637154268341015,0.550165114624059,0.643359168328588,0.577931364677619,0.576348979702622,0.551267906892593,0.600024377128261,0.636580518309413,0.534903499261612,0.631528537511671,0.598278334529138,0.58705852869864,0.576624000378927,0.486890687644236,0.576348979702622,0.53703671136258,0.62665132354764,0.569064318734679,0.352312828578836,0.577931364677619,0.507020670246496,0.551709565712669,0.637154268341015,0.635210834054514,0.556636906597997
