"","V1","V2","V3","V4","V5","V6","V7","V8","V9","V10","V11","V12","V13","V14","V15","V16","V17","V18","V19","V20","V21","V22","V23","V24","V25","V26","V27","V28","V29","V30","V31","V32","V33","V34","V35","V36","V37","V38","V39","V40","V41","V42","V43","V44","V45","V46","V47","V48","V49","V50","V51","V52","V53","V54","V55","V56","V57","V58","V59","V60","V61","V62","V63","V64","V65","V66","V67","V68","V69","V70","V71","V72","V73","V74","V75","V76","V77","V78","V79","V80","V81","V82","V83","V84","V85","V86","V87","V88","V89","V90","V91","V92","V93","V94","V95","V96","V97","V98","V99","V100"
"1",10.816653826392,16.6806144970741,10.816653826392,10.816653826392,13.5247920501574,18.7593603302458,10.816653826392,11.0887330205033,13.5247920501574,18.5043238190429,17.8394198336157,13.5247920501574,10.816653826392,12.8035151423349,17.8394198336157,13.5247920501574,10.816653826392,11.2849634469944,10.816653826392,12.8035151423349,17.7533151833679,11.2849634469944,12.8035151423349,11.0887330205033,10.816653826392,16.6806144970741,10.816653826392,10.816653826392,12.8035151423349,11.0887330205033,16.6806144970741,18.198950519192,18.7184000384648,18.7593603302458,12.8035151423349,17.8394198336157,20.5787487471906,10.816653826392,11.2849634469944,10.816653826392,11.2849634469944,18.7184000384648,11.0887330205033,17.8394198336157,11.2849634469944,11.0887330205033,13.5247920501574,10.816653826392,10.816653826392,17.7533151833679,17.7533151833679,20.6807857684373,13.5247920501574,11.2849634469944,10.816653826392,11.0887330205033,12.8035151423349,11.2849634469944,11.2849634469944,17.7533151833679,11.2849634469944,12.8035151423349,10.816653826392,19.402579725387,16.6806144970741,18.198950519192,11.2849634469944,16.6806144970741,11.2849634469944,17.7533151833679,17.7533151833679,12.8035151423349,10.816653826392,10.816653826392,13.5247920501574,13.5247920501574,11.0887330205033,10.816653826392,10.816653826392,11.2849634469944,17.8394198336157,24.3758076789263,12.8035151423349,11.2849634469944,19.402579725387,11.2849634469944,11.2849634469944,12.8035151423349,10.816653826392,12.8035151423349,11.2849634469944,13.5247920501574,18.5043238190429,18.198950519192,10.816653826392,12.8035151423349,10.816653826392,11.0887330205033,16.6806144970741,10.816653826392
"2",10.816653826392,7.56901578806651,8.49028856988972,10.816653826392,13.5247920501574,18.7593603302458,10.816653826392,11.0887330205033,13.5247920501574,18.5043238190429,17.8394198336157,13.5247920501574,10.816653826392,12.8035151423349,17.8394198336157,13.5247920501574,10.816653826392,11.2849634469944,10.816653826392,12.8035151423349,17.7533151833679,7.20733653994317,12.8035151423349,11.0887330205033,9.84885780179611,16.6806144970741,10.816653826392,9.84885780179611,12.8035151423349,11.0887330205033,16.6806144970741,18.198950519192,12.9448831589937,18.7593603302458,12.8035151423349,17.8394198336157,9.94553165999687,10.816653826392,7.56901578806651,10.816653826392,9.94553165999687,18.7184000384648,11.0887330205033,17.8394198336157,11.2849634469944,11.0887330205033,13.5247920501574,10.816653826392,10.816653826392,17.7533151833679,9.84885780179611,20.6807857684373,13.5247920501574,11.2849634469944,10.816653826392,9.84885780179611,12.8035151423349,8.49028856988972,11.2849634469944,17.7533151833679,11.2849634469944,12.8035151423349,10.816653826392,19.402579725387,16.6806144970741,18.198950519192,11.2849634469944,16.6806144970741,11.2849634469944,17.7533151833679,17.7533151833679,12.8035151423349,10.816653826392,10.816653826392,13.5247920501574,13.5247920501574,11.0887330205033,10.816653826392,10.816653826392,11.2849634469944,17.8394198336157,17.8394198336157,12.8035151423349,11.2849634469944,19.402579725387,11.2849634469944,11.2849634469944,12.8035151423349,10.816653826392,12.8035151423349,11.2849634469944,13.5247920501574,18.5043238190429,18.198950519192,10.816653826392,12.8035151423349,10.816653826392,11.0887330205033,16.6806144970741,7.20733653994317
"3",10.816653826392,7.56901578806651,8.49028856988972,7.08590149522275,13.5247920501574,17.8394198336157,10.816653826392,11.0887330205033,13.5247920501574,18.5043238190429,17.8394198336157,13.5247920501574,7.20733653994317,11.6061449241339,17.8394198336157,9.84885780179611,10.816653826392,11.2849634469944,8.99388681271896,12.8035151423349,9.84885780179611,7.20733653994317,12.8035151423349,11.0887330205033,8.49028856988972,16.6806144970741,10.816653826392,9.84885780179611,12.8035151423349,11.0887330205033,16.6806144970741,17.8394198336157,12.9448831589937,18.7593603302458,12.8035151423349,17.8394198336157,9.94553165999687,10.816653826392,7.56901578806651,10.816653826392,9.94553165999687,18.7184000384648,11.0887330205033,17.8394198336157,9.94553165999687,11.0887330205033,13.5247920501574,10.816653826392,9.31343116150004,17.7533151833679,9.84885780179611,20.6807857684373,11.6061449241339,11.2849634469944,9.94553165999687,7.20733653994317,11.6061449241339,8.49028856988972,11.2849634469944,9.84885780179611,11.2849634469944,12.8035151423349,7.56901578806651,17.8394198336157,16.6806144970741,18.198950519192,11.2849634469944,16.6806144970741,11.2849634469944,17.7533151833679,17.7533151833679,12.8035151423349,10.816653826392,10.816653826392,13.5247920501574,11.6061449241339,11.0887330205033,10.816653826392,10.816653826392,11.2849634469944,17.8394198336157,11.6061449241339,11.6061449241339,9.94553165999687,7.56901578806651,9.94553165999687,11.2849634469944,12.8035151423349,10.816653826392,12.8035151423349,7.56901578806651,13.5247920501574,17.8394198336157,18.198950519192,10.816653826392,12.8035151423349,10.816653826392,11.0887330205033,16.6806144970741,7.20733653994317
"4",10.816653826392,7.56901578806651,8.49028856988972,7.08590149522275,13.5247920501574,11.6061449241339,10.816653826392,11.0887330205033,13.5247920501574,18.5043238190429,17.8394198336157,13.5247920501574,7.20733653994317,11.6061449241339,11.6061449241339,9.84885780179611,10.816653826392,11.2849634469944,8.99388681271896,11.6061449241339,9.84885780179611,7.20733653994317,12.8035151423349,11.0887330205033,8.49028856988972,16.6806144970741,10.816653826392,5.59732078766262,11.6061449241339,11.0887330205033,16.6806144970741,11.6061449241339,12.9448831589937,17.8394198336157,12.8035151423349,11.6061449241339,9.94553165999687,10.816653826392,7.56901578806651,10.816653826392,9.94553165999687,17.8394198336157,7.56901578806651,17.8394198336157,9.94553165999687,11.0887330205033,13.5247920501574,10.816653826392,9.31343116150004,17.7533151833679,9.84885780179611,20.6807857684373,11.6061449241339,11.2849634469944,9.94553165999687,7.20733653994317,11.6061449241339,7.20733653994317,9.94553165999687,9.84885780179611,11.2849634469944,11.6061449241339,7.56901578806651,11.6061449241339,16.6806144970741,18.198950519192,11.2849634469944,16.6806144970741,11.2849634469944,17.7533151833679,17.7533151833679,9.84885780179611,10.816653826392,10.816653826392,11.6061449241339,11.6061449241339,11.0887330205033,10.816653826392,9.94553165999687,9.94553165999687,17.8394198336157,11.6061449241339,11.6061449241339,9.94553165999687,7.30273921210391,9.94553165999687,11.2849634469944,12.8035151423349,10.816653826392,12.8035151423349,7.56901578806651,13.5247920501574,17.8394198336157,18.198950519192,10.816653826392,11.6061449241339,10.816653826392,11.0887330205033,16.6806144970741,7.20733653994317
"5",10.816653826392,7.56901578806651,8.49028856988972,7.08590149522275,13.5247920501574,11.6061449241339,10.816653826392,11.0887330205033,13.5247920501574,17.8394198336157,11.6061449241339,11.6061449241339,7.20733653994317,11.6061449241339,11.6061449241339,9.84885780179611,10.816653826392,11.2849634469944,8.99388681271896,11.6061449241339,7.51531769122238,7.20733653994317,11.6061449241339,11.0887330205033,8.49028856988972,16.6806144970741,10.816653826392,5.59732078766262,11.6061449241339,11.0887330205033,16.6806144970741,11.6061449241339,12.9448831589937,11.6061449241339,11.6061449241339,11.6061449241339,9.94553165999687,10.816653826392,7.56901578806651,10.816653826392,9.94553165999687,17.8394198336157,7.56901578806651,17.8394198336157,9.94553165999687,11.0887330205033,13.5247920501574,9.84885780179611,7.20733653994317,17.7533151833679,9.84885780179611,20.6807857684373,11.6061449241339,11.2849634469944,9.94553165999687,7.20733653994317,11.6061449241339,7.20733653994317,9.94553165999687,9.31343116150004,11.2849634469944,11.6061449241339,7.08590149522275,11.6061449241339,16.6806144970741,17.8394198336157,11.2849634469944,7.20733653994317,11.2849634469944,17.7533151833679,17.7533151833679,7.20733653994317,10.816653826392,10.816653826392,11.6061449241339,11.6061449241339,11.0887330205033,10.816653826392,9.94553165999687,9.94553165999687,11.6061449241339,11.6061449241339,11.6061449241339,9.94553165999687,7.30273921210391,7.20733653994317,11.2849634469944,12.8035151423349,10.816653826392,12.8035151423349,7.20733653994317,13.5247920501574,11.6061449241339,18.198950519192,8.60058137569781,11.6061449241339,9.84885780179611,11.0887330205033,16.6806144970741,7.20733653994317
"6",10.816653826392,7.56901578806651,8.49028856988972,7.08590149522275,11.6061449241339,11.6061449241339,10.816653826392,9.94553165999687,13.5247920501574,11.6061449241339,11.6061449241339,11.6061449241339,7.20733653994317,11.6061449241339,11.6061449241339,9.84885780179611,10.816653826392,11.2849634469944,8.99388681271896,11.6061449241339,7.51531769122238,7.20733653994317,11.6061449241339,11.0887330205033,8.49028856988972,11.6061449241339,7.08590149522275,5.59732078766262,11.6061449241339,11.0887330205033,16.6806144970741,11.6061449241339,12.9448831589937,11.6061449241339,11.6061449241339,11.6061449241339,9.94553165999687,10.816653826392,7.56901578806651,10.816653826392,9.94553165999687,11.6061449241339,7.56901578806651,11.6061449241339,9.94553165999687,11.0887330205033,13.5247920501574,5.59732078766262,7.20733653994317,17.7533151833679,9.84885780179611,19.5898034701729,8.49028856988972,11.2849634469944,9.94553165999687,7.20733653994317,11.6061449241339,7.20733653994317,9.94553165999687,7.08590149522275,11.2849634469944,11.6061449241339,7.08590149522275,11.6061449241339,11.6061449241339,11.6061449241339,7.20733653994317,7.20733653994317,11.2849634469944,11.6061449241339,17.7533151833679,7.20733653994317,10.816653826392,10.816653826392,11.6061449241339,11.6061449241339,11.0887330205033,10.816653826392,9.94553165999687,9.94553165999687,11.6061449241339,11.6061449241339,11.6061449241339,9.94553165999687,7.30273921210391,7.20733653994317,11.2849634469944,12.8035151423349,10.816653826392,12.8035151423349,7.20733653994317,13.5247920501574,11.6061449241339,18.198950519192,2.56124969497314,8.49028856988972,9.84885780179611,11.0887330205033,11.6061449241339,7.20733653994317
"7",10.816653826392,7.20733653994317,8.49028856988972,7.08590149522275,11.6061449241339,11.6061449241339,10.816653826392,9.94553165999687,13.5247920501574,11.6061449241339,11.6061449241339,11.6061449241339,7.20733653994317,11.6061449241339,11.6061449241339,9.84885780179611,10.816653826392,11.2849634469944,4.83011387029333,11.6061449241339,7.51531769122238,7.20733653994317,11.6061449241339,11.0887330205033,8.49028856988972,11.6061449241339,7.08590149522275,5.59732078766262,11.6061449241339,11.0887330205033,11.6061449241339,11.6061449241339,12.9448831589937,11.6061449241339,11.6061449241339,11.6061449241339,9.94553165999687,10.816653826392,7.56901578806651,10.816653826392,9.94553165999687,11.6061449241339,7.56901578806651,11.6061449241339,7.20733653994317,11.0887330205033,11.6061449241339,5.59732078766262,7.20733653994317,17.7533151833679,9.31343116150004,17.8394198336157,8.49028856988972,11.2849634469944,6.26099033699941,7.20733653994317,11.6061449241339,7.20733653994317,9.94553165999687,7.08590149522275,11.2849634469944,11.6061449241339,7.08590149522275,8.49028856988972,11.6061449241339,11.6061449241339,7.20733653994317,7.20733653994317,11.2849634469944,11.6061449241339,17.7533151833679,7.20733653994317,10.816653826392,10.816653826392,11.6061449241339,11.6061449241339,8.49028856988972,10.816653826392,9.94553165999687,9.94553165999687,11.6061449241339,11.6061449241339,11.6061449241339,9.94553165999687,7.30273921210391,7.20733653994317,11.2849634469944,12.8035151423349,10.816653826392,12.8035151423349,7.20733653994317,13.5247920501574,11.6061449241339,7.20733653994317,2.56124969497314,8.49028856988972,9.84885780179611,11.0887330205033,11.6061449241339,7.20733653994317
"8",10.816653826392,7.20733653994317,8.49028856988972,7.08590149522275,11.6061449241339,11.6061449241339,10.816653826392,8.49028856988972,11.6061449241339,11.6061449241339,11.6061449241339,11.6061449241339,7.20733653994317,8.49028856988972,11.6061449241339,9.31343116150004,10.816653826392,11.2849634469944,4.83011387029333,11.6061449241339,5.59732078766262,7.20733653994317,11.6061449241339,11.0887330205033,8.49028856988972,11.6061449241339,7.08590149522275,5.59732078766262,11.6061449241339,11.0887330205033,11.6061449241339,11.6061449241339,11.6061449241339,11.6061449241339,11.6061449241339,11.6061449241339,9.94553165999687,10.816653826392,7.56901578806651,10.816653826392,9.94553165999687,11.6061449241339,7.56901578806651,11.6061449241339,7.20733653994317,11.0887330205033,11.6061449241339,5.59732078766262,7.20733653994317,17.7533151833679,9.31343116150004,11.6061449241339,8.49028856988972,11.2849634469944,6.26099033699941,5.59732078766262,8.49028856988972,7.20733653994317,9.94553165999687,7.08590149522275,9.94553165999687,8.49028856988972,7.08590149522275,8.49028856988972,11.6061449241339,11.6061449241339,7.20733653994317,7.20733653994317,8.49028856988972,11.6061449241339,17.7533151833679,7.20733653994317,10.816653826392,10.816653826392,11.6061449241339,11.6061449241339,7.20733653994317,10.816653826392,9.94553165999687,9.94553165999687,11.6061449241339,8.49028856988972,11.6061449241339,9.94553165999687,7.30273921210391,7.20733653994317,11.2849634469944,11.6061449241339,10.816653826392,12.8035151423349,7.20733653994317,13.5247920501574,11.6061449241339,7.20733653994317,2.56124969497314,8.49028856988972,8.99388681271896,11.0887330205033,11.6061449241339,7.20733653994317
"9",10.816653826392,7.20733653994317,8.49028856988972,7.08590149522275,11.6061449241339,11.6061449241339,10.816653826392,7.20733653994317,11.6061449241339,11.6061449241339,11.6061449241339,11.6061449241339,7.20733653994317,7.20733653994317,11.6061449241339,7.08590149522275,8.49028856988972,8.49028856988972,2.56124969497314,11.6061449241339,5.59732078766262,7.20733653994317,11.6061449241339,11.0887330205033,4.83011387029333,11.6061449241339,7.08590149522275,5.59732078766262,8.49028856988972,11.0887330205033,11.6061449241339,11.6061449241339,9.31343116150004,11.6061449241339,11.6061449241339,11.6061449241339,9.94553165999687,10.816653826392,7.56901578806651,8.49028856988972,9.94553165999687,11.6061449241339,7.56901578806651,11.6061449241339,7.20733653994317,11.0887330205033,11.6061449241339,5.59732078766262,5.59732078766262,17.7533151833679,9.31343116150004,11.6061449241339,8.49028856988972,11.2849634469944,6.26099033699941,5.59732078766262,8.49028856988972,7.20733653994317,9.94553165999687,7.08590149522275,9.94553165999687,8.49028856988972,7.08590149522275,8.49028856988972,11.6061449241339,11.6061449241339,7.20733653994317,7.20733653994317,7.20733653994317,11.6061449241339,7.20733653994317,7.20733653994317,10.816653826392,10.816653826392,11.6061449241339,8.49028856988972,7.20733653994317,10.816653826392,8.99388681271896,9.94553165999687,11.6061449241339,7.20733653994317,8.49028856988972,9.94553165999687,7.30273921210391,7.20733653994317,11.2849634469944,11.6061449241339,8.49028856988972,11.6061449241339,7.20733653994317,11.0887330205033,11.6061449241339,7.20733653994317,2.56124969497314,8.49028856988972,8.99388681271896,11.0887330205033,11.6061449241339,7.20733653994317
"10",8.49028856988972,7.20733653994317,8.49028856988972,7.08590149522275,11.6061449241339,8.49028856988972,10.816653826392,7.20733653994317,11.6061449241339,11.6061449241339,11.6061449241339,11.6061449241339,7.20733653994317,7.20733653994317,8.49028856988972,7.08590149522275,7.20733653994317,7.20733653994317,2.56124969497314,8.49028856988972,5.59732078766262,7.20733653994317,8.49028856988972,8.49028856988972,4.83011387029333,11.6061449241339,4.35660418215839,5.59732078766262,8.49028856988972,8.49028856988972,11.6061449241339,8.49028856988972,7.56901578806651,11.6061449241339,8.49028856988972,8.49028856988972,9.94553165999687,8.49028856988972,7.56901578806651,8.49028856988972,9.94553165999687,8.49028856988972,7.56901578806651,11.6061449241339,7.20733653994317,11.0887330205033,11.6061449241339,5.59732078766262,5.59732078766262,17.7533151833679,8.99388681271896,11.6061449241339,8.49028856988972,8.49028856988972,6.26099033699941,5.59732078766262,8.49028856988972,7.20733653994317,9.94553165999687,7.08590149522275,9.94553165999687,8.49028856988972,7.08590149522275,8.49028856988972,11.6061449241339,11.6061449241339,7.20733653994317,7.20733653994317,7.20733653994317,8.49028856988972,7.20733653994317,7.20733653994317,10.816653826392,10.816653826392,8.49028856988972,8.49028856988972,7.20733653994317,10.816653826392,8.99388681271896,9.94553165999687,11.6061449241339,7.20733653994317,7.20733653994317,9.94553165999687,4.83011387029333,7.20733653994317,11.2849634469944,8.49028856988972,8.49028856988972,11.6061449241339,7.20733653994317,8.99388681271896,8.49028856988972,7.20733653994317,2.56124969497314,8.49028856988972,7.56901578806651,11.0887330205033,11.6061449241339,7.20733653994317
"11",8.49028856988972,7.20733653994317,7.20733653994317,7.08590149522275,11.6061449241339,8.49028856988972,8.49028856988972,7.20733653994317,11.6061449241339,8.49028856988972,8.49028856988972,8.49028856988972,7.20733653994317,7.20733653994317,8.49028856988972,7.08590149522275,7.20733653994317,7.20733653994317,2.56124969497314,8.49028856988972,5.59732078766262,0,8.49028856988972,8.49028856988972,4.83011387029333,8.49028856988972,4.35660418215839,5.59732078766262,8.49028856988972,8.49028856988972,11.6061449241339,8.49028856988972,7.56901578806651,8.49028856988972,8.49028856988972,8.49028856988972,9.94553165999687,8.49028856988972,7.56901578806651,8.49028856988972,9.94553165999687,8.49028856988972,7.56901578806651,8.49028856988972,7.20733653994317,8.49028856988972,11.6061449241339,5.59732078766262,5.59732078766262,17.7533151833679,8.99388681271896,11.6061449241339,8.49028856988972,7.20733653994317,6.26099033699941,5.59732078766262,8.49028856988972,7.20733653994317,9.94553165999687,7.08590149522275,9.94553165999687,8.49028856988972,4.35660418215839,7.20733653994317,8.49028856988972,8.49028856988972,7.20733653994317,7.20733653994317,7.20733653994317,8.49028856988972,7.20733653994317,7.20733653994317,10.816653826392,10.816653826392,8.49028856988972,8.49028856988972,7.20733653994317,8.49028856988972,8.99388681271896,9.94553165999687,8.49028856988972,7.20733653994317,7.20733653994317,9.94553165999687,4.83011387029333,7.20733653994317,8.49028856988972,8.49028856988972,8.49028856988972,11.6061449241339,7.20733653994317,8.99388681271896,8.49028856988972,7.20733653994317,2.56124969497314,8.49028856988972,7.08590149522275,11.0887330205033,8.49028856988972,7.20733653994317
"12",8.49028856988972,7.20733653994317,7.20733653994317,7.08590149522275,8.49028856988972,8.49028856988972,8.49028856988972,7.20733653994317,11.6061449241339,8.49028856988972,8.49028856988972,8.49028856988972,7.20733653994317,7.20733653994317,8.49028856988972,7.08590149522275,7.20733653994317,7.20733653994317,2.56124969497314,8.49028856988972,5.59732078766262,0,8.49028856988972,8.49028856988972,4.83011387029333,8.49028856988972,4.35660418215839,5.59732078766262,8.49028856988972,8.49028856988972,8.49028856988972,7.20733653994317,7.56901578806651,7.20733653994317,8.49028856988972,8.49028856988972,9.94553165999687,8.49028856988972,7.56901578806651,8.49028856988972,9.94553165999687,8.49028856988972,7.56901578806651,8.49028856988972,7.20733653994317,8.49028856988972,8.49028856988972,5.59732078766262,5.59732078766262,17.7533151833679,8.99388681271896,11.6061449241339,7.20733653994317,7.20733653994317,6.26099033699941,5.59732078766262,7.20733653994317,7.20733653994317,7.20733653994317,7.08590149522275,9.94553165999687,8.49028856988972,4.35660418215839,7.20733653994317,8.49028856988972,8.49028856988972,7.20733653994317,7.20733653994317,7.20733653994317,8.49028856988972,7.20733653994317,7.20733653994317,8.49028856988972,10.816653826392,8.49028856988972,8.49028856988972,7.20733653994317,8.49028856988972,8.99388681271896,9.94553165999687,8.49028856988972,7.20733653994317,7.20733653994317,9.94553165999687,4.83011387029333,7.20733653994317,8.49028856988972,8.49028856988972,8.49028856988972,11.6061449241339,7.20733653994317,8.99388681271896,8.49028856988972,7.20733653994317,2.56124969497314,7.20733653994317,7.08590149522275,11.0887330205033,8.49028856988972,7.08590149522275
"13",8.49028856988972,7.20733653994317,7.20733653994317,7.08590149522275,8.49028856988972,8.49028856988972,8.49028856988972,7.20733653994317,11.6061449241339,8.49028856988972,8.49028856988972,8.49028856988972,7.20733653994317,7.20733653994317,8.49028856988972,7.08590149522275,7.20733653994317,7.20733653994317,2.56124969497314,8.49028856988972,5.59732078766262,0,8.49028856988972,8.49028856988972,4.83011387029333,8.49028856988972,4.35660418215839,5.59732078766262,8.49028856988972,8.49028856988972,8.49028856988972,7.20733653994317,7.08590149522275,7.20733653994317,8.49028856988972,8.49028856988972,9.31343116150004,8.49028856988972,4.83011387029333,8.49028856988972,9.94553165999687,8.49028856988972,7.56901578806651,8.49028856988972,7.20733653994317,8.49028856988972,8.49028856988972,5.59732078766262,5.59732078766262,17.7533151833679,8.99388681271896,8.49028856988972,7.20733653994317,7.20733653994317,6.26099033699941,5.59732078766262,7.20733653994317,7.20733653994317,7.20733653994317,7.08590149522275,9.94553165999687,8.49028856988972,4.35660418215839,7.20733653994317,7.20733653994317,8.49028856988972,7.20733653994317,7.20733653994317,7.20733653994317,8.49028856988972,7.20733653994317,7.20733653994317,8.49028856988972,10.816653826392,8.49028856988972,8.49028856988972,7.20733653994317,8.49028856988972,8.99388681271896,9.94553165999687,8.49028856988972,7.20733653994317,7.20733653994317,9.94553165999687,4.83011387029333,7.20733653994317,8.49028856988972,8.49028856988972,8.49028856988972,11.6061449241339,7.20733653994317,6.26099033699941,8.49028856988972,7.20733653994317,2.56124969497314,7.20733653994317,7.08590149522275,11.0887330205033,8.49028856988972,7.08590149522275
"14",8.49028856988972,7.20733653994317,7.20733653994317,7.08590149522275,8.49028856988972,8.49028856988972,8.49028856988972,7.20733653994317,8.49028856988972,7.20733653994317,8.49028856988972,8.49028856988972,7.20733653994317,7.20733653994317,8.49028856988972,7.08590149522275,7.20733653994317,7.20733653994317,2.56124969497314,8.49028856988972,5.59732078766262,0,8.49028856988972,8.49028856988972,4.83011387029333,7.20733653994317,4.35660418215839,5.59732078766262,8.49028856988972,8.49028856988972,8.49028856988972,7.20733653994317,7.08590149522275,7.20733653994317,8.49028856988972,8.49028856988972,9.31343116150004,8.49028856988972,4.83011387029333,8.49028856988972,9.94553165999687,8.49028856988972,7.56901578806651,7.20733653994317,7.20733653994317,8.49028856988972,8.49028856988972,3.63593179253957,5.59732078766262,17.7533151833679,5.59732078766262,8.49028856988972,7.20733653994317,7.20733653994317,6.26099033699941,3.63593179253957,7.20733653994317,7.20733653994317,7.20733653994317,7.08590149522275,9.94553165999687,8.49028856988972,0,7.20733653994317,7.20733653994317,8.49028856988972,7.20733653994317,7.20733653994317,7.20733653994317,8.49028856988972,7.20733653994317,7.20733653994317,8.49028856988972,8.49028856988972,8.49028856988972,8.49028856988972,7.20733653994317,8.49028856988972,8.99388681271896,9.94553165999687,7.20733653994317,7.08590149522275,7.20733653994317,9.94553165999687,4.83011387029333,7.20733653994317,8.49028856988972,7.20733653994317,8.49028856988972,11.6061449241339,7.20733653994317,6.26099033699941,8.49028856988972,7.20733653994317,2.56124969497314,7.20733653994317,7.08590149522275,11.0887330205033,8.49028856988972,7.08590149522275
"15",8.49028856988972,7.20733653994317,7.20733653994317,7.08590149522275,8.49028856988972,8.49028856988972,8.49028856988972,7.20733653994317,8.49028856988972,7.20733653994317,8.49028856988972,8.49028856988972,7.20733653994317,7.20733653994317,8.49028856988972,3.63593179253957,7.20733653994317,7.20733653994317,2.56124969497314,7.20733653994317,5.59732078766262,0,7.20733653994317,7.20733653994317,4.83011387029333,7.20733653994317,4.35660418215839,5.59732078766262,8.49028856988972,8.49028856988972,8.49028856988972,7.20733653994317,7.08590149522275,7.20733653994317,8.49028856988972,8.49028856988972,9.31343116150004,7.20733653994317,4.83011387029333,8.49028856988972,9.94553165999687,8.49028856988972,7.56901578806651,7.20733653994317,7.20733653994317,8.49028856988972,8.49028856988972,3.63593179253957,5.59732078766262,17.7533151833679,5.59732078766262,8.49028856988972,5.23259018078045,7.20733653994317,6.26099033699941,3.63593179253957,7.20733653994317,7.20733653994317,7.20733653994317,7.08590149522275,9.94553165999687,7.20733653994317,0,7.20733653994317,7.20733653994317,8.49028856988972,7.20733653994317,7.20733653994317,7.08590149522275,8.49028856988972,7.20733653994317,7.20733653994317,8.49028856988972,8.49028856988972,8.49028856988972,8.49028856988972,7.20733653994317,8.49028856988972,5.59732078766262,7.20733653994317,7.20733653994317,4.35660418215839,7.08590149522275,9.94553165999687,4.83011387029333,7.20733653994317,8.49028856988972,7.20733653994317,8.49028856988972,8.49028856988972,7.20733653994317,6.26099033699941,8.49028856988972,7.20733653994317,2.56124969497314,7.20733653994317,4.83011387029333,11.0887330205033,8.49028856988972,6.7955868032128
"16",8.49028856988972,5.23259018078045,7.20733653994317,7.08590149522275,8.49028856988972,8.49028856988972,8.49028856988972,7.20733653994317,8.49028856988972,7.20733653994317,8.49028856988972,8.49028856988972,7.08590149522275,7.20733653994317,8.49028856988972,3.63593179253957,7.20733653994317,7.20733653994317,2.56124969497314,7.20733653994317,3.63593179253957,0,7.20733653994317,7.20733653994317,4.83011387029333,7.20733653994317,4.35660418215839,5.59732078766262,8.49028856988972,8.49028856988972,8.49028856988972,7.08590149522275,7.08590149522275,7.20733653994317,8.49028856988972,8.49028856988972,9.31343116150004,7.20733653994317,4.83011387029333,8.49028856988972,9.94553165999687,8.49028856988972,7.56901578806651,7.20733653994317,7.20733653994317,8.49028856988972,8.49028856988972,3.63593179253957,5.59732078766262,17.7533151833679,5.59732078766262,7.20733653994317,5.23259018078045,7.20733653994317,6.26099033699941,3.63593179253957,7.20733653994317,5.59732078766262,7.20733653994317,7.08590149522275,9.94553165999687,7.20733653994317,0,7.20733653994317,7.20733653994317,7.20733653994317,7.20733653994317,7.20733653994317,7.08590149522275,7.20733653994317,7.20733653994317,7.20733653994317,8.49028856988972,8.49028856988972,8.49028856988972,8.49028856988972,7.08590149522275,8.49028856988972,5.59732078766262,7.20733653994317,7.20733653994317,4.35660418215839,7.08590149522275,7.20733653994317,4.83011387029333,7.20733653994317,8.49028856988972,7.20733653994317,8.49028856988972,8.49028856988972,7.20733653994317,6.26099033699941,8.49028856988972,7.20733653994317,2.56124969497314,7.20733653994317,4.83011387029333,8.49028856988972,8.49028856988972,6.7955868032128
"17",8.49028856988972,3.63593179253957,7.20733653994317,7.08590149522275,8.49028856988972,8.49028856988972,8.49028856988972,7.20733653994317,8.49028856988972,7.20733653994317,8.49028856988972,8.49028856988972,4.35660418215839,7.20733653994317,8.49028856988972,3.63593179253957,7.08590149522275,7.20733653994317,2.56124969497314,7.20733653994317,3.63593179253957,0,7.20733653994317,7.20733653994317,4.83011387029333,7.20733653994317,4.35660418215839,5.59732078766262,8.49028856988972,8.49028856988972,8.49028856988972,7.08590149522275,7.08590149522275,7.20733653994317,8.49028856988972,8.49028856988972,9.31343116150004,7.20733653994317,4.83011387029333,8.49028856988972,9.94553165999687,8.49028856988972,7.56901578806651,7.20733653994317,7.20733653994317,7.20733653994317,8.49028856988972,3.63593179253957,5.59732078766262,9.31343116150004,5.59732078766262,7.20733653994317,5.23259018078045,7.20733653994317,6.26099033699941,3.63593179253957,7.20733653994317,5.59732078766262,7.20733653994317,7.08590149522275,9.94553165999687,7.20733653994317,0,7.20733653994317,7.20733653994317,7.20733653994317,7.20733653994317,7.20733653994317,7.08590149522275,7.20733653994317,7.20733653994317,7.20733653994317,7.20733653994317,8.49028856988972,8.49028856988972,8.49028856988972,7.08590149522275,8.49028856988972,5.59732078766262,7.20733653994317,7.20733653994317,4.35660418215839,7.08590149522275,7.20733653994317,4.83011387029333,7.20733653994317,8.49028856988972,7.20733653994317,8.49028856988972,8.49028856988972,7.20733653994317,6.26099033699941,8.49028856988972,7.20733653994317,2.56124969497314,7.20733653994317,4.83011387029333,8.49028856988972,8.49028856988972,6.7955868032128
"18",8.49028856988972,3.63593179253957,7.20733653994317,7.08590149522275,8.49028856988972,8.49028856988972,8.49028856988972,7.20733653994317,8.49028856988972,7.20733653994317,8.49028856988972,8.49028856988972,4.35660418215839,7.20733653994317,8.49028856988972,3.63593179253957,7.08590149522275,7.20733653994317,2.56124969497314,7.20733653994317,3.63593179253957,0,7.20733653994317,7.20733653994317,4.83011387029333,7.20733653994317,4.35660418215839,5.59732078766262,8.49028856988972,8.49028856988972,8.49028856988972,7.08590149522275,7.08590149522275,7.20733653994317,8.49028856988972,8.49028856988972,7.08590149522275,7.20733653994317,4.83011387029333,8.49028856988972,9.94553165999687,8.49028856988972,4.83011387029333,7.20733653994317,7.20733653994317,7.20733653994317,8.49028856988972,3.63593179253957,5.59732078766262,9.31343116150004,5.59732078766262,7.20733653994317,5.23259018078045,7.20733653994317,6.26099033699941,3.63593179253957,7.20733653994317,5.59732078766262,7.20733653994317,3.63593179253957,9.94553165999687,7.20733653994317,0,7.20733653994317,7.20733653994317,7.20733653994317,7.20733653994317,7.20733653994317,4.35660418215839,7.20733653994317,7.20733653994317,7.20733653994317,7.20733653994317,8.49028856988972,8.49028856988972,8.49028856988972,7.08590149522275,8.49028856988972,5.59732078766262,7.20733653994317,7.20733653994317,4.35660418215839,7.08590149522275,7.20733653994317,4.83011387029333,7.20733653994317,8.49028856988972,7.20733653994317,8.49028856988972,8.49028856988972,7.20733653994317,6.26099033699941,8.49028856988972,7.20733653994317,2.56124969497314,7.20733653994317,4.83011387029333,8.49028856988972,8.49028856988972,4.83011387029333
"19",8.49028856988972,3.63593179253957,7.20733653994317,7.08590149522275,8.49028856988972,8.49028856988972,8.49028856988972,7.20733653994317,8.49028856988972,7.20733653994317,8.49028856988972,8.49028856988972,4.35660418215839,7.20733653994317,8.49028856988972,3.63593179253957,7.08590149522275,7.20733653994317,0,7.20733653994317,3.63593179253957,0,7.20733653994317,7.20733653994317,4.83011387029333,7.20733653994317,4.35660418215839,5.59732078766262,8.49028856988972,7.20733653994317,8.49028856988972,7.08590149522275,7.08590149522275,7.20733653994317,8.49028856988972,8.49028856988972,7.08590149522275,7.20733653994317,4.83011387029333,8.49028856988972,9.94553165999687,8.49028856988972,4.83011387029333,7.20733653994317,7.20733653994317,7.20733653994317,8.49028856988972,3.63593179253957,5.59732078766262,9.31343116150004,5.59732078766262,7.20733653994317,5.23259018078045,7.20733653994317,6.26099033699941,3.63593179253957,5.23259018078045,3.63593179253957,7.20733653994317,3.63593179253957,9.94553165999687,7.20733653994317,0,7.20733653994317,5.23259018078045,7.20733653994317,7.20733653994317,7.20733653994317,4.35660418215839,7.20733653994317,7.20733653994317,7.20733653994317,7.20733653994317,7.20733653994317,8.49028856988972,8.49028856988972,7.08590149522275,8.49028856988972,5.59732078766262,7.20733653994317,7.20733653994317,4.35660418215839,5.23259018078045,7.20733653994317,4.83011387029333,7.20733653994317,8.49028856988972,7.20733653994317,8.49028856988972,8.49028856988972,5.72800139664787,6.26099033699941,8.49028856988972,7.20733653994317,2.56124969497314,7.20733653994317,4.83011387029333,8.49028856988972,8.49028856988972,4.83011387029333
"20",8.49028856988972,3.63593179253957,7.08590149522275,7.08590149522275,8.49028856988972,8.49028856988972,8.49028856988972,7.20733653994317,8.49028856988972,7.20733653994317,8.49028856988972,8.49028856988972,4.35660418215839,7.20733653994317,8.49028856988972,3.63593179253957,7.08590149522275,7.20733653994317,0,7.20733653994317,3.63593179253957,0,7.20733653994317,7.20733653994317,3.63593179253957,7.20733653994317,4.35660418215839,5.59732078766262,8.49028856988972,7.20733653994317,8.49028856988972,6.26099033699941,7.08590149522275,7.20733653994317,8.49028856988972,8.49028856988972,7.08590149522275,7.20733653994317,4.83011387029333,8.49028856988972,9.94553165999687,8.49028856988972,4.83011387029333,7.20733653994317,7.20733653994317,7.20733653994317,8.49028856988972,2.56124969497314,5.59732078766262,9.31343116150004,5.59732078766262,7.20733653994317,5.23259018078045,7.20733653994317,6.26099033699941,3.63593179253957,5.23259018078045,3.63593179253957,5.23259018078045,3.63593179253957,9.94553165999687,7.20733653994317,0,7.20733653994317,5.23259018078045,7.20733653994317,7.20733653994317,7.20733653994317,4.35660418215839,7.20733653994317,7.20733653994317,7.20733653994317,7.20733653994317,7.20733653994317,8.49028856988972,8.49028856988972,7.08590149522275,8.49028856988972,5.59732078766262,7.20733653994317,7.20733653994317,4.35660418215839,5.23259018078045,5.23259018078045,4.83011387029333,7.20733653994317,8.49028856988972,6.26099033699941,8.49028856988972,8.49028856988972,5.72800139664787,6.26099033699941,8.49028856988972,7.20733653994317,2.56124969497314,7.20733653994317,4.83011387029333,8.49028856988972,8.49028856988972,4.83011387029333
"21",8.49028856988972,3.63593179253957,7.08590149522275,7.08590149522275,8.49028856988972,8.49028856988972,8.49028856988972,7.20733653994317,8.49028856988972,7.20733653994317,8.49028856988972,8.49028856988972,4.35660418215839,7.20733653994317,8.49028856988972,3.63593179253957,7.08590149522275,7.20733653994317,0,7.20733653994317,3.63593179253957,0,7.20733653994317,7.20733653994317,3.63593179253957,7.20733653994317,4.35660418215839,5.59732078766262,8.49028856988972,7.20733653994317,8.49028856988972,6.26099033699941,7.08590149522275,7.20733653994317,8.49028856988972,8.49028856988972,7.08590149522275,7.20733653994317,4.83011387029333,8.49028856988972,9.94553165999687,8.49028856988972,4.83011387029333,7.20733653994317,3.63593179253957,7.20733653994317,8.49028856988972,2.56124969497314,5.59732078766262,9.31343116150004,3.63593179253957,7.20733653994317,5.23259018078045,7.20733653994317,5.59732078766262,3.63593179253957,5.23259018078045,3.63593179253957,5.23259018078045,2.56124969497314,9.94553165999687,7.20733653994317,0,7.20733653994317,5.23259018078045,7.20733653994317,7.20733653994317,7.20733653994317,4.35660418215839,7.20733653994317,7.20733653994317,7.20733653994317,7.20733653994317,7.20733653994317,8.49028856988972,8.49028856988972,7.08590149522275,8.49028856988972,5.59732078766262,5.23259018078045,7.20733653994317,4.35660418215839,5.23259018078045,5.23259018078045,3.63593179253957,7.20733653994317,8.49028856988972,6.26099033699941,8.49028856988972,8.49028856988972,5.72800139664787,6.26099033699941,8.49028856988972,7.20733653994317,2.56124969497314,7.20733653994317,4.83011387029333,8.49028856988972,8.49028856988972,4.83011387029333
"22",8.49028856988972,3.63593179253957,7.08590149522275,7.08590149522275,8.49028856988972,8.49028856988972,8.49028856988972,7.20733653994317,8.49028856988972,7.20733653994317,8.49028856988972,8.49028856988972,4.35660418215839,7.20733653994317,8.49028856988972,3.63593179253957,7.08590149522275,7.20733653994317,0,7.20733653994317,2.56124969497314,0,7.20733653994317,7.20733653994317,3.63593179253957,7.20733653994317,4.35660418215839,5.59732078766262,8.49028856988972,7.20733653994317,8.49028856988972,6.26099033699941,4.83011387029333,7.20733653994317,8.49028856988972,8.49028856988972,7.08590149522275,7.20733653994317,4.83011387029333,8.49028856988972,9.94553165999687,8.49028856988972,4.83011387029333,7.20733653994317,3.63593179253957,7.20733653994317,8.49028856988972,2.56124969497314,5.59732078766262,9.31343116150004,3.63593179253957,7.20733653994317,5.23259018078045,7.20733653994317,3.63593179253957,3.63593179253957,5.23259018078045,3.63593179253957,5.23259018078045,2.56124969497314,9.94553165999687,7.20733653994317,0,7.20733653994317,5.23259018078045,7.20733653994317,7.20733653994317,7.20733653994317,4.35660418215839,7.20733653994317,7.20733653994317,7.20733653994317,7.20733653994317,7.20733653994317,8.49028856988972,8.49028856988972,2.56124969497314,8.49028856988972,5.59732078766262,5.23259018078045,7.20733653994317,4.35660418215839,5.23259018078045,5.23259018078045,3.63593179253957,7.20733653994317,8.49028856988972,6.26099033699941,8.49028856988972,8.49028856988972,5.72800139664787,6.26099033699941,8.49028856988972,7.20733653994317,2.56124969497314,7.20733653994317,4.83011387029333,8.49028856988972,8.49028856988972,2.56124969497314
"23",8.49028856988972,3.63593179253957,7.08590149522275,7.08590149522275,8.49028856988972,8.49028856988972,8.49028856988972,7.20733653994317,8.49028856988972,7.20733653994317,8.49028856988972,8.49028856988972,4.35660418215839,7.20733653994317,8.49028856988972,3.63593179253957,3.63593179253957,7.20733653994317,0,7.20733653994317,2.56124969497314,0,5.23259018078045,7.20733653994317,3.63593179253957,7.20733653994317,3.63593179253957,3.63593179253957,8.49028856988972,7.20733653994317,8.49028856988972,6.26099033699941,4.83011387029333,7.20733653994317,8.49028856988972,8.49028856988972,3.63593179253957,7.20733653994317,4.83011387029333,8.49028856988972,9.94553165999687,8.49028856988972,4.83011387029333,7.20733653994317,3.63593179253957,7.20733653994317,8.49028856988972,2.56124969497314,5.59732078766262,9.31343116150004,2.56124969497314,7.20733653994317,5.23259018078045,7.20733653994317,3.63593179253957,3.63593179253957,5.23259018078045,3.63593179253957,5.23259018078045,2.56124969497314,5.23259018078045,7.20733653994317,0,7.20733653994317,5.23259018078045,7.20733653994317,7.20733653994317,7.20733653994317,4.35660418215839,7.20733653994317,7.20733653994317,7.20733653994317,7.20733653994317,7.20733653994317,8.49028856988972,8.49028856988972,2.56124969497314,8.49028856988972,3.63593179253957,5.23259018078045,7.20733653994317,4.35660418215839,5.23259018078045,5.23259018078045,3.63593179253957,3.63593179253957,8.49028856988972,6.26099033699941,8.49028856988972,8.49028856988972,4.83011387029333,6.26099033699941,8.49028856988972,7.20733653994317,2.56124969497314,7.20733653994317,4.83011387029333,8.49028856988972,8.49028856988972,2.56124969497314
"24",8.49028856988972,2.56124969497314,7.08590149522275,7.08590149522275,8.49028856988972,8.49028856988972,8.49028856988972,7.20733653994317,8.49028856988972,7.20733653994317,8.49028856988972,8.49028856988972,4.35660418215839,7.20733653994317,8.49028856988972,3.63593179253957,3.63593179253957,7.20733653994317,0,7.20733653994317,2.56124969497314,0,5.23259018078045,7.20733653994317,2.56124969497314,7.20733653994317,3.63593179253957,3.63593179253957,8.49028856988972,7.20733653994317,8.49028856988972,6.26099033699941,4.83011387029333,7.20733653994317,8.49028856988972,8.49028856988972,3.63593179253957,7.20733653994317,4.83011387029333,8.49028856988972,9.94553165999687,8.49028856988972,4.83011387029333,7.20733653994317,2.56124969497314,7.20733653994317,8.49028856988972,2.56124969497314,5.59732078766262,8.49028856988972,2.56124969497314,7.20733653994317,5.23259018078045,7.20733653994317,3.63593179253957,3.63593179253957,5.23259018078045,3.63593179253957,5.23259018078045,2.56124969497314,5.23259018078045,7.20733653994317,0,7.20733653994317,5.23259018078045,7.20733653994317,7.20733653994317,7.20733653994317,4.35660418215839,7.20733653994317,7.20733653994317,7.20733653994317,7.20733653994317,7.20733653994317,8.49028856988972,8.49028856988972,2.56124969497314,8.49028856988972,3.63593179253957,5.23259018078045,7.20733653994317,4.35660418215839,5.23259018078045,5.23259018078045,2.56124969497314,3.63593179253957,8.49028856988972,6.26099033699941,8.49028856988972,8.49028856988972,4.83011387029333,6.26099033699941,8.49028856988972,7.20733653994317,2.56124969497314,7.20733653994317,4.83011387029333,8.49028856988972,8.49028856988972,0
"25",8.49028856988972,2.56124969497314,7.08590149522275,7.08590149522275,8.49028856988972,8.49028856988972,8.49028856988972,5.23259018078045,8.49028856988972,7.20733653994317,8.49028856988972,8.49028856988972,4.35660418215839,7.20733653994317,8.49028856988972,3.63593179253957,3.63593179253957,7.20733653994317,0,7.20733653994317,2.56124969497314,0,5.23259018078045,7.20733653994317,2.56124969497314,7.20733653994317,3.63593179253957,3.63593179253957,8.49028856988972,7.20733653994317,7.20733653994317,6.26099033699941,4.83011387029333,7.20733653994317,8.49028856988972,8.49028856988972,3.63593179253957,7.20733653994317,4.83011387029333,8.49028856988972,9.31343116150004,8.49028856988972,4.83011387029333,7.20733653994317,2.56124969497314,7.20733653994317,8.49028856988972,2.56124969497314,5.59732078766262,8.49028856988972,2.56124969497314,7.20733653994317,5.23259018078045,7.20733653994317,3.63593179253957,3.63593179253957,5.23259018078045,3.63593179253957,5.23259018078045,2.56124969497314,5.23259018078045,7.20733653994317,0,7.20733653994317,5.23259018078045,7.20733653994317,7.20733653994317,7.20733653994317,4.35660418215839,7.20733653994317,7.20733653994317,7.20733653994317,7.20733653994317,7.20733653994317,8.49028856988972,8.49028856988972,0,8.49028856988972,3.63593179253957,5.23259018078045,7.20733653994317,4.35660418215839,5.23259018078045,5.23259018078045,2.56124969497314,3.63593179253957,7.20733653994317,6.26099033699941,8.49028856988972,8.49028856988972,4.83011387029333,6.26099033699941,8.49028856988972,7.20733653994317,2.56124969497314,7.20733653994317,4.83011387029333,7.20733653994317,8.49028856988972,0
"26",8.49028856988972,2.56124969497314,7.08590149522275,7.08590149522275,8.49028856988972,8.49028856988972,8.49028856988972,5.23259018078045,8.49028856988972,7.20733653994317,8.49028856988972,8.49028856988972,4.35660418215839,7.20733653994317,8.49028856988972,3.63593179253957,3.63593179253957,7.20733653994317,0,7.20733653994317,2.56124969497314,0,5.23259018078045,7.20733653994317,2.56124969497314,7.20733653994317,3.63593179253957,3.63593179253957,8.49028856988972,7.20733653994317,7.20733653994317,6.26099033699941,4.83011387029333,7.20733653994317,8.49028856988972,8.49028856988972,3.63593179253957,5.23259018078045,4.83011387029333,8.49028856988972,9.31343116150004,8.49028856988972,4.83011387029333,7.20733653994317,2.56124969497314,7.20733653994317,8.49028856988972,2.56124969497314,5.59732078766262,8.49028856988972,2.56124969497314,7.20733653994317,5.23259018078045,7.20733653994317,3.63593179253957,3.63593179253957,5.23259018078045,3.63593179253957,5.23259018078045,2.56124969497314,5.23259018078045,7.20733653994317,0,7.20733653994317,3.63593179253957,7.20733653994317,7.20733653994317,7.20733653994317,4.35660418215839,7.20733653994317,7.20733653994317,7.20733653994317,7.20733653994317,7.20733653994317,8.49028856988972,8.49028856988972,0,8.49028856988972,3.63593179253957,5.23259018078045,7.20733653994317,4.35660418215839,4.83011387029333,5.23259018078045,2.56124969497314,2.56124969497314,7.20733653994317,6.26099033699941,8.49028856988972,8.49028856988972,4.83011387029333,6.26099033699941,8.49028856988972,7.20733653994317,2.56124969497314,7.20733653994317,4.83011387029333,7.20733653994317,8.49028856988972,0
"27",8.49028856988972,2.56124969497314,7.08590149522275,7.08590149522275,8.49028856988972,8.49028856988972,8.49028856988972,5.23259018078045,8.49028856988972,7.20733653994317,8.49028856988972,8.49028856988972,4.35660418215839,7.20733653994317,8.49028856988972,3.63593179253957,2.56124969497314,7.20733653994317,0,7.20733653994317,2.56124969497314,0,5.23259018078045,7.20733653994317,2.56124969497314,7.20733653994317,0,3.63593179253957,8.49028856988972,7.20733653994317,7.20733653994317,6.26099033699941,4.83011387029333,7.20733653994317,7.20733653994317,8.49028856988972,2.56124969497314,5.23259018078045,4.83011387029333,8.49028856988972,9.31343116150004,8.49028856988972,3.63593179253957,7.20733653994317,2.56124969497314,7.20733653994317,8.49028856988972,2.56124969497314,5.59732078766262,8.49028856988972,2.56124969497314,7.20733653994317,5.23259018078045,7.20733653994317,3.63593179253957,3.63593179253957,5.23259018078045,3.63593179253957,5.23259018078045,2.56124969497314,5.23259018078045,7.20733653994317,0,7.20733653994317,3.63593179253957,7.20733653994317,7.20733653994317,7.20733653994317,4.35660418215839,7.20733653994317,7.20733653994317,7.20733653994317,7.20733653994317,7.20733653994317,8.49028856988972,8.49028856988972,0,8.49028856988972,3.63593179253957,5.23259018078045,7.20733653994317,4.35660418215839,4.83011387029333,5.23259018078045,2.56124969497314,2.56124969497314,7.20733653994317,6.26099033699941,7.20733653994317,8.49028856988972,4.83011387029333,6.26099033699941,8.49028856988972,7.20733653994317,2.56124969497314,7.20733653994317,4.83011387029333,7.20733653994317,7.20733653994317,0
"28",8.49028856988972,2.56124969497314,3.63593179253957,7.08590149522275,8.49028856988972,8.49028856988972,8.49028856988972,5.23259018078045,8.49028856988972,7.20733653994317,8.49028856988972,8.49028856988972,4.35660418215839,7.20733653994317,8.49028856988972,3.63593179253957,2.56124969497314,7.20733653994317,0,7.20733653994317,2.56124969497314,0,5.23259018078045,7.20733653994317,2.56124969497314,7.20733653994317,0,3.63593179253957,8.49028856988972,7.20733653994317,7.20733653994317,6.26099033699941,4.83011387029333,7.20733653994317,7.20733653994317,8.49028856988972,2.56124969497314,5.23259018078045,4.83011387029333,8.49028856988972,5.59732078766262,8.49028856988972,3.63593179253957,7.20733653994317,2.56124969497314,7.20733653994317,8.49028856988972,2.56124969497314,3.63593179253957,8.49028856988972,2.56124969497314,7.20733653994317,5.23259018078045,7.20733653994317,3.63593179253957,3.63593179253957,5.23259018078045,3.63593179253957,5.23259018078045,2.56124969497314,5.23259018078045,7.20733653994317,0,7.08590149522275,3.63593179253957,7.20733653994317,7.20733653994317,7.20733653994317,4.35660418215839,7.20733653994317,3.63593179253957,7.20733653994317,7.20733653994317,7.20733653994317,8.49028856988972,7.20733653994317,0,8.49028856988972,2.56124969497314,5.23259018078045,7.20733653994317,4.35660418215839,4.83011387029333,5.23259018078045,2.56124969497314,2.56124969497314,7.20733653994317,6.26099033699941,7.20733653994317,8.49028856988972,4.83011387029333,3.63593179253957,8.49028856988972,7.20733653994317,2.56124969497314,7.20733653994317,4.83011387029333,7.20733653994317,7.20733653994317,0
"29",8.49028856988972,2.56124969497314,3.63593179253957,7.08590149522275,8.49028856988972,8.49028856988972,8.49028856988972,5.23259018078045,8.49028856988972,7.20733653994317,8.49028856988972,8.49028856988972,3.63593179253957,7.20733653994317,8.49028856988972,3.63593179253957,2.56124969497314,7.20733653994317,0,7.20733653994317,2.56124969497314,0,5.23259018078045,7.20733653994317,2.56124969497314,7.20733653994317,0,3.63593179253957,8.49028856988972,7.20733653994317,7.20733653994317,6.26099033699941,4.83011387029333,7.20733653994317,7.20733653994317,8.49028856988972,2.56124969497314,5.23259018078045,4.83011387029333,8.49028856988972,5.59732078766262,8.49028856988972,3.63593179253957,7.20733653994317,2.56124969497314,7.20733653994317,8.49028856988972,2.56124969497314,3.63593179253957,8.49028856988972,2.56124969497314,7.20733653994317,5.23259018078045,7.20733653994317,0,3.63593179253957,5.23259018078045,3.63593179253957,5.23259018078045,2.56124969497314,5.23259018078045,7.20733653994317,0,7.08590149522275,3.63593179253957,7.20733653994317,7.20733653994317,7.20733653994317,4.35660418215839,7.08590149522275,3.63593179253957,7.20733653994317,7.20733653994317,7.20733653994317,8.49028856988972,7.20733653994317,0,8.49028856988972,2.56124969497314,5.23259018078045,7.20733653994317,4.35660418215839,4.83011387029333,5.23259018078045,2.56124969497314,2.56124969497314,7.20733653994317,6.26099033699941,7.20733653994317,8.49028856988972,4.83011387029333,3.63593179253957,8.49028856988972,7.20733653994317,2.56124969497314,7.20733653994317,4.83011387029333,7.20733653994317,7.20733653994317,0
"30",8.49028856988972,2.56124969497314,3.63593179253957,7.08590149522275,8.49028856988972,8.49028856988972,8.49028856988972,5.23259018078045,8.49028856988972,7.20733653994317,8.49028856988972,8.49028856988972,3.63593179253957,7.20733653994317,8.49028856988972,3.63593179253957,2.56124969497314,7.20733653994317,0,7.20733653994317,2.56124969497314,0,5.23259018078045,7.20733653994317,2.56124969497314,7.20733653994317,0,3.63593179253957,8.49028856988972,7.20733653994317,7.20733653994317,6.26099033699941,4.83011387029333,7.20733653994317,7.20733653994317,8.49028856988972,2.56124969497314,5.23259018078045,4.83011387029333,8.49028856988972,5.59732078766262,8.49028856988972,3.63593179253957,7.20733653994317,2.56124969497314,7.20733653994317,7.20733653994317,2.56124969497314,3.63593179253957,8.49028856988972,2.56124969497314,7.20733653994317,5.23259018078045,7.20733653994317,0,3.63593179253957,5.23259018078045,3.63593179253957,5.23259018078045,2.56124969497314,5.23259018078045,7.20733653994317,0,7.08590149522275,2.56124969497314,7.20733653994317,7.20733653994317,6.26099033699941,4.35660418215839,7.08590149522275,3.63593179253957,7.20733653994317,7.20733653994317,7.20733653994317,8.49028856988972,7.20733653994317,0,8.49028856988972,2.56124969497314,5.23259018078045,7.20733653994317,4.35660418215839,4.83011387029333,5.23259018078045,2.56124969497314,2.56124969497314,7.20733653994317,6.26099033699941,7.20733653994317,8.49028856988972,4.83011387029333,3.63593179253957,8.49028856988972,7.20733653994317,2.56124969497314,7.20733653994317,4.83011387029333,7.20733653994317,7.20733653994317,0
"31",8.49028856988972,2.56124969497314,3.63593179253957,7.08590149522275,8.49028856988972,8.49028856988972,8.49028856988972,5.23259018078045,8.49028856988972,7.20733653994317,8.49028856988972,8.49028856988972,3.63593179253957,7.20733653994317,8.49028856988972,3.63593179253957,2.56124969497314,7.20733653994317,0,7.20733653994317,2.56124969497314,0,5.23259018078045,7.20733653994317,2.56124969497314,7.20733653994317,0,3.63593179253957,8.49028856988972,7.20733653994317,7.20733653994317,6.26099033699941,4.83011387029333,7.20733653994317,7.20733653994317,8.49028856988972,2.56124969497314,5.23259018078045,3.63593179253957,8.49028856988972,5.59732078766262,7.20733653994317,3.63593179253957,5.23259018078045,2.56124969497314,7.20733653994317,7.20733653994317,2.56124969497314,3.63593179253957,8.49028856988972,2.56124969497314,7.20733653994317,5.23259018078045,7.20733653994317,0,3.63593179253957,5.23259018078045,3.63593179253957,5.23259018078045,2.56124969497314,5.23259018078045,7.08590149522275,0,3.63593179253957,2.56124969497314,7.20733653994317,7.20733653994317,5.23259018078045,4.35660418215839,7.08590149522275,2.56124969497314,7.20733653994317,7.08590149522275,7.20733653994317,8.49028856988972,6.7955868032128,0,8.49028856988972,2.56124969497314,5.23259018078045,7.20733653994317,4.35660418215839,4.83011387029333,5.23259018078045,2.56124969497314,2.56124969497314,7.20733653994317,6.26099033699941,7.20733653994317,8.49028856988972,4.83011387029333,3.63593179253957,7.20733653994317,7.20733653994317,2.56124969497314,7.20733653994317,4.83011387029333,7.20733653994317,7.20733653994317,0
"32",8.49028856988972,2.56124969497314,3.63593179253957,6.7955868032128,8.49028856988972,8.49028856988972,8.49028856988972,5.23259018078045,8.49028856988972,7.20733653994317,8.49028856988972,8.49028856988972,3.63593179253957,7.20733653994317,8.49028856988972,2.56124969497314,2.56124969497314,7.20733653994317,0,7.20733653994317,2.56124969497314,0,5.23259018078045,7.08590149522275,2.56124969497314,7.20733653994317,0,3.63593179253957,8.49028856988972,7.20733653994317,7.20733653994317,6.26099033699941,4.83011387029333,7.20733653994317,7.20733653994317,8.49028856988972,2.56124969497314,5.23259018078045,3.63593179253957,8.49028856988972,3.63593179253957,7.20733653994317,3.63593179253957,5.23259018078045,2.56124969497314,7.20733653994317,7.20733653994317,2.56124969497314,3.63593179253957,8.49028856988972,2.56124969497314,7.20733653994317,5.23259018078045,7.20733653994317,0,3.63593179253957,5.23259018078045,3.63593179253957,5.23259018078045,2.56124969497314,5.23259018078045,7.08590149522275,0,3.63593179253957,2.56124969497314,7.20733653994317,7.20733653994317,5.23259018078045,4.35660418215839,7.08590149522275,2.56124969497314,7.20733653994317,7.08590149522275,7.20733653994317,8.49028856988972,6.7955868032128,0,7.20733653994317,2.56124969497314,5.23259018078045,7.20733653994317,4.35660418215839,0,5.23259018078045,2.56124969497314,2.56124969497314,7.20733653994317,6.26099033699941,7.20733653994317,5.23259018078045,4.83011387029333,3.63593179253957,7.20733653994317,7.20733653994317,2.56124969497314,7.20733653994317,4.83011387029333,7.20733653994317,7.20733653994317,0
"33",8.49028856988972,0,3.63593179253957,6.7955868032128,8.49028856988972,8.49028856988972,8.49028856988972,5.23259018078045,7.20733653994317,7.20733653994317,8.49028856988972,7.20733653994317,3.63593179253957,7.20733653994317,8.49028856988972,2.56124969497314,2.56124969497314,7.08590149522275,0,7.20733653994317,2.56124969497314,0,5.23259018078045,7.08590149522275,2.56124969497314,7.20733653994317,0,3.63593179253957,8.49028856988972,7.20733653994317,7.20733653994317,5.23259018078045,4.83011387029333,7.20733653994317,7.08590149522275,8.49028856988972,2.56124969497314,5.23259018078045,3.63593179253957,8.49028856988972,2.56124969497314,7.20733653994317,3.63593179253957,5.23259018078045,2.56124969497314,7.20733653994317,7.20733653994317,2.56124969497314,3.63593179253957,8.49028856988972,2.56124969497314,7.20733653994317,5.23259018078045,7.20733653994317,0,3.63593179253957,5.23259018078045,3.63593179253957,5.23259018078045,2.56124969497314,5.23259018078045,7.08590149522275,0,3.63593179253957,2.56124969497314,7.20733653994317,7.20733653994317,5.23259018078045,0,7.08590149522275,2.56124969497314,7.20733653994317,7.08590149522275,7.20733653994317,8.49028856988972,6.7955868032128,0,7.20733653994317,2.56124969497314,5.23259018078045,7.20733653994317,4.35660418215839,0,5.23259018078045,2.56124969497314,2.56124969497314,7.20733653994317,6.26099033699941,7.20733653994317,5.23259018078045,0,3.63593179253957,7.20733653994317,7.20733653994317,2.56124969497314,7.20733653994317,4.35660418215839,7.20733653994317,7.20733653994317,0
"34",8.49028856988972,0,3.63593179253957,6.7955868032128,8.49028856988972,8.49028856988972,8.49028856988972,5.23259018078045,7.20733653994317,7.20733653994317,8.49028856988972,7.20733653994317,3.63593179253957,7.20733653994317,8.49028856988972,2.56124969497314,2.56124969497314,7.08590149522275,0,7.20733653994317,2.56124969497314,0,5.23259018078045,7.08590149522275,2.56124969497314,7.20733653994317,0,3.63593179253957,8.49028856988972,7.20733653994317,7.20733653994317,5.23259018078045,4.83011387029333,7.20733653994317,7.08590149522275,8.49028856988972,2.56124969497314,5.23259018078045,3.63593179253957,8.49028856988972,2.56124969497314,7.20733653994317,3.63593179253957,5.23259018078045,2.56124969497314,7.20733653994317,7.20733653994317,2.56124969497314,3.63593179253957,8.49028856988972,2.56124969497314,7.08590149522275,5.23259018078045,7.20733653994317,0,3.63593179253957,5.23259018078045,3.63593179253957,5.23259018078045,2.56124969497314,5.23259018078045,7.08590149522275,0,3.63593179253957,2.56124969497314,7.20733653994317,4.35660418215839,5.23259018078045,0,7.08590149522275,2.56124969497314,7.20733653994317,7.08590149522275,7.20733653994317,8.49028856988972,3.63593179253957,0,7.20733653994317,2.56124969497314,5.23259018078045,7.20733653994317,4.35660418215839,0,5.23259018078045,2.56124969497314,2.56124969497314,7.20733653994317,6.26099033699941,7.20733653994317,5.23259018078045,0,3.63593179253957,7.20733653994317,7.20733653994317,2.56124969497314,7.20733653994317,4.35660418215839,7.20733653994317,7.20733653994317,0
"35",8.49028856988972,0,3.63593179253957,6.7955868032128,8.49028856988972,8.49028856988972,7.08590149522275,5.23259018078045,7.20733653994317,7.20733653994317,8.49028856988972,7.20733653994317,3.63593179253957,7.20733653994317,7.20733653994317,2.56124969497314,2.56124969497314,7.08590149522275,0,7.20733653994317,2.56124969497314,0,5.23259018078045,7.08590149522275,2.56124969497314,7.20733653994317,0,3.63593179253957,8.49028856988972,7.08590149522275,7.20733653994317,5.23259018078045,4.83011387029333,7.20733653994317,5.59732078766262,8.49028856988972,2.56124969497314,5.23259018078045,3.63593179253957,8.49028856988972,2.56124969497314,7.20733653994317,3.63593179253957,5.23259018078045,2.56124969497314,7.20733653994317,7.20733653994317,2.56124969497314,3.63593179253957,8.49028856988972,2.56124969497314,7.08590149522275,5.23259018078045,7.20733653994317,0,3.63593179253957,5.23259018078045,3.63593179253957,5.23259018078045,2.56124969497314,5.23259018078045,7.08590149522275,0,3.63593179253957,0,7.20733653994317,4.35660418215839,5.23259018078045,0,7.08590149522275,2.56124969497314,7.20733653994317,7.08590149522275,7.20733653994317,8.49028856988972,0,0,7.20733653994317,2.56124969497314,5.23259018078045,7.08590149522275,4.35660418215839,0,5.23259018078045,2.56124969497314,2.56124969497314,7.20733653994317,6.26099033699941,7.20733653994317,5.23259018078045,0,3.63593179253957,7.20733653994317,7.20733653994317,2.56124969497314,7.20733653994317,4.35660418215839,7.20733653994317,7.20733653994317,0
"36",8.49028856988972,0,3.63593179253957,4.83011387029333,8.49028856988972,8.49028856988972,7.08590149522275,5.23259018078045,7.08590149522275,7.20733653994317,8.49028856988972,5.59732078766262,3.63593179253957,7.20733653994317,7.20733653994317,2.56124969497314,2.56124969497314,2.56124969497314,0,7.20733653994317,2.56124969497314,0,3.63593179253957,7.08590149522275,2.56124969497314,7.20733653994317,0,3.63593179253957,8.49028856988972,7.08590149522275,7.20733653994317,5.23259018078045,4.83011387029333,7.20733653994317,3.63593179253957,8.49028856988972,2.56124969497314,5.23259018078045,3.63593179253957,8.49028856988972,2.56124969497314,7.20733653994317,3.63593179253957,5.23259018078045,2.56124969497314,3.63593179253957,7.20733653994317,2.56124969497314,3.63593179253957,8.49028856988972,2.56124969497314,7.08590149522275,5.23259018078045,7.20733653994317,0,3.63593179253957,5.23259018078045,3.63593179253957,3.63593179253957,2.56124969497314,3.63593179253957,7.08590149522275,0,3.63593179253957,0,7.20733653994317,4.35660418215839,5.23259018078045,0,7.08590149522275,2.56124969497314,7.20733653994317,7.08590149522275,7.08590149522275,8.49028856988972,0,0,7.20733653994317,2.56124969497314,5.23259018078045,7.08590149522275,4.35660418215839,0,5.23259018078045,2.56124969497314,2.56124969497314,7.20733653994317,5.23259018078045,7.20733653994317,5.23259018078045,0,3.63593179253957,7.20733653994317,5.23259018078045,2.56124969497314,7.20733653994317,0,7.20733653994317,7.20733653994317,0
"37",8.49028856988972,0,3.63593179253957,4.83011387029333,8.49028856988972,8.49028856988972,7.08590149522275,5.23259018078045,7.08590149522275,7.20733653994317,8.49028856988972,3.63593179253957,3.63593179253957,7.20733653994317,7.20733653994317,2.56124969497314,2.56124969497314,2.56124969497314,0,7.20733653994317,2.56124969497314,0,3.63593179253957,7.08590149522275,2.56124969497314,7.20733653994317,0,3.63593179253957,8.49028856988972,7.08590149522275,7.20733653994317,5.23259018078045,4.83011387029333,7.20733653994317,3.63593179253957,8.49028856988972,2.56124969497314,5.23259018078045,3.63593179253957,7.08590149522275,2.56124969497314,7.20733653994317,3.63593179253957,5.23259018078045,2.56124969497314,3.63593179253957,7.20733653994317,2.56124969497314,3.63593179253957,8.49028856988972,2.56124969497314,7.08590149522275,5.23259018078045,7.20733653994317,0,3.63593179253957,5.23259018078045,3.63593179253957,3.63593179253957,2.56124969497314,3.63593179253957,7.08590149522275,0,3.63593179253957,0,7.20733653994317,4.35660418215839,5.23259018078045,0,7.08590149522275,2.56124969497314,7.20733653994317,7.08590149522275,7.08590149522275,8.49028856988972,0,0,7.20733653994317,2.56124969497314,5.23259018078045,7.08590149522275,4.35660418215839,0,5.23259018078045,2.56124969497314,2.56124969497314,7.20733653994317,5.23259018078045,7.20733653994317,5.23259018078045,0,3.63593179253957,7.20733653994317,5.23259018078045,2.56124969497314,2.56124969497314,0,7.08590149522275,7.20733653994317,0
"38",8.49028856988972,0,3.63593179253957,3.63593179253957,8.49028856988972,8.49028856988972,7.08590149522275,5.23259018078045,7.08590149522275,7.08590149522275,8.49028856988972,3.63593179253957,3.63593179253957,7.20733653994317,7.20733653994317,2.56124969497314,2.56124969497314,2.56124969497314,0,7.20733653994317,2.56124969497314,0,3.63593179253957,7.08590149522275,2.56124969497314,7.20733653994317,0,3.63593179253957,7.08590149522275,3.63593179253957,7.20733653994317,5.23259018078045,4.83011387029333,7.20733653994317,3.63593179253957,8.49028856988972,2.56124969497314,5.23259018078045,3.63593179253957,7.08590149522275,2.56124969497314,7.20733653994317,3.63593179253957,5.23259018078045,2.56124969497314,3.63593179253957,7.20733653994317,2.56124969497314,3.63593179253957,8.49028856988972,2.56124969497314,7.08590149522275,5.23259018078045,7.20733653994317,0,3.63593179253957,5.23259018078045,3.63593179253957,3.63593179253957,2.56124969497314,3.63593179253957,7.08590149522275,0,3.63593179253957,0,7.20733653994317,4.35660418215839,3.63593179253957,0,7.08590149522275,2.56124969497314,2.56124969497314,7.08590149522275,7.08590149522275,8.49028856988972,0,0,7.08590149522275,2.56124969497314,5.23259018078045,7.08590149522275,4.35660418215839,0,5.23259018078045,2.56124969497314,2.56124969497314,7.20733653994317,5.23259018078045,7.20733653994317,5.23259018078045,0,3.63593179253957,7.20733653994317,5.23259018078045,2.56124969497314,2.56124969497314,0,7.08590149522275,7.20733653994317,0
"39",7.08590149522275,0,3.63593179253957,3.63593179253957,8.49028856988972,8.49028856988972,7.08590149522275,5.23259018078045,7.08590149522275,7.08590149522275,3.63593179253957,3.63593179253957,3.63593179253957,7.20733653994317,7.20733653994317,2.56124969497314,2.56124969497314,2.56124969497314,0,7.20733653994317,2.56124969497314,0,3.63593179253957,7.08590149522275,2.56124969497314,7.20733653994317,0,3.63593179253957,7.08590149522275,3.63593179253957,7.20733653994317,5.23259018078045,4.83011387029333,7.20733653994317,3.63593179253957,8.49028856988972,2.56124969497314,5.23259018078045,3.63593179253957,7.08590149522275,2.56124969497314,7.08590149522275,3.63593179253957,5.23259018078045,2.56124969497314,3.63593179253957,7.20733653994317,2.56124969497314,3.63593179253957,8.49028856988972,2.56124969497314,7.08590149522275,5.23259018078045,7.20733653994317,0,3.63593179253957,5.23259018078045,3.63593179253957,2.56124969497314,2.56124969497314,2.56124969497314,7.08590149522275,0,3.63593179253957,0,7.20733653994317,4.35660418215839,3.63593179253957,0,7.08590149522275,2.56124969497314,2.56124969497314,7.08590149522275,7.08590149522275,8.49028856988972,0,0,7.08590149522275,2.56124969497314,5.23259018078045,7.08590149522275,4.35660418215839,0,5.23259018078045,2.56124969497314,2.56124969497314,7.20733653994317,0,3.63593179253957,5.23259018078045,0,3.63593179253957,7.08590149522275,5.23259018078045,2.56124969497314,2.56124969497314,0,7.08590149522275,7.20733653994317,0
"40",7.08590149522275,0,3.63593179253957,3.63593179253957,8.49028856988972,3.63593179253957,3.63593179253957,5.23259018078045,7.08590149522275,7.08590149522275,2.56124969497314,3.63593179253957,0,7.20733653994317,7.20733653994317,2.56124969497314,2.56124969497314,2.56124969497314,0,7.08590149522275,2.56124969497314,0,3.63593179253957,7.08590149522275,2.56124969497314,0,0,3.63593179253957,7.08590149522275,3.63593179253957,7.20733653994317,4.35660418215839,4.83011387029333,7.20733653994317,3.63593179253957,7.51531769122238,2.56124969497314,5.23259018078045,3.63593179253957,7.08590149522275,2.56124969497314,7.08590149522275,3.63593179253957,5.23259018078045,2.56124969497314,3.63593179253957,7.20733653994317,2.56124969497314,3.63593179253957,8.49028856988972,2.56124969497314,7.08590149522275,5.23259018078045,7.20733653994317,0,3.63593179253957,4.35660418215839,3.63593179253957,2.56124969497314,2.56124969497314,2.56124969497314,7.08590149522275,0,3.63593179253957,0,7.08590149522275,4.35660418215839,2.56124969497314,0,7.08590149522275,2.56124969497314,2.56124969497314,7.08590149522275,7.08590149522275,5.23259018078045,0,0,7.08590149522275,2.56124969497314,5.23259018078045,7.08590149522275,0,0,5.23259018078045,2.56124969497314,2.56124969497314,7.20733653994317,0,3.63593179253957,5.23259018078045,0,3.63593179253957,7.08590149522275,5.23259018078045,0,2.56124969497314,0,3.63593179253957,7.20733653994317,0
"41",3.63593179253957,0,3.63593179253957,3.63593179253957,8.49028856988972,2.56124969497314,3.63593179253957,0,7.08590149522275,7.08590149522275,2.56124969497314,3.63593179253957,0,7.20733653994317,7.20733653994317,2.56124969497314,2.56124969497314,2.56124969497314,0,7.08590149522275,2.56124969497314,0,3.63593179253957,7.08590149522275,2.56124969497314,0,0,3.63593179253957,7.08590149522275,3.63593179253957,7.20733653994317,4.35660418215839,4.83011387029333,7.20733653994317,3.63593179253957,7.08590149522275,2.56124969497314,5.23259018078045,3.63593179253957,7.08590149522275,2.56124969497314,7.08590149522275,3.63593179253957,5.23259018078045,0,2.56124969497314,7.20733653994317,2.56124969497314,3.63593179253957,8.49028856988972,2.56124969497314,7.08590149522275,5.23259018078045,7.20733653994317,0,3.63593179253957,4.35660418215839,3.63593179253957,2.56124969497314,2.56124969497314,2.56124969497314,5.23259018078045,0,3.63593179253957,0,7.08590149522275,4.35660418215839,2.56124969497314,0,7.08590149522275,2.56124969497314,2.56124969497314,7.08590149522275,7.08590149522275,5.23259018078045,0,0,7.08590149522275,2.56124969497314,3.63593179253957,7.08590149522275,0,0,5.23259018078045,2.56124969497314,2.56124969497314,3.63593179253957,0,2.56124969497314,5.23259018078045,0,3.63593179253957,3.63593179253957,5.23259018078045,0,2.56124969497314,0,3.63593179253957,7.20733653994317,0
"42",3.63593179253957,0,3.63593179253957,3.63593179253957,8.49028856988972,2.56124969497314,3.63593179253957,0,7.08590149522275,7.08590149522275,2.56124969497314,3.63593179253957,0,7.20733653994317,7.08590149522275,2.56124969497314,2.56124969497314,2.56124969497314,0,5.59732078766262,2.56124969497314,0,3.63593179253957,7.08590149522275,2.56124969497314,0,0,3.63593179253957,3.63593179253957,3.63593179253957,7.20733653994317,4.35660418215839,4.83011387029333,7.20733653994317,3.63593179253957,7.08590149522275,2.56124969497314,5.23259018078045,3.63593179253957,7.08590149522275,2.56124969497314,7.08590149522275,3.63593179253957,5.23259018078045,0,2.56124969497314,7.20733653994317,2.56124969497314,2.56124969497314,8.49028856988972,2.56124969497314,7.08590149522275,5.23259018078045,7.20733653994317,0,3.63593179253957,4.35660418215839,3.63593179253957,2.56124969497314,2.56124969497314,2.56124969497314,5.23259018078045,0,3.63593179253957,0,7.08590149522275,4.35660418215839,2.56124969497314,0,7.08590149522275,2.56124969497314,2.56124969497314,7.08590149522275,7.08590149522275,5.23259018078045,0,0,7.08590149522275,2.56124969497314,3.63593179253957,7.08590149522275,0,0,3.63593179253957,2.56124969497314,2.56124969497314,3.63593179253957,0,2.56124969497314,5.23259018078045,0,3.63593179253957,3.63593179253957,5.23259018078045,0,2.56124969497314,0,3.63593179253957,7.20733653994317,0
"43",3.63593179253957,0,3.63593179253957,3.63593179253957,8.49028856988972,2.56124969497314,3.63593179253957,0,7.08590149522275,7.08590149522275,2.56124969497314,3.63593179253957,0,7.08590149522275,7.08590149522275,2.56124969497314,2.56124969497314,2.56124969497314,0,3.63593179253957,2.56124969497314,0,3.63593179253957,3.63593179253957,2.56124969497314,0,0,3.63593179253957,3.63593179253957,3.63593179253957,7.20733653994317,4.35660418215839,4.83011387029333,7.20733653994317,3.63593179253957,7.08590149522275,2.56124969497314,5.23259018078045,3.63593179253957,7.08590149522275,2.56124969497314,7.08590149522275,2.56124969497314,5.23259018078045,0,2.56124969497314,7.08590149522275,2.56124969497314,2.56124969497314,7.08590149522275,2.56124969497314,7.08590149522275,5.23259018078045,7.20733653994317,0,3.63593179253957,4.35660418215839,3.63593179253957,2.56124969497314,2.56124969497314,2.56124969497314,5.23259018078045,0,3.63593179253957,0,7.08590149522275,4.35660418215839,2.56124969497314,0,7.08590149522275,2.56124969497314,2.56124969497314,7.08590149522275,7.08590149522275,5.23259018078045,0,0,7.08590149522275,2.56124969497314,3.63593179253957,7.08590149522275,0,0,3.63593179253957,2.56124969497314,2.56124969497314,3.63593179253957,0,2.56124969497314,5.23259018078045,0,3.63593179253957,3.63593179253957,5.23259018078045,0,2.56124969497314,0,3.63593179253957,3.63593179253957,0
"44",3.63593179253957,0,3.63593179253957,3.63593179253957,8.49028856988972,2.56124969497314,2.56124969497314,0,7.08590149522275,7.08590149522275,2.56124969497314,3.63593179253957,0,7.08590149522275,7.08590149522275,2.56124969497314,2.56124969497314,2.56124969497314,0,3.63593179253957,2.56124969497314,0,3.63593179253957,3.63593179253957,2.56124969497314,0,0,3.63593179253957,3.63593179253957,3.63593179253957,7.20733653994317,0,4.83011387029333,7.20733653994317,3.63593179253957,7.08590149522275,2.56124969497314,5.23259018078045,3.63593179253957,5.59732078766262,2.56124969497314,7.08590149522275,0,5.23259018078045,0,2.56124969497314,7.08590149522275,2.56124969497314,2.56124969497314,7.08590149522275,2.56124969497314,7.08590149522275,5.23259018078045,7.20733653994317,0,3.63593179253957,4.35660418215839,3.63593179253957,2.56124969497314,2.56124969497314,2.56124969497314,0,0,3.63593179253957,0,7.08590149522275,4.35660418215839,2.56124969497314,0,7.08590149522275,2.56124969497314,2.56124969497314,7.08590149522275,7.08590149522275,5.23259018078045,0,0,7.08590149522275,2.56124969497314,3.63593179253957,3.63593179253957,0,0,2.56124969497314,2.56124969497314,2.56124969497314,3.63593179253957,0,2.56124969497314,5.23259018078045,0,3.63593179253957,2.56124969497314,5.23259018078045,0,2.56124969497314,0,3.63593179253957,2.56124969497314,0
"45",3.63593179253957,0,3.63593179253957,3.63593179253957,7.08590149522275,2.56124969497314,2.56124969497314,0,3.63593179253957,7.08590149522275,2.56124969497314,3.63593179253957,0,7.08590149522275,7.08590149522275,2.56124969497314,2.56124969497314,2.56124969497314,0,3.63593179253957,2.56124969497314,0,3.63593179253957,3.63593179253957,2.56124969497314,0,0,3.63593179253957,3.63593179253957,3.63593179253957,7.20733653994317,0,4.35660418215839,7.08590149522275,3.63593179253957,4.83011387029333,2.56124969497314,3.63593179253957,3.63593179253957,5.59732078766262,2.56124969497314,7.08590149522275,0,5.23259018078045,0,2.56124969497314,7.08590149522275,2.56124969497314,2.56124969497314,7.08590149522275,2.56124969497314,7.08590149522275,5.23259018078045,7.20733653994317,0,3.63593179253957,4.35660418215839,3.63593179253957,2.56124969497314,2.56124969497314,2.56124969497314,0,0,3.63593179253957,0,7.08590149522275,4.35660418215839,2.56124969497314,0,7.08590149522275,2.56124969497314,2.56124969497314,7.08590149522275,7.08590149522275,5.23259018078045,0,0,7.08590149522275,2.56124969497314,3.63593179253957,3.63593179253957,0,0,2.56124969497314,0,2.56124969497314,2.56124969497314,0,2.56124969497314,5.23259018078045,0,3.63593179253957,2.56124969497314,5.23259018078045,0,2.56124969497314,0,3.63593179253957,2.56124969497314,0
"46",3.63593179253957,0,3.63593179253957,3.63593179253957,7.08590149522275,2.56124969497314,2.56124969497314,0,3.63593179253957,4.35660418215839,2.56124969497314,3.63593179253957,0,7.08590149522275,5.59732078766262,2.56124969497314,2.56124969497314,2.56124969497314,0,3.63593179253957,2.56124969497314,0,3.63593179253957,3.63593179253957,0,0,0,3.63593179253957,3.63593179253957,3.63593179253957,2.56124969497314,0,4.35660418215839,7.08590149522275,3.63593179253957,4.83011387029333,2.56124969497314,3.63593179253957,3.63593179253957,5.59732078766262,0,5.59732078766262,0,5.23259018078045,0,2.56124969497314,7.08590149522275,2.56124969497314,2.56124969497314,7.08590149522275,2.56124969497314,7.08590149522275,5.23259018078045,7.20733653994317,0,3.63593179253957,4.35660418215839,3.63593179253957,2.56124969497314,2.56124969497314,2.56124969497314,0,0,3.63593179253957,0,7.08590149522275,0,2.56124969497314,0,7.08590149522275,2.56124969497314,2.56124969497314,7.08590149522275,7.08590149522275,5.23259018078045,0,0,5.23259018078045,2.56124969497314,3.63593179253957,3.63593179253957,0,0,2.56124969497314,0,2.56124969497314,2.56124969497314,0,2.56124969497314,5.23259018078045,0,3.63593179253957,2.56124969497314,5.23259018078045,0,2.56124969497314,0,3.63593179253957,2.56124969497314,0
"47",2.56124969497314,0,3.63593179253957,3.63593179253957,7.08590149522275,2.56124969497314,2.56124969497314,0,3.63593179253957,4.35660418215839,2.56124969497314,0,0,3.63593179253957,5.59732078766262,2.56124969497314,2.56124969497314,2.56124969497314,0,3.63593179253957,2.56124969497314,0,3.63593179253957,3.63593179253957,0,0,0,3.63593179253957,3.63593179253957,3.63593179253957,2.56124969497314,0,0,3.63593179253957,3.63593179253957,4.83011387029333,2.56124969497314,3.63593179253957,3.63593179253957,3.63593179253957,0,5.59732078766262,0,5.23259018078045,0,2.56124969497314,3.63593179253957,2.56124969497314,2.56124969497314,7.08590149522275,2.56124969497314,3.63593179253957,5.23259018078045,7.08590149522275,0,3.63593179253957,4.35660418215839,3.63593179253957,2.56124969497314,2.56124969497314,2.56124969497314,0,0,3.63593179253957,0,7.08590149522275,0,2.56124969497314,0,7.08590149522275,2.56124969497314,2.56124969497314,7.08590149522275,7.08590149522275,5.23259018078045,0,0,5.23259018078045,2.56124969497314,3.63593179253957,3.63593179253957,0,0,2.56124969497314,0,2.56124969497314,2.56124969497314,0,2.56124969497314,5.23259018078045,0,3.63593179253957,2.56124969497314,5.23259018078045,0,2.56124969497314,0,3.63593179253957,2.56124969497314,0
"48",2.56124969497314,0,3.63593179253957,3.63593179253957,3.63593179253957,2.56124969497314,2.56124969497314,0,3.63593179253957,4.35660418215839,2.56124969497314,0,0,3.63593179253957,5.59732078766262,2.56124969497314,2.56124969497314,2.56124969497314,0,3.63593179253957,2.56124969497314,0,3.63593179253957,3.63593179253957,0,0,0,2.56124969497314,3.63593179253957,3.63593179253957,2.56124969497314,0,0,2.56124969497314,3.63593179253957,4.83011387029333,2.56124969497314,3.63593179253957,3.63593179253957,3.63593179253957,0,5.59732078766262,0,5.23259018078045,0,2.56124969497314,3.63593179253957,2.56124969497314,2.56124969497314,7.08590149522275,2.56124969497314,3.63593179253957,5.23259018078045,7.08590149522275,0,0,4.35660418215839,3.63593179253957,2.56124969497314,2.56124969497314,2.56124969497314,0,0,3.63593179253957,0,3.63593179253957,0,2.56124969497314,0,7.08590149522275,2.56124969497314,2.56124969497314,7.08590149522275,3.63593179253957,5.23259018078045,0,0,5.23259018078045,2.56124969497314,2.56124969497314,3.63593179253957,0,0,2.56124969497314,0,0,2.56124969497314,0,2.56124969497314,5.23259018078045,0,3.63593179253957,2.56124969497314,3.63593179253957,0,2.56124969497314,0,3.63593179253957,2.56124969497314,0
"49",2.56124969497314,0,3.63593179253957,0,3.63593179253957,2.56124969497314,2.56124969497314,0,3.63593179253957,4.35660418215839,2.56124969497314,0,0,3.63593179253957,3.63593179253957,2.56124969497314,0,2.56124969497314,0,3.63593179253957,2.56124969497314,0,3.63593179253957,3.63593179253957,0,0,0,0,3.63593179253957,3.63593179253957,2.56124969497314,0,0,2.56124969497314,3.63593179253957,4.83011387029333,2.56124969497314,3.63593179253957,3.63593179253957,3.63593179253957,0,5.59732078766262,0,5.23259018078045,0,2.56124969497314,3.63593179253957,2.56124969497314,0,3.63593179253957,2.56124969497314,3.63593179253957,3.63593179253957,7.08590149522275,0,0,4.35660418215839,3.63593179253957,2.56124969497314,2.56124969497314,2.56124969497314,0,0,0,0,3.63593179253957,0,2.56124969497314,0,7.08590149522275,2.56124969497314,2.56124969497314,7.08590149522275,3.63593179253957,5.23259018078045,0,0,5.23259018078045,2.56124969497314,2.56124969497314,3.63593179253957,0,0,2.56124969497314,0,0,2.56124969497314,0,2.56124969497314,5.23259018078045,0,3.63593179253957,2.56124969497314,3.63593179253957,0,2.56124969497314,0,3.63593179253957,2.56124969497314,0
"50",2.56124969497314,0,3.63593179253957,0,3.63593179253957,2.56124969497314,2.56124969497314,0,3.63593179253957,4.35660418215839,2.56124969497314,0,0,3.63593179253957,3.63593179253957,2.56124969497314,0,0,0,3.63593179253957,2.56124969497314,0,3.63593179253957,3.63593179253957,0,0,0,0,3.63593179253957,3.63593179253957,2.56124969497314,0,0,2.56124969497314,3.63593179253957,4.83011387029333,2.56124969497314,3.63593179253957,3.63593179253957,3.63593179253957,0,3.63593179253957,0,0,0,2.56124969497314,3.63593179253957,0,0,3.63593179253957,2.56124969497314,3.63593179253957,3.63593179253957,7.08590149522275,0,0,4.35660418215839,3.63593179253957,2.56124969497314,2.56124969497314,2.56124969497314,0,0,0,0,3.63593179253957,0,2.56124969497314,0,7.08590149522275,2.56124969497314,2.56124969497314,3.63593179253957,3.63593179253957,5.23259018078045,0,0,5.23259018078045,2.56124969497314,2.56124969497314,3.63593179253957,0,0,2.56124969497314,0,0,2.56124969497314,0,2.56124969497314,5.23259018078045,0,3.63593179253957,2.56124969497314,3.63593179253957,0,2.56124969497314,0,3.63593179253957,2.56124969497314,0
"51",2.56124969497314,0,2.56124969497314,0,3.63593179253957,2.56124969497314,2.56124969497314,0,3.63593179253957,4.35660418215839,2.56124969497314,0,0,3.63593179253957,3.63593179253957,2.56124969497314,0,0,0,3.63593179253957,2.56124969497314,0,3.63593179253957,3.63593179253957,0,0,0,0,3.63593179253957,3.63593179253957,2.56124969497314,0,0,2.56124969497314,3.63593179253957,4.83011387029333,2.56124969497314,3.63593179253957,3.63593179253957,3.63593179253957,0,3.63593179253957,0,0,0,2.56124969497314,2.56124969497314,0,0,3.63593179253957,2.56124969497314,3.63593179253957,3.63593179253957,3.63593179253957,0,0,4.35660418215839,3.63593179253957,2.56124969497314,2.56124969497314,2.56124969497314,0,0,0,0,3.63593179253957,0,2.56124969497314,0,7.08590149522275,2.56124969497314,2.56124969497314,3.63593179253957,3.63593179253957,4.83011387029333,0,0,3.63593179253957,2.56124969497314,2.56124969497314,3.63593179253957,0,0,2.56124969497314,0,0,2.56124969497314,0,2.56124969497314,5.23259018078045,0,3.63593179253957,2.56124969497314,2.56124969497314,0,2.56124969497314,0,0,2.56124969497314,0
"52",2.56124969497314,0,2.56124969497314,0,3.63593179253957,2.56124969497314,2.56124969497314,0,3.63593179253957,4.35660418215839,2.56124969497314,0,0,3.63593179253957,3.63593179253957,2.56124969497314,0,0,0,3.63593179253957,2.56124969497314,0,3.63593179253957,3.63593179253957,0,0,0,0,3.63593179253957,3.63593179253957,2.56124969497314,0,0,2.56124969497314,3.63593179253957,4.83011387029333,2.56124969497314,3.63593179253957,3.63593179253957,3.63593179253957,0,3.63593179253957,0,0,0,2.56124969497314,2.56124969497314,0,0,3.63593179253957,2.56124969497314,3.63593179253957,3.63593179253957,3.63593179253957,0,0,4.35660418215839,3.63593179253957,2.56124969497314,2.56124969497314,2.56124969497314,0,0,0,0,3.63593179253957,0,2.56124969497314,0,3.63593179253957,2.56124969497314,2.56124969497314,3.63593179253957,3.63593179253957,4.83011387029333,0,0,3.63593179253957,2.56124969497314,2.56124969497314,3.63593179253957,0,0,2.56124969497314,0,0,2.56124969497314,0,2.56124969497314,3.63593179253957,0,3.63593179253957,2.56124969497314,2.56124969497314,0,2.56124969497314,0,0,2.56124969497314,0
"53",2.56124969497314,0,2.56124969497314,0,2.56124969497314,2.56124969497314,2.56124969497314,0,3.63593179253957,4.35660418215839,2.56124969497314,0,0,3.63593179253957,3.63593179253957,2.56124969497314,0,0,0,3.63593179253957,2.56124969497314,0,3.63593179253957,3.63593179253957,0,0,0,0,3.63593179253957,3.63593179253957,2.56124969497314,0,0,2.56124969497314,3.63593179253957,4.83011387029333,2.56124969497314,3.63593179253957,3.63593179253957,3.63593179253957,0,3.63593179253957,0,0,0,2.56124969497314,2.56124969497314,0,0,2.56124969497314,2.56124969497314,3.63593179253957,3.63593179253957,3.63593179253957,0,0,0,3.63593179253957,2.56124969497314,2.56124969497314,2.56124969497314,0,0,0,0,3.63593179253957,0,2.56124969497314,0,3.63593179253957,2.56124969497314,2.56124969497314,3.63593179253957,3.63593179253957,4.83011387029333,0,0,3.63593179253957,2.56124969497314,2.56124969497314,3.63593179253957,0,0,2.56124969497314,0,0,2.56124969497314,0,2.56124969497314,3.63593179253957,0,3.63593179253957,0,2.56124969497314,0,2.56124969497314,0,0,2.56124969497314,0
"54",2.56124969497314,0,2.56124969497314,0,2.56124969497314,2.56124969497314,2.56124969497314,0,3.63593179253957,2.56124969497314,2.56124969497314,0,0,3.63593179253957,3.63593179253957,2.56124969497314,0,0,0,3.63593179253957,2.56124969497314,0,3.63593179253957,3.63593179253957,0,0,0,0,3.63593179253957,3.63593179253957,2.56124969497314,0,0,2.56124969497314,3.63593179253957,4.83011387029333,2.56124969497314,3.63593179253957,3.63593179253957,3.63593179253957,0,3.63593179253957,0,0,0,2.56124969497314,2.56124969497314,0,0,2.56124969497314,2.56124969497314,3.63593179253957,3.63593179253957,3.63593179253957,0,0,0,3.63593179253957,2.56124969497314,2.56124969497314,2.56124969497314,0,0,0,0,3.63593179253957,0,2.56124969497314,0,3.63593179253957,2.56124969497314,2.56124969497314,3.63593179253957,3.63593179253957,4.83011387029333,0,0,3.63593179253957,2.56124969497314,2.56124969497314,3.63593179253957,0,0,2.56124969497314,0,0,2.56124969497314,0,2.56124969497314,3.63593179253957,0,3.63593179253957,0,2.56124969497314,0,2.56124969497314,0,0,2.56124969497314,0
"55",2.56124969497314,0,2.56124969497314,0,2.56124969497314,2.56124969497314,2.56124969497314,0,3.63593179253957,2.56124969497314,2.56124969497314,0,0,3.63593179253957,3.63593179253957,2.56124969497314,0,0,0,3.63593179253957,2.56124969497314,0,3.63593179253957,3.63593179253957,0,0,0,0,3.63593179253957,3.63593179253957,2.56124969497314,0,0,2.56124969497314,3.63593179253957,4.83011387029333,2.56124969497314,3.63593179253957,3.63593179253957,3.63593179253957,0,3.63593179253957,0,0,0,2.56124969497314,2.56124969497314,0,0,2.56124969497314,2.56124969497314,3.63593179253957,3.63593179253957,3.63593179253957,0,0,0,3.63593179253957,2.56124969497314,2.56124969497314,2.56124969497314,0,0,0,0,3.63593179253957,0,2.56124969497314,0,3.63593179253957,2.56124969497314,2.56124969497314,3.63593179253957,3.63593179253957,4.83011387029333,0,0,3.63593179253957,2.56124969497314,2.56124969497314,3.63593179253957,0,0,2.56124969497314,0,0,2.56124969497314,0,2.56124969497314,3.63593179253957,0,3.63593179253957,0,2.56124969497314,0,2.56124969497314,0,0,2.56124969497314,0
"56",2.56124969497314,0,2.56124969497314,0,2.56124969497314,2.56124969497314,2.56124969497314,0,3.63593179253957,2.56124969497314,2.56124969497314,0,0,3.63593179253957,3.63593179253957,2.56124969497314,0,0,0,3.63593179253957,0,0,3.63593179253957,3.63593179253957,0,0,0,0,3.63593179253957,3.63593179253957,2.56124969497314,0,0,2.56124969497314,3.63593179253957,4.83011387029333,2.56124969497314,3.63593179253957,3.63593179253957,3.63593179253957,0,3.63593179253957,0,0,0,2.56124969497314,2.56124969497314,0,0,2.56124969497314,0,3.63593179253957,3.63593179253957,3.63593179253957,0,0,0,3.63593179253957,2.56124969497314,2.56124969497314,2.56124969497314,0,0,0,0,3.63593179253957,0,2.56124969497314,0,3.63593179253957,2.56124969497314,2.56124969497314,3.63593179253957,3.63593179253957,4.83011387029333,0,0,3.63593179253957,2.56124969497314,2.56124969497314,3.63593179253957,0,0,2.56124969497314,0,0,2.56124969497314,0,2.56124969497314,3.63593179253957,0,3.63593179253957,0,2.56124969497314,0,2.56124969497314,0,0,2.56124969497314,0
"57",0,0,2.56124969497314,0,2.56124969497314,2.56124969497314,2.56124969497314,0,3.63593179253957,2.56124969497314,2.56124969497314,0,0,3.63593179253957,3.63593179253957,2.56124969497314,0,0,0,3.63593179253957,0,0,3.63593179253957,3.63593179253957,0,0,0,0,3.63593179253957,3.63593179253957,2.56124969497314,0,0,2.56124969497314,3.63593179253957,4.83011387029333,2.56124969497314,3.63593179253957,3.63593179253957,3.63593179253957,0,3.63593179253957,0,0,0,2.56124969497314,2.56124969497314,0,0,2.56124969497314,0,3.63593179253957,3.63593179253957,3.63593179253957,0,0,0,0,2.56124969497314,2.56124969497314,2.56124969497314,0,0,0,0,3.63593179253957,0,2.56124969497314,0,3.63593179253957,2.56124969497314,2.56124969497314,3.63593179253957,3.63593179253957,4.83011387029333,0,0,3.63593179253957,2.56124969497314,2.56124969497314,3.63593179253957,0,0,2.56124969497314,0,0,2.56124969497314,0,2.56124969497314,3.63593179253957,0,3.63593179253957,0,2.56124969497314,0,2.56124969497314,0,0,2.56124969497314,0
"58",0,0,2.56124969497314,0,2.56124969497314,2.56124969497314,2.56124969497314,0,3.63593179253957,0,2.56124969497314,0,0,3.63593179253957,3.63593179253957,2.56124969497314,0,0,0,3.63593179253957,0,0,3.63593179253957,3.63593179253957,0,0,0,0,3.63593179253957,3.63593179253957,2.56124969497314,0,0,2.56124969497314,3.63593179253957,4.83011387029333,2.56124969497314,3.63593179253957,3.63593179253957,3.63593179253957,0,3.63593179253957,0,0,0,2.56124969497314,2.56124969497314,0,0,2.56124969497314,0,3.63593179253957,3.63593179253957,3.63593179253957,0,0,0,0,2.56124969497314,0,2.56124969497314,0,0,0,0,3.63593179253957,0,2.56124969497314,0,3.63593179253957,2.56124969497314,2.56124969497314,3.63593179253957,3.63593179253957,4.83011387029333,0,0,3.63593179253957,2.56124969497314,2.56124969497314,3.63593179253957,0,0,2.56124969497314,0,0,2.56124969497314,0,2.56124969497314,3.63593179253957,0,3.63593179253957,0,2.56124969497314,0,2.56124969497314,0,0,2.56124969497314,0
"59",0,0,2.56124969497314,0,2.56124969497314,2.56124969497314,2.56124969497314,0,3.63593179253957,0,2.56124969497314,0,0,3.63593179253957,3.63593179253957,2.56124969497314,0,0,0,3.63593179253957,0,0,3.63593179253957,3.63593179253957,0,0,0,0,3.63593179253957,3.63593179253957,2.56124969497314,0,0,2.56124969497314,3.63593179253957,4.83011387029333,2.56124969497314,3.63593179253957,3.63593179253957,3.63593179253957,0,3.63593179253957,0,0,0,2.56124969497314,2.56124969497314,0,0,2.56124969497314,0,3.63593179253957,3.63593179253957,3.63593179253957,0,0,0,0,2.56124969497314,0,2.56124969497314,0,0,0,0,3.63593179253957,0,2.56124969497314,0,3.63593179253957,2.56124969497314,2.56124969497314,3.63593179253957,3.63593179253957,4.83011387029333,0,0,3.63593179253957,2.56124969497314,2.56124969497314,3.63593179253957,0,0,2.56124969497314,0,0,2.56124969497314,0,2.56124969497314,3.63593179253957,0,2.56124969497314,0,2.56124969497314,0,2.56124969497314,0,0,2.56124969497314,0
"60",0,0,2.56124969497314,0,2.56124969497314,2.56124969497314,2.56124969497314,0,3.63593179253957,0,2.56124969497314,0,0,3.63593179253957,3.63593179253957,0,0,0,0,3.63593179253957,0,0,3.63593179253957,3.63593179253957,0,0,0,0,3.63593179253957,3.63593179253957,2.56124969497314,0,0,2.56124969497314,3.63593179253957,4.83011387029333,2.56124969497314,3.63593179253957,3.63593179253957,3.63593179253957,0,3.63593179253957,0,0,0,2.56124969497314,2.56124969497314,0,0,2.56124969497314,0,3.63593179253957,3.63593179253957,3.63593179253957,0,0,0,0,2.56124969497314,0,2.56124969497314,0,0,0,0,3.63593179253957,0,2.56124969497314,0,3.63593179253957,2.56124969497314,2.56124969497314,3.63593179253957,3.63593179253957,4.83011387029333,0,0,3.63593179253957,2.56124969497314,2.56124969497314,3.63593179253957,0,0,2.56124969497314,0,0,0,0,2.56124969497314,3.63593179253957,0,2.56124969497314,0,2.56124969497314,0,0,0,0,2.56124969497314,0
"61",0,0,2.56124969497314,0,2.56124969497314,2.56124969497314,2.56124969497314,0,3.63593179253957,0,2.56124969497314,0,0,3.63593179253957,3.63593179253957,0,0,0,0,3.63593179253957,0,0,3.63593179253957,3.63593179253957,0,0,0,0,3.63593179253957,3.63593179253957,2.56124969497314,0,0,2.56124969497314,3.63593179253957,4.83011387029333,0,3.63593179253957,3.63593179253957,3.63593179253957,0,3.63593179253957,0,0,0,2.56124969497314,2.56124969497314,0,0,2.56124969497314,0,3.63593179253957,3.63593179253957,3.63593179253957,0,0,0,0,0,0,2.56124969497314,0,0,0,0,3.63593179253957,0,2.56124969497314,0,3.63593179253957,2.56124969497314,2.56124969497314,3.63593179253957,3.63593179253957,4.83011387029333,0,0,3.63593179253957,2.56124969497314,2.56124969497314,0,0,0,2.56124969497314,0,0,0,0,2.56124969497314,3.63593179253957,0,2.56124969497314,0,2.56124969497314,0,0,0,0,2.56124969497314,0
"62",0,0,0,0,2.56124969497314,2.56124969497314,2.56124969497314,0,3.63593179253957,0,2.56124969497314,0,0,3.63593179253957,3.63593179253957,0,0,0,0,3.63593179253957,0,0,3.63593179253957,3.63593179253957,0,0,0,0,3.63593179253957,3.63593179253957,2.56124969497314,0,0,2.56124969497314,3.63593179253957,4.83011387029333,0,3.63593179253957,3.63593179253957,3.63593179253957,0,3.63593179253957,0,0,0,0,2.56124969497314,0,0,2.56124969497314,0,3.63593179253957,3.63593179253957,3.63593179253957,0,0,0,0,0,0,2.56124969497314,0,0,0,0,3.63593179253957,0,2.56124969497314,0,3.63593179253957,0,2.56124969497314,3.63593179253957,3.63593179253957,4.83011387029333,0,0,3.63593179253957,2.56124969497314,2.56124969497314,0,0,0,2.56124969497314,0,0,0,0,2.56124969497314,3.63593179253957,0,2.56124969497314,0,2.56124969497314,0,0,0,0,2.56124969497314,0
"63",0,0,0,0,2.56124969497314,2.56124969497314,2.56124969497314,0,3.63593179253957,0,2.56124969497314,0,0,3.63593179253957,3.63593179253957,0,0,0,0,3.63593179253957,0,0,3.63593179253957,3.63593179253957,0,0,0,0,3.63593179253957,3.63593179253957,2.56124969497314,0,0,2.56124969497314,3.63593179253957,4.83011387029333,0,3.63593179253957,0,3.63593179253957,0,3.63593179253957,0,0,0,0,2.56124969497314,0,0,2.56124969497314,0,3.63593179253957,3.63593179253957,3.63593179253957,0,0,0,0,0,0,2.56124969497314,0,0,0,0,3.63593179253957,0,2.56124969497314,0,3.63593179253957,0,2.56124969497314,3.63593179253957,3.63593179253957,4.83011387029333,0,0,3.63593179253957,0,2.56124969497314,0,0,0,0,0,0,0,0,0,3.63593179253957,0,2.56124969497314,0,2.56124969497314,0,0,0,0,2.56124969497314,0
"64",0,0,0,0,2.56124969497314,2.56124969497314,2.56124969497314,0,3.63593179253957,0,2.56124969497314,0,0,3.63593179253957,3.63593179253957,0,0,0,0,0,0,0,3.63593179253957,3.63593179253957,0,0,0,0,3.63593179253957,3.63593179253957,2.56124969497314,0,0,2.56124969497314,3.63593179253957,4.83011387029333,0,3.63593179253957,0,3.63593179253957,0,3.63593179253957,0,0,0,0,2.56124969497314,0,0,2.56124969497314,0,3.63593179253957,3.63593179253957,3.63593179253957,0,0,0,0,0,0,0,0,0,0,0,3.63593179253957,0,2.56124969497314,0,3.63593179253957,0,2.56124969497314,3.63593179253957,3.63593179253957,4.83011387029333,0,0,3.63593179253957,0,0,0,0,0,0,0,0,0,0,0,3.63593179253957,0,2.56124969497314,0,2.56124969497314,0,0,0,0,2.56124969497314,0
"65",0,0,0,0,0,2.56124969497314,2.56124969497314,0,3.63593179253957,0,2.56124969497314,0,0,3.63593179253957,3.63593179253957,0,0,0,0,0,0,0,3.63593179253957,3.63593179253957,0,0,0,0,3.63593179253957,3.63593179253957,0,0,0,2.56124969497314,3.63593179253957,3.63593179253957,0,3.63593179253957,0,3.63593179253957,0,3.63593179253957,0,0,0,0,0,0,0,2.56124969497314,0,3.63593179253957,3.63593179253957,3.63593179253957,0,0,0,0,0,0,0,0,0,0,0,3.63593179253957,0,2.56124969497314,0,3.63593179253957,0,2.56124969497314,3.63593179253957,3.63593179253957,4.83011387029333,0,0,3.63593179253957,0,0,0,0,0,0,0,0,0,0,0,3.63593179253957,0,2.56124969497314,0,2.56124969497314,0,0,0,0,2.56124969497314,0
"66",0,0,0,0,0,2.56124969497314,2.56124969497314,0,3.63593179253957,0,2.56124969497314,0,0,3.63593179253957,3.63593179253957,0,0,0,0,0,0,0,3.63593179253957,3.63593179253957,0,0,0,0,3.63593179253957,3.63593179253957,0,0,0,2.56124969497314,3.63593179253957,3.63593179253957,0,3.63593179253957,0,3.63593179253957,0,3.63593179253957,0,0,0,0,0,0,0,0,0,3.63593179253957,3.63593179253957,3.63593179253957,0,0,0,0,0,0,0,0,0,0,0,3.63593179253957,0,0,0,3.63593179253957,0,2.56124969497314,3.63593179253957,3.63593179253957,4.83011387029333,0,0,3.63593179253957,0,0,0,0,0,0,0,0,0,0,0,3.63593179253957,0,0,0,2.56124969497314,0,0,0,0,2.56124969497314,0
"67",0,0,0,0,0,2.56124969497314,2.56124969497314,0,3.63593179253957,0,2.56124969497314,0,0,3.63593179253957,3.63593179253957,0,0,0,0,0,0,0,3.63593179253957,3.63593179253957,0,0,0,0,3.63593179253957,3.63593179253957,0,0,0,2.56124969497314,3.63593179253957,3.63593179253957,0,3.63593179253957,0,3.63593179253957,0,3.63593179253957,0,0,0,0,0,0,0,0,0,3.63593179253957,3.63593179253957,3.63593179253957,0,0,0,0,0,0,0,0,0,0,0,3.63593179253957,0,0,0,3.63593179253957,0,2.56124969497314,3.63593179253957,3.63593179253957,3.63593179253957,0,0,3.63593179253957,0,0,0,0,0,0,0,0,0,0,0,3.63593179253957,0,0,0,2.56124969497314,0,0,0,0,2.56124969497314,0
"68",0,0,0,0,0,2.56124969497314,2.56124969497314,0,3.63593179253957,0,2.56124969497314,0,0,3.63593179253957,3.63593179253957,0,0,0,0,0,0,0,3.63593179253957,3.63593179253957,0,0,0,0,3.63593179253957,3.63593179253957,0,0,0,2.56124969497314,3.63593179253957,3.63593179253957,0,3.63593179253957,0,3.63593179253957,0,3.63593179253957,0,0,0,0,0,0,0,0,0,3.63593179253957,3.63593179253957,3.63593179253957,0,0,0,0,0,0,0,0,0,0,0,3.63593179253957,0,0,0,3.63593179253957,0,2.56124969497314,3.63593179253957,3.63593179253957,3.63593179253957,0,0,3.63593179253957,0,0,0,0,0,0,0,0,0,0,0,3.63593179253957,0,0,0,2.56124969497314,0,0,0,0,2.56124969497314,0
"69",0,0,0,0,0,0,2.56124969497314,0,3.63593179253957,0,2.56124969497314,0,0,3.63593179253957,3.63593179253957,0,0,0,0,0,0,0,3.63593179253957,3.63593179253957,0,0,0,0,3.63593179253957,3.63593179253957,0,0,0,2.56124969497314,3.63593179253957,3.63593179253957,0,3.63593179253957,0,3.63593179253957,0,3.63593179253957,0,0,0,0,0,0,0,0,0,3.63593179253957,3.63593179253957,3.63593179253957,0,0,0,0,0,0,0,0,0,0,0,3.63593179253957,0,0,0,3.63593179253957,0,2.56124969497314,3.63593179253957,3.63593179253957,3.63593179253957,0,0,3.63593179253957,0,0,0,0,0,0,0,0,0,0,0,3.63593179253957,0,0,0,2.56124969497314,0,0,0,0,2.56124969497314,0
"70",0,0,0,0,0,0,2.56124969497314,0,3.63593179253957,0,2.56124969497314,0,0,3.63593179253957,3.63593179253957,0,0,0,0,0,0,0,3.63593179253957,3.63593179253957,0,0,0,0,3.63593179253957,3.63593179253957,0,0,0,2.56124969497314,3.63593179253957,3.63593179253957,0,3.63593179253957,0,3.63593179253957,0,3.63593179253957,0,0,0,0,0,0,0,0,0,3.63593179253957,3.63593179253957,3.63593179253957,0,0,0,0,0,0,0,0,0,0,0,3.63593179253957,0,0,0,3.63593179253957,0,2.56124969497314,3.63593179253957,3.63593179253957,3.63593179253957,0,0,3.63593179253957,0,0,0,0,0,0,0,0,0,0,0,3.63593179253957,0,0,0,2.56124969497314,0,0,0,0,2.56124969497314,0
"71",0,0,0,0,0,0,2.56124969497314,0,3.63593179253957,0,2.56124969497314,0,0,3.63593179253957,3.63593179253957,0,0,0,0,0,0,0,3.63593179253957,3.63593179253957,0,0,0,0,3.63593179253957,3.63593179253957,0,0,0,2.56124969497314,3.63593179253957,3.63593179253957,0,3.63593179253957,0,3.63593179253957,0,3.63593179253957,0,0,0,0,0,0,0,0,0,3.63593179253957,3.63593179253957,3.63593179253957,0,0,0,0,0,0,0,0,0,0,0,3.63593179253957,0,0,0,3.63593179253957,0,0,3.63593179253957,3.63593179253957,3.63593179253957,0,0,3.63593179253957,0,0,0,0,0,0,0,0,0,0,0,3.63593179253957,0,0,0,2.56124969497314,0,0,0,0,2.56124969497314,0
"72",0,0,0,0,0,0,2.56124969497314,0,3.63593179253957,0,0,0,0,3.63593179253957,3.63593179253957,0,0,0,0,0,0,0,3.63593179253957,3.63593179253957,0,0,0,0,3.63593179253957,3.63593179253957,0,0,0,2.56124969497314,3.63593179253957,3.63593179253957,0,3.63593179253957,0,3.63593179253957,0,3.63593179253957,0,0,0,0,0,0,0,0,0,3.63593179253957,3.63593179253957,3.63593179253957,0,0,0,0,0,0,0,0,0,0,0,3.63593179253957,0,0,0,3.63593179253957,0,0,3.63593179253957,3.63593179253957,3.63593179253957,0,0,3.63593179253957,0,0,0,0,0,0,0,0,0,0,0,3.63593179253957,0,0,0,2.56124969497314,0,0,0,0,2.56124969497314,0
"73",0,0,0,0,0,0,2.56124969497314,0,3.63593179253957,0,0,0,0,3.63593179253957,3.63593179253957,0,0,0,0,0,0,0,3.63593179253957,3.63593179253957,0,0,0,0,3.63593179253957,3.63593179253957,0,0,0,2.56124969497314,3.63593179253957,3.63593179253957,0,3.63593179253957,0,3.63593179253957,0,3.63593179253957,0,0,0,0,0,0,0,0,0,3.63593179253957,3.63593179253957,3.63593179253957,0,0,0,0,0,0,0,0,0,0,0,3.63593179253957,0,0,0,3.63593179253957,0,0,3.63593179253957,3.63593179253957,3.63593179253957,0,0,3.63593179253957,0,0,0,0,0,0,0,0,0,0,0,3.63593179253957,0,0,0,2.56124969497314,0,0,0,0,2.56124969497314,0
"74",0,0,0,0,0,0,2.56124969497314,0,3.63593179253957,0,0,0,0,3.63593179253957,3.63593179253957,0,0,0,0,0,0,0,3.63593179253957,3.63593179253957,0,0,0,0,3.63593179253957,3.63593179253957,0,0,0,2.56124969497314,3.63593179253957,3.63593179253957,0,3.63593179253957,0,2.56124969497314,0,3.63593179253957,0,0,0,0,0,0,0,0,0,2.56124969497314,3.63593179253957,3.63593179253957,0,0,0,0,0,0,0,0,0,0,0,3.63593179253957,0,0,0,3.63593179253957,0,0,3.63593179253957,3.63593179253957,3.63593179253957,0,0,3.63593179253957,0,0,0,0,0,0,0,0,0,0,0,3.63593179253957,0,0,0,2.56124969497314,0,0,0,0,2.56124969497314,0
"75",0,0,0,0,0,0,0,0,3.63593179253957,0,0,0,0,3.63593179253957,3.63593179253957,0,0,0,0,0,0,0,2.56124969497314,3.63593179253957,0,0,0,0,3.63593179253957,2.56124969497314,0,0,0,0,3.63593179253957,3.63593179253957,0,3.63593179253957,0,2.56124969497314,0,3.63593179253957,0,0,0,0,0,0,0,0,0,2.56124969497314,3.63593179253957,3.63593179253957,0,0,0,0,0,0,0,0,0,0,0,3.63593179253957,0,0,0,3.63593179253957,0,0,2.56124969497314,3.63593179253957,3.63593179253957,0,0,3.63593179253957,0,0,0,0,0,0,0,0,0,0,0,3.63593179253957,0,0,0,2.56124969497314,0,0,0,0,2.56124969497314,0
"76",0,0,0,0,0,0,0,0,3.63593179253957,0,0,0,0,3.63593179253957,2.56124969497314,0,0,0,0,0,0,0,2.56124969497314,3.63593179253957,0,0,0,0,3.63593179253957,0,0,0,0,0,3.63593179253957,3.63593179253957,0,3.63593179253957,0,2.56124969497314,0,3.63593179253957,0,0,0,0,0,0,0,0,0,2.56124969497314,3.63593179253957,3.63593179253957,0,0,0,0,0,0,0,0,0,0,0,3.63593179253957,0,0,0,3.63593179253957,0,0,0,3.63593179253957,3.63593179253957,0,0,3.63593179253957,0,0,0,0,0,0,0,0,0,0,0,3.63593179253957,0,0,0,2.56124969497314,0,0,0,0,2.56124969497314,0
"77",0,0,0,0,0,0,0,0,3.63593179253957,0,0,0,0,3.63593179253957,2.56124969497314,0,0,0,0,0,0,0,2.56124969497314,0,0,0,0,0,3.63593179253957,0,0,0,0,0,2.56124969497314,2.56124969497314,0,3.63593179253957,0,2.56124969497314,0,2.56124969497314,0,0,0,0,0,0,0,0,0,2.56124969497314,3.63593179253957,3.63593179253957,0,0,0,0,0,0,0,0,0,0,0,3.63593179253957,0,0,0,3.63593179253957,0,0,0,3.63593179253957,0,0,0,3.63593179253957,0,0,0,0,0,0,0,0,0,0,0,3.63593179253957,0,0,0,2.56124969497314,0,0,0,0,0,0
"78",0,0,0,0,0,0,0,0,2.56124969497314,0,0,0,0,0,2.56124969497314,0,0,0,0,0,0,0,2.56124969497314,0,0,0,0,0,2.56124969497314,0,0,0,0,0,2.56124969497314,0,0,3.63593179253957,0,0,0,2.56124969497314,0,0,0,0,0,0,0,0,0,2.56124969497314,0,3.63593179253957,0,0,0,0,0,0,0,0,0,0,0,3.63593179253957,0,0,0,3.63593179253957,0,0,0,3.63593179253957,0,0,0,3.63593179253957,0,0,0,0,0,0,0,0,0,0,0,3.63593179253957,0,0,0,2.56124969497314,0,0,0,0,0,0
"79",0,0,0,0,0,0,0,0,2.56124969497314,0,0,0,0,0,2.56124969497314,0,0,0,0,0,0,0,0,0,0,0,0,0,2.56124969497314,0,0,0,0,0,2.56124969497314,0,0,2.56124969497314,0,0,0,2.56124969497314,0,0,0,0,0,0,0,0,0,0,0,3.63593179253957,0,0,0,0,0,0,0,0,0,0,0,2.56124969497314,0,0,0,2.56124969497314,0,0,0,2.56124969497314,0,0,0,2.56124969497314,0,0,0,0,0,0,0,0,0,0,0,3.63593179253957,0,0,0,0,0,0,0,0,0,0
"80",0,0,0,0,0,0,0,0,2.56124969497314,0,0,0,0,0,0,0,0,0,0,0,0,0,0,0,0,0,0,0,0,0,0,0,0,0,0,0,0,2.56124969497314,0,0,0,2.56124969497314,0,0,0,0,0,0,0,0,0,0,0,3.63593179253957,0,0,0,0,0,0,0,0,0,0,0,2.56124969497314,0,0,0,2.56124969497314,0,0,0,2.56124969497314,0,0,0,2.56124969497314,0,0,0,0,0,0,0,0,0,0,0,2.56124969497314,0,0,0,0,0,0,0,0,0,0
"81",0,0,0,0,0,0,0,0,0,0,0,0,0,0,0,0,0,0,0,0,0,0,0,0,0,0,0,0,0,0,0,0,0,0,0,0,0,2.56124969497314,0,0,0,2.56124969497314,0,0,0,0,0,0,0,0,0,0,0,0,0,0,0,0,0,0,0,0,0,0,0,2.56124969497314,0,0,0,2.56124969497314,0,0,0,2.56124969497314,0,0,0,2.56124969497314,0,0,0,0,0,0,0,0,0,0,0,2.56124969497314,0,0,0,0,0,0,0,0,0,0
