"","V1","V2","V3","V4","V5","V6","V7","V8","V9","V10","V11","V12","V13","V14","V15","V16","V17","V18","V19","V20","V21","V22","V23","V24","V25","V26","V27","V28","V29","V30","V31","V32","V33","V34","V35","V36","V37","V38","V39","V40","V41","V42","V43","V44","V45","V46","V47","V48","V49","V50","V51","V52","V53","V54","V55","V56","V57","V58","V59","V60","V61","V62","V63","V64","V65","V66","V67","V68","V69","V70","V71","V72","V73","V74","V75","V76","V77","V78","V79","V80","V81","V82","V83","V84","V85","V86","V87","V88","V89","V90","V91","V92","V93","V94","V95","V96","V97","V98","V99","V100"
"1",10.816653826392,16.6806144970741,10.816653826392,10.816653826392,13.5247920501574,18.7593603302458,10.816653826392,11.0887330205033,13.5247920501574,18.5043238190429,17.8394198336157,13.5247920501574,10.816653826392,12.8035151423349,17.8394198336157,13.5247920501574,10.816653826392,11.2849634469944,10.816653826392,12.8035151423349,17.7533151833679,11.2849634469944,12.8035151423349,11.0887330205033,10.816653826392,16.6806144970741,10.816653826392,10.816653826392,12.8035151423349,11.0887330205033,16.6806144970741,18.198950519192,18.7184000384648,18.7593603302458,12.8035151423349,17.8394198336157,20.5787487471906,10.816653826392,11.2849634469944,10.816653826392,11.2849634469944,18.7184000384648,11.0887330205033,17.8394198336157,11.2849634469944,11.0887330205033,13.5247920501574,10.816653826392,10.816653826392,17.7533151833679,17.7533151833679,20.6807857684373,13.5247920501574,11.2849634469944,10.816653826392,11.0887330205033,12.8035151423349,11.2849634469944,11.2849634469944,17.7533151833679,11.2849634469944,12.8035151423349,10.816653826392,19.402579725387,16.6806144970741,18.198950519192,11.2849634469944,16.6806144970741,11.2849634469944,17.7533151833679,17.7533151833679,12.8035151423349,10.816653826392,10.816653826392,13.5247920501574,13.5247920501574,11.0887330205033,10.816653826392,10.816653826392,11.2849634469944,17.8394198336157,24.3758076789263,12.8035151423349,11.2849634469944,19.402579725387,11.2849634469944,11.2849634469944,12.8035151423349,10.816653826392,12.8035151423349,11.2849634469944,13.5247920501574,18.5043238190429,18.198950519192,10.816653826392,12.8035151423349,10.816653826392,11.0887330205033,16.6806144970741,10.816653826392
"2",21.2809774211618,7.56901578806651,8.49028856988972,7.56901578806651,21.2809774211618,58.8544042532078,21.2809774211618,25.0874470602331,21.2809774211618,25.0874470602331,25.0874470602331,21.2809774211618,21.2809774211618,21.2809774211618,21.2809774211618,9.84885780179611,21.2809774211618,25.0874470602331,17.3657709301948,19.380660463462,21.2809774211618,27.6586333718787,21.2809774211618,23.4925115728395,9.84885780179611,9.94553165999687,16.280049139975,9.84885780179611,19.380660463462,19.5898034701729,25.0874470602331,19.380660463462,12.9448831589937,27.6586333718787,21.2809774211618,19.380660463462,9.94553165999687,21.2809774211618,9.94553165999687,21.2809774211618,25.0874470602331,23.4925115728395,21.2809774211618,27.6586333718787,24.0289492071543,27.6586333718787,21.2809774211618,21.2809774211618,16.280049139975,21.2809774211618,9.84885780179611,25.0874470602331,19.380660463462,23.4925115728395,21.2809774211618,17.3657709301948,19.5898034701729,25.0874470602331,18.3975569030238,22.0771374956084,9.94553165999687,25.0874470602331,21.2809774211618,19.5898034701729,23.4200768572607,21.2809774211618,25.0874470602331,27.6586333718787,25.0874470602331,27.6586333718787,32.8011112616631,17.3657709301948,21.2809774211618,21.2809774211618,17.8394198336157,25.7774824216796,19.380660463462,21.2809774211618,16.280049139975,27.6586333718787,23.4925115728395,21.2809774211618,17.3657709301948,19.380660463462,21.2809774211618,23.4925115728395,21.2809774211618,27.6586333718787,19.380660463462,25.7537880708839,21.2809774211618,21.2809774211618,19.380660463462,21.2809774211618,9.84885780179611,19.5898034701729,7.56901578806651,7.56901578806651,21.2809774211618,7.20733653994317
"3",19.5898034701729,9.84885780179611,21.2809774211618,7.08590149522275,22.2362339437235,33.4970147923662,25.7537880708839,25.7537880708839,34.3432671713103,17.8394198336157,12.8035151423349,19.380660463462,7.20733653994317,8.49028856988972,19.7424036023986,33.4970147923662,17.3657709301948,27.6586333718787,7.20733653994317,23.278799367665,9.84885780179611,25.0874470602331,19.5898034701729,25.7537880708839,7.20733653994317,25.0874470602331,22.528204544526,23.4925115728395,23.278799367665,18.2849665025671,27.6586333718787,23.278799367665,9.84885780179611,19.380660463462,19.380660463462,27.6586333718787,25.0874470602331,19.380660463462,7.56901578806651,18.5095353804465,19.380660463462,25.7537880708839,7.56901578806651,26.0247958685558,9.94553165999687,25.0874470602331,22.2362339437235,7.56901578806651,19.380660463462,25.7537880708839,21.2809774211618,25.7537880708839,23.278799367665,25.7537880708839,9.94553165999687,7.20733653994317,18.2849665025671,27.6586333718787,9.94553165999687,17.3657709301948,7.56901578806651,18.2849665025671,7.56901578806651,18.2849665025671,7.20733653994317,19.380660463462,19.380660463462,25.0874470602331,21.2809774211618,19.380660463462,34.7012968057391,33.4970147923662,25.7537880708839,25.7537880708839,58.8544042532078,7.20733653994317,23.278799367665,18.3975569030238,21.2809774211618,19.380660463462,19.380660463462,8.99388681271896,7.20733653994317,23.4925115728395,7.56901578806651,8.49028856988972,19.5898034701729,26.0247958685558,33.4970147923662,19.7424036023986,7.56901578806651,34.3432671713103,23.278799367665,23.4925115728395,21.2809774211618,18.2849665025671,19.380660463462,17.3657709301948,19.5898034701729,7.56901578806651
"4",18.2849665025671,25.7537880708839,23.4925115728395,29.3813886669776,19.7424036023986,39.5132889038612,19.5898034701729,27.6586333718787,23.4925115728395,25.7537880708839,22.528204544526,25.7537880708839,19.380660463462,9.84885780179611,22.2362339437235,18.5043238190429,20.5787487471906,19.5898034701729,23.4200768572607,9.94553165999687,7.51531769122238,26.0247958685558,18.2849665025671,33.4970147923662,24.2330353030734,27.6586333718787,8.49028856988972,23.278799367665,25.7537880708839,18.5095353804465,19.5898034701729,25.7537880708839,29.3169865436405,23.278799367665,23.278799367665,11.2849634469944,27.6586333718787,23.278799367665,29.3813886669776,19.7424036023986,27.6586333718787,19.380660463462,17.3657709301948,7.20733653994317,19.380660463462,26.0247958685558,19.5898034701729,23.4925115728395,23.278799367665,38.3817665044224,49.2577912618907,19.5898034701729,23.4925115728395,19.380660463462,17.3657709301948,23.4925115728395,22.2362339437235,19.5898034701729,19.380660463462,9.84885780179611,18.3975569030238,19.7424036023986,23.4925115728395,18.5095353804465,8.49028856988972,25.7537880708839,33.4970147923662,58.8544042532078,19.5898034701729,11.2849634469944,29.3169865436405,19.380660463462,19.5898034701729,23.3184562096207,19.380660463462,8.49028856988972,19.5898034701729,9.94553165999687,33.4970147923662,23.4925115728395,11.2849634469944,11.6061449241339,29.350134582315,9.94553165999687,7.30273921210391,29.3169865436405,18.2849665025671,23.4925115728395,23.4925115728395,22.2362339437235,16.280049139975,9.84885780179611,9.94553165999687,25.7537880708839,18.5095353804465,18.5095353804465,23.278799367665,38.3817665044224,18.2849665025671,19.380660463462
"5",18.5095353804465,23.3184562096207,19.380660463462,21.2809774211618,19.5898034701729,24.9238460114004,18.2849665025671,19.5898034701729,19.7424036023986,19.380660463462,23.4200768572607,23.278799367665,33.4970147923662,7.20733653994317,18.5095353804465,39.5132889038612,21.0858151371959,18.2849665025671,24.834049206684,25.0874470602331,9.6301609540028,7.20733653994317,18.5095353804465,23.3184562096207,23.4200768572607,21.2809774211618,25.7537880708839,19.5898034701729,25.7774824216796,27.6586333718787,18.2849665025671,23.4925115728395,25.5660165062921,9.94553165999687,23.4925115728395,23.4925115728395,23.278799367665,25.7537880708839,18.3975569030238,19.5898034701729,23.278799367665,23.278799367665,18.7593603302458,23.4200768572607,18.3975569030238,19.5898034701729,25.0874470602331,17.3657709301948,23.3184562096207,32.8011112616631,25.7774824216796,18.2849665025671,11.2849634469944,23.278799367665,24.2330353030734,19.380660463462,19.7424036023986,18.2849665025671,23.4925115728395,5.59732078766262,24.0289492071543,22.2362339437235,29.3169865436405,22.2362339437235,20.7060377667964,23.278799367665,27.6586333718787,7.20733653994317,18.2849665025671,9.94553165999687,17.3657709301948,23.278799367665,18.2849665025671,20.5787487471906,23.278799367665,22.528204544526,18.2849665025671,23.4925115728395,20.7060377667964,19.5898034701729,18.3975569030238,23.4200768572607,23.4925115728395,27.6586333718787,12.9448831589937,7.20733653994317,18.5095353804465,23.278799367665,23.278799367665,18.2849665025671,7.20733653994317,24.3758076789263,18.3975569030238,33.4970147923662,18.2849665025671,27.6586333718787,33.4970147923662,49.2577912618907,18.5095353804465,33.4970147923662
"6",22.2362339437235,23.278799367665,23.278799367665,24.834049206684,18.2849665025671,25.7774824216796,18.5095353804465,18.2849665025671,22.2362339437235,33.4970147923662,24.834049206684,23.4925115728395,19.5898034701729,23.4200768572607,18.2849665025671,9.31343116150004,20.8400479845897,18.5095353804465,11.6061449241339,27.6586333718787,5.59732078766262,19.5898034701729,22.2362339437235,23.278799367665,12.8035151423349,19.5898034701729,23.4200768572607,18.2849665025671,23.3184562096207,22.2362339437235,22.2362339437235,11.2849634469944,18.7593603302458,19.5898034701729,25.7537880708839,18.3975569030238,19.380660463462,23.4925115728395,19.380660463462,18.2849665025671,26.0247958685558,23.3184562096207,25.7774824216796,8.49028856988972,25.7774824216796,18.2849665025671,18.2849665025671,25.7537880708839,11.2849634469944,22.2122241119614,24.9238460114004,18.5095353804465,18.3975569030238,27.6586333718787,23.4200768572607,23.278799367665,18.5095353804465,18.5095353804465,27.6586333718787,7.51531769122238,21.0858151371959,18.5095353804465,17.3657709301948,19.7424036023986,25.0874470602331,23.4925115728395,26.0247958685558,23.4200768572607,18.5095353804465,18.3975569030238,9.84885780179611,25.7537880708839,18.5095353804465,19.380660463462,26.0247958685558,19.380660463462,18.5095353804465,24.0289492071543,25.8883699757246,18.2849665025671,24.0289492071543,24.834049206684,25.7537880708839,18.3975569030238,34.3432671713103,19.380660463462,25.0874470602331,25.7537880708839,25.7537880708839,19.5898034701729,8.49028856988972,11.6061449241339,23.4925115728395,9.94553165999687,19.5898034701729,25.0874470602331,9.94553165999687,32.8011112616631,25.0874470602331,9.94553165999687
"7",19.7424036023986,29.350134582315,25.7537880708839,9.84885780179611,18.5095353804465,22.2122241119614,22.2362339437235,18.5095353804465,20.8400479845897,27.6586333718787,5.23259018078045,11.2849634469944,18.2849665025671,22.800219297191,19.5898034701729,4.35660418215839,21.2198020725925,22.2362339437235,22.800219297191,23.4925115728395,3.63593179253957,18.2849665025671,19.7424036023986,19.380660463462,22.800219297191,18.2849665025671,23.3184562096207,18.5095353804465,23.4925115728395,19.7424036023986,19.7424036023986,23.3184562096207,42.9535795947206,25.0874470602331,33.4970147923662,9.94553165999687,33.4970147923662,9.94553165999687,33.4970147923662,25.0874470602331,18.5095353804465,18.3975569030238,19.85925728722,19.380660463462,23.4925115728395,18.5095353804465,18.5095353804465,29.350134582315,9.94553165999687,24.4532226914982,8.49028856988972,22.2362339437235,9.94553165999687,25.0874470602331,22.528204544526,25.7537880708839,25.7537880708839,22.2362339437235,24.0289492071543,9.6301609540028,17.3657709301948,19.5898034701729,19.380660463462,19.380660463462,25.7537880708839,27.6586333718787,39.5132889038612,8.49028856988972,22.2362339437235,33.4970147923662,22.2122241119614,23.4925115728395,22.2362339437235,33.4970147923662,9.94553165999687,27.6586333718787,27.6586333718787,29.3169865436405,7.56901578806651,18.5095353804465,9.94553165999687,18.5043238190429,19.380660463462,33.4970147923662,8.94986033410578,23.278799367665,22.2362339437235,22.8514857285035,18.3975569030238,18.5095353804465,24.2330353030734,24.834049206684,11.2849634469944,19.380660463462,22.2362339437235,22.2362339437235,24.3758076789263,29.350134582315,22.2362339437235,42.9535795947206
"8",23.278799367665,19.5898034701729,9.94553165999687,6.26099033699941,58.8544042532078,7.51531769122238,19.7424036023986,22.2362339437235,18.5095353804465,18.3975569030238,24.2330353030734,9.94553165999687,18.5095353804465,11.6061449241339,27.6586333718787,7.08590149522275,23.3184562096207,19.7424036023986,9.31343116150004,25.7537880708839,9.31343116150004,18.5095353804465,19.380660463462,9.94553165999687,8.49028856988972,18.5095353804465,24.834049206684,22.2362339437235,26.0247958685558,19.380660463462,18.5095353804465,27.6586333718787,9.31343116150004,18.2849665025671,9.94553165999687,33.4970147923662,11.2849634469944,11.2849634469944,25.7774824216796,22.2362339437235,18.2849665025671,11.2849634469944,17.8394198336157,23.278799367665,25.7537880708839,22.2362339437235,19.7424036023986,33.4970147923662,33.4970147923662,29.350134582315,7.20733653994317,19.7424036023986,24.0289492071543,23.3184562096207,24.834049206684,23.3184562096207,25.0874470602331,19.7424036023986,23.278799367665,3.63593179253957,20.8400479845897,58.8544042532078,23.278799367665,27.6586333718787,13.5247920501574,9.94553165999687,9.94553165999687,22.800219297191,19.7424036023986,25.7774824216796,5.59732078766262,23.3184562096207,19.7424036023986,19.5898034701729,18.3975569030238,26.0247958685558,25.0874470602331,27.6586333718787,11.2849634469944,18.3975569030238,27.6586333718787,13.5247920501574,23.278799367665,24.0289492071543,11.0887330205033,25.7537880708839,19.7424036023986,25.0874470602331,9.94553165999687,23.4925115728395,23.4200768572607,9.31343116150004,27.6586333718787,11.2849634469944,19.7424036023986,19.7424036023986,34.3432671713103,23.4925115728395,19.7424036023986,24.3758076789263
"9",25.7537880708839,18.2849665025671,33.4970147923662,24.3758076789263,25.7537880708839,17.8394198336157,19.380660463462,19.7424036023986,18.2849665025671,11.2849634469944,34.7012968057391,18.3975569030238,22.2362339437235,24.2330353030734,25.0874470602331,10.816653826392,25.7537880708839,23.278799367665,9.84885780179611,33.4970147923662,9.22659200355148,23.278799367665,23.278799367665,27.6586333718787,25.7537880708839,22.2362339437235,23.4925115728395,19.7424036023986,33.4970147923662,23.278799367665,19.380660463462,25.0874470602331,4.35660418215839,18.5095353804465,27.6586333718787,25.7774824216796,24.0289492071543,7.20733653994317,23.278799367665,27.6586333718787,19.5898034701729,9.94553165999687,39.5132889038612,33.4970147923662,29.3169865436405,19.7424036023986,26.0247958685558,29.3169865436405,39.5132889038612,45.327695727888,22.528204544526,22.8514857285035,33.4970147923662,33.4970147923662,5.23259018078045,33.4970147923662,27.6586333718787,22.8514857285035,25.7774824216796,9.22659200355148,19.380660463462,25.7537880708839,11.2849634469944,25.0874470602331,12.8035151423349,11.2849634469944,22.2362339437235,23.4925115728395,23.278799367665,23.4925115728395,7.51531769122238,9.94553165999687,27.6586333718787,18.2849665025671,11.2849634469944,9.94553165999687,33.4970147923662,26.0247958685558,18.3975569030238,9.94553165999687,33.4970147923662,22.528204544526,23.3184562096207,23.278799367665,25.5660165062921,27.6586333718787,25.7537880708839,19.380660463462,24.2330353030734,19.380660463462,7.08590149522275,7.08590149522275,24.0289492071543,27.6586333718787,27.6586333718787,19.380660463462,11.6061449241339,25.7537880708839,58.8544042532078,34.3432671713103
"10",19.380660463462,18.5095353804465,23.3184562096207,5.23259018078045,11.6061449241339,11.6061449241339,33.4970147923662,19.380660463462,19.5898034701729,24.0289492071543,19.5898034701729,24.0289492071543,19.7424036023986,24.834049206684,19.380660463462,7.56901578806651,25.8883699757246,19.380660463462,26.4422408278875,18.5095353804465,2.56124969497314,25.7537880708839,27.6586333718787,11.2849634469944,29.3169865436405,19.7424036023986,29.350134582315,25.7537880708839,9.94553165999687,26.0247958685558,23.278799367665,33.4970147923662,7.56901578806651,22.2362339437235,18.5095353804465,26.0247958685558,23.4925115728395,33.4970147923662,25.7537880708839,23.4925115728395,22.2362339437235,27.6586333718787,58.8544042532078,24.834049206684,27.6586333718787,19.380660463462,25.7537880708839,21.0858151371959,23.4925115728395,22.0771374956084,23.4200768572607,27.6586333718787,25.7537880708839,21.2809774211618,7.20733653994317,29.3169865436405,23.278799367665,26.0247958685558,19.5898034701729,2.56124969497314,25.7774824216796,23.3184562096207,18.3975569030238,23.278799367665,5.23259018078045,33.4970147923662,18.2849665025671,19.380660463462,19.380660463462,24.0289492071543,9.6301609540028,11.2849634469944,22.8514857285035,18.5095353804465,25.7774824216796,11.2849634469944,22.2362339437235,19.380660463462,9.94553165999687,23.278799367665,29.3169865436405,9.31343116150004,11.2849634469944,25.7537880708839,16.280049139975,26.0247958685558,27.6586333718787,11.2849634469944,27.6586333718787,23.278799367665,9.31343116150004,10.816653826392,25.7774824216796,23.278799367665,25.0874470602331,33.4970147923662,24.2330353030734,29.3169865436405,19.380660463462,16.280049139975
"11",23.4925115728395,22.2362339437235,11.2849634469944,11.6061449241339,34.3432671713103,9.31343116150004,23.278799367665,23.278799367665,25.7537880708839,9.94553165999687,18.2849665025671,27.6586333718787,23.278799367665,5.23259018078045,23.278799367665,29.2724802502282,42.9290041813224,9.94553165999687,22.528204544526,22.2362339437235,8.60058137569781,23.4925115728395,23.4925115728395,25.0874470602331,11.6061449241339,19.380660463462,29.3169865436405,19.380660463462,11.2849634469944,23.3184562096207,25.7537880708839,18.3975569030238,2.56124969497314,19.7424036023986,22.2362339437235,23.278799367665,25.7537880708839,8.51645466141868,9.84885780179611,23.278799367665,19.7424036023986,19.5898034701729,49.2577912618907,19.5898034701729,23.278799367665,23.278799367665,23.3184562096207,23.4200768572607,25.7537880708839,16.280049139975,24.834049206684,23.4925115728395,29.3169865436405,9.94553165999687,25.0874470602331,26.0247958685558,23.3184562096207,23.4200768572607,18.2849665025671,8.60058137569781,26.0247958685558,23.278799367665,24.0289492071543,33.4970147923662,22.800219297191,22.8514857285035,18.5095353804465,25.7537880708839,33.4970147923662,7.20733653994317,3.63593179253957,27.6586333718787,33.4970147923662,22.2362339437235,23.3184562096207,18.3975569030238,19.7424036023986,33.4970147923662,24.0289492071543,25.7774824216796,23.278799367665,4.35660418215839,9.94553165999687,21.2198020725925,10.3232746742494,9.94553165999687,18.3975569030238,19.5898034701729,29.3169865436405,9.94553165999687,11.6061449241339,29.2724802502282,26.0247958685558,18.3975569030238,58.8544042532078,23.278799367665,26.0247958685558,23.278799367665,23.278799367665,25.7774824216796
"12",23.3184562096207,19.7424036023986,29.3169865436405,9.31343116150004,24.2330353030734,24.3758076789263,11.2849634469944,26.0247958685558,21.2198020725925,23.278799367665,18.5095353804465,29.3169865436405,27.6586333718787,22.528204544526,25.7537880708839,24.2330353030734,49.2577912618907,32.809297462762,34.3432671713103,19.7424036023986,16.280049139975,23.3184562096207,25.7537880708839,18.3975569030238,9.31343116150004,23.278799367665,25.0874470602331,27.6586333718787,18.5095353804465,9.94553165999687,58.8544042532078,9.94553165999687,8.60058137569781,23.4925115728395,18.2849665025671,24.3758076789263,23.3184562096207,10.3232746742494,23.3184562096207,25.7537880708839,9.94553165999687,18.2849665025671,9.84885780179611,18.2849665025671,33.4970147923662,25.7537880708839,58.8544042532078,42.9535795947206,29.3169865436405,8.60058137569781,34.3432671713103,9.94553165999687,27.6586333718787,26.0247958685558,25.7537880708839,18.5095353804465,58.8544042532078,8.49028856988972,18.5095353804465,6.7955868032128,39.5132889038612,23.4925115728395,26.0247958685558,25.7537880708839,6.26099033699941,24.0289492071543,19.5898034701729,11.2849634469944,27.6586333718787,8.49028856988972,9.22659200355148,25.0874470602331,7.20733653994317,19.7424036023986,21.0858151371959,33.4970147923662,25.7537880708839,23.278799367665,19.380660463462,22.2362339437235,22.528204544526,8.94986033410578,29.3169865436405,20.8400479845897,15.1855194181826,22.800219297191,9.94553165999687,18.2849665025671,26.0247958685558,11.2849634469944,10.816653826392,18.5043238190429,21.0858151371959,24.0289492071543,19.380660463462,11.2849634469944,7.20733653994317,23.3184562096207,25.7537880708839,11.6061449241339
"13",33.4970147923662,58.8544042532078,27.6586333718787,34.3432671713103,19.380660463462,24.834049206684,9.94553165999687,23.3184562096207,19.85925728722,26.0247958685558,22.2362339437235,22.8514857285035,25.0874470602331,34.3432671713103,23.4925115728395,11.6061449241339,11.6061449241339,58.8544042532078,12.8035151423349,19.5898034701729,6.7955868032128,22.2362339437235,9.94553165999687,29.3169865436405,7.08590149522275,25.7537880708839,19.5898034701729,9.94553165999687,22.2362339437235,25.0874470602331,26.0247958685558,24.9238460114004,16.280049139975,26.0247958685558,19.5898034701729,29.3169865436405,22.8514857285035,23.3184562096207,21.0858151371959,19.380660463462,22.8514857285035,22.2362339437235,9.94553165999687,18.5095353804465,23.4200768572607,23.3184562096207,22.8514857285035,24.9238460114004,24.0289492071543,2.56124969497314,12.8035151423349,24.0289492071543,25.7774824216796,29.3169865436405,22.8514857285035,18.2849665025671,19.380660463462,23.278799367665,22.2362339437235,20.5485668600027,19.5898034701729,27.6586333718787,9.94553165999687,23.3184562096207,18.5043238190429,25.0874470602331,23.278799367665,18.3975569030238,25.7537880708839,22.528204544526,2.56124969497314,26.0247958685558,19.380660463462,23.278799367665,20.8400479845897,12.8035151423349,23.4925115728395,25.7537880708839,25.7774824216796,27.3205710042817,7.20733653994317,5.72800139664787,33.4970147923662,21.0858151371959,20.5485668600027,33.4970147923662,26.0247958685558,18.5095353804465,25.0874470602331,27.6586333718787,29.2724802502282,9.22659200355148,25.7537880708839,29.3169865436405,23.278799367665,9.94553165999687,18.3975569030238,17.8394198336157,27.6586333718787,24.2330353030734
"14",9.94553165999687,19.380660463462,25.0874470602331,24.2330353030734,23.278799367665,7.08590149522275,18.3975569030238,23.4925115728395,9.94553165999687,21.0858151371959,19.7424036023986,25.7774824216796,25.7537880708839,18.5043238190429,23.3184562096207,29.3813886669776,23.4200768572607,7.20733653994317,24.2330353030734,18.2849665025671,20.5485668600027,19.7424036023986,25.0874470602331,26.0247958685558,18.5043238190429,22.8514857285035,18.2849665025671,23.3184562096207,19.5898034701729,23.4925115728395,23.3184562096207,24.0289492071543,6.7955868032128,25.7537880708839,19.7424036023986,42.9535795947206,18.3975569030238,38.3817665044224,21.2198020725925,23.3184562096207,23.3184562096207,18.5095353804465,11.2849634469944,22.2362339437235,22.800219297191,23.4925115728395,23.278799367665,9.84885780179611,18.3975569030238,9.22659200355148,5.23259018078045,18.3975569030238,39.5132889038612,19.5898034701729,23.4925115728395,19.5898034701729,23.4925115728395,19.380660463462,19.7424036023986,8.99388681271896,18.2849665025671,19.380660463462,11.6061449241339,58.8544042532078,24.2330353030734,18.3975569030238,58.8544042532078,9.94553165999687,58.8544042532078,5.23259018078045,8.60058137569781,19.5898034701729,23.278799367665,9.94553165999687,20.5787487471906,22.800219297191,23.3184562096207,23.3184562096207,23.4925115728395,23.3184562096207,8.49028856988972,0,26.0247958685558,22.8514857285035,9.84885780179611,25.0874470602331,58.8544042532078,22.2362339437235,24.0289492071543,58.8544042532078,25.5660165062921,3.63593179253957,29.3169865436405,23.3184562096207,25.7537880708839,26.0247958685558,27.6586333718787,19.380660463462,23.4925115728395,18.3975569030238
"15",11.2849634469944,11.2849634469944,26.0247958685558,3.63593179253957,9.31343116150004,7.56901578806651,23.3184562096207,58.8544042532078,11.2849634469944,19.5898034701729,23.278799367665,19.5898034701729,23.4925115728395,6.26099033699941,26.0247958685558,22.0771374956084,22.528204544526,23.3184562096207,7.08590149522275,23.3184562096207,15.1855194181826,22.8514857285035,33.4970147923662,18.5095353804465,34.7012968057391,23.3184562096207,18.5095353804465,18.3975569030238,18.2849665025671,58.8544042532078,23.4925115728395,22.8514857285035,20.5485668600027,58.8544042532078,23.3184562096207,20.8400479845897,21.2198020725925,29.3169865436405,23.4925115728395,26.0247958685558,25.7537880708839,19.7424036023986,18.3975569030238,19.7424036023986,42.9535795947206,33.4970147923662,19.380660463462,23.3184562096207,19.5898034701729,3.63593179253957,24.3758076789263,11.2849634469944,21.2198020725925,18.2849665025671,19.5898034701729,22.2362339437235,33.4970147923662,33.4970147923662,25.7537880708839,11.0887330205033,18.5095353804465,26.0247958685558,9.31343116150004,23.4925115728395,27.6586333718787,25.7774824216796,22.8514857285035,24.0289492071543,9.94553165999687,12.8035151423349,6.7955868032128,18.2849665025671,23.3184562096207,11.2849634469944,25.7537880708839,5.23259018078045,9.94553165999687,25.0874470602331,25.7537880708839,24.0289492071543,22.800219297191,0,18.5095353804465,29.3169865436405,32.8011112616631,22.8514857285035,19.380660463462,19.7424036023986,25.7774824216796,23.3184562096207,4.35660418215839,2.56124969497314,21.2198020725925,26.0247958685558,23.3184562096207,23.4925115728395,34.7012968057391,9.94553165999687,23.3184562096207,26.0247958685558
"16",58.8544042532078,9.94553165999687,12.8035151423349,9.22659200355148,7.08590149522275,4.35660418215839,26.0247958685558,9.94553165999687,18.3975569030238,18.2849665025671,25.7537880708839,18.2849665025671,23.3184562096207,9.31343116150004,33.4970147923662,8.94986033410578,24.834049206684,25.7537880708839,29.2724802502282,11.2849634469944,8.99388681271896,19.380660463462,23.3184562096207,18.2849665025671,20.5787487471906,33.4970147923662,21.2198020725925,11.2849634469944,19.7424036023986,33.4970147923662,9.94553165999687,26.0247958685558,15.1855194181826,17.8394198336157,25.0874470602331,21.2198020725925,19.5898034701729,18.5095353804465,21.2809774211618,33.4970147923662,27.3205710042817,29.3169865436405,24.0289492071543,23.3184562096207,11.6061449241339,58.8544042532078,23.4925115728395,20.8400479845897,18.2849665025671,6.7955868032128,11.6061449241339,19.380660463462,20.8400479845897,18.5095353804465,18.2849665025671,19.7424036023986,9.94553165999687,7.20733653994317,17.8394198336157,25.5660165062921,22.2362339437235,11.2849634469944,24.3758076789263,26.0247958685558,19.5898034701729,29.3169865436405,18.3975569030238,21.0858151371959,23.3184562096207,6.26099033699941,0,18.5095353804465,23.4925115728395,23.4925115728395,27.6586333718787,24.3758076789263,11.2849634469944,22.8514857285035,9.31343116150004,17.8394198336157,25.7774824216796,0,22.2362339437235,23.3184562096207,5.59732078766262,21.2198020725925,23.278799367665,23.3184562096207,45.327695727888,25.0874470602331,8.94986033410578,8.60058137569781,22.8514857285035,25.0874470602331,23.4925115728395,25.7537880708839,23.4925115728395,11.2849634469944,26.0247958685558,23.278799367665
"17",9.84885780179611,7.20733653994317,22.8514857285035,2.56124969497314,9.84885780179611,16.280049139975,24.0289492071543,33.4970147923662,24.0289492071543,18.5095353804465,23.4925115728395,18.5095353804465,26.0247958685558,7.08590149522275,9.94553165999687,5.72800139664787,22.800219297191,23.4925115728395,5.23259018078045,21.2809774211618,0,33.4970147923662,18.3975569030238,19.5898034701729,5.23259018078045,11.2849634469944,23.278799367665,25.0874470602331,27.6586333718787,25.7537880708839,33.4970147923662,29.3169865436405,5.59732078766262,23.3184562096207,26.0247958685558,22.8514857285035,18.2849665025671,18.2849665025671,22.8514857285035,58.8544042532078,23.4925115728395,26.0247958685558,19.380660463462,11.2849634469944,21.2198020725925,9.94553165999687,9.94553165999687,11.2849634469944,18.5095353804465,20.5485668600027,24.2330353030734,23.278799367665,21.0858151371959,22.2362339437235,18.5095353804465,22.8514857285035,22.8514857285035,18.3975569030238,32.809297462762,15.1855194181826,27.6586333718787,22.8514857285035,24.2330353030734,9.94553165999687,18.2849665025671,21.2198020725925,25.7774824216796,29.3169865436405,18.3975569030238,18.5043238190429,0,22.2362339437235,18.3975569030238,27.6586333718787,23.4925115728395,34.3432671713103,22.8514857285035,18.5095353804465,29.3169865436405,19.7424036023986,25.7537880708839,0,18.2849665025671,26.0247958685558,7.51531769122238,23.3184562096207,33.4970147923662,20.8400479845897,23.3184562096207,29.3169865436405,5.72800139664787,16.280049139975,18.5095353804465,18.5095353804465,33.4970147923662,23.3184562096207,25.7537880708839,18.3975569030238,11.2849634469944,24.0289492071543
"18",18.3975569030238,23.4925115728395,18.5095353804465,8.60058137569781,25.7774824216796,34.3432671713103,27.6586333718787,21.2198020725925,11.6061449241339,22.2362339437235,19.380660463462,22.2362339437235,9.94553165999687,10.816653826392,22.8514857285035,0,24.3758076789263,6.26099033699941,25.5660165062921,58.8544042532078,0,29.3169865436405,11.2849634469944,22.2362339437235,24.834049206684,58.8544042532078,7.20733653994317,58.8544042532078,18.3975569030238,23.4200768572607,11.2849634469944,25.7774824216796,7.51531769122238,11.2849634469944,22.8514857285035,25.7537880708839,18.5095353804465,19.5898034701729,18.7593603302458,11.2849634469944,17.8394198336157,25.0874470602331,26.0247958685558,9.94553165999687,20.8400479845897,22.8514857285035,11.2849634469944,9.94553165999687,22.2362339437235,9.84885780179611,20.5787487471906,21.0858151371959,22.8514857285035,19.7424036023986,22.2362339437235,9.94553165999687,18.3975569030238,24.0289492071543,21.0858151371959,0,19.7424036023986,24.9238460114004,7.08590149522275,11.2849634469944,18.5095353804465,27.3205710042817,21.2198020725925,22.8514857285035,23.4925115728395,13.5247920501574,0,19.7424036023986,11.2849634469944,7.20733653994317,29.3169865436405,18.5043238190429,7.20733653994317,18.2849665025671,23.278799367665,21.2198020725925,23.4200768572607,0,19.5898034701729,25.0874470602331,9.6301609540028,18.3975569030238,23.4925115728395,58.8544042532078,22.8514857285035,18.3975569030238,0,6.7955868032128,22.2362339437235,22.2362339437235,9.94553165999687,58.8544042532078,23.3184562096207,24.0289492071543,9.94553165999687,27.6586333718787
"19",24.0289492071543,26.0247958685558,18.2849665025671,16.280049139975,27.6586333718787,32.8011112616631,25.7774824216796,11.2849634469944,9.31343116150004,19.7424036023986,33.4970147923662,19.7424036023986,58.8544042532078,29.2724802502282,29.350134582315,0,29.3169865436405,33.4970147923662,42.9535795947206,22.8514857285035,0,27.3205710042817,24.0289492071543,19.7424036023986,24.3758076789263,23.4925115728395,20.8400479845897,26.0247958685558,29.3169865436405,22.8514857285035,22.8514857285035,21.2198020725925,9.6301609540028,33.4970147923662,24.0289492071543,19.5898034701729,22.2362339437235,22.2362339437235,20.5787487471906,22.8514857285035,24.2330353030734,24.0289492071543,27.3205710042817,25.0874470602331,18.5043238190429,27.3205710042817,20.5787487471906,18.3975569030238,19.7424036023986,5.59732078766262,23.3184562096207,25.7774824216796,23.3184562096207,22.8514857285035,19.7424036023986,24.2330353030734,39.5132889038612,9.94553165999687,21.2198020725925,0,22.8514857285035,33.4970147923662,23.4200768572607,22.8514857285035,22.2362339437235,23.3184562096207,24.3758076789263,25.7774824216796,21.2198020725925,23.278799367665,0,32.809297462762,24.0289492071543,25.0874470602331,33.4970147923662,23.278799367665,32.809297462762,19.5898034701729,20.8400479845897,24.2330353030734,12.8035151423349,0,19.7424036023986,20.5787487471906,8.99388681271896,24.0289492071543,23.3184562096207,32.809297462762,19.5898034701729,33.4970147923662,0,0,18.2849665025671,18.2849665025671,7.20733653994317,22.8514857285035,19.5898034701729,19.5898034701729,33.4970147923662,23.4925115728395
"20",21.0858151371959,22.8514857285035,19.5898034701729,6.7955868032128,23.4200768572607,10.816653826392,25.0874470602331,7.20733653994317,7.08590149522275,21.2198020725925,22.8514857285035,26.0247958685558,22.8514857285035,25.5660165062921,29.3169865436405,0,24.2330353030734,22.8514857285035,9.22659200355148,27.3205710042817,0,39.5132889038612,58.8544042532078,24.0289492071543,29.350134582315,7.20733653994317,22.800219297191,22.8514857285035,25.0874470602331,18.3975569030238,17.8394198336157,18.5095353804465,8.99388681271896,18.3975569030238,18.3975569030238,18.2849665025671,19.7424036023986,19.7424036023986,24.3758076789263,29.3169865436405,7.20733653994317,33.4970147923662,23.278799367665,18.3975569030238,21.0858151371959,11.2849634469944,24.0289492071543,19.380660463462,22.8514857285035,7.51531769122238,25.7537880708839,21.2198020725925,20.5787487471906,29.350134582315,23.3184562096207,25.7774824216796,21.2198020725925,39.5132889038612,24.2330353030734,0,17.8394198336157,24.0289492071543,24.834049206684,29.350134582315,19.7424036023986,19.7424036023986,23.3184562096207,26.0247958685558,29.3169865436405,20.7060377667964,0,39.5132889038612,9.94553165999687,26.0247958685558,21.2198020725925,24.0289492071543,39.5132889038612,22.2362339437235,9.84885780179611,22.528204544526,5.23259018078045,0,25.0874470602331,24.3758076789263,3.63593179253957,20.8400479845897,24.0289492071543,33.4970147923662,18.2849665025671,22.8514857285035,0,0,19.5898034701729,19.5898034701729,18.3975569030238,7.20733653994317,18.2849665025671,18.2849665025671,21.2198020725925,25.7537880708839
"21",22.8514857285035,17.8394198336157,22.2362339437235,20.5485668600027,18.5043238190429,29.2724802502282,23.4925115728395,18.3975569030238,10.816653826392,27.3205710042817,26.0247958685558,17.8394198336157,29.350134582315,34.4967491221999,32.809297462762,0,19.5898034701729,18.3975569030238,3.63593179253957,17.8394198336157,0,9.94553165999687,26.0247958685558,21.2198020725925,29.2724802502282,21.2198020725925,24.0289492071543,33.4970147923662,24.0289492071543,11.2849634469944,18.3975569030238,18.2849665025671,3.63593179253957,21.0858151371959,11.2849634469944,18.5095353804465,27.3205710042817,27.6586333718787,11.6061449241339,29.350134582315,58.8544042532078,22.8514857285035,9.31343116150004,13.5247920501574,24.3758076789263,29.350134582315,18.3975569030238,24.0289492071543,27.6586333718787,8.99388681271896,20.8400479845897,29.3169865436405,18.5095353804465,32.809297462762,23.278799367665,25.0874470602331,24.2330353030734,23.3184562096207,7.20733653994317,0,23.278799367665,29.350134582315,25.7774824216796,7.20733653994317,58.8544042532078,22.2362339437235,34.3432671713103,20.8400479845897,26.0247958685558,18.7184000384648,0,24.2330353030734,26.0247958685558,58.8544042532078,27.3205710042817,23.4200768572607,12.8035151423349,19.7424036023986,27.6586333718787,24.834049206684,6.26099033699941,0,27.6586333718787,7.20733653994317,9.22659200355148,21.0858151371959,22.8514857285035,24.0289492071543,18.5095353804465,24.0289492071543,0,0,19.7424036023986,19.7424036023986,24.0289492071543,17.8394198336157,18.5095353804465,18.5095353804465,18.3975569030238,23.3184562096207
"22",21.2198020725925,24.0289492071543,19.7424036023986,15.1855194181826,25.0874470602331,18.5043238190429,38.3817665044224,24.0289492071543,9.84885780179611,58.8544042532078,23.3184562096207,58.8544042532078,18.3975569030238,39.5132889038612,58.8544042532078,0,18.2849665025671,24.0289492071543,2.56124969497314,24.2330353030734,0,29.350134582315,22.8514857285035,7.20733653994317,20.7060377667964,18.3975569030238,9.94553165999687,24.0289492071543,22.8514857285035,24.0289492071543,39.5132889038612,19.5898034701729,9.22659200355148,21.2198020725925,21.0858151371959,22.2362339437235,17.8394198336157,26.0247958685558,9.31343116150004,18.3975569030238,5.23259018078045,21.2198020725925,21.0858151371959,25.7774824216796,22.8514857285035,32.809297462762,27.6586333718787,9.31343116150004,25.0874470602331,9.6301609540028,21.2198020725925,17.8394198336157,18.2849665025671,27.3205710042817,58.8544042532078,27.6586333718787,32.809297462762,25.7537880708839,22.528204544526,0,23.4200768572607,18.3975569030238,29.2724802502282,39.5132889038612,19.380660463462,18.5095353804465,18.5043238190429,22.528204544526,22.8514857285035,26.0247958685558,0,34.7012968057391,58.8544042532078,17.8394198336157,24.3758076789263,23.4925115728395,49.2577912618907,21.2198020725925,11.6061449241339,24.3758076789263,18.5043238190429,0,22.8514857285035,22.528204544526,2.56124969497314,39.5132889038612,21.0858151371959,18.3975569030238,22.2362339437235,21.2198020725925,0,0,23.3184562096207,22.8514857285035,11.2849634469944,32.809297462762,22.2362339437235,22.2362339437235,20.8400479845897,19.5898034701729
"23",20.8400479845897,18.3975569030238,39.5132889038612,0,32.8011112616631,9.84885780179611,22.8514857285035,39.5132889038612,19.380660463462,23.3184562096207,27.6586333718787,21.0858151371959,11.2849634469944,25.8883699757246,27.3205710042817,0,18.5095353804465,39.5132889038612,8.60058137569781,7.20733653994317,0,21.2198020725925,21.2198020725925,58.8544042532078,6.26099033699941,24.0289492071543,19.380660463462,21.2198020725925,21.0858151371959,24.2330353030734,20.8400479845897,22.2362339437235,0,25.7774824216796,17.8394198336157,19.7424036023986,20.8400479845897,25.0874470602331,24.2330353030734,27.3205710042817,33.4970147923662,21.0858151371959,20.8400479845897,58.8544042532078,9.31343116150004,7.20733653994317,20.8400479845897,11.6061449241339,21.2198020725925,15.1855194181826,22.8514857285035,26.0247958685558,19.5898034701729,58.8544042532078,19.380660463462,27.3205710042817,24.3758076789263,23.4925115728395,24.834049206684,0,24.834049206684,29.3169865436405,23.3184562096207,49.2577912618907,26.0247958685558,18.2849665025671,20.8400479845897,12.8035151423349,20.8400479845897,23.4200768572607,0,7.20733653994317,21.2198020725925,21.2198020725925,34.3432671713103,24.2330353030734,18.3975569030238,21.0858151371959,24.3758076789263,22.8514857285035,26.0247958685558,0,17.8394198336157,23.4200768572607,8.51645466141868,20.5787487471906,17.8394198336157,9.94553165999687,19.7424036023986,20.8400479845897,0,0,25.0874470602331,27.3205710042817,21.0858151371959,21.2198020725925,19.7424036023986,19.7424036023986,17.8394198336157,18.2849665025671
"24",20.5787487471906,33.4970147923662,17.8394198336157,0,10.816653826392,3.63593179253957,58.8544042532078,24.3758076789263,23.278799367665,38.3817665044224,58.8544042532078,20.8400479845897,29.3169865436405,19.85925728722,39.5132889038612,0,22.2362339437235,24.2330353030734,6.26099033699941,29.3169865436405,0,24.0289492071543,24.2330353030734,17.8394198336157,3.63593179253957,8.49028856988972,27.6586333718787,20.8400479845897,39.5132889038612,11.6061449241339,20.5787487471906,19.7424036023986,0,22.8514857285035,20.8400479845897,23.3184562096207,21.0858151371959,42.9535795947206,18.5043238190429,25.7774824216796,21.2198020725925,20.8400479845897,23.3184562096207,24.0289492071543,24.2330353030734,39.5132889038612,39.5132889038612,24.3758076789263,27.3205710042817,11.0887330205033,19.5898034701729,27.3205710042817,22.2362339437235,17.8394198336157,26.0247958685558,39.5132889038612,34.7012968057391,20.8400479845897,8.49028856988972,0,58.8544042532078,9.94553165999687,19.7424036023986,24.3758076789263,11.2849634469944,19.5898034701729,19.7424036023986,24.2330353030734,24.0289492071543,17.8394198336157,0,58.8544042532078,38.3817665044224,24.0289492071543,11.6061449241339,32.809297462762,21.2198020725925,20.8400479845897,7.08590149522275,18.5043238190429,13.5247920501574,0,49.2577912618907,22.800219297191,8.60058137569781,23.4200768572607,32.809297462762,27.3205710042817,17.8394198336157,34.3432671713103,0,0,27.3205710042817,21.0858151371959,24.2330353030734,20.8400479845897,25.0874470602331,27.6586333718787,25.7774824216796,18.5095353804465
"25",27.6586333718787,11.6061449241339,24.2330353030734,0,4.35660418215839,9.22659200355148,21.0858151371959,8.49028856988972,25.7774824216796,24.3758076789263,11.2849634469944,27.3205710042817,24.2330353030734,24.4532226914982,34.7012968057391,0,19.7424036023986,21.2198020725925,16.280049139975,34.7012968057391,0,38.3817665044224,11.6061449241339,8.49028856988972,38.3817665044224,17.8394198336157,26.0247958685558,21.0858151371959,21.2198020725925,24.834049206684,32.809297462762,27.3205710042817,0,20.5787487471906,39.5132889038612,58.8544042532078,7.20733653994317,17.8394198336157,34.7012968057391,25.8883699757246,20.8400479845897,25.7774824216796,21.2198020725925,25.7537880708839,7.08590149522275,38.3817665044224,21.0858151371959,7.08590149522275,20.8400479845897,0,18.5095353804465,23.3184562096207,19.7424036023986,34.7012968057391,27.6586333718787,17.8394198336157,11.2849634469944,21.0858151371959,33.4970147923662,0,21.2198020725925,27.3205710042817,18.5095353804465,18.3975569030238,9.94553165999687,26.0247958685558,21.0858151371959,11.6061449241339,17.8394198336157,25.7537880708839,0,29.350134582315,21.0858151371959,18.3975569030238,24.2330353030734,6.26099033699941,24.0289492071543,22.800219297191,24.2330353030734,7.20733653994317,24.834049206684,0,32.809297462762,24.2330353030734,6.7955868032128,22.528204544526,29.3169865436405,25.7774824216796,27.3205710042817,11.6061449241339,0,0,17.8394198336157,20.8400479845897,34.7012968057391,21.0858151371959,22.8514857285035,21.2198020725925,27.3205710042817,22.2362339437235
"26",25.0874470602331,24.3758076789263,11.6061449241339,0,29.2724802502282,10.3232746742494,17.8394198336157,34.7012968057391,22.8514857285035,34.3432671713103,9.94553165999687,23.3184562096207,32.809297462762,33.4970147923662,18.3975569030238,0,58.8544042532078,34.3432671713103,6.7955868032128,32.809297462762,0,32.809297462762,29.3169865436405,39.5132889038612,9.22659200355148,27.3205710042817,11.2849634469944,20.5787487471906,20.8400479845897,24.3758076789263,24.9238460114004,20.8400479845897,0,29.3169865436405,25.7774824216796,27.3205710042817,24.3758076789263,24.3758076789263,23.4200768572607,39.5132889038612,24.0289492071543,21.2809774211618,11.6061449241339,21.2198020725925,10.816653826392,21.2198020725925,29.3169865436405,24.2330353030734,20.5787487471906,0,18.2849665025671,33.4970147923662,25.0874470602331,39.5132889038612,33.4970147923662,21.2198020725925,20.8400479845897,22.528204544526,25.0874470602331,0,27.3205710042817,24.4532226914982,18.2849665025671,21.2198020725925,18.3975569030238,21.0858151371959,20.7060377667964,24.3758076789263,32.809297462762,21.2198020725925,0,49.2577912618907,11.6061449241339,8.49028856988972,23.4200768572607,34.7012968057391,20.8400479845897,27.3205710042817,22.8514857285035,8.49028856988972,19.5898034701729,0,34.3432671713103,12.8035151423349,0,24.834049206684,39.5132889038612,21.0858151371959,21.2198020725925,24.2330353030734,0,0,33.4970147923662,39.5132889038612,27.3205710042817,20.5787487471906,20.5787487471906,22.8514857285035,20.5787487471906,19.7424036023986
"27",29.3169865436405,24.2330353030734,24.3758076789263,0,3.63593179253957,9.6301609540028,20.8400479845897,29.3169865436405,33.4970147923662,22.528204544526,18.3975569030238,25.0874470602331,34.7012968057391,23.4925115728395,24.0289492071543,0,18.3975569030238,11.6061449241339,20.5485668600027,25.7774824216796,0,24.3758076789263,39.5132889038612,21.0858151371959,9.6301609540028,21.0858151371959,33.4970147923662,29.3169865436405,17.8394198336157,38.3817665044224,49.2577912618907,24.4532226914982,0,39.5132889038612,24.2330353030734,25.0874470602331,24.2330353030734,25.5660165062921,24.834049206684,20.5787487471906,39.5132889038612,17.8394198336157,24.3758076789263,20.8400479845897,9.84885780179611,20.5787487471906,17.8394198336157,27.6586333718787,24.3758076789263,0,25.0874470602331,20.5787487471906,21.2809774211618,19.85925728722,18.3975569030238,20.5787487471906,21.0858151371959,27.3205710042817,5.23259018078045,0,23.3184562096207,39.5132889038612,19.5898034701729,24.0289492071543,24.0289492071543,17.8394198336157,17.8394198336157,24.834049206684,39.5132889038612,27.3205710042817,0,18.3975569030238,23.4200768572607,27.3205710042817,24.834049206684,42.9535795947206,21.0858151371959,17.8394198336157,29.2724802502282,5.23259018078045,18.2849665025671,0,18.3975569030238,5.23259018078045,0,27.3205710042817,24.9238460114004,39.5132889038612,11.6061449241339,23.4200768572607,0,0,20.5787487471906,17.8394198336157,17.8394198336157,24.0289492071543,49.2577912618907,25.7774824216796,24.3758076789263,25.0874470602331
"28",39.5132889038612,23.4200768572607,18.3975569030238,0,9.6301609540028,23.4200768572607,11.6061449241339,20.8400479845897,18.5043238190429,24.834049206684,24.0289492071543,24.2330353030734,24.3758076789263,25.7537880708839,11.2849634469944,0,11.2849634469944,8.49028856988972,8.49028856988972,20.5787487471906,0,23.4200768572607,7.20733653994317,22.528204544526,2.56124969497314,20.8400479845897,18.3975569030238,24.3758076789263,27.3205710042817,21.0858151371959,24.3758076789263,17.8394198336157,0,42.9535795947206,7.20733653994317,20.6807857684373,23.4200768572607,18.3975569030238,20.7060377667964,9.94553165999687,18.3975569030238,58.8544042532078,24.2330353030734,22.8514857285035,29.2724802502282,49.2577912618907,24.2330353030734,23.278799367665,11.6061449241339,0,26.0247958685558,18.7593603302458,24.2330353030734,25.8883699757246,11.2849634469944,24.0289492071543,11.6061449241339,24.834049206684,12.8035151423349,0,11.6061449241339,32.809297462762,22.2362339437235,20.5787487471906,33.4970147923662,7.20733653994317,11.6061449241339,5.23259018078045,27.3205710042817,18.7593603302458,0,24.0289492071543,22.528204544526,20.8400479845897,22.528204544526,27.3205710042817,20.5787487471906,24.4532226914982,26.0247958685558,12.8035151423349,18.5095353804465,0,21.2198020725925,34.7012968057391,0,5.23259018078045,24.4532226914982,20.5787487471906,23.4200768572607,24.834049206684,0,0,24.2330353030734,24.4532226914982,20.8400479845897,18.3975569030238,11.2849634469944,33.4970147923662,22.800219297191,22.8514857285035
"29",24.9238460114004,22.528204544526,27.3205710042817,0,9.22659200355148,19.380660463462,9.31343116150004,11.6061449241339,4.35660418215839,23.4925115728395,20.8400479845897,11.6061449241339,38.3817665044224,23.3184562096207,21.2198020725925,0,24.0289492071543,23.4200768572607,15.1855194181826,21.2198020725925,0,22.528204544526,17.8394198336157,23.4200768572607,8.60058137569781,22.800219297191,27.3205710042817,24.2330353030734,20.5787487471906,29.3169865436405,34.3432671713103,21.0858151371959,0,24.3758076789263,8.49028856988972,20.5787487471906,22.528204544526,24.0289492071543,24.9238460114004,32.809297462762,21.0858151371959,39.5132889038612,23.4200768572607,12.8035151423349,20.7060377667964,42.9535795947206,34.7012968057391,27.3205710042817,42.9535795947206,0,18.3975569030238,24.9238460114004,23.4200768572607,21.2198020725925,21.2198020725925,23.4200768572607,23.4200768572607,20.5787487471906,18.5043238190429,0,9.31343116150004,21.2198020725925,21.2198020725925,20.8400479845897,23.278799367665,24.3758076789263,24.2330353030734,23.278799367665,7.20733653994317,25.0874470602331,0,21.2198020725925,24.834049206684,22.528204544526,22.800219297191,9.84885780179611,8.49028856988972,24.2330353030734,23.3184562096207,25.7537880708839,22.2362339437235,0,24.0289492071543,8.49028856988972,0,12.8035151423349,24.3758076789263,24.3758076789263,22.528204544526,25.7774824216796,0,0,22.528204544526,24.9238460114004,11.6061449241339,27.3205710042817,9.84885780179611,20.8400479845897,24.2330353030734,21.2198020725925
"30",24.3758076789263,24.834049206684,21.2198020725925,0,8.60058137569781,23.278799367665,42.9535795947206,23.4200768572607,20.5485668600027,11.6061449241339,21.0858151371959,24.3758076789263,24.0289492071543,19.380660463462,20.5787487471906,0,9.94553165999687,5.23259018078045,0,18.3975569030238,0,24.834049206684,27.3205710042817,24.834049206684,16.280049139975,42.9535795947206,22.2362339437235,11.6061449241339,34.3432671713103,7.20733653994317,24.2330353030734,32.809297462762,0,24.2330353030734,34.7012968057391,24.2330353030734,24.834049206684,21.2198020725925,26.0247958685558,21.2198020725925,25.7774824216796,24.4532226914982,24.834049206684,22.800219297191,27.3205710042817,29.3169865436405,11.6061449241339,29.2724802502282,25.8883699757246,0,19.380660463462,35.0722468627261,22.528204544526,20.5787487471906,34.7012968057391,22.528204544526,22.528204544526,29.3169865436405,23.3184562096207,0,24.3758076789263,38.3817665044224,27.6586333718787,21.0858151371959,38.3817665044224,22.800219297191,9.31343116150004,33.4970147923662,8.49028856988972,22.8514857285035,0,8.49028856988972,25.0874470602331,23.4200768572607,22.8514857285035,9.22659200355148,24.3758076789263,22.528204544526,39.5132889038612,6.26099033699941,23.3184562096207,0,20.8400479845897,11.6061449241339,0,24.2330353030734,22.800219297191,34.3432671713103,24.834049206684,20.5787487471906,0,0,24.834049206684,49.2577912618907,24.3758076789263,39.5132889038612,27.3205710042817,21.0858151371959,11.6061449241339,20.5787487471906
"31",7.20733653994317,27.6586333718787,21.0858151371959,0,16.280049139975,11.2849634469944,24.2330353030734,22.528204544526,23.3184562096207,24.2330353030734,11.6061449241339,18.5043238190429,20.5787487471906,23.278799367665,20.8400479845897,0,19.380660463462,27.3205710042817,0,21.0858151371959,0,49.2577912618907,9.84885780179611,12.8035151423349,6.7955868032128,25.7774824216796,19.7424036023986,34.7012968057391,24.4532226914982,22.528204544526,11.6061449241339,24.3758076789263,0,34.7012968057391,23.4200768572607,11.6061449241339,32.809297462762,25.7774824216796,18.5095353804465,38.3817665044224,11.6061449241339,32.809297462762,7.08590149522275,21.0858151371959,29.3813886669776,18.3975569030238,24.3758076789263,26.0247958685558,7.20733653994317,0,11.2849634469944,18.7184000384648,24.834049206684,24.0289492071543,27.3205710042817,24.834049206684,24.834049206684,24.2330353030734,58.8544042532078,0,23.4925115728395,20.5787487471906,22.8514857285035,8.49028856988972,23.3184562096207,58.8544042532078,10.816653826392,34.7012968057391,23.4200768572607,24.834049206684,0,27.3205710042817,27.3205710042817,24.834049206684,19.5898034701729,3.63593179253957,11.6061449241339,24.834049206684,4.35660418215839,25.0874470602331,19.7424036023986,0,21.0858151371959,24.9238460114004,0,11.6061449241339,24.2330353030734,24.2330353030734,21.0858151371959,22.528204544526,0,0,24.3758076789263,20.6807857684373,23.4200768572607,25.7774824216796,21.2198020725925,24.2330353030734,23.4200768572607,27.3205710042817
"32",12.8035151423349,25.0874470602331,34.7012968057391,0,2.56124969497314,18.3975569030238,23.4200768572607,22.800219297191,29.2724802502282,23.4200768572607,24.3758076789263,12.8035151423349,22.800219297191,22.2362339437235,21.0858151371959,0,23.278799367665,12.8035151423349,0,20.8400479845897,0,34.3432671713103,23.4200768572607,27.3205710042817,20.5485668600027,12.8035151423349,24.3758076789263,7.20733653994317,49.2577912618907,27.3205710042817,23.4200768572607,7.20733653994317,0,12.8035151423349,22.528204544526,9.31343116150004,11.6061449241339,24.2330353030734,18.2849665025671,24.9238460114004,23.4200768572607,19.85925728722,10.816653826392,5.23259018078045,5.23259018078045,25.7774824216796,42.9535795947206,19.5898034701729,25.7774824216796,0,9.94553165999687,23.4200768572607,22.800219297191,18.3975569030238,29.3169865436405,22.800219297191,22.800219297191,22.800219297191,22.800219297191,0,25.7537880708839,17.8394198336157,25.7537880708839,24.2330353030734,27.3205710042817,22.528204544526,7.08590149522275,39.5132889038612,12.8035151423349,24.2330353030734,0,20.8400479845897,29.3169865436405,29.3169865436405,18.2849665025671,2.56124969497314,23.4200768572607,24.3758076789263,18.5043238190429,20.7060377667964,24.2330353030734,0,25.7774824216796,18.5043238190429,0,24.3758076789263,34.3432671713103,23.4200768572607,24.4532226914982,32.809297462762,0,0,11.6061449241339,11.6061449241339,22.528204544526,24.3758076789263,29.350134582315,11.6061449241339,24.834049206684,20.8400479845897
"33",8.49028856988972,29.3169865436405,23.4200768572607,0,6.7955868032128,24.0289492071543,24.834049206684,27.3205710042817,25.8883699757246,34.7012968057391,49.2577912618907,22.800219297191,11.6061449241339,19.7424036023986,25.7774824216796,0,26.0247958685558,22.528204544526,0,22.800219297191,0,25.7774824216796,22.528204544526,24.2330353030734,15.1855194181826,11.6061449241339,11.6061449241339,23.4200768572607,24.2330353030734,9.84885780179611,22.528204544526,49.2577912618907,0,22.528204544526,24.834049206684,10.816653826392,8.49028856988972,11.6061449241339,19.5898034701729,49.2577912618907,22.528204544526,29.350134582315,29.2724802502282,24.2330353030734,12.8035151423349,24.0289492071543,23.4200768572607,18.2849665025671,23.4200768572607,0,22.2362339437235,7.20733653994317,11.6061449241339,20.8400479845897,11.6061449241339,20.8400479845897,8.49028856988972,11.6061449241339,22.8514857285035,0,4.35660418215839,21.2809774211618,27.3205710042817,11.6061449241339,21.0858151371959,8.49028856988972,29.2724802502282,18.5043238190429,5.23259018078045,24.3758076789263,0,21.0858151371959,25.7774824216796,22.800219297191,18.5095353804465,8.60058137569781,22.528204544526,11.6061449241339,3.63593179253957,22.800219297191,21.2198020725925,0,24.3758076789263,18.5095353804465,0,21.2809774211618,11.6061449241339,22.528204544526,20.5787487471906,22.800219297191,0,0,21.2809774211618,23.4200768572607,24.834049206684,34.3432671713103,21.0858151371959,23.4200768572607,29.3169865436405,21.0858151371959
"34",22.528204544526,20.8400479845897,22.528204544526,0,20.5485668600027,9.94553165999687,7.08590149522275,12.8035151423349,27.6586333718787,29.3169865436405,9.31343116150004,5.23259018078045,49.2577912618907,18.5095353804465,25.8883699757246,0,23.4925115728395,34.7012968057391,0,11.6061449241339,0,22.800219297191,22.800219297191,5.23259018078045,13.5247920501574,9.84885780179611,24.2330353030734,22.528204544526,11.6061449241339,22.800219297191,22.800219297191,39.5132889038612,0,24.834049206684,24.9238460114004,7.08590149522275,5.23259018078045,22.528204544526,22.2362339437235,42.9535795947206,22.800219297191,49.2577912618907,34.3432671713103,11.6061449241339,26.0247958685558,24.3758076789263,24.834049206684,18.5095353804465,22.528204544526,0,23.278799367665,8.49028856988972,24.3758076789263,21.0858151371959,42.9535795947206,21.0858151371959,7.20733653994317,24.9238460114004,24.3758076789263,0,18.5043238190429,49.2577912618907,32.8011112616631,34.7012968057391,24.3758076789263,23.4200768572607,29.3813886669776,27.3205710042817,24.2330353030734,18.198950519192,0,11.6061449241339,42.9535795947206,39.5132889038612,22.2362339437235,16.280049139975,22.800219297191,23.4200768572607,9.6301609540028,33.4970147923662,22.8514857285035,0,20.5787487471906,18.2849665025671,0,9.31343116150004,23.4200768572607,24.834049206684,39.5132889038612,9.84885780179611,0,0,23.4200768572607,24.834049206684,29.3169865436405,22.528204544526,32.809297462762,24.834049206684,34.7012968057391,34.7012968057391
"35",23.4200768572607,22.800219297191,24.834049206684,0,15.1855194181826,21.0858151371959,24.4532226914982,24.2330353030734,22.2122241119614,12.8035151423349,9.84885780179611,22.528204544526,21.2198020725925,18.2849665025671,24.3758076789263,0,33.4970147923662,42.9535795947206,0,42.9535795947206,0,24.9238460114004,25.7774824216796,24.9238460114004,25.5660165062921,23.4200768572607,34.3432671713103,24.834049206684,23.4200768572607,32.809297462762,34.7012968057391,21.2809774211618,0,23.4200768572607,11.6061449241339,29.2724802502282,12.8035151423349,23.4200768572607,19.7424036023986,24.3758076789263,42.9535795947206,42.9290041813224,8.60058137569781,18.5043238190429,23.3184562096207,34.3432671713103,71.3232248289434,22.2362339437235,22.800219297191,0,19.7424036023986,22.800219297191,12.8035151423349,24.3758076789263,17.8394198336157,18.3975569030238,42.9535795947206,58.8544042532078,20.5787487471906,0,42.9535795947206,42.9535795947206,25.0874470602331,27.3205710042817,22.528204544526,24.2330353030734,25.7537880708839,20.5787487471906,6.26099033699941,39.5132889038612,0,23.4200768572607,22.800219297191,24.3758076789263,19.7424036023986,6.7955868032128,24.2330353030734,39.5132889038612,27.3205710042817,58.8544042532078,20.8400479845897,0,11.6061449241339,19.5898034701729,0,3.63593179253957,24.834049206684,7.20733653994317,22.800219297191,42.9535795947206,0,0,9.31343116150004,22.528204544526,8.49028856988972,8.49028856988972,25.7774824216796,24.3758076789263,22.528204544526,23.4200768572607
"36",24.2330353030734,9.31343116150004,20.8400479845897,0,0,23.3184562096207,9.84885780179611,24.9238460114004,29.3169865436405,22.800219297191,32.8011112616631,6.26099033699941,24.9238460114004,19.5898034701729,24.4532226914982,0,17.8394198336157,25.7774824216796,0,23.4200768572607,0,17.8394198336157,24.9238460114004,20.8400479845897,24.0289492071543,22.528204544526,25.7774824216796,29.350134582315,22.528204544526,17.8394198336157,25.8883699757246,8.49028856988972,0,7.20733653994317,24.3758076789263,29.3813886669776,34.7012968057391,24.834049206684,17.8394198336157,34.3432671713103,24.9238460114004,24.3758076789263,16.280049139975,22.528204544526,18.5095353804465,24.2330353030734,27.3205710042817,19.7424036023986,24.2330353030734,0,24.0289492071543,5.23259018078045,18.5043238190429,24.9238460114004,21.0858151371959,8.49028856988972,20.5787487471906,5.23259018078045,11.6061449241339,0,10.816653826392,34.3432671713103,20.8400479845897,24.9238460114004,23.4925115728395,11.6061449241339,20.6807857684373,23.3184562096207,13.5247920501574,19.5898034701729,0,22.528204544526,17.8394198336157,11.6061449241339,25.0874470602331,20.5485668600027,27.3205710042817,24.9238460114004,9.22659200355148,45.327695727888,20.7060377667964,0,24.2330353030734,22.2362339437235,0,9.84885780179611,22.528204544526,22.800219297191,25.8883699757246,17.8394198336157,0,0,10.816653826392,24.2330353030734,22.800219297191,23.4200768572607,24.9238460114004,9.31343116150004,12.8035151423349,22.528204544526
"37",11.6061449241339,32.809297462762,25.7774824216796,0,0,20.8400479845897,24.9238460114004,21.2809774211618,20.7060377667964,63.2555325643536,7.08590149522275,7.20733653994317,9.84885780179611,25.0874470602331,11.6061449241339,0,27.3205710042817,21.0858151371959,0,22.528204544526,0,20.8400479845897,24.4532226914982,32.809297462762,8.99388681271896,24.2330353030734,24.9238460114004,34.3432671713103,24.834049206684,42.9535795947206,29.350134582315,29.350134582315,0,11.6061449241339,9.84885780179611,32.8011112616631,25.7774824216796,58.8544042532078,4.35660418215839,24.2330353030734,24.4532226914982,11.6061449241339,20.7060377667964,23.4925115728395,18.2849665025671,34.7012968057391,33.4970147923662,25.0874470602331,24.9238460114004,0,27.6586333718787,12.8035151423349,5.23259018078045,24.4532226914982,20.5787487471906,11.6061449241339,29.3169865436405,6.26099033699941,9.31343116150004,0,7.08590149522275,24.3758076789263,18.5043238190429,23.4200768572607,3.63593179253957,24.834049206684,21.2809774211618,9.31343116150004,18.5043238190429,18.2849665025671,0,24.834049206684,24.2330353030734,25.7774824216796,12.8035151423349,15.1855194181826,24.9238460114004,9.31343116150004,10.3232746742494,23.4200768572607,58.8544042532078,0,23.4200768572607,19.7424036023986,0,25.8883699757246,12.8035151423349,11.6061449241339,34.3432671713103,24.9238460114004,0,0,5.59732078766262,22.800219297191,42.9535795947206,24.834049206684,20.8400479845897,25.0874470602331,5.23259018078045,24.834049206684
"38",22.800219297191,42.9535795947206,20.5787487471906,0,0,21.2198020725925,22.528204544526,17.8394198336157,3.63593179253957,9.31343116150004,10.816653826392,8.49028856988972,25.8883699757246,26.0247958685558,24.2330353030734,0,9.31343116150004,20.5787487471906,0,24.834049206684,0,20.5787487471906,32.809297462762,20.5787487471906,22.0771374956084,32.809297462762,32.809297462762,32.809297462762,22.800219297191,24.9238460114004,18.7184000384648,22.528204544526,0,34.3432671713103,58.8544042532078,21.2809774211618,10.816653826392,21.0858151371959,39.5132889038612,34.7012968057391,25.8883699757246,23.4200768572607,18.5043238190429,32.809297462762,19.5898034701729,11.6061449241339,12.8035151423349,17.8394198336157,32.809297462762,0,27.3205710042817,18.5043238190429,24.9238460114004,11.6061449241339,22.800219297191,34.3432671713103,24.9238460114004,42.9535795947206,10.816653826392,0,9.84885780179611,20.8400479845897,24.4532226914982,22.528204544526,9.22659200355148,20.5787487471906,7.51531769122238,10.816653826392,25.7774824216796,18.5095353804465,0,21.2809774211618,9.84885780179611,24.2330353030734,18.5043238190429,0,34.3432671713103,7.08590149522275,34.7012968057391,21.0858151371959,25.0874470602331,0,22.528204544526,17.8394198336157,0,24.9238460114004,25.8883699757246,42.9535795947206,9.84885780179611,24.4532226914982,0,0,7.08590149522275,58.8544042532078,20.5787487471906,24.2330353030734,42.9535795947206,27.3205710042817,7.20733653994317,22.800219297191
"39",34.7012968057391,24.4532226914982,24.9238460114004,0,0,25.7537880708839,32.809297462762,25.7774824216796,9.6301609540028,10.816653826392,4.35660418215839,23.4200768572607,25.7774824216796,27.6586333718787,23.4200768572607,0,25.0874470602331,9.84885780179611,0,9.84885780179611,0,11.6061449241339,9.31343116150004,25.7774824216796,5.59732078766262,24.4532226914982,17.8394198336157,17.8394198336157,21.2809774211618,24.4532226914982,9.84885780179611,23.4200768572607,0,32.809297462762,42.9535795947206,18.7593603302458,24.9238460114004,22.800219297191,19.85925728722,11.6061449241339,9.84885780179611,22.528204544526,25.7537880708839,6.26099033699941,22.2362339437235,24.9238460114004,22.528204544526,24.4532226914982,24.4532226914982,0,17.8394198336157,6.26099033699941,7.20733653994317,24.2330353030734,24.9238460114004,12.8035151423349,27.3205710042817,34.7012968057391,7.08590149522275,0,24.2330353030734,21.0858151371959,2.56124969497314,24.834049206684,2.56124969497314,9.31343116150004,3.63593179253957,7.08590149522275,20.6807857684373,22.2362339437235,0,17.8394198336157,20.5787487471906,9.84885780179611,5.23259018078045,0,17.8394198336157,9.84885780179611,25.0874470602331,29.3169865436405,38.3817665044224,0,24.834049206684,20.6807857684373,0,34.7012968057391,9.84885780179611,17.8394198336157,58.8544042532078,25.8883699757246,0,0,3.63593179253957,32.809297462762,9.31343116150004,11.6061449241339,25.8883699757246,20.5787487471906,24.9238460114004,58.8544042532078
"40",27.3205710042817,10.816653826392,22.800219297191,0,0,23.4925115728395,25.8883699757246,9.84885780179611,9.22659200355148,21.2809774211618,29.2724802502282,33.4970147923662,17.8394198336157,58.8544042532078,22.528204544526,0,27.6586333718787,17.8394198336157,0,24.4532226914982,0,18.3975569030238,10.816653826392,21.2809774211618,7.51531769122238,29.350134582315,24.4532226914982,25.7774824216796,9.31343116150004,12.8035151423349,7.20733653994317,24.2330353030734,0,71.3232248289434,24.4532226914982,18.5043238190429,21.2809774211618,20.8400479845897,24.4532226914982,24.4532226914982,18.7184000384648,24.834049206684,2.56124969497314,27.3205710042817,19.7424036023986,21.0858151371959,24.4532226914982,58.8544042532078,17.8394198336157,0,33.4970147923662,13.5247920501574,8.49028856988972,23.4200768572607,25.7774824216796,24.9238460114004,34.3432671713103,25.7774824216796,29.3813886669776,0,29.2724802502282,11.6061449241339,8.60058137569781,25.7774824216796,8.60058137569781,24.4532226914982,9.22659200355148,29.3813886669776,11.6061449241339,23.3184562096207,0,20.5787487471906,24.4532226914982,24.9238460114004,42.9535795947206,0,7.51531769122238,34.3432671713103,17.8394198336157,20.5787487471906,11.6061449241339,0,22.800219297191,39.5132889038612,0,19.5898034701729,49.2577912618907,34.7012968057391,18.7184000384648,9.31343116150004,0,0,9.22659200355148,42.9290041813224,24.4532226914982,24.9238460114004,23.4200768572607,22.528204544526,24.4532226914982,29.350134582315
"41",17.8394198336157,7.08590149522275,9.84885780179611,0,0,20.5787487471906,42.9290041813224,32.809297462762,10.3232746742494,9.84885780179611,8.60058137569781,9.31343116150004,24.4532226914982,32.8011112616631,24.834049206684,0,9.84885780179611,9.31343116150004,0,39.5132889038612,0,24.4532226914982,8.60058137569781,11.6061449241339,23.4925115728395,25.8883699757246,12.8035151423349,39.5132889038612,7.08590149522275,34.7012968057391,12.8035151423349,11.6061449241339,0,24.4532226914982,32.809297462762,9.84885780179611,9.84885780179611,34.7012968057391,22.2122241119614,20.8400479845897,9.31343116150004,22.800219297191,9.22659200355148,20.7060377667964,25.0874470602331,25.8883699757246,18.5043238190429,39.5132889038612,12.8035151423349,0,23.4925115728395,22.528204544526,24.4532226914982,22.528204544526,29.350134582315,25.8883699757246,49.2577912618907,24.4532226914982,20.7060377667964,0,25.0874470602331,23.4200768572607,16.280049139975,9.84885780179611,6.7955868032128,42.9535795947206,8.60058137569781,21.2809774211618,24.3758076789263,19.7424036023986,0,22.800219297191,9.31343116150004,24.4532226914982,25.8883699757246,0,5.23259018078045,25.8883699757246,19.5898034701729,32.809297462762,9.31343116150004,0,34.7012968057391,25.8883699757246,0,18.2849665025671,29.350134582315,24.9238460114004,9.31343116150004,34.7012968057391,0,0,2.56124969497314,34.3432671713103,18.5043238190429,34.7012968057391,22.528204544526,34.7012968057391,25.8883699757246,32.809297462762
"42",24.4532226914982,18.5043238190429,32.809297462762,0,0,29.3169865436405,22.800219297191,24.4532226914982,2.56124969497314,25.7774824216796,16.280049139975,7.08590149522275,20.8400479845897,11.2849634469944,22.800219297191,0,24.9238460114004,10.816653826392,0,25.8883699757246,0,21.0858151371959,16.280049139975,9.84885780179611,23.3184562096207,34.3432671713103,9.31343116150004,25.8883699757246,10.816653826392,25.8883699757246,42.9535795947206,24.834049206684,0,25.8883699757246,25.8883699757246,12.8035151423349,24.4532226914982,20.5485668600027,7.08590149522275,21.0858151371959,10.816653826392,34.3432671713103,3.63593179253957,20.5787487471906,24.834049206684,45.327695727888,5.23259018078045,18.5043238190429,9.31343116150004,0,9.31343116150004,20.7060377667964,9.31343116150004,24.834049206684,25.8883699757246,9.31343116150004,21.2809774211618,17.8394198336157,32.8011112616631,0,8.60058137569781,22.528204544526,9.22659200355148,24.4532226914982,15.1855194181826,10.816653826392,16.280049139975,6.26099033699941,9.84885780179611,20.6807857684373,0,25.7774824216796,32.809297462762,29.350134582315,9.31343116150004,0,42.9535795947206,42.9290041813224,18.2849665025671,11.6061449241339,10.816653826392,0,25.8883699757246,32.809297462762,0,18.5095353804465,7.20733653994317,24.4532226914982,32.809297462762,42.9290041813224,0,0,8.60058137569781,9.31343116150004,32.809297462762,42.9535795947206,24.834049206684,22.800219297191,8.49028856988972,25.8883699757246
"43",34.3432671713103,34.7012968057391,24.4532226914982,0,0,25.8883699757246,29.2724802502282,25.8883699757246,8.60058137569781,7.08590149522275,6.26099033699941,10.816653826392,23.4200768572607,18.3975569030238,19.85925728722,0,34.3432671713103,7.08590149522275,0,34.3432671713103,0,24.2330353030734,8.49028856988972,34.7012968057391,9.94553165999687,39.5132889038612,9.84885780179611,24.9238460114004,5.23259018078045,9.31343116150004,9.31343116150004,34.7012968057391,0,21.2809774211618,9.31343116150004,5.23259018078045,9.31343116150004,24.4532226914982,3.63593179253957,45.327695727888,7.08590149522275,24.2330353030734,4.35660418215839,29.3169865436405,6.26099033699941,23.4200768572607,25.8883699757246,9.22659200355148,9.84885780179611,0,6.26099033699941,24.834049206684,9.84885780179611,22.800219297191,24.4532226914982,24.4532226914982,9.84885780179611,21.2809774211618,6.26099033699941,0,16.280049139975,24.834049206684,3.63593179253957,25.8883699757246,20.5485668600027,7.08590149522275,9.84885780179611,25.8883699757246,22.528204544526,9.6301609540028,0,34.3432671713103,24.9238460114004,34.3432671713103,10.816653826392,0,25.7774824216796,32.809297462762,18.5095353804465,32.8011112616631,7.08590149522275,0,24.9238460114004,18.7593603302458,0,22.2362339437235,34.7012968057391,21.2809774211618,42.9290041813224,39.5132889038612,0,0,16.280049139975,9.84885780179611,29.350134582315,5.23259018078045,9.31343116150004,26.0247958685558,29.350134582315,9.31343116150004
"44",32.809297462762,15.1855194181826,29.350134582315,0,0,19.85925728722,18.5043238190429,34.3432671713103,16.280049139975,29.2724802502282,2.56124969497314,9.84885780179611,22.528204544526,9.94553165999687,42.9290041813224,0,7.08590149522275,24.9238460114004,0,9.31343116150004,0,45.327695727888,5.23259018078045,29.350134582315,11.2849634469944,19.402579725387,34.7012968057391,49.2577912618907,9.84885780179611,10.816653826392,3.63593179253957,9.84885780179611,0,9.84885780179611,18.5043238190429,25.8883699757246,29.350134582315,0,9.22659200355148,19.85925728722,19.85925728722,9.31343116150004,20.5485668600027,34.7012968057391,9.6301609540028,22.528204544526,9.31343116150004,3.63593179253957,49.2577912618907,0,24.4532226914982,58.8544042532078,18.7184000384648,49.2577912618907,34.3432671713103,10.816653826392,25.7774824216796,9.84885780179611,29.3169865436405,0,25.5660165062921,7.20733653994317,9.84885780179611,17.8394198336157,0,18.5043238190429,2.56124969497314,18.5095353804465,24.834049206684,8.60058137569781,0,24.9238460114004,25.8883699757246,9.31343116150004,7.08590149522275,0,25.8883699757246,49.2577912618907,22.2362339437235,20.6807857684373,29.3813886669776,0,42.9535795947206,19.85925728722,0,19.7424036023986,9.31343116150004,9.31343116150004,49.2577912618907,10.816653826392,0,0,9.6301609540028,10.816653826392,25.8883699757246,9.31343116150004,38.3817665044224,24.4532226914982,3.63593179253957,17.8394198336157
"45",25.8883699757246,25.8883699757246,34.3432671713103,0,0,24.2330353030734,18.7593603302458,9.31343116150004,4.83011387029333,24.9238460114004,9.22659200355148,29.2724802502282,24.834049206684,21.2198020725925,38.3817665044224,0,29.2724802502282,24.4532226914982,0,8.49028856988972,0,9.31343116150004,49.2577912618907,25.8883699757246,18.3975569030238,9.31343116150004,49.2577912618907,9.31343116150004,42.9290041813224,8.49028856988972,10.816653826392,25.8883699757246,0,42.9290041813224,10.816653826392,22.528204544526,25.8883699757246,0,10.3232746742494,71.3232248289434,42.9290041813224,9.84885780179611,23.4925115728395,71.3232248289434,21.2809774211618,22.800219297191,10.816653826392,8.60058137569781,7.08590149522275,0,7.08590149522275,24.2330353030734,10.816653826392,42.9290041813224,49.2577912618907,7.08590149522275,24.4532226914982,29.350134582315,21.2809774211618,0,2.56124969497314,24.2330353030734,17.8394198336157,12.8035151423349,0,25.8883699757246,6.7955868032128,18.2849665025671,9.31343116150004,2.56124969497314,0,25.8883699757246,7.08590149522275,25.8883699757246,29.2724802502282,0,9.31343116150004,34.7012968057391,19.7424036023986,9.31343116150004,21.2809774211618,0,9.31343116150004,42.9290041813224,0,17.8394198336157,3.63593179253957,9.84885780179611,34.7012968057391,7.08590149522275,0,0,24.4532226914982,7.08590149522275,7.08590149522275,10.816653826392,16.280049139975,58.8544042532078,9.31343116150004,38.3817665044224
"46",29.350134582315,19.85925728722,7.20733653994317,0,0,29.3813886669776,9.22659200355148,10.816653826392,29.3813886669776,24.4532226914982,6.7955868032128,18.7593603302458,21.0858151371959,24.0289492071543,49.2577912618907,0,18.5043238190429,21.2809774211618,0,49.2577912618907,0,10.816653826392,29.350134582315,49.2577912618907,21.2198020725925,10.816653826392,39.5132889038612,8.49028856988972,34.7012968057391,29.350134582315,9.22659200355148,42.9535795947206,0,49.2577912618907,7.08590149522275,23.4200768572607,19.85925728722,0,2.56124969497314,42.9290041813224,34.3432671713103,42.9535795947206,25.8883699757246,9.31343116150004,3.63593179253957,24.4532226914982,7.08590149522275,16.280049139975,19.85925728722,0,10.816653826392,24.3758076789263,7.08590149522275,38.3817665044224,9.31343116150004,42.9290041813224,29.350134582315,25.8883699757246,9.84885780179611,0,9.22659200355148,9.31343116150004,4.35660418215839,42.9535795947206,0,42.9290041813224,20.5485668600027,19.5898034701729,32.8011112616631,16.280049139975,0,42.9535795947206,42.9290041813224,19.85925728722,21.2809774211618,0,6.26099033699941,58.8544042532078,32.8011112616631,7.08590149522275,9.84885780179611,0,24.4532226914982,9.31343116150004,0,32.809297462762,9.22659200355148,49.2577912618907,18.7854757725217,29.2724802502282,0,0,9.84885780179611,29.2724802502282,19.85925728722,9.84885780179611,19.85925728722,7.08590149522275,9.84885780179611,49.2577912618907
"47",49.2577912618907,42.9290041813224,49.2577912618907,0,0,22.2362339437235,3.63593179253957,7.08590149522275,5.59732078766262,42.9535795947206,20.5485668600027,32.8011112616631,12.8035151423349,22.8514857285035,18.7184000384648,0,3.63593179253957,20.5485668600027,0,32.8011112616631,0,9.84885780179611,9.22659200355148,19.85925728722,19.380660463462,8.60058137569781,19.85925728722,5.23259018078045,58.8544042532078,7.08590149522275,8.60058137569781,9.31343116150004,0,9.31343116150004,42.9290041813224,6.26099033699941,7.08590149522275,0,8.60058137569781,23.4200768572607,49.2577912618907,10.816653826392,4.83011387029333,10.816653826392,9.22659200355148,9.84885780179611,5.59732078766262,25.5660165062921,42.9290041813224,0,29.2724802502282,11.6061449241339,29.2724802502282,42.9535795947206,9.84885780179611,34.7012968057391,9.31343116150004,49.2577912618907,23.4200768572607,0,3.63593179253957,9.84885780179611,4.83011387029333,9.31343116150004,0,34.7012968057391,15.1855194181826,22.2362339437235,7.08590149522275,6.7955868032128,0,9.31343116150004,12.8035151423349,42.9290041813224,9.84885780179611,0,10.816653826392,29.2724802502282,20.5787487471906,10.816653826392,25.8883699757246,0,32.8011112616631,9.84885780179611,0,24.4532226914982,10.816653826392,10.816653826392,35.0722468627261,3.63593179253957,0,0,34.3432671713103,18.7593603302458,42.9290041813224,21.2809774211618,42.9290041813224,10.816653826392,32.8011112616631,24.4532226914982
"48",9.31343116150004,29.2724802502282,9.31343116150004,0,0,19.7424036023986,2.56124969497314,19.85925728722,8.99388681271896,3.63593179253957,15.1855194181826,20.7060377667964,45.327695727888,20.8400479845897,9.31343116150004,0,9.22659200355148,29.350134582315,0,19.85925728722,0,19.85925728722,3.63593179253957,9.31343116150004,23.278799367665,15.1855194181826,42.9290041813224,19.85925728722,32.809297462762,19.85925728722,2.56124969497314,19.85925728722,0,10.816653826392,29.2724802502282,3.63593179253957,42.9290041813224,0,16.280049139975,22.528204544526,29.3813886669776,7.08590149522275,10.3232746742494,7.08590149522275,8.60058137569781,12.8035151423349,29.2724802502282,2.56124969497314,18.5043238190429,0,3.63593179253957,9.31343116150004,42.9535795947206,12.8035151423349,42.9290041813224,18.5043238190429,25.8883699757246,9.31343116150004,34.3432671713103,0,20.5485668600027,22.800219297191,10.3232746742494,5.23259018078045,0,24.9238460114004,0,19.7424036023986,10.816653826392,20.5485668600027,0,5.23259018078045,8.49028856988972,49.2577912618907,32.8011112616631,0,7.08590149522275,5.23259018078045,24.4532226914982,29.2724802502282,42.9290041813224,0,19.85925728722,10.816653826392,0,19.85925728722,8.60058137569781,7.08590149522275,29.350134582315,9.22659200355148,0,0,12.8035151423349,12.8035151423349,34.3432671713103,7.08590149522275,45.327695727888,29.2724802502282,9.22659200355148,19.85925728722
"49",7.08590149522275,3.63593179253957,19.85925728722,0,0,18.5095353804465,8.60058137569781,42.9290041813224,7.51531769122238,9.6301609540028,13.5247920501574,38.3817665044224,9.31343116150004,21.0858151371959,22.2122241119614,0,8.60058137569781,71.3232248289434,0,42.9290041813224,0,42.9290041813224,2.56124969497314,42.9290041813224,25.8883699757246,5.23259018078045,7.08590149522275,7.08590149522275,29.2724802502282,42.9290041813224,15.1855194181826,32.8011112616631,0,3.63593179253957,5.23259018078045,9.6301609540028,49.2577912618907,0,25.5660165062921,24.834049206684,12.8035151423349,29.2724802502282,27.6586333718787,29.3813886669776,16.280049139975,19.402579725387,32.8011112616631,4.83011387029333,71.3232248289434,0,9.6301609540028,7.08590149522275,20.7060377667964,9.31343116150004,20.5485668600027,49.2577912618907,10.816653826392,10.816653826392,38.3817665044224,0,25.8883699757246,19.85925728722,20.5485668600027,38.3817665044224,0,9.84885780179611,0,17.8394198336157,4.35660418215839,15.1855194181826,0,19.85925728722,5.23259018078045,7.08590149522275,24.4532226914982,0,20.5485668600027,7.20733653994317,23.4200768572607,29.3813886669776,24.4532226914982,0,8.49028856988972,7.08590149522275,0,6.26099033699941,2.56124969497314,19.85925728722,32.8011112616631,9.6301609540028,0,0,22.800219297191,7.20733653994317,15.1855194181826,29.350134582315,7.08590149522275,7.20733653994317,8.60058137569781,12.8035151423349
"50",19.85925728722,9.22659200355148,42.9290041813224,0,0,18.2849665025671,16.280049139975,49.2577912618907,0,9.22659200355148,0,20.5787487471906,19.85925728722,27.3205710042817,10.816653826392,0,16.280049139975,25.8883699757246,0,10.816653826392,0,18.7854757725217,7.08590149522275,10.816653826392,0,9.22659200355148,18.5043238190429,42.9290041813224,32.8011112616631,39.5132889038612,42.9290041813224,12.8035151423349,0,9.22659200355148,3.63593179253957,9.22659200355148,29.2724802502282,0,9.6301609540028,9.31343116150004,18.7593603302458,12.8035151423349,29.3813886669776,21.2809774211618,2.56124969497314,32.8011112616631,18.7593603302458,10.3232746742494,45.327695727888,0,18.7593603302458,10.816653826392,6.26099033699941,32.8011112616631,19.402579725387,9.84885780179611,7.08590149522275,7.08590149522275,24.4532226914982,0,32.8011112616631,32.8011112616631,39.5132889038612,6.26099033699941,0,12.8035151423349,0,24.4532226914982,29.2724802502282,0,0,10.816653826392,20.5485668600027,18.5043238190429,3.63593179253957,0,21.2809774211618,20.6807857684373,24.9238460114004,25.8883699757246,24.9238460114004,0,5.23259018078045,29.2724802502282,0,42.9290041813224,15.1855194181826,29.2724802502282,7.08590149522275,8.60058137569781,0,0,39.5132889038612,5.23259018078045,71.3232248289434,29.2724802502282,71.3232248289434,18.7593603302458,2.56124969497314,42.9290041813224
"51",22.2122241119614,9.6301609540028,7.08590149522275,0,0,19.5898034701729,8.49028856988972,18.5043238190429,0,8.60058137569781,0,24.4532226914982,42.9290041813224,20.5787487471906,7.08590149522275,0,20.7060377667964,49.2577912618907,0,7.08590149522275,0,12.8035151423349,8.99388681271896,7.08590149522275,0,2.56124969497314,29.2724802502282,45.327695727888,3.63593179253957,20.5485668600027,9.6301609540028,5.23259018078045,0,8.60058137569781,9.22659200355148,8.60058137569781,3.63593179253957,0,42.9290041813224,32.8011112616631,3.63593179253957,18.7593603302458,34.7012968057391,9.84885780179611,6.7955868032128,9.31343116150004,7.51531769122238,20.5485668600027,38.3817665044224,0,8.99388681271896,29.2724802502282,58.8544042532078,9.84885780179611,7.08590149522275,5.23259018078045,20.5485668600027,19.85925728722,25.8883699757246,0,4.83011387029333,42.9290041813224,34.7012968057391,10.816653826392,0,29.3813886669776,0,9.84885780179611,3.63593179253957,0,0,42.9290041813224,29.350134582315,29.2724802502282,9.22659200355148,0,18.5043238190429,18.7593603302458,22.528204544526,18.7593603302458,42.9535795947206,0,42.9290041813224,3.63593179253957,0,49.2577912618907,9.6301609540028,18.7593603302458,29.2724802502282,2.56124969497314,0,0,29.2724802502282,9.22659200355148,49.2577912618907,18.7593603302458,18.5043238190429,25.8883699757246,16.280049139975,7.08590149522275
"52",29.2724802502282,5.23259018078045,22.2122241119614,0,0,22.8514857285035,20.5485668600027,20.5485668600027,0,2.56124969497314,0,3.63593179253957,7.08590149522275,17.8394198336157,9.84885780179611,0,2.56124969497314,18.5043238190429,0,18.5043238190429,0,7.08590149522275,34.7012968057391,22.2122241119614,0,3.63593179253957,5.23259018078045,20.5485668600027,9.6301609540028,5.23259018078045,7.08590149522275,42.9290041813224,0,2.56124969497314,8.60058137569781,16.280049139975,9.22659200355148,0,27.6586333718787,18.7854757725217,9.22659200355148,7.20733653994317,7.51531769122238,24.4532226914982,20.5485668600027,42.9290041813224,24.9238460114004,34.7012968057391,8.49028856988972,0,9.22659200355148,29.3813886669776,32.809297462762,18.7593603302458,71.3232248289434,29.350134582315,71.3232248289434,42.9290041813224,3.63593179253957,0,10.3232746742494,10.816653826392,29.3813886669776,7.08590149522275,0,5.23259018078045,0,19.85925728722,9.22659200355148,0,0,7.08590149522275,34.3432671713103,5.23259018078045,2.56124969497314,0,19.85925728722,9.22659200355148,20.5485668600027,20.5485668600027,3.63593179253957,0,38.3817665044224,9.22659200355148,0,13.5247920501574,42.9290041813224,5.23259018078045,18.7593603302458,16.280049139975,0,0,32.8011112616631,3.63593179253957,12.8035151423349,6.26099033699941,32.8011112616631,12.8035151423349,10.816653826392,45.327695727888
"53",5.23259018078045,39.5132889038612,38.3817665044224,0,0,27.3205710042817,34.3432671713103,71.3232248289434,0,16.280049139975,0,9.22659200355148,71.3232248289434,20.6807857684373,18.7854757725217,0,20.5485668600027,29.2724802502282,0,18.7854757725217,0,35.0722468627261,29.2724802502282,38.3817665044224,0,9.6301609540028,3.63593179253957,71.3232248289434,20.6807857684373,49.2577912618907,29.2724802502282,45.327695727888,0,16.280049139975,2.56124969497314,2.56124969497314,20.5485668600027,0,25.0874470602331,5.59732078766262,8.60058137569781,3.63593179253957,25.0874470602331,3.63593179253957,15.1855194181826,71.3232248289434,7.20733653994317,4.35660418215839,5.23259018078045,0,8.60058137569781,4.35660418215839,3.63593179253957,7.20733653994317,38.3817665044224,29.2724802502282,38.3817665044224,20.5485668600027,9.6301609540028,0,33.4970147923662,7.08590149522275,7.51531769122238,71.3232248289434,0,39.5132889038612,0,42.9290041813224,2.56124969497314,0,0,38.3817665044224,29.2724802502282,18.7593603302458,8.60058137569781,0,45.327695727888,3.63593179253957,32.809297462762,42.9535795947206,9.6301609540028,0,18.5043238190429,9.6301609540028,0,10.816653826392,16.280049139975,3.63593179253957,7.20733653994317,5.23259018078045,0,0,5.23259018078045,2.56124969497314,32.8011112616631,8.99388681271896,18.7854757725217,5.23259018078045,9.6301609540028,18.5043238190429
"54",20.6807857684373,2.56124969497314,18.5043238190429,0,0,25.0874470602331,12.8035151423349,29.2724802502282,0,5.23259018078045,0,2.56124969497314,32.8011112616631,24.9238460114004,29.2724802502282,0,39.5132889038612,3.63593179253957,0,29.2724802502282,0,22.2122241119614,18.5043238190429,29.2724802502282,0,7.08590149522275,8.99388681271896,22.2122241119614,9.22659200355148,71.3232248289434,16.280049139975,10.816653826392,0,5.23259018078045,16.280049139975,6.7955868032128,18.7593603302458,0,22.528204544526,7.08590149522275,2.56124969497314,9.6301609540028,20.5787487471906,9.22659200355148,0,19.85925728722,20.5485668600027,29.3813886669776,32.8011112616631,0,2.56124969497314,8.94986033410578,9.22659200355148,18.7854757725217,45.327695727888,18.7593603302458,19.85925728722,29.2724802502282,9.22659200355148,0,24.4532226914982,18.7854757725217,18.7593603302458,29.2724802502282,0,49.2577912618907,0,32.809297462762,8.60058137569781,0,0,9.84885780179611,39.5132889038612,3.63593179253957,16.280049139975,0,71.3232248289434,8.60058137569781,22.800219297191,3.63593179253957,20.6807857684373,0,45.327695727888,2.56124969497314,0,7.08590149522275,5.23259018078045,9.22659200355148,5.23259018078045,20.5485668600027,0,0,7.20733653994317,8.60058137569781,29.2724802502282,49.2577912618907,22.2122241119614,9.84885780179611,20.5485668600027,32.8011112616631
"55",18.7593603302458,8.60058137569781,45.327695727888,0,0,27.6586333718787,5.23259018078045,5.23259018078045,0,4.83011387029333,0,8.60058137569781,20.5485668600027,18.7593603302458,18.7593603302458,0,34.7012968057391,9.6301609540028,0,5.23259018078045,0,71.3232248289434,25.5660165062921,18.7593603302458,0,19.85925728722,9.6301609540028,29.2724802502282,2.56124969497314,29.2724802502282,5.23259018078045,7.08590149522275,0,9.6301609540028,20.5485668600027,20.5485668600027,9.6301609540028,0,12.8035151423349,22.2122241119614,16.280049139975,5.23259018078045,5.59732078766262,2.56124969497314,0,10.816653826392,34.3432671713103,7.51531769122238,29.2724802502282,0,16.280049139975,5.72800139664787,2.56124969497314,22.2122241119614,32.8011112616631,6.26099033699941,45.327695727888,12.8035151423349,2.56124969497314,0,29.3813886669776,22.2122241119614,33.4970147923662,3.63593179253957,0,32.8011112616631,0,13.5247920501574,6.7955868032128,0,0,45.327695727888,6.26099033699941,9.22659200355148,9.6301609540028,0,38.3817665044224,2.56124969497314,29.3813886669776,9.6301609540028,9.22659200355148,0,6.26099033699941,8.60058137569781,0,9.22659200355148,7.08590149522275,8.60058137569781,12.8035151423349,49.2577912618907,0,0,58.8544042532078,16.280049139975,5.23259018078045,20.6807857684373,29.2724802502282,19.85925728722,34.3432671713103,22.2122241119614
"56",3.63593179253957,16.280049139975,32.8011112616631,0,0,12.8035151423349,4.35660418215839,6.26099033699941,0,10.3232746742494,0,16.280049139975,18.7854757725217,32.809297462762,12.8035151423349,0,4.83011387029333,9.22659200355148,0,18.7593603302458,0,29.3813886669776,20.5485668600027,8.99388681271896,0,42.9290041813224,71.3232248289434,6.26099033699941,8.60058137569781,3.63593179253957,8.99388681271896,18.7854757725217,0,20.5485668600027,20.7060377667964,15.1855194181826,6.26099033699941,0,4.83011387029333,29.2724802502282,8.49028856988972,9.22659200355148,0,8.60058137569781,0,7.08590149522275,19.85925728722,18.7593603302458,18.7593603302458,0,6.7955868032128,0,8.60058137569781,35.0722468627261,19.85925728722,8.99388681271896,32.8011112616631,38.3817665044224,8.60058137569781,0,7.51531769122238,20.5485668600027,24.9238460114004,20.5485668600027,0,26.4422408278875,0,9.22659200355148,20.5485668600027,0,0,32.8011112616631,49.2577912618907,8.60058137569781,20.5485668600027,0,29.2724802502282,16.280049139975,34.3432671713103,9.22659200355148,2.56124969497314,0,10.816653826392,16.280049139975,0,2.56124969497314,29.2724802502282,2.56124969497314,3.63593179253957,4.83011387029333,0,0,20.5485668600027,6.7955868032128,3.63593179253957,3.63593179253957,18.7593603302458,4.35660418215839,7.08590149522275,9.84885780179611
"57",9.22659200355148,8.99388681271896,20.5485668600027,0,0,5.23259018078045,7.20733653994317,32.8011112616631,0,20.5485668600027,0,6.7955868032128,22.2122241119614,3.63593179253957,7.20733653994317,0,10.3232746742494,8.99388681271896,0,20.6807857684373,0,18.7593603302458,32.8011112616631,6.26099033699941,0,29.2724802502282,6.26099033699941,3.63593179253957,16.280049139975,9.22659200355148,32.8011112616631,22.2122241119614,0,7.08590149522275,9.6301609540028,0,2.56124969497314,0,5.23259018078045,18.7593603302458,18.5043238190429,8.60058137569781,0,16.280049139975,0,18.7854757725217,22.2122241119614,24.834049206684,3.63593179253957,0,20.5485668600027,0,16.280049139975,20.6807857684373,29.2724802502282,9.22659200355148,18.7854757725217,3.63593179253957,16.280049139975,0,5.23259018078045,35.0722468627261,58.8544042532078,32.8011112616631,0,18.7854757725217,0,3.63593179253957,15.1855194181826,0,0,29.2724802502282,71.3232248289434,2.56124969497314,34.7012968057391,0,32.8011112616631,20.5485668600027,19.85925728722,2.56124969497314,8.60058137569781,0,7.08590149522275,20.5485668600027,0,8.60058137569781,8.99388681271896,6.7955868032128,9.6301609540028,10.3232746742494,0,0,42.9535795947206,20.5485668600027,9.22659200355148,9.22659200355148,5.23259018078045,32.809297462762,29.2724802502282,5.23259018078045
"58",2.56124969497314,71.3232248289434,35.0722468627261,0,0,22.528204544526,39.5132889038612,18.7184000384648,0,25.8883699757246,0,20.5485668600027,29.2724802502282,9.22659200355148,35.0722468627261,0,18.7593603302458,2.56124969497314,0,3.63593179253957,0,5.23259018078045,9.6301609540028,3.63593179253957,0,16.280049139975,18.7593603302458,9.6301609540028,8.49028856988972,9.6301609540028,71.3232248289434,15.1855194181826,0,29.2724802502282,34.3432671713103,0,8.60058137569781,0,6.7955868032128,12.8035151423349,6.26099033699941,2.56124969497314,0,6.7955868032128,0,20.5485668600027,8.49028856988972,26.0588276789268,8.99388681271896,0,15.1855194181826,0,6.7955868032128,10.816653826392,8.49028856988972,3.63593179253957,29.2724802502282,9.22659200355148,6.7955868032128,0,22.800219297191,29.2724802502282,5.23259018078045,9.22659200355148,0,22.2122241119614,0,2.56124969497314,0,0,0,18.7593603302458,18.7593603302458,16.280049139975,19.85925728722,0,3.63593179253957,9.6301609540028,19.402579725387,8.60058137569781,6.7955868032128,0,29.2724802502282,4.83011387029333,0,16.280049139975,32.8011112616631,15.1855194181826,9.22659200355148,18.5043238190429,0,0,32.809297462762,8.49028856988972,9.6301609540028,2.56124969497314,3.63593179253957,20.5485668600027,8.99388681271896,29.2724802502282
"59",8.60058137569781,49.2577912618907,18.7184000384648,0,0,49.2577912618907,9.6301609540028,3.63593179253957,0,32.8011112616631,0,15.1855194181826,5.23259018078045,8.60058137569781,5.23259018078045,0,12.8035151423349,8.60058137569781,0,9.22659200355148,0,31.4383523741305,42.9535795947206,9.6301609540028,0,8.99388681271896,42.9535795947206,9.22659200355148,6.7955868032128,6.26099033699941,18.7593603302458,35.0722468627261,0,8.99388681271896,29.350134582315,0,16.280049139975,0,15.1855194181826,31.4383523741305,8.99388681271896,16.280049139975,0,20.5485668600027,0,66.1186932720241,32.809297462762,32.809297462762,9.6301609540028,0,0,0,20.5485668600027,7.08590149522275,3.63593179253957,8.60058137569781,5.23259018078045,7.51531769122238,20.5485668600027,0,32.809297462762,5.23259018078045,12.8035151423349,9.6301609540028,0,18.7593603302458,0,8.60058137569781,0,0,0,9.22659200355148,3.63593179253957,25.5660165062921,22.2122241119614,0,9.22659200355148,4.83011387029333,71.3232248289434,16.280049139975,20.5485668600027,0,18.7593603302458,10.3232746742494,0,29.3813886669776,42.9535795947206,13.5247920501574,8.60058137569781,18.7593603302458,0,0,8.49028856988972,15.1855194181826,8.99388681271896,8.60058137569781,9.6301609540028,34.3432671713103,19.85925728722,18.7593603302458
"60",16.280049139975,4.83011387029333,29.2724802502282,0,0,6.26099033699941,29.350134582315,9.22659200355148,0,18.7593603302458,0,0,8.49028856988972,2.56124969497314,18.198950519192,0,5.23259018078045,16.280049139975,0,8.60058137569781,0,9.22659200355148,18.7593603302458,20.6807857684373,0,6.26099033699941,32.8011112616631,13.5247920501574,20.5485668600027,2.56124969497314,4.83011387029333,29.2724802502282,0,18.5043238190429,22.2122241119614,0,8.99388681271896,0,0,3.63593179253957,6.7955868032128,20.5485668600027,0,15.1855194181826,0,26.4422408278875,20.6807857684373,19.85925728722,6.26099033699941,0,0,0,15.1855194181826,29.2724802502282,9.22659200355148,2.56124969497314,3.63593179253957,2.56124969497314,15.1855194181826,0,20.5787487471906,31.4383523741305,22.800219297191,18.5043238190429,0,9.22659200355148,0,16.280049139975,0,0,0,3.63593179253957,9.22659200355148,6.7955868032128,4.83011387029333,0,9.84885780179611,10.3232746742494,12.8035151423349,9.84885780179611,15.1855194181826,0,9.84885780179611,29.3813886669776,0,8.99388681271896,4.83011387029333,25.5660165062921,2.56124969497314,29.3813886669776,0,0,8.99388681271896,0,18.7593603302458,16.280049139975,8.99388681271896,39.5132889038612,71.3232248289434,8.49028856988972
"61",6.7955868032128,10.3232746742494,5.23259018078045,0,0,20.5485668600027,32.8011112616631,38.3817665044224,0,39.5132889038612,0,0,6.26099033699941,16.280049139975,18.5043238190429,0,7.51531769122238,13.5247920501574,0,2.56124969497314,0,3.63593179253957,71.3232248289434,9.22659200355148,0,71.3232248289434,9.22659200355148,2.56124969497314,7.20733653994317,8.60058137569781,10.3232746742494,18.7593603302458,0,20.6807857684373,6.26099033699941,0,32.8011112616631,0,0,9.6301609540028,20.5485668600027,32.8011112616631,0,0,0,29.2724802502282,9.84885780179611,34.3432671713103,9.22659200355148,0,0,0,0,18.198950519192,2.56124969497314,16.280049139975,9.6301609540028,8.60058137569781,0,0,24.9238460114004,3.63593179253957,20.5787487471906,22.2122241119614,0,3.63593179253957,0,8.99388681271896,0,0,0,8.60058137569781,9.6301609540028,20.5485668600027,10.3232746742494,0,2.56124969497314,8.99388681271896,5.23259018078045,4.83011387029333,0,0,20.7060377667964,8.99388681271896,0,9.6301609540028,10.3232746742494,0,16.280049139975,6.26099033699941,0,0,4.83011387029333,0,2.56124969497314,6.7955868032128,9.22659200355148,22.2122241119614,22.2122241119614,8.99388681271896
"62",20.5485668600027,6.26099033699941,3.63593179253957,0,0,71.3232248289434,20.6807857684373,9.6301609540028,0,29.3813886669776,0,0,3.63593179253957,6.7955868032128,9.22659200355148,0,29.3813886669776,18.7593603302458,0,15.1855194181826,0,8.60058137569781,19.85925728722,8.60058137569781,0,49.2577912618907,18.7854757725217,8.60058137569781,15.1855194181826,16.280049139975,19.85925728722,3.63593179253957,0,4.83011387029333,49.2577912618907,0,4.83011387029333,0,0,18.198950519192,13.5247920501574,18.7854757725217,0,0,0,5.23259018078045,49.2577912618907,18.198950519192,20.5485668600027,0,0,0,0,5.23259018078045,8.60058137569781,6.7955868032128,9.22659200355148,16.280049139975,0,0,18.7593603302458,9.6301609540028,32.809297462762,18.7854757725217,0,8.99388681271896,0,9.6301609540028,0,0,0,2.56124969497314,8.99388681271896,15.1855194181826,29.3813886669776,0,8.60058137569781,42.9535795947206,49.2577912618907,10.3232746742494,0,0,9.22659200355148,6.26099033699941,0,34.3432671713103,29.3813886669776,0,20.5485668600027,5.59732078766262,0,0,34.7012968057391,0,8.60058137569781,20.5485668600027,35.0722468627261,18.7854757725217,18.7593603302458,18.7854757725217
"63",15.1855194181826,18.7593603302458,9.6301609540028,0,0,4.83011387029333,22.2122241119614,8.99388681271896,0,49.2577912618907,0,0,9.22659200355148,20.5485668600027,3.63593179253957,0,18.7184000384648,4.83011387029333,0,9.6301609540028,0,2.56124969497314,4.83011387029333,2.56124969497314,0,18.7593603302458,18.198950519192,16.280049139975,0,8.99388681271896,38.3817665044224,9.6301609540028,0,10.3232746742494,4.83011387029333,0,10.3232746742494,0,0,9.22659200355148,15.1855194181826,22.2122241119614,0,0,0,31.4383523741305,9.22659200355148,5.59732078766262,18.7854757725217,0,0,0,0,3.63593179253957,16.280049139975,20.5485668600027,2.56124969497314,8.99388681271896,0,0,34.3432671713103,9.22659200355148,18.7854757725217,2.56124969497314,0,8.60058137569781,0,20.5485668600027,0,0,0,20.5485668600027,2.56124969497314,20.7060377667964,6.26099033699941,0,16.280049139975,18.5043238190429,4.83011387029333,7.51531769122238,0,0,3.63593179253957,20.7060377667964,0,20.5485668600027,5.59732078766262,0,42.9535795947206,7.51531769122238,0,0,10.3232746742494,0,16.280049139975,15.1855194181826,18.198950519192,42.9290041813224,4.83011387029333,3.63593179253957
"64",6.26099033699941,12.8035151423349,6.26099033699941,0,0,2.56124969497314,71.3232248289434,2.56124969497314,0,26.0588276789268,0,0,8.99388681271896,15.1855194181826,2.56124969497314,0,19.85925728722,10.3232746742494,0,16.280049139975,0,6.7955868032128,10.3232746742494,16.280049139975,0,13.5247920501574,22.2122241119614,8.99388681271896,0,29.3813886669776,18.198950519192,6.26099033699941,0,29.3813886669776,10.3232746742494,0,13.5247920501574,0,0,8.60058137569781,0,8.99388681271896,0,0,0,8.49028856988972,3.63593179253957,49.2577912618907,29.3813886669776,0,0,0,0,9.22659200355148,8.99388681271896,15.1855194181826,8.60058137569781,18.7593603302458,0,0,22.528204544526,2.56124969497314,18.198950519192,8.60058137569781,0,2.56124969497314,0,4.83011387029333,0,0,0,16.280049139975,8.60058137569781,0,49.2577912618907,0,8.99388681271896,29.3813886669776,2.56124969497314,5.59732078766262,0,0,8.60058137569781,7.51531769122238,0,32.8011112616631,8.49028856988972,0,20.6807857684373,29.350134582315,0,0,29.3813886669776,0,6.26099033699941,0,12.8035151423349,45.327695727888,10.3232746742494,9.22659200355148
"65",0,8.49028856988972,20.6807857684373,0,0,42.9290041813224,49.2577912618907,8.60058137569781,0,7.51531769122238,0,0,9.6301609540028,0,8.60058137569781,0,5.59732078766262,29.3813886669776,0,35.0722468627261,0,15.1855194181826,42.9290041813224,18.5043238190429,0,32.8011112616631,35.0722468627261,18.7593603302458,0,18.7593603302458,18.7854757725217,9.22659200355148,0,7.51531769122238,29.3813886669776,0,18.198950519192,0,0,2.56124969497314,0,18.198950519192,0,0,0,3.63593179253957,2.56124969497314,23.2243406795543,13.5247920501574,0,0,0,0,8.60058137569781,6.26099033699941,0,16.280049139975,4.83011387029333,0,0,71.3232248289434,8.60058137569781,22.2122241119614,16.280049139975,0,16.280049139975,0,10.3232746742494,0,0,0,8.99388681271896,16.280049139975,0,71.3232248289434,0,13.5247920501574,7.51531769122238,7.51531769122238,4.35660418215839,0,0,2.56124969497314,34.3432671713103,0,18.7593603302458,6.26099033699941,0,29.3813886669776,32.8011112616631,0,0,18.7593603302458,0,4.35660418215839,0,29.3813886669776,18.198950519192,49.2577912618907,6.26099033699941
"66",0,32.8011112616631,9.22659200355148,0,0,26.0588276789268,4.83011387029333,16.280049139975,0,19.85925728722,0,0,2.56124969497314,0,16.280049139975,0,4.35660418215839,7.51531769122238,0,6.26099033699941,0,13.5247920501574,38.3817665044224,20.5485668600027,0,18.198950519192,20.6807857684373,4.83011387029333,0,20.7060377667964,29.3813886669776,8.99388681271896,0,32.8011112616631,18.198950519192,0,18.7854757725217,0,0,16.280049139975,0,4.83011387029333,0,0,0,9.6301609540028,8.60058137569781,0,20.6807857684373,0,0,0,0,2.56124969497314,7.51531769122238,0,8.99388681271896,10.3232746742494,0,0,49.2577912618907,16.280049139975,23.2243406795543,8.99388681271896,0,6.7955868032128,0,29.2724802502282,0,0,0,6.26099033699941,13.5247920501574,0,7.51531769122238,0,22.2122241119614,18.198950519192,6.26099033699941,0,0,0,16.280049139975,22.2122241119614,0,22.2122241119614,7.51531769122238,0,8.99388681271896,71.3232248289434,0,0,6.26099033699941,0,25.5660165062921,0,8.49028856988972,8.49028856988972,39.5132889038612,9.6301609540028
"67",0,29.3813886669776,2.56124969497314,0,0,5.59732078766262,10.3232746742494,18.7593603302458,0,22.2122241119614,0,0,8.60058137569781,0,6.7955868032128,0,18.198950519192,20.7060377667964,0,26.0588276789268,0,25.5660165062921,29.3813886669776,32.8011112616631,0,4.83011387029333,29.3813886669776,10.3232746742494,0,13.5247920501574,7.51531769122238,16.6806144970741,0,8.49028856988972,18.7854757725217,0,35.0722468627261,0,0,16.6806144970741,0,38.3817665044224,0,0,0,9.22659200355148,16.280049139975,0,31.4383523741305,0,0,0,0,16.280049139975,4.83011387029333,0,6.26099033699941,29.3813886669776,0,0,5.59732078766262,18.198950519192,35.0722468627261,18.7593603302458,0,20.5485668600027,0,20.7060377667964,0,0,0,4.83011387029333,4.83011387029333,0,4.35660418215839,0,9.6301609540028,8.49028856988972,42.9290041813224,0,0,0,20.5485668600027,49.2577912618907,0,42.9535795947206,18.5043238190429,0,16.6806144970741,8.99388681271896,0,0,7.51531769122238,0,22.2122241119614,0,6.26099033699941,29.3813886669776,6.26099033699941,4.35660418215839
"68",0,13.5247920501574,8.60058137569781,0,0,18.198950519192,6.26099033699941,4.83011387029333,0,4.35660418215839,0,0,16.280049139975,0,20.5485668600027,0,0,5.59732078766262,0,22.0771374956084,0,0,7.51531769122238,18.198950519192,0,10.3232746742494,13.5247920501574,18.7854757725217,0,22.2122241119614,22.2122241119614,2.56124969497314,0,6.26099033699941,26.0588276789268,0,22.2122241119614,0,0,9.84885780179611,0,10.3232746742494,0,0,0,6.26099033699941,8.99388681271896,0,18.198950519192,0,0,0,0,9.6301609540028,10.3232746742494,0,35.0722468627261,13.5247920501574,0,0,42.9290041813224,8.49028856988972,26.0588276789268,13.5247920501574,0,6.26099033699941,0,34.3432671713103,0,0,0,10.3232746742494,10.3232746742494,0,42.9290041813224,0,4.83011387029333,6.26099033699941,18.7854757725217,0,0,0,18.7854757725217,21.2809774211618,0,4.83011387029333,0,0,45.6383873510009,8.49028856988972,0,0,19.85925728722,0,45.327695727888,0,20.5485668600027,3.63593179253957,29.3813886669776,10.3232746742494
"69",0,7.51531769122238,16.280049139975,0,0,12.9448831589937,29.3813886669776,10.3232746742494,0,18.7854757725217,0,0,18.198950519192,0,8.49028856988972,0,0,22.2122241119614,0,8.99388681271896,0,0,18.198950519192,45.327695727888,0,18.7854757725217,20.5485668600027,29.3813886669776,0,4.35660418215839,8.49028856988972,8.60058137569781,0,5.59732078766262,32.8011112616631,0,26.0588276789268,0,0,5.23259018078045,0,29.3813886669776,0,0,0,2.56124969497314,4.83011387029333,0,45.6383873510009,0,0,0,0,20.5485668600027,13.5247920501574,0,4.83011387029333,9.6301609540028,0,0,18.7854757725217,6.26099033699941,22.528204544526,31.4383523741305,0,15.1855194181826,0,18.7593603302458,0,0,0,29.3813886669776,29.3813886669776,0,5.59732078766262,0,10.3232746742494,32.8011112616631,12.9448831589937,0,0,0,4.83011387029333,18.198950519192,0,10.3232746742494,0,0,4.83011387029333,13.5247920501574,0,0,49.2577912618907,0,18.7854757725217,0,26.0588276789268,9.22659200355148,20.7060377667964,13.5247920501574
"70",0,18.198950519192,8.99388681271896,0,0,13.5247920501574,45.327695727888,29.3813886669776,0,35.0722468627261,0,0,20.6807857684373,0,15.1855194181826,0,0,38.3817665044224,0,25.5660165062921,0,0,6.26099033699941,35.0722468627261,0,35.0722468627261,16.6806144970741,20.7060377667964,0,32.8011112616631,6.26099033699941,16.280049139975,0,20.7060377667964,13.5247920501574,0,45.327695727888,0,0,4.83011387029333,0,7.51531769122238,0,0,0,8.60058137569781,10.3232746742494,0,2.56124969497314,0,0,0,0,4.83011387029333,29.3813886669776,0,10.3232746742494,45.327695727888,0,0,18.198950519192,20.6807857684373,34.3432671713103,29.3813886669776,0,0,0,18.198950519192,0,0,0,13.5247920501574,32.8011112616631,0,18.7854757725217,0,18.7593603302458,18.7184000384648,5.59732078766262,0,0,0,10.3232746742494,5.59732078766262,0,18.7854757725217,0,0,38.3817665044224,45.327695727888,0,0,20.7060377667964,0,4.83011387029333,0,10.3232746742494,8.99388681271896,7.51531769122238,29.3813886669776
"71",0,18.7854757725217,18.198950519192,0,0,42.9535795947206,18.7854757725217,20.7060377667964,0,7.56901578806651,0,0,35.0722468627261,0,0,0,0,0,0,20.7060377667964,0,0,5.59732078766262,4.83011387029333,0,29.3813886669776,26.4422408278875,7.51531769122238,0,18.5043238190429,5.59732078766262,20.6807857684373,0,18.198950519192,35.0722468627261,0,29.3813886669776,0,0,10.3232746742494,0,45.327695727888,0,0,0,16.280049139975,29.3813886669776,0,4.83011387029333,0,0,0,0,10.3232746742494,18.198950519192,0,29.3813886669776,18.198950519192,0,0,0,4.83011387029333,6.26099033699941,20.6807857684373,0,0,0,49.2577912618907,0,0,0,18.198950519192,7.51531769122238,0,7.56901578806651,0,29.3813886669776,5.59732078766262,26.0588276789268,0,0,0,29.3813886669776,4.35660418215839,0,29.2724802502282,0,0,10.3232746742494,0,0,0,22.2122241119614,0,10.3232746742494,0,13.5247920501574,2.56124969497314,5.59732078766262,31.4383523741305
"72",0,5.59732078766262,4.83011387029333,0,0,35.0722468627261,18.198950519192,5.59732078766262,0,18.198950519192,0,0,4.83011387029333,0,0,0,0,0,0,23.2243406795543,0,0,18.7854757725217,10.3232746742494,0,7.51531769122238,2.56124969497314,18.198950519192,0,8.94986033410578,18.5043238190429,4.83011387029333,0,18.7854757725217,45.327695727888,0,18.5043238190429,0,0,20.5485668600027,0,26.0588276789268,0,0,0,20.7060377667964,9.6301609540028,0,10.3232746742494,0,0,0,0,29.3813886669776,31.4383523741305,0,18.198950519192,18.7854757725217,0,0,0,10.3232746742494,49.2577912618907,18.198950519192,0,0,0,35.0722468627261,0,0,0,7.51531769122238,20.7060377667964,0,18.198950519192,0,20.7060377667964,20.7060377667964,0,0,0,0,13.5247920501574,23.2243406795543,0,20.7060377667964,0,0,19.85925728722,0,0,0,18.198950519192,0,38.3817665044224,0,4.35660418215839,8.60058137569781,42.9290041813224,18.198950519192
"73",0,0,10.3232746742494,0,0,32.809297462762,8.99388681271896,7.51531769122238,0,5.59732078766262,0,0,10.3232746742494,0,0,0,0,0,0,4.35660418215839,0,0,35.0722468627261,29.3813886669776,0,31.4383523741305,4.83011387029333,5.59732078766262,0,23.2243406795543,20.6807857684373,10.3232746742494,0,29.350134582315,7.51531769122238,0,7.51531769122238,0,0,26.0588276789268,0,18.5043238190429,0,0,0,4.35660418215839,20.7060377667964,0,35.0722468627261,0,0,0,0,8.99388681271896,20.6807857684373,0,13.5247920501574,35.0722468627261,0,0,0,8.99388681271896,42.9290041813224,20.7060377667964,0,0,0,7.51531769122238,0,0,0,18.7854757725217,5.59732078766262,0,12.9448831589937,0,5.59732078766262,22.2122241119614,0,0,0,0,18.198950519192,32.8011112616631,0,5.59732078766262,0,0,26.0588276789268,0,0,0,42.9290041813224,0,29.3813886669776,0,19.402579725387,16.280049139975,0,20.5485668600027
"74",0,0,29.3813886669776,0,0,8.60058137569781,7.51531769122238,13.5247920501574,0,12.9448831589937,0,0,29.3813886669776,0,0,0,0,0,0,8.94986033410578,0,0,22.2122241119614,26.0588276789268,0,18.5043238190429,10.3232746742494,20.6807857684373,0,5.72800139664787,45.327695727888,29.3813886669776,0,26.0588276789268,16.6806144970741,0,16.6806144970741,0,0,29.3813886669776,0,20.6807857684373,0,0,0,18.5043238190429,6.26099033699941,0,5.59732078766262,0,0,0,0,26.0588276789268,35.0722468627261,0,7.51531769122238,31.4383523741305,0,0,0,29.3813886669776,5.59732078766262,4.83011387029333,0,0,0,5.59732078766262,0,0,0,22.2122241119614,22.2122241119614,0,26.0588276789268,0,0,29.350134582315,0,0,0,0,7.51531769122238,18.7854757725217,0,7.51531769122238,0,0,8.49028856988972,0,0,0,18.7854757725217,0,7.51531769122238,0,31.4383523741305,6.26099033699941,0,35.0722468627261
"75",0,0,13.5247920501574,0,0,0,11.0887330205033,18.198950519192,0,16.6806144970741,0,0,5.59732078766262,0,0,0,0,0,0,0,0,0,20.6807857684373,13.5247920501574,0,26.0588276789268,26.0588276789268,35.0722468627261,0,5.59732078766262,0,13.5247920501574,0,45.327695727888,38.3817665044224,0,20.7060377667964,0,0,18.7184000384648,0,8.49028856988972,0,0,0,20.6807857684373,42.9290041813224,0,20.7060377667964,0,0,0,0,18.5043238190429,26.0588276789268,0,26.0588276789268,22.2122241119614,0,0,0,26.0588276789268,0,10.3232746742494,0,0,0,0,0,0,0,5.59732078766262,18.7854757725217,0,0,0,0,18.7854757725217,0,0,0,0,35.0722468627261,26.0588276789268,0,71.3232248289434,0,0,6.26099033699941,0,0,0,35.0722468627261,0,8.94986033410578,0,63.2555325643536,7.51531769122238,0,20.6807857684373
"76",0,0,26.0588276789268,0,0,0,13.5247920501574,22.2122241119614,0,18.7184000384648,0,0,7.51531769122238,0,0,0,0,0,0,0,0,0,20.7060377667964,7.51531769122238,0,45.327695727888,5.59732078766262,26.0588276789268,0,7.51531769122238,0,45.6383873510009,0,0,4.35660418215839,0,5.59732078766262,0,0,20.6807857684373,0,6.26099033699941,0,0,0,4.83011387029333,31.4383523741305,0,7.51531769122238,0,0,0,0,8.49028856988972,5.59732078766262,0,5.59732078766262,18.5043238190429,0,0,0,13.5247920501574,0,5.59732078766262,0,0,0,0,0,0,0,26.0588276789268,45.327695727888,0,0,0,0,35.0722468627261,0,0,0,0,19.402579725387,0,0,4.35660418215839,0,0,5.59732078766262,0,0,0,26.0588276789268,0,5.72800139664787,0,2.56124969497314,4.83011387029333,0,63.2555325643536
"77",0,0,7.51531769122238,0,0,0,8.94986033410578,18.7854757725217,0,0,0,0,20.7060377667964,0,0,0,0,0,0,0,0,0,0,20.7060377667964,0,22.2122241119614,20.7060377667964,0,0,0,0,26.0588276789268,0,0,23.2243406795543,0,4.35660418215839,0,0,7.51531769122238,0,4.35660418215839,0,0,0,10.3232746742494,18.198950519192,0,4.35660418215839,0,0,0,0,18.7184000384648,20.7060377667964,0,20.7060377667964,5.59732078766262,0,0,0,45.6383873510009,0,7.51531769122238,0,0,0,0,0,0,0,20.7060377667964,0,0,0,0,0,38.3817665044224,0,0,0,0,26.0588276789268,0,0,0,0,0,7.51531769122238,0,0,0,0,0,0,0,4.83011387029333,10.3232746742494,0,2.56124969497314
"78",0,0,16.6806144970741,0,0,0,23.2243406795543,0,0,0,0,0,0,0,0,0,0,0,0,0,0,0,0,4.35660418215839,0,20.7060377667964,7.51531769122238,0,0,0,0,5.59732078766262,0,0,8.99388681271896,0,23.2243406795543,0,0,66.1186932720241,0,5.59732078766262,0,0,0,29.3813886669776,4.35660418215839,0,7.56901578806651,0,0,0,0,6.26099033699941,0,0,18.5043238190429,20.7060377667964,0,0,0,18.5043238190429,0,4.35660418215839,0,0,0,0,0,0,0,35.0722468627261,0,0,0,0,0,4.35660418215839,0,0,0,0,5.59732078766262,0,0,0,0,0,26.4422408278875,0,0,0,0,0,0,0,16.6806144970741,20.7060377667964,0,4.83011387029333
"79",0,0,5.59732078766262,0,0,0,5.72800139664787,0,0,0,0,0,0,0,0,0,0,0,0,0,0,0,0,23.2243406795543,0,5.59732078766262,4.35660418215839,0,0,0,0,18.5043238190429,0,0,8.94986033410578,0,7.56901578806651,0,0,26.4422408278875,0,0,0,0,0,26.0588276789268,0,0,26.0588276789268,0,0,0,0,20.7060377667964,0,0,16.6806144970741,0,0,0,0,4.35660418215839,0,0,0,0,0,0,0,0,0,0,0,0,0,0,0,0,0,0,0,0,8.99388681271896,0,0,0,0,0,20.7060377667964,0,0,0,0,0,0,0,45.6383873510009,26.0588276789268,0,20.7060377667964
"80",0,0,20.7060377667964,0,0,0,0,0,0,0,0,0,0,0,0,0,0,0,0,0,0,0,0,8.94986033410578,0,0,7.56901578806651,0,0,0,0,20.7060377667964,0,0,5.72800139664787,0,0,0,0,4.35660418215839,0,0,0,0,0,7.56901578806651,0,0,0,0,0,0,0,5.59732078766262,0,0,0,0,0,0,0,7.56901578806651,0,0,0,0,0,0,0,0,0,0,0,0,0,0,0,0,0,0,0,0,4.35660418215839,0,0,0,0,0,0,0,0,0,0,0,0,0,5.59732078766262,5.59732078766262,0,7.51531769122238
"81",0,0,4.35660418215839,0,0,0,0,0,0,0,0,0,0,0,0,0,0,0,0,0,0,0,0,5.72800139664787,0,0,0,0,0,0,0,7.51531769122238,0,0,5.59732078766262,0,0,0,0,7.56901578806651,0,0,0,0,0,45.6383873510009,0,0,0,0,0,0,0,7.51531769122238,0,0,0,0,0,0,0,16.6806144970741,0,0,0,0,0,0,0,0,0,0,0,0,0,0,0,0,0,0,0,0,0,0,0,0,0,0,0,0,0,0,0,0,0,0,7.51531769122238,20.6807857684373,0,45.6383873510009
