"","V1","V2","V3","V4","V5","V6","V7","V8","V9","V10","V11","V12","V13","V14","V15","V16","V17","V18","V19","V20","V21","V22","V23","V24","V25","V26","V27","V28","V29","V30","V31","V32","V33","V34","V35","V36","V37","V38","V39","V40","V41","V42","V43","V44","V45","V46","V47","V48","V49","V50","V51","V52","V53","V54","V55","V56","V57","V58","V59","V60","V61","V62","V63","V64","V65","V66","V67","V68","V69","V70","V71","V72","V73","V74","V75","V76","V77","V78","V79","V80","V81","V82","V83","V84","V85","V86","V87","V88","V89","V90","V91","V92","V93","V94","V95","V96","V97","V98","V99","V100"
"1",0.288083172148524,0.285874905143777,0.269648244937739,0.273650127699484,0.287523457654886,0.289555630139898,0.29073640364059,0.287158479476577,0.290151734068836,0.282088114291754,0.296042866624722,0.290151734068836,0.277848460575355,0.283111143790251,0.286949612788568,0.282713847295523,0.281412836922801,0.291398133192977,0.277227043905944,0.296042866624722,0.275420163481746,0.296042866624722,0.290248682244187,0.28381315100129,0.280367500944327,0.286942290193713,0.285465002405733,0.284387138119682,0.25289957652113,0.274675453552888,0.283070507114459,0.290151734068836,0.291509225288824,0.282199206387601,0.285864318879912,0.289555630139898,0.290327855684203,0.293760059533225,0.285864318879912,0.290151734068836,0.273958069570046,0.287080633722585,0.296042866624722,0.285495566279908,0.280162387001506,0.239956142801606,0.285471098923188,0.255631274257188,0.237732657686922,0.28587201268494,0.286088201967804,0.274841041740876,0.296042866624722,0.284136503513197,0.294762597959164,0.289880777737501,0.293686901323764,0.296042866624722,0.296042866624722,0.261635520243154,0.289555630139898,0.274160704262435,0.283648782116794,0.267008811896846,0.275000072785644,0.279132752942433,0.278657542954629,0.274201293520869,0.286942290193713,0.296042866624722,0.274907730867925,0.286942290193713,0.279371059035842,0.29625963168979,0.283669320606709,0.281708775427885,0.287080633722585,0.295189354181017,0.261424320621131,0.281835847173373,0.284942056686257,0.286726168649932,0.285874905143777,0.290327855684203,0.296042866624722,0.293760059533225,0.294102277379701,0.288083172148524,0.277535682134278,0.280010515977793,0.284795977354126,0.274312649799139,0.267726502060343,0.27650946212498,0.280280523961968,0.281412836922801,0.289991869833348,0.281412836922801,0.290248682244187,0.285869804390839
"2",0.384440120785233,0.400752274487716,0.393074049448509,0.295693509078915,0.386029631911744,0.388061804396757,0.387093352277299,0.387798976755362,0.388657908325694,0.380594288548613,0.392399815261431,0.307165082113364,0.378488957854139,0.298349185951872,0.383306561425277,0.304609286518046,0.389089541761511,0.389904307449836,0.375733218162803,0.311280908786343,0.379836708194017,0.392399815261431,0.324037370291799,0.349023750637934,0.302285158586019,0.387798976755362,0.354529142986624,0.388008290521318,0.351405750777989,0.373181627809747,0.381576681371318,0.388657908325694,0.390015399545683,0.38070538064446,0.301102361041532,0.388061804396757,0.388834029941062,0.390117008169934,0.301102361041532,0.290151734068836,0.377512160279677,0.324862242651282,0.311280908786343,0.384001740536766,0.280162387001506,0.350294908396852,0.386111596201973,0.354137448514046,0.342596957736723,0.304594092641766,0.304207593756841,0.292902313396842,0.329831554672334,0.382642677770056,0.359952875870958,0.388386951994359,0.327475589371375,0.392399815261431,0.392399815261431,0.360141694500012,0.388061804396757,0.317064227817992,0.382154956373653,0.370382716646139,0.378373977534937,0.386504482882409,0.295670890999157,0.310577993871594,0.387798976755362,0.392399815261431,0.347901551122169,0.387798976755362,0.301266498258365,0.392616580326499,0.300682668651237,0.400462351213188,0.324862242651282,0.391546302817726,0.278437668665659,0.300557927130199,0.328256187466318,0.385232342906791,0.302888253188305,0.388834029941062,0.392399815261431,0.311550307118773,0.39045922601641,0.384440120785233,0.378260853266605,0.384620658988802,0.385685517370949,0.372818824055998,0.289991796675138,0.293522810169508,0.387534116941482,0.389089541761511,0.307005217877876,0.281412836922801,0.386605630880896,0.302883152435367
"3",0.384440120785233,0.402281484282688,0.496609173214946,0.309235229128213,0.386029631911744,0.388061804396757,0.387093352277299,0.395919538005474,0.5087805993576,0.380594288548613,0.392803865342718,0.326115659544405,0.378488957854139,0.298349185951872,0.383306561425277,0.315704948286216,0.48544649039822,0.389904307449836,0.375733218162803,0.392399815261431,0.379836708194017,0.392803865342718,0.438977736982773,0.395601157542247,0.312265970528912,0.387798976755362,0.356058352781597,0.388008290521318,0.357420981333627,0.373611689698842,0.382006743260413,0.389087970214789,0.390015399545683,0.38070538064446,0.301102361041532,0.388491866285852,0.388834029941062,0.39052105825122,0.310621056961333,0.290151734068836,0.377512160279677,0.341175764683238,0.392399815261431,0.384001740536766,0.304498871813027,0.350294908396852,0.396092408144865,0.354137448514046,0.372590802110145,0.314574904584658,0.30534730382552,0.307862442423321,0.449954245704239,0.392623489712948,0.405189048935162,0.388386951994359,0.380089212399188,0.392803865342718,0.397813522761506,0.376092838179659,0.506045403575305,0.317064227817992,0.382154956373653,0.370382716646139,0.378373977534937,0.386504482882409,0.296999118935362,0.316285553513001,0.38830057111593,0.392803865342718,0.410607891057715,0.387798976755362,0.414903646282518,0.392616580326499,0.300682668651237,0.436426276688757,0.341175764683238,0.501545997571871,0.295210415616652,0.300557927130199,0.355878695186105,0.385662404795886,0.372104725418673,0.388834029941062,0.392399815261431,0.327548747580836,0.390863276097697,0.384440120785233,0.378260853266605,0.394673138881332,0.385685517370949,0.453311692701445,0.290851405636299,0.309492109278135,0.387534116941482,0.420750789078012,0.307005217877876,0.281412836922801,0.386605630880896,0.350048392326603
"4",0.38484417086652,0.437573438056546,0.496609173214946,0.354241482197463,0.386029631911744,0.388491866285852,0.387093352277299,0.395919538005474,0.509661207434439,0.386609519104251,0.397983466572519,0.326115659544405,0.378488957854139,0.301102361041532,0.508046416082214,0.315704948286216,0.485850540479507,0.506235073007239,0.375733218162803,0.392399815261431,0.497354303126118,0.392998953901279,0.439834975076034,0.434150378983708,0.312265970528912,0.387798976755362,0.40199156100816,0.388008290521318,0.357420981333627,0.377335023932848,0.506665134896334,0.398218927624449,0.506235073007239,0.38070538064446,0.301102361041532,0.394843082692346,0.397757976713582,0.39052105825122,0.320659311646468,0.307165082113364,0.377512160279677,0.341546432944504,0.402380627204324,0.384001740536766,0.304498871813027,0.350294908396852,0.396092408144865,0.354567510403141,0.372590802110145,0.314574904584658,0.30534730382552,0.318003335366766,0.449954245704239,0.392623489712948,0.457992747829406,0.388386951994359,0.380089212399188,0.508450466163501,0.397813522761506,0.376522900068754,0.506045403575305,0.380036538488376,0.382585018262748,0.374106050880145,0.378373977534937,0.387041843478713,0.308850891120031,0.32500845068767,0.38830057111593,0.397983466572519,0.465950450776568,0.387798976755362,0.416043356351196,0.398030287826574,0.306362590746849,0.437283514782018,0.341175764683238,0.501545997571871,0.295210415616652,0.321079123257549,0.366516061415455,0.385662404795886,0.417765622532244,0.506235073007239,0.402380627204324,0.327548747580836,0.390863276097697,0.508046416082214,0.378260853266605,0.394673138881332,0.385685517370949,0.453311692701445,0.290851405636299,0.328442686709176,0.387534116941482,0.454539477125623,0.317027892573959,0.389089541761511,0.39188927934193,0.356161167161522
"5",0.38484417086652,0.437573438056546,0.496609173214946,0.354241482197463,0.386459693800839,0.388491866285852,0.387093352277299,0.512250303562877,0.509661207434439,0.386609519104251,0.399871761245593,0.326115659544405,0.378684046412701,0.307215135876451,0.524433855001358,0.331976146939218,0.4873429679525,0.51158917011442,0.375733218162803,0.392399815261431,0.497354303126118,0.39817855513108,0.439834975076034,0.454756066069076,0.321138435598478,0.387798976755362,0.40199156100816,0.388008290521318,0.38271847238462,0.377335023932848,0.523142748082547,0.398218927624449,0.523142748082547,0.38070538064446,0.319653006927523,0.394843082692346,0.397757976713582,0.39052105825122,0.320659311646468,0.31765922082597,0.504480630761845,0.341546432944504,0.402784677285611,0.397974877256816,0.315594533581197,0.350294908396852,0.411040391553792,0.354567510403141,0.372590802110145,0.314574904584658,0.30534730382552,0.354241482197463,0.453530869277862,0.394950462686454,0.457992747829406,0.388386951994359,0.380089212399188,0.513078400302704,0.397983466572519,0.376522900068754,0.522953078650612,0.380036538488376,0.382585018262748,0.374106050880145,0.378373977534937,0.387628409744787,0.387539319303044,0.339268882405834,0.38830057111593,0.513630067393302,0.465950450776568,0.504556498534619,0.445313888217245,0.398030287826574,0.306362590746849,0.437283514782018,0.383841632440581,0.501545997571871,0.312577028397284,0.331870772021961,0.419146321162012,0.385662404795886,0.456395460256186,0.523142748082547,0.402380627204324,0.327793705652179,0.390863276097697,0.508046416082214,0.378260853266605,0.394673138881332,0.386192530858143,0.453311692701445,0.294637546193126,0.33074725159408,0.387534116941482,0.454539477125623,0.348147498184122,0.422878229809122,0.39188927934193,0.372942359821362
"6",0.389958742576801,0.438435580459405,0.496609173214946,0.354241482197463,0.386459693800839,0.388491866285852,0.508046416082214,0.523955617076552,0.553556133110717,0.386609519104251,0.399871761245593,0.331870772021961,0.378684046412701,0.307215135876451,0.524433855001358,0.331976146939218,0.4873429679525,0.523142748082547,0.375733218162803,0.402380627204324,0.497354303126118,0.400066849804154,0.440079933147378,0.454756066069076,0.336091160743203,0.38830057111593,0.425134618658315,0.552762848840341,0.38271847238462,0.377335023932848,0.535152887468973,0.440537293886855,0.523142748082547,0.386720611200098,0.423427756344703,0.394843082692346,0.397907327843414,0.39052105825122,0.320659311646468,0.327640032768863,0.5110675791766,0.384212300701847,0.402784677285611,0.398404939145911,0.435717224613103,0.378472199205046,0.412232599411666,0.431703033660007,0.372590802110145,0.334238794879664,0.31861468058934,0.354241482197463,0.456809440887016,0.394950462686454,0.48307896880973,0.397310898766879,0.380504588455124,0.51667615847017,0.399871761245593,0.376522900068754,0.522953078650612,0.391126374695423,0.382585018262748,0.374607645240712,0.378373977534937,0.387628409744787,0.387539319303044,0.340071644728681,0.38830057111593,0.513630067393302,0.472998024954593,0.50475158709318,0.445313888217245,0.513460123582288,0.306362590746849,0.43759512811087,0.383841632440581,0.501545997571871,0.336746333152371,0.331870772021961,0.42003505792879,0.385662404795886,0.464127199170831,0.523142748082547,0.402380627204324,0.332663319291116,0.390863276097697,0.508046416082214,0.378767866753799,0.512250303562877,0.386192530858143,0.466054091573304,0.418373445322511,0.33074725159408,0.387534116941482,0.474321998876396,0.413358097820766,0.422878229809122,0.427583806485069,0.372942359821362
"7",0.389958742576801,0.438435580459405,0.497137863208647,0.442191157142058,0.427195810566414,0.388491866285852,0.524433855001358,0.523955617076552,0.570463808186024,0.395919538005474,0.399871761245593,0.335246616954065,0.378684046412701,0.323596396991241,0.524433855001358,0.331976146939218,0.492457539662781,0.52416425345168,0.38271847238462,0.402380627204324,0.51560863116816,0.400066849804154,0.453563790472119,0.454756066069076,0.337608516198679,0.38830057111593,0.444417117595242,0.552762848840341,0.386956229406701,0.383090136410404,0.535965756462978,0.440537293886855,0.52416425345168,0.386720611200098,0.453455949852248,0.394843082692346,0.397907327843414,0.39052105825122,0.324832608157324,0.482413779144993,0.522905661292628,0.384212300701847,0.513807164451462,0.398404939145911,0.435717224613103,0.38217075312777,0.412232599411666,0.431703033660007,0.386956229406701,0.343406873306717,0.345723861539412,0.354241482197463,0.485658595014389,0.394950462686454,0.48307896880973,0.397310898766879,0.381361826548386,0.529794509251757,0.399871761245593,0.376522900068754,0.523148167209173,0.391126374695423,0.382585018262748,0.387120137665434,0.378373977534937,0.387628409744787,0.427583806485069,0.341426426385356,0.38830057111593,0.513630067393302,0.472998024954593,0.512445392121439,0.455613304162337,0.513460123582288,0.332184729123079,0.43759512811087,0.383841632440581,0.501545997571871,0.345618310500541,0.331870772021961,0.421355970044049,0.431426658202045,0.519469758889685,0.523955617076552,0.402380627204324,0.398829039995716,0.39110823416904,0.524433855001358,0.390726118002775,0.523955617076552,0.386192530858143,0.466054091573304,0.419513155391189,0.436426276688757,0.45122736112265,0.493337009723028,0.419096952918442,0.424370657282116,0.427583806485069,0.373253973150214
"8",0.389958742576801,0.438435580459405,0.497137863208647,0.452686677731954,0.427195810566414,0.5064754654644,0.524433855001358,0.523955617076552,0.570463808186024,0.395919538005474,0.399871761245593,0.335246616954065,0.378684046412701,0.340963009771873,0.524433855001358,0.331976146939218,0.515658988402339,0.52416425345168,0.38271847238462,0.402380627204324,0.52137458189897,0.515713450624937,0.459211224903603,0.50480718733237,0.357842180241124,0.38830057111593,0.474581561493998,0.552762848840341,0.386956229406701,0.387120137665434,0.535965756462978,0.440537293886855,0.52416425345168,0.386890555011112,0.453455949852248,0.437588205176604,0.514881614687738,0.390766016322564,0.326720902830398,0.488962587746549,0.522905661292628,0.508450466163501,0.513807164451462,0.398404939145911,0.445221857899307,0.427608788658818,0.412232599411666,0.505679395762937,0.386956229406701,0.364737002787359,0.353856128103038,0.354241482197463,0.485658595014389,0.395380524575549,0.48307896880973,0.407291710709772,0.381361826548386,0.529794509251757,0.515518362066376,0.376834513397606,0.523148167209173,0.391126374695423,0.427709313457743,0.387120137665434,0.378373977534937,0.505492584920298,0.440539583467855,0.341426426385356,0.38830057111593,0.525165437095963,0.472998024954593,0.512445392121439,0.455613304162337,0.513460123582288,0.338061771949736,0.446015488993787,0.383841632440581,0.517602869766786,0.345618310500541,0.331870772021961,0.421355970044049,0.52424873763579,0.519469758889685,0.535965756462978,0.407664275665357,0.444092308693054,0.39110823416904,0.524433855001358,0.439055433710783,0.523955617076552,0.386192530858143,0.468632918456785,0.419513155391189,0.436426276688757,0.496798842646881,0.493337009723028,0.423768240070659,0.431739314712773,0.434631380663094,0.375674697014361
"9",0.389958742576801,0.438435580459405,0.497137863208647,0.454942389190319,0.427507423895266,0.519593816245986,0.524433855001358,0.537073967858138,0.570658896744586,0.396610476650378,0.399871761245593,0.335246616954065,0.378684046412701,0.341207967843217,0.524433855001358,0.345370195787937,0.515658988402339,0.52416425345168,0.38271847238462,0.402784677285611,0.52137458189897,0.515713450624937,0.459211224903603,0.519847052033252,0.357842180241124,0.505058092895186,0.474581561493998,0.552762848840341,0.386956229406701,0.387120137665434,0.54052866108266,0.442119678861852,0.52416425345168,0.388472939986108,0.458925203400246,0.437588205176604,0.5150767032463,0.443379639350376,0.326720902830398,0.512527659882759,0.522905661292628,0.513630067393302,0.514052122522806,0.398404939145911,0.459575769551781,0.44355987950198,0.412387044520527,0.505679395762937,0.387105580536533,0.364737002787359,0.353856128103038,0.442191157142058,0.485903553085733,0.506403011741401,0.48307896880973,0.407291710709772,0.381606784619729,0.529794509251757,0.526662470826589,0.376834513397606,0.523148167209173,0.391126374695423,0.427709313457743,0.387120137665434,0.378875571895505,0.50568767347886,0.440539583467855,0.376033605770847,0.505058092895186,0.525165437095963,0.518785594153064,0.512445392121439,0.455613304162337,0.515369010936544,0.338061771949736,0.446015488993787,0.399810931549208,0.51772837673946,0.348866535000586,0.34316737500545,0.423913797811852,0.524560350964642,0.519469758889685,0.535965756462978,0.427583806485069,0.475113990685071,0.396042877327497,0.524433855001358,0.439055433710783,0.523955617076552,0.386261624722633,0.514070953987834,0.445313888217245,0.437283514782018,0.511754277354919,0.493337009723028,0.424481193917484,0.451289518505058,0.434631380663094,0.449651059117292
"10",0.389958742576801,0.438435580459405,0.497731474339336,0.454942389190319,0.43295092304397,0.519593816245986,0.525390330850971,0.537073967858138,0.570658896744586,0.396610476650378,0.40145414622059,0.335246616954065,0.378684046412701,0.368680392851077,0.524628943559919,0.34899429091081,0.515658988402339,0.52416425345168,0.387591911926956,0.433539982108293,0.521444813780052,0.52685755938515,0.463416467165923,0.526280584973205,0.512615926617254,0.511173577293418,0.474581561493998,0.559311657441897,0.391598001285745,0.387120137665434,0.54052866108266,0.442119678861852,0.52416425345168,0.391249971425961,0.458925203400246,0.437588205176604,0.5150767032463,0.457324406942535,0.326720902830398,0.516477525802795,0.522905661292628,0.513630067393302,0.514052122522806,0.39878427800978,0.459575769551781,0.45872839426898,0.414988225301344,0.505991009091789,0.387105580536533,0.364737002787359,0.385167069526572,0.452686677731954,0.49077316672467,0.510575739243961,0.484347044440378,0.407441061839603,0.381606784619729,0.529794509251757,0.526662470826589,0.376834513397606,0.534963218037038,0.391126374695423,0.427709313457743,0.387120137665434,0.502638344473832,0.50568767347886,0.440539583467855,0.378189334342949,0.517068232281612,0.525165437095963,0.518785594153064,0.512445392121439,0.455613304162337,0.516161558205699,0.350996549816844,0.446015488993787,0.406878827452083,0.522776780913629,0.350346498482338,0.463290066037355,0.423913797811852,0.524560350964642,0.523675001152005,0.535965756462978,0.434631380663094,0.486173290113577,0.439827659255088,0.525390330850971,0.451125454446435,0.524326827250481,0.394843082692346,0.514070953987834,0.455613304162337,0.437283514782018,0.511754277354919,0.494605085353676,0.424481193917484,0.451534476576402,0.434631380663094,0.453579113052656
"11",0.439789725368701,0.438747193788257,0.497731474339336,0.467620544316018,0.447772234367998,0.536071429432199,0.525536647269892,0.537073967858138,0.570658896744586,0.408403850971736,0.517100747041373,0.335246616954065,0.378684046412701,0.368680392851077,0.524628943559919,0.360848576215452,0.515658988402339,0.524326827250481,0.387761855737969,0.433539982108293,0.525235709620495,0.52685755938515,0.463416467165923,0.527178805211581,0.512615926617254,0.511173577293418,0.474581561493998,0.559311657441897,0.392211717376219,0.387120137665434,0.54052866108266,0.516096040964782,0.52416425345168,0.391249971425961,0.499745316628534,0.511564567279535,0.527999965469325,0.461442943178827,0.326720902830398,0.518116811607372,0.522905661292628,0.514687880910834,0.514052122522806,0.39878427800978,0.459575769551781,0.45872839426898,0.432757717631912,0.505991009091789,0.387105580536533,0.371101116715224,0.385167069526572,0.452686677731954,0.506620318719132,0.510887352572812,0.4925204421751,0.407441061839603,0.381606784619729,0.529794509251757,0.526662470826589,0.376834513397606,0.534963218037038,0.443739997723235,0.427709313457743,0.387120137665434,0.502638344473832,0.518610935701885,0.440539583467855,0.378189334342949,0.517068232281612,0.525165437095963,0.521118528165858,0.512445392121439,0.456475446565196,0.516161558205699,0.350996549816844,0.455613304162337,0.407301519328966,0.523675001152005,0.351645408943492,0.468207923451086,0.423913797811852,0.524560350964642,0.523675001152005,0.535965756462978,0.434631380663094,0.486173290113577,0.451125454446435,0.525390330850971,0.451125454446435,0.524326827250481,0.398218927624449,0.522776780913629,0.455613304162337,0.455613304162337,0.519469758889685,0.502778483088398,0.424481193917484,0.464742784859991,0.434631380663094,0.453579113052656
"12",0.44732848918417,0.446877631396645,0.497731474339336,0.467620544316018,0.447772234367998,0.536071429432199,0.525536647269892,0.537073967858138,0.582473947572451,0.408403850971736,0.517844522170887,0.37756498321647,0.386804607662812,0.368680392851077,0.525585419409532,0.360848576215452,0.522706562580364,0.524326827250481,0.38828285057186,0.517261857675984,0.529440951882815,0.52685755938515,0.463416467165923,0.527178805211581,0.53238628242875,0.511173577293418,0.474581561493998,0.579082013253393,0.392211717376219,0.387120137665434,0.54259876745406,0.534941758295597,0.524359342010241,0.391249971425961,0.504859888338814,0.511564567279535,0.527999965469325,0.46228920754067,0.326720902830398,0.518116811607372,0.522905661292628,0.525165437095963,0.536001739463779,0.39878427800978,0.484415013836094,0.467434221194776,0.432757717631912,0.525101816549365,0.387105580536533,0.371101116715224,0.387322798098674,0.473029428793395,0.512506845017386,0.539950927992988,0.522776780913629,0.407441061839603,0.393823392730633,0.529794509251757,0.52685755938515,0.376834513397606,0.535965756462978,0.505443623111226,0.427709313457743,0.394167711843458,0.503871195781406,0.536024012074215,0.440539583467855,0.378189334342949,0.517068232281612,0.525165437095963,0.526517333067709,0.524150705635113,0.456475446565196,0.516161558205699,0.350996549816844,0.455613304162337,0.427709313457743,0.523675001152005,0.35982829014981,0.48141704460367,0.423913797811852,0.54394753388018,0.523675001152005,0.535965756462978,0.436842384326788,0.494346687848298,0.52362727219424,0.525390330850971,0.451125454446435,0.524326827250481,0.398218927624449,0.523675001152005,0.455613304162337,0.455613304162337,0.519469758889685,0.503676703326774,0.424481193917484,0.470955163242309,0.440423072245381,0.459431769809493
"13",0.452400791706763,0.446877631396645,0.497731474339336,0.467620544316018,0.447772234367998,0.536071429432199,0.525536647269892,0.537445178032067,0.582473947572451,0.408403850971736,0.519850411891761,0.470387062650215,0.389713323879694,0.368680392851077,0.525585419409532,0.360848576215452,0.522706562580364,0.524326827250481,0.395364077526237,0.517506815747328,0.579492073146109,0.52685755938515,0.463416467165923,0.527178805211581,0.536201286608773,0.511173577293418,0.474581561493998,0.582878592402885,0.398683292585091,0.387120137665434,0.54259876745406,0.534941758295597,0.524359342010241,0.391249971425961,0.516156491322303,0.517417224036372,0.52874374059884,0.506288681717394,0.347027345743439,0.518160842011214,0.522905661292628,0.525165437095963,0.536001739463779,0.400020597558395,0.484415013836094,0.494346687848298,0.432757717631912,0.525101816549365,0.440537293886855,0.371101116715224,0.394749656949301,0.473029428793395,0.51792055251746,0.539950927992988,0.522776780913629,0.407441061839603,0.410055831080436,0.529940825670678,0.52685755938515,0.506787078793252,0.535965756462978,0.50813056157091,0.43971945284417,0.394167711843458,0.508043923283966,0.536024012074215,0.440944663183201,0.408867010176704,0.524430386760317,0.525165437095963,0.530722575330029,0.524150705635113,0.456475446565196,0.51635664676426,0.350996549816844,0.468147175041601,0.427709313457743,0.523675001152005,0.382537316400616,0.484366133313921,0.423913797811852,0.567779498002754,0.523675001152005,0.538035862834378,0.440703512048312,0.494346687848298,0.536745622975827,0.525390330850971,0.451125454446435,0.524326827250481,0.514881614687738,0.523675001152005,0.457769032734439,0.455613304162337,0.526517333067709,0.528762924307098,0.424481193917484,0.470955163242309,0.442634075909075,0.487174988574889
"14",0.452400791706763,0.446877631396645,0.497731474339336,0.469538237751042,0.512420247373891,0.536071429432199,0.525536647269892,0.537445178032067,0.582473947572451,0.408403850971736,0.52007281284852,0.473069530330432,0.389713323879694,0.370836121423178,0.526466027486371,0.360848576215452,0.524862291152465,0.526345451918927,0.512941242207782,0.538928067842198,0.579492073146109,0.52685755938515,0.473555869849546,0.527178805211581,0.542750095210329,0.522905661292628,0.485640860922503,0.60319449169189,0.398683292585091,0.440537293886855,0.54259876745406,0.545529918855177,0.524521915809042,0.391249971425961,0.551946787980753,0.520366312746623,0.529073982175471,0.506288681717394,0.350186696566806,0.518919519738953,0.52310074985119,0.525165437095963,0.538157468035881,0.400020597558395,0.484415013836094,0.494346687848298,0.433655937870288,0.525101816549365,0.440537293886855,0.461120179996941,0.412866813348606,0.476978617322603,0.520076281089562,0.539950927992988,0.523675001152005,0.408308122099876,0.410055831080436,0.529940825670678,0.528266532308093,0.522953078650612,0.536336966636907,0.50813056157091,0.43971945284417,0.394167711843458,0.525242876415458,0.536024012074215,0.440944663183201,0.412738109091222,0.535965756462978,0.525165437095963,0.530722575330029,0.535965756462978,0.458631175137297,0.51635664676426,0.350996549816844,0.469045395279977,0.427709313457743,0.523675001152005,0.409069360364945,0.484366133313921,0.425092457853159,0.567779498002754,0.523675001152005,0.538035862834378,0.440703512048312,0.495244908086674,0.536745622975827,0.52627093892781,0.451125454446435,0.524326827250481,0.526025723447952,0.523675001152005,0.469045395279977,0.455613304162337,0.526517333067709,0.528762924307098,0.428470754940061,0.487187601592113,0.532653139190792,0.490209699485842
"15",0.452400791706763,0.454425932874977,0.497731474339336,0.469538237751042,0.524430386760317,0.536071429432199,0.525536647269892,0.537445178032067,0.582473947572451,0.408403850971736,0.528564584272561,0.473069530330432,0.389713323879694,0.370836121423178,0.526466027486371,0.360848576215452,0.525109078179045,0.526345451918927,0.524951381594208,0.5410837964143,0.579492073146109,0.52685755938515,0.473555869849546,0.548303644627787,0.55265222820851,0.522905661292628,0.491039665824354,0.60319449169189,0.399767117910431,0.440537293886855,0.542918495925035,0.545529918855177,0.524521915809042,0.516463999662735,0.551946787980753,0.520366312746623,0.529073982175471,0.506288681717394,0.350186696566806,0.523844828451796,0.52310074985119,0.525165437095963,0.538157468035881,0.400020597558395,0.50480718733237,0.494346687848298,0.433655937870288,0.527257545121467,0.440537293886855,0.461120179996941,0.412866813348606,0.477771164591758,0.524271172820025,0.539950927992988,0.523675001152005,0.427709313457743,0.425808365123996,0.538654998051478,0.528266532308093,0.522953078650612,0.536336966636907,0.50813056157091,0.43971945284417,0.39561089977714,0.525242876415458,0.536024012074215,0.440944663183201,0.412738109091222,0.535965756462978,0.526662470826589,0.530722575330029,0.535965756462978,0.469867138093833,0.52685755938515,0.350996549816844,0.469045395279977,0.427709313457743,0.523675001152005,0.411073082435168,0.485260289207327,0.498894865991373,0.567779498002754,0.523675001152005,0.538035862834378,0.440703512048312,0.496030681447546,0.536745622975827,0.52627093892781,0.54394753388018,0.524326827250481,0.526025723447952,0.523675001152005,0.469045395279977,0.457769032734439,0.526517333067709,0.531030828800373,0.429732056662426,0.487187601592113,0.532653139190792,0.495653198634546
"16",0.457072078858979,0.458631175137297,0.497731474339336,0.469538237751042,0.528993291379999,0.537073967858138,0.525536647269892,0.539463802700514,0.582473947572451,0.408403850971736,0.528564584272561,0.483657690890012,0.389713323879694,0.39425226241187,0.526466027486371,0.360848576215452,0.525109078179045,0.526540540477488,0.535965756462978,0.553581657197129,0.579492073146109,0.52685755938515,0.473555869849546,0.548303644627787,0.584360892882995,0.523955617076552,0.495244908086674,0.606019143706975,0.406814692088456,0.441431449780261,0.542918495925035,0.548212386535394,0.524521915809042,0.516463999662735,0.551946787980753,0.530954473306203,0.529073982175471,0.506288681717394,0.350186696566806,0.534231262022697,0.525319882204824,0.525536647269892,0.569935226574856,0.433225212138181,0.50480718733237,0.494346687848298,0.433655937870288,0.527257545121467,0.440537293886855,0.461120179996941,0.412866813348606,0.489943877776986,0.545420669262382,0.553069278774574,0.523675001152005,0.429865042029845,0.425808365123996,0.538654998051478,0.528266532308093,0.522953078650612,0.540899871256589,0.50813056157091,0.444282357463852,0.434756887635768,0.525242876415458,0.583345072177693,0.441045242173392,0.412738109091222,0.535965756462978,0.526662470826589,0.530722575330029,0.535965756462978,0.469867138093833,0.527177287856126,0.350996549816844,0.469867138093833,0.473164175376968,0.523675001152005,0.411073082435168,0.494954293873501,0.498894865991373,0.569935226574856,0.523675001152005,0.538035862834378,0.440703512048312,0.496606463651633,0.536745622975827,0.52627093892781,0.570948332297718,0.531373046646849,0.526025723447952,0.523675001152005,0.501000020564231,0.485760948768551,0.526517333067709,0.531030828800373,0.429732056662426,0.488620960584875,0.532653139190792,0.503769695539688
"17",0.457072078858979,0.469867138093833,0.497731474339336,0.469538237751042,0.528993291379999,0.537073967858138,0.526910395869761,0.539463802700514,0.582473947572451,0.408403850971736,0.528564584272561,0.483657690890012,0.389713323879694,0.404564806191216,0.526466027486371,0.360848576215452,0.534551906326072,0.526540540477488,0.535965756462978,0.569935226574856,0.579492073146109,0.52685755938515,0.473555869849546,0.548303644627787,0.595881454822148,0.526025723447952,0.497000705113725,0.607298260808125,0.406814692088456,0.451125454446435,0.542918495925035,0.548212386535394,0.524521915809042,0.527999965469325,0.556983866180271,0.530954473306203,0.529073982175471,0.506288681717394,0.396229471405071,0.534231262022697,0.525319882204824,0.525536647269892,0.573726122415299,0.433225212138181,0.50480718733237,0.495244908086674,0.433655937870288,0.527257545121467,0.440537293886855,0.511171301260235,0.414687639895177,0.489943877776986,0.545420669262382,0.553069278774574,0.523675001152005,0.433655937870288,0.43145579955548,0.540028746651347,0.528266532308093,0.522953078650612,0.540899871256589,0.50813056157091,0.444282357463852,0.43691261620787,0.534559980824746,0.583345072177693,0.442820819012631,0.412738109091222,0.538035862834378,0.526662470826589,0.530722575330029,0.54052866108266,0.469867138093833,0.527177287856126,0.350996549816844,0.469867138093833,0.473164175376968,0.523675001152005,0.414958596226512,0.525631969707256,0.498894865991373,0.569935226574856,0.523675001152005,0.54259876745406,0.440703512048312,0.496606463651633,0.536745622975827,0.53156000651547,0.584066683079305,0.531373046646849,0.526345451918927,0.523675001152005,0.502885876630323,0.493418662413476,0.530722575330029,0.531030828800373,0.429732056662426,0.490776689156977,0.532653139190792,0.504299631932513
"18",0.457072078858979,0.469867138093833,0.497731474339336,0.469538237751042,0.528993291379999,0.537073967858138,0.526910395869761,0.539463802700514,0.582473947572451,0.408403850971736,0.528564584272561,0.485813419462114,0.42777889504363,0.404564806191216,0.526466027486371,0.360848576215452,0.534551906326072,0.526540540477488,0.535965756462978,0.573726122415299,0.579492073146109,0.52685755938515,0.473555869849546,0.549455209035961,0.595881454822148,0.526025723447952,0.497000705113725,0.607298260808125,0.435155681164227,0.54394753388018,0.542918495925035,0.548212386535394,0.524521915809042,0.539144074229538,0.556983866180271,0.530954473306203,0.529073982175471,0.506288681717394,0.410870732246927,0.534231262022697,0.525319882204824,0.525536647269892,0.573726122415299,0.433225212138181,0.506962915904472,0.49568656690675,0.435238322845284,0.527257545121467,0.5333593733206,0.513327029832337,0.438103780883868,0.50480718733237,0.545420669262382,0.553069278774574,0.523675001152005,0.457072078858979,0.43145579955548,0.540028746651347,0.528266532308093,0.534963218037038,0.540899871256589,0.50813056157091,0.444282357463852,0.446565963876527,0.546630001560397,0.583345072177693,0.446611714853073,0.412738109091222,0.538035862834378,0.526982199297564,0.530722575330029,0.54052866108266,0.478402262530887,0.527177287856126,0.350996549816844,0.469867138093833,0.473164175376968,0.523675001152005,0.416219897948877,0.527787698279357,0.498894865991373,0.569935226574856,0.529573896606784,0.542918495925035,0.440703512048312,0.496606463651633,0.53712577470869,0.53156000651547,0.584446834812168,0.531373046646849,0.526345451918927,0.523675001152005,0.502885876630323,0.496913999087698,0.530722575330029,0.531030828800373,0.429732056662426,0.5009160918406,0.532723371071874,0.504299631932513
"19",0.457072078858979,0.469867138093833,0.51772837673946,0.469538237751042,0.52951428621389,0.537445178032067,0.526910395869761,0.539463802700514,0.582473947572451,0.408403850971736,0.528564584272561,0.485813419462114,0.42777889504363,0.404564806191216,0.526466027486371,0.360848576215452,0.562522728409789,0.527217931305826,0.535965756462978,0.573726122415299,0.580643637554282,0.52685755938515,0.473555869849546,0.549455209035961,0.595881454822148,0.526345451918927,0.497000705113725,0.607298260808125,0.435155681164227,0.546103262452281,0.542918495925035,0.548212386535394,0.526540540477488,0.539144074229538,0.556983866180271,0.530954473306203,0.539144074229538,0.506288681717394,0.410870732246927,0.534231262022697,0.525344268274644,0.525536647269892,0.573726122415299,0.443409241329574,0.518383562696445,0.49568656690675,0.436499624567649,0.53104844096191,0.5333593733206,0.523466432515959,0.438103780883868,0.506962915904472,0.545420669262382,0.555225007346676,0.530722575330029,0.523675001152005,0.491517145071433,0.540028746651347,0.528266532308093,0.535965756462978,0.540899871256589,0.50813056157091,0.446438086035954,0.526931679489587,0.546630001560397,0.583345072177693,0.446611714853073,0.412738109091222,0.538035862834378,0.526982199297564,0.530722575330029,0.54052866108266,0.488595639715712,0.527177287856126,0.350996549816844,0.469867138093833,0.51772837673946,0.523675001152005,0.416219897948877,0.53198259000982,0.498894865991373,0.569935226574856,0.529573896606784,0.542918495925035,0.440703512048312,0.496606463651633,0.53712577470869,0.53156000651547,0.584446834812168,0.531373046646849,0.538355591305353,0.523675001152005,0.502885876630323,0.496913999087698,0.530722575330029,0.531030828800373,0.429732056662426,0.5009160918406,0.536514266912316,0.504299631932513
"20",0.457072078858979,0.501000020564231,0.519884105311562,0.469538237751042,0.52951428621389,0.537445178032067,0.526910395869761,0.539463802700514,0.582473947572451,0.408403850971736,0.528564584272561,0.497234066254088,0.439593945871495,0.408011370725797,0.526466027486371,0.360848576215452,0.562522728409789,0.527217931305826,0.535965756462978,0.573726122415299,0.580853628711067,0.52685755938515,0.476904890104847,0.549455209035961,0.595881454822148,0.526345451918927,0.497000705113725,0.607447611937957,0.440384460968165,0.546103262452281,0.55323621497031,0.569361882977751,0.526540540477488,0.539144074229538,0.556983866180271,0.54623589557647,0.539144074229538,0.506288681717394,0.417695309364263,0.534231262022697,0.525344268274644,0.525536647269892,0.573726122415299,0.443409241329574,0.519535127104619,0.503929058505963,0.436499624567649,0.549894158292724,0.536041841000817,0.523466432515959,0.438103780883868,0.518383562696445,0.545420669262382,0.555225007346676,0.530722575330029,0.523675001152005,0.491517145071433,0.540028746651347,0.528266532308093,0.54052866108266,0.540899871256589,0.510455366893765,0.450228981876396,0.526931679489587,0.546630001560397,0.583345072177693,0.446611714853073,0.412738109091222,0.54259876745406,0.527177287856126,0.530722575330029,0.540899871256589,0.488595639715712,0.527177287856126,0.350996549816844,0.469867138093833,0.519884105311562,0.524460774512876,0.416219897948877,0.53198259000982,0.498894865991373,0.569935226574856,0.529573896606784,0.542918495925035,0.440703512048312,0.496606463651633,0.538901351547928,0.53156000651547,0.584777076388799,0.531373046646849,0.538355591305353,0.523675001152005,0.504037441038497,0.498065563495872,0.530722575330029,0.531030828800373,0.429732056662426,0.5009160918406,0.536514266912316,0.504299631932513
"21",0.457072078858979,0.501000020564231,0.519884105311562,0.469538237751042,0.52951428621389,0.537445178032067,0.534578460046543,0.539463802700514,0.587036852192133,0.408403850971736,0.528564584272561,0.518383562696445,0.444156850491178,0.408011370725797,0.526466027486371,0.360848576215452,0.566066837223652,0.53156813520541,0.538035862834378,0.573726122415299,0.580853628711067,0.52685755938515,0.476904890104847,0.549896867856037,0.595881454822148,0.527022842747265,0.49826200683609,0.613659428085887,0.440384460968165,0.548785730132499,0.55323621497031,0.571517611549853,0.526540540477488,0.539463802700514,0.556983866180271,0.54623589557647,0.539144074229538,0.506288681717394,0.417695309364263,0.534231262022697,0.527376440759657,0.527119032244889,0.573726122415299,0.443409241329574,0.519535127104619,0.505706532039521,0.436499624567649,0.563012509074311,0.536041841000817,0.523466432515959,0.438103780883868,0.523466432515959,0.545420669262382,0.561904080914085,0.530722575330029,0.523675001152005,0.491517145071433,0.540028746651347,0.528586260779068,0.54052866108266,0.540899871256589,0.510455366893765,0.450228981876396,0.526931679489587,0.546630001560397,0.583345072177693,0.447873016575438,0.412738109091222,0.54259876745406,0.527177287856126,0.530722575330029,0.540899871256589,0.488595639715712,0.527177287856126,0.350996549816844,0.485425450639092,0.523675001152005,0.524460774512876,0.416219897948877,0.53198259000982,0.50857583765801,0.573726122415299,0.529573896606784,0.542918495925035,0.441964813770677,0.502827621019086,0.538901351547928,0.53156000651547,0.589115087253473,0.531373046646849,0.538355591305353,0.523675001152005,0.504037441038497,0.498275554652657,0.530722575330029,0.531030828800373,0.429732056662426,0.5009160918406,0.536514266912316,0.508363976902539
"22",0.53104844096191,0.501000020564231,0.523675001152005,0.469538237751042,0.52951428621389,0.537445178032067,0.534773548605104,0.539463802700514,0.587036852192133,0.408403850971736,0.528564584272561,0.518383562696445,0.444156850491178,0.408011370725797,0.526466027486371,0.360848576215452,0.566066837223652,0.53156813520541,0.538035862834378,0.573726122415299,0.580853628711067,0.52685755938515,0.526956011368141,0.549896867856037,0.595881454822148,0.534578460046543,0.49826200683609,0.613659428085887,0.440384460968165,0.569935226574856,0.55323621497031,0.581945365961282,0.527949513400431,0.539463802700514,0.556983866180271,0.54623589557647,0.539463802700514,0.519089932304419,0.419770834862289,0.534231262022697,0.527376440759657,0.559997415401747,0.573726122415299,0.533107054720516,0.528330369619755,0.555757653302815,0.436499624567649,0.563012509074311,0.546630001560397,0.523466432515959,0.438103780883868,0.523466432515959,0.545420669262382,0.561904080914085,0.530722575330029,0.523675001152005,0.493672873643535,0.540028746651347,0.528586260779068,0.540899871256589,0.540899871256589,0.510455366893765,0.450228981876396,0.526931679489587,0.548785730132499,0.583345072177693,0.447873016575438,0.412738109091222,0.54259876745406,0.527177287856126,0.530722575330029,0.540899871256589,0.489747204123886,0.527177287856126,0.350996549816844,0.520769712532714,0.523675001152005,0.524460774512876,0.416219897948877,0.53198259000982,0.50857583765801,0.573726122415299,0.529573896606784,0.542918495925035,0.441964813770677,0.55287874228238,0.548542194581894,0.53156000651547,0.590013307491849,0.531373046646849,0.538355591305353,0.523675001152005,0.504037441038497,0.498893335088101,0.530722575330029,0.531030828800373,0.429732056662426,0.508357907480717,0.536514266912316,0.525149721628745
"23",0.536901097718747,0.501000020564231,0.573726122415299,0.469538237751042,0.52951428621389,0.537445178032067,0.534773548605104,0.539463802700514,0.588058357561266,0.408403850971736,0.540100550079151,0.519535127104619,0.444282357463852,0.408011370725797,0.536706794933546,0.360848576215452,0.566066837223652,0.53156813520541,0.538035862834378,0.573726122415299,0.580853628711067,0.527177287856126,0.526956011368141,0.549896867856037,0.603191856641568,0.534578460046543,0.49826200683609,0.614403203215402,0.440384460968165,0.573726122415299,0.55323621497031,0.581945365961282,0.527949513400431,0.547696810828129,0.556983866180271,0.54623589557647,0.539463802700514,0.519089932304419,0.421926563434391,0.534231262022697,0.532424357212429,0.559997415401747,0.573726122415299,0.533107054720516,0.532151937716905,0.555757653302815,0.436499624567649,0.563012509074311,0.546630001560397,0.52360699111284,0.473546982481878,0.526815452771261,0.545420669262382,0.586222411651406,0.530722575330029,0.523675001152005,0.503812276327157,0.540028746651347,0.528586260779068,0.540899871256589,0.540899871256589,0.510455366893765,0.450228981876396,0.526931679489587,0.548785730132499,0.594757752853525,0.447873016575438,0.412738109091222,0.54259876745406,0.528586260779068,0.530722575330029,0.540899871256589,0.489747204123886,0.527177287856126,0.350996549816844,0.520769712532714,0.523675001152005,0.526043159487873,0.416219897948877,0.53198259000982,0.50857583765801,0.573726122415299,0.529573896606784,0.542918495925035,0.441964813770677,0.55287874228238,0.548542194581894,0.53156000651547,0.590013307491849,0.531373046646849,0.542918495925035,0.536793351933591,0.504037441038497,0.500055737749528,0.530722575330029,0.532781206700797,0.429732056662426,0.508357907480717,0.536514266912316,0.527554459069344
"24",0.536901097718747,0.501000020564231,0.574877686823473,0.469538237751042,0.52951428621389,0.539463802700514,0.534773548605104,0.539463802700514,0.588058357561266,0.408403850971736,0.549285969711409,0.519535127104619,0.444282357463852,0.419863000658393,0.536706794933546,0.360848576215452,0.566066837223652,0.53156813520541,0.538035862834378,0.573726122415299,0.580853628711067,0.527177287856126,0.526956011368141,0.551158169578402,0.604059120119089,0.534578460046543,0.49826200683609,0.626413342601828,0.440384460968165,0.573726122415299,0.55323621497031,0.585736261801725,0.527949513400431,0.547696810828129,0.556983866180271,0.54623589557647,0.539463802700514,0.521245660876521,0.421926563434391,0.534231262022697,0.536228584104373,0.559997415401747,0.573726122415299,0.534689439695512,0.532151937716905,0.555757653302815,0.436499624567649,0.563012509074311,0.546630001560397,0.526956011368141,0.510605598631674,0.547051826377019,0.545420669262382,0.586469198677986,0.530722575330029,0.523675001152005,0.503812276327157,0.540028746651347,0.528586260779068,0.540899871256589,0.540899871256589,0.520140700957336,0.546146940612893,0.530722575330029,0.548785730132499,0.595863254685372,0.447873016575438,0.412738109091222,0.542918495925035,0.528586260779068,0.530722575330029,0.540899871256589,0.489747204123886,0.527177287856126,0.350996549816844,0.526933969070587,0.523675001152005,0.531508348690901,0.416219897948877,0.53198259000982,0.50857583765801,0.573726122415299,0.530835198329149,0.542918495925035,0.441964813770677,0.55287874228238,0.548542194581894,0.53156000651547,0.596472906430876,0.531373046646849,0.542918495925035,0.536793351933591,0.505931425794529,0.500055737749528,0.530722575330029,0.533566980061669,0.429732056662426,0.508357907480717,0.536514266912316,0.527554459069344
"25",0.54318728460572,0.503080965188884,0.575087677980257,0.469538237751042,0.52951428621389,0.539463802700514,0.534773548605104,0.539463802700514,0.588058357561266,0.408403850971736,0.549285969711409,0.532680302563008,0.444282357463852,0.426785934924003,0.587277972167043,0.360848576215452,0.566066837223652,0.53156813520541,0.54259876745406,0.573726122415299,0.580853628711067,0.527177287856126,0.54868569305497,0.551158169578402,0.604059120119089,0.534578460046543,0.49826200683609,0.626413342601828,0.440384460968165,0.573726122415299,0.55323621497031,0.585736261801725,0.527949513400431,0.547696810828129,0.556983866180271,0.547818280551467,0.540141193528851,0.521245660876521,0.427044874342044,0.534231262022697,0.536228584104373,0.559997415401747,0.573726122415299,0.534689439695512,0.532151937716905,0.556407948498019,0.436499624567649,0.563012509074311,0.547028795088856,0.528107575776315,0.517799489228619,0.554448934222466,0.545420669262382,0.586469198677986,0.531983877052394,0.524460774512876,0.503812276327157,0.572907129808205,0.528586260779068,0.542918495925035,0.540899871256589,0.520140700957336,0.546146940612893,0.530722575330029,0.548785730132499,0.595863254685372,0.447873016575438,0.412738109091222,0.542918495925035,0.528586260779068,0.530722575330029,0.540899871256589,0.493540592762577,0.527177287856126,0.350996549816844,0.535523284773908,0.523675001152005,0.531508348690901,0.416219897948877,0.533243891732185,0.515620702272721,0.573726122415299,0.530835198329149,0.542918495925035,0.441964813770677,0.580853628711067,0.548542194581894,0.53156000651547,0.596472906430876,0.531373046646849,0.542918495925035,0.536793351933591,0.508603055221492,0.500055737749528,0.530722575330029,0.533566980061669,0.429732056662426,0.511479324417697,0.536514266912316,0.539252998674735
"26",0.559019263045627,0.505373255751978,0.575087677980257,0.469538237751042,0.562392669370748,0.539463802700514,0.582094608708582,0.539463802700514,0.588220931360067,0.408403850971736,0.549285969711409,0.532680302563008,0.446438086035954,0.426785934924003,0.587277972167043,0.360848576215452,0.566066837223652,0.53156813520541,0.54259876745406,0.573726122415299,0.580853628711067,0.528586260779068,0.54868569305497,0.551158169578402,0.604059120119089,0.535545774149409,0.49826200683609,0.628419232322702,0.440384460968165,0.573726122415299,0.55323621497031,0.585736261801725,0.527949513400431,0.547696810828129,0.556983866180271,0.553445853883864,0.540141193528851,0.522326993403613,0.427168498168215,0.534231262022697,0.537489885826738,0.559997415401747,0.574877686823473,0.568495928219311,0.532151937716905,0.556407948498019,0.436499624567649,0.563012509074311,0.549032517159079,0.535509086662146,0.517799489228619,0.555188645007011,0.545420669262382,0.586469198677986,0.531983877052394,0.524460774512876,0.52360699111284,0.572907129808205,0.561464643935926,0.542918495925035,0.542918495925035,0.520140700957336,0.546146940612893,0.530722575330029,0.548785730132499,0.595863254685372,0.447873016575438,0.412738109091222,0.542918495925035,0.528586260779068,0.530722575330029,0.540899871256589,0.493750583919361,0.527177287856126,0.350996549816844,0.535523284773908,0.523675001152005,0.531508348690901,0.416219897948877,0.533243891732185,0.562941762376199,0.573726122415299,0.530835198329149,0.543480730312556,0.441964813770677,0.580853628711067,0.581420577738753,0.53156000651547,0.596472906430876,0.531373046646849,0.543595886753373,0.536793351933591,0.508603055221492,0.500055737749528,0.530722575330029,0.533566980061669,0.429732056662426,0.512740626140061,0.53766583132049,0.555259743948353
"27",0.572137613827214,0.506608816622866,0.575087677980257,0.469538237751042,0.573407044239518,0.539463802700514,0.582094608708582,0.542918495925035,0.588220931360067,0.408403850971736,0.549374030519093,0.532680302563008,0.446684873062534,0.428140716580679,0.587277972167043,0.360848576215452,0.566066837223652,0.53156813520541,0.542918495925035,0.573726122415299,0.580853628711067,0.529008952655951,0.54868569305497,0.551158169578402,0.604059120119089,0.542593348327433,0.49826200683609,0.628641633279461,0.440384460968165,0.573726122415299,0.55323621497031,0.588905096096688,0.527949513400431,0.547696810828129,0.556983866180271,0.553445853883864,0.547696810828129,0.525036556716963,0.42842979989058,0.534231262022697,0.537489885826738,0.561371164001615,0.574877686823473,0.575044736820867,0.532151937716905,0.556407948498019,0.436499624567649,0.563012509074311,0.552576625972941,0.535509086662146,0.517799489228619,0.555188645007011,0.546572233670556,0.586469198677986,0.531983877052394,0.524460774512876,0.52360699111284,0.580575193984987,0.561464643935926,0.542918495925035,0.542918495925035,0.524703605577019,0.55260653955192,0.530722575330029,0.552576625972941,0.596472906430876,0.447873016575438,0.412738109091222,0.542918495925035,0.538992338683991,0.530722575330029,0.541697837652371,0.499939226527054,0.527177287856126,0.350996549816844,0.536368668527673,0.524826565560179,0.531508348690901,0.416219897948877,0.533243891732185,0.5664648856222,0.573726122415299,0.530835198329149,0.543480730312556,0.441964813770677,0.580853628711067,0.581420577738753,0.53156000651547,0.596472906430876,0.531373046646849,0.543595886753373,0.536793351933591,0.510553940807105,0.500055737749528,0.530722575330029,0.534828281784034,0.429732056662426,0.512740626140061,0.53766583132049,0.555259743948353
"28",0.572137613827214,0.506608816622866,0.575087677980257,0.469538237751042,0.573407044239518,0.539463802700514,0.582627037899655,0.542918495925035,0.588220931360067,0.408403850971736,0.549374030519093,0.546447593758142,0.450228981876396,0.429402018303043,0.58799167114378,0.360848576215452,0.566066837223652,0.53156813520541,0.542918495925035,0.573726122415299,0.580853628711067,0.536182521528046,0.549837257463144,0.551158169578402,0.607807665484943,0.543081069723837,0.49826200683609,0.628641633279461,0.440384460968165,0.573726122415299,0.55323621497031,0.588905096096688,0.527949513400431,0.547696810828129,0.556983866180271,0.553445853883864,0.547696810828129,0.525036556716963,0.42842979989058,0.534231262022697,0.537489885826738,0.561371164001615,0.574877686823473,0.581642523488876,0.533413239439269,0.556407948498019,0.436499624567649,0.566148828609514,0.552576625972941,0.535719077818931,0.550677872385477,0.555188645007011,0.54923979875255,0.586469198677986,0.531983877052394,0.524460774512876,0.52360699111284,0.581132009245881,0.561887335812809,0.542918495925035,0.542918495925035,0.524703605577019,0.55260653955192,0.566066837223652,0.555489406534793,0.596472906430876,0.447873016575438,0.412738109091222,0.542918495925035,0.538992338683991,0.530722575330029,0.541697837652371,0.509149032229132,0.527599979733008,0.350996549816844,0.536368668527673,0.524826565560179,0.531508348690901,0.416219897948877,0.533243891732185,0.5664648856222,0.573726122415299,0.530835198329149,0.543480730312556,0.441964813770677,0.580853628711067,0.581420577738753,0.53156000651547,0.596472906430876,0.531373046646849,0.543595886753373,0.542692247388371,0.510581036440238,0.525036556716963,0.566066837223652,0.534828281784034,0.429732056662426,0.512740626140061,0.53766583132049,0.555259743948353
"29",0.572137613827214,0.50776038103104,0.575087677980257,0.469538237751042,0.573407044239518,0.549781521745788,0.582627037899655,0.543595886753373,0.588220931360067,0.408403850971736,0.549374030519093,0.546447593758142,0.450228981876396,0.429402018303043,0.58799167114378,0.360848576215452,0.567218401631826,0.53156813520541,0.542918495925035,0.573726122415299,0.580853628711067,0.536182521528046,0.552504822545137,0.551158169578402,0.607807665484943,0.543081069723837,0.49826200683609,0.628784427266075,0.440384460968165,0.573726122415299,0.55323621497031,0.588905096096688,0.560827896557289,0.548664124930995,0.556983866180271,0.553445853883864,0.548664124930995,0.525036556716963,0.42842979989058,0.534231262022697,0.537489885826738,0.561371164001615,0.574877686823473,0.59334377265758,0.533413239439269,0.556407948498019,0.436499624567649,0.567410130331878,0.573726122415299,0.548413381941978,0.550677872385477,0.555188645007011,0.54923979875255,0.586469198677986,0.531983877052394,0.524460774512876,0.52360699111284,0.582030229484256,0.569060904684904,0.542918495925035,0.542918495925035,0.534301420745569,0.55260653955192,0.566066837223652,0.555489406534793,0.596472906430876,0.447873016575438,0.412738109091222,0.542918495925035,0.538992338683991,0.530722575330029,0.541697837652371,0.509149032229132,0.534773548605104,0.350996549816844,0.536368668527673,0.524826565560179,0.531508348690901,0.416219897948877,0.533243891732185,0.570213430988054,0.575308507390295,0.530835198329149,0.543480730312556,0.441964813770677,0.580853628711067,0.581420577738753,0.53156000651547,0.596472906430876,0.531373046646849,0.590916946856851,0.549151846327398,0.514848598658765,0.525036556716963,0.566066837223652,0.534828281784034,0.429732056662426,0.512740626140061,0.53766583132049,0.563939830022672
"30",0.572137613827214,0.557811502294334,0.575087677980257,0.469538237751042,0.573407044239518,0.549781521745788,0.582627037899655,0.551151504052651,0.588220931360067,0.408403850971736,0.549374030519093,0.548203390785193,0.473645122865087,0.429402018303043,0.58799167114378,0.360848576215452,0.567218401631826,0.53156813520541,0.542918495925035,0.574877686823473,0.580853628711067,0.537149835630912,0.552504822545137,0.551158169578402,0.607807665484943,0.543081069723837,0.49826200683609,0.632330568252423,0.440384460968165,0.574877686823473,0.55323621497031,0.588905096096688,0.560827896557289,0.548664124930995,0.556983866180271,0.553445853883864,0.548664124930995,0.525036556716963,0.42842979989058,0.534231262022697,0.537489885826738,0.569039228178397,0.575087677980257,0.596009982957917,0.533413239439269,0.556407948498019,0.436499624567649,0.567410130331878,0.573726122415299,0.548413381941978,0.551939174107842,0.555188645007011,0.567866691750178,0.586469198677986,0.531983877052394,0.559805036406499,0.524758555521014,0.582030229484256,0.57002821878777,0.542918495925035,0.542918495925035,0.536457149317671,0.55260653955192,0.566066837223652,0.555489406534793,0.596472906430876,0.447873016575438,0.412738109091222,0.542918495925035,0.571870721840849,0.536621470784809,0.541697837652371,0.509490437206615,0.547696810828129,0.350996549816844,0.536368668527673,0.524826565560179,0.531508348690901,0.416219897948877,0.533243891732185,0.570213430988054,0.575308507390295,0.530835198329149,0.544158121140893,0.441964813770677,0.580853628711067,0.581420577738753,0.53156000651547,0.596472906430876,0.531373046646849,0.590916946856851,0.549151846327398,0.514848598658765,0.525036556716963,0.566066837223652,0.534828281784034,0.429732056662426,0.512740626140061,0.53766583132049,0.563939830022672
"31",0.572137613827214,0.557811502294334,0.575087677980257,0.469538237751042,0.573407044239518,0.549781521745788,0.582627037899655,0.551708319313545,0.590422451552165,0.408403850971736,0.549374030519093,0.548203390785193,0.566467202298833,0.429402018303043,0.58799167114378,0.360848576215452,0.567218401631826,0.53156813520541,0.542918495925035,0.574877686823473,0.580853628711067,0.537637557027315,0.557054179348253,0.551158169578402,0.607807665484943,0.543081069723837,0.49826200683609,0.633297882355289,0.440384460968165,0.574877686823473,0.553379008956923,0.588905096096688,0.560827896557289,0.595985185034473,0.556983866180271,0.553445853883864,0.549151846327398,0.525036556716963,0.42842979989058,0.534231262022697,0.537489885826738,0.569039228178397,0.575087677980257,0.598769740931647,0.533413239439269,0.557669250220383,0.436499624567649,0.567410130331878,0.573726122415299,0.548413381941978,0.551939174107842,0.556340209415185,0.567866691750178,0.586469198677986,0.531983877052394,0.559805036406499,0.524968546677798,0.582030229484256,0.570515940184173,0.542918495925035,0.542918495925035,0.536457149317671,0.55260653955192,0.566066837223652,0.555489406534793,0.596472906430876,0.447873016575438,0.412738109091222,0.542918495925035,0.571870721840849,0.543081069723837,0.541697837652371,0.515278064443931,0.548664124930995,0.350996549816844,0.560623324527131,0.525036556716963,0.531508348690901,0.416219897948877,0.533243891732185,0.570213430988054,0.575308507390295,0.530835198329149,0.548133050521579,0.441964813770677,0.580853628711067,0.581420577738753,0.53156000651547,0.596472906430876,0.531373046646849,0.598472564156129,0.549151846327398,0.514974593352836,0.53815490749855,0.567328138946017,0.534828281784034,0.429732056662426,0.512740626140061,0.53766583132049,0.565943552092894
"32",0.572137613827214,0.557811502294334,0.575087677980257,0.469538237751042,0.573407044239518,0.549781521745788,0.583525258138031,0.551708319313545,0.598472564156129,0.408403850971736,0.596695090622571,0.550972564491437,0.566467202298833,0.429402018303043,0.588134465130393,0.360848576215452,0.573289178235388,0.53156813520541,0.542918495925035,0.574877686823473,0.580853628711067,0.537637557027315,0.557054179348253,0.551158169578402,0.607807665484943,0.543081069723837,0.49826200683609,0.635817776236705,0.440384460968165,0.574877686823473,0.556925149943271,0.588905096096688,0.560827896557289,0.595985185034473,0.556983866180271,0.553445853883864,0.549151846327398,0.525036556716963,0.42842979989058,0.534231262022697,0.537489885826738,0.569039228178397,0.575087677980257,0.598769740931647,0.533413239439269,0.557669250220383,0.436499624567649,0.567410130331878,0.573726122415299,0.548413381941978,0.551939174107842,0.556340209415185,0.567866691750178,0.590013307491849,0.531983877052394,0.559805036406499,0.536181397059271,0.582030229484256,0.570515940184173,0.575796879081894,0.542918495925035,0.536457149317671,0.55260653955192,0.566066837223652,0.555489406534793,0.596472906430876,0.447873016575438,0.412738109091222,0.542918495925035,0.571870721840849,0.543081069723837,0.550571657503594,0.515278064443931,0.549151846327398,0.350996549816844,0.560623324527131,0.525036556716963,0.531508348690901,0.416219897948877,0.533243891732185,0.571318932819901,0.575308507390295,0.530835198329149,0.548133050521579,0.441964813770677,0.592227020718856,0.595863254685372,0.53156000651547,0.596472906430876,0.531373046646849,0.598472564156129,0.549151846327398,0.515184584509621,0.53815490749855,0.567328138946017,0.534828281784034,0.429732056662426,0.512740626140061,0.53766583132049,0.576705937573523
"33",0.573398915549578,0.557811502294334,0.575087677980257,0.469538237751042,0.573407044239518,0.549781521745788,0.583525258138031,0.551708319313545,0.598472564156129,0.408403850971736,0.596695090622571,0.552233866213802,0.566467202298833,0.429402018303043,0.591173850038061,0.360848576215452,0.573289178235388,0.53156813520541,0.542918495925035,0.574877686823473,0.580853628711067,0.537637557027315,0.570515289888978,0.551158169578402,0.60891316731679,0.544342371446201,0.49826200683609,0.635817776236705,0.440384460968165,0.574877686823473,0.557892464046137,0.588905096096688,0.560827896557289,0.595985185034473,0.556983866180271,0.553445853883864,0.550413148049763,0.525036556716963,0.42842979989058,0.534231262022697,0.537489885826738,0.569039228178397,0.575087677980257,0.598979732088432,0.533413239439269,0.557669250220383,0.436499624567649,0.567410130331878,0.573726122415299,0.548413381941978,0.551939174107842,0.556340209415185,0.567866691750178,0.590013307491849,0.531983877052394,0.57451189577617,0.54298070749871,0.582030229484256,0.571777241906538,0.575796879081894,0.542918495925035,0.536457149317671,0.55260653955192,0.566066837223652,0.555489406534793,0.596472906430876,0.447873016575438,0.412738109091222,0.543595886753373,0.571870721840849,0.543081069723837,0.550571657503594,0.515830815359855,0.549151846327398,0.350996549816844,0.560623324527131,0.575087677980257,0.531508348690901,0.416219897948877,0.533243891732185,0.5836989275986,0.575308507390295,0.530835198329149,0.548133050521579,0.441964813770677,0.593488322441221,0.595863254685372,0.53156000651547,0.597734208153241,0.531373046646849,0.599439878258995,0.549151846327398,0.515184584509621,0.573499169392172,0.567328138946017,0.534828281784034,0.429732056662426,0.512740626140061,0.53766583132049,0.577315589319026
"34",0.573398915549578,0.574129847348988,0.575087677980257,0.469538237751042,0.573407044239518,0.549924315732402,0.583525258138031,0.551708319313545,0.599439878258995,0.408403850971736,0.596695090622571,0.552233866213802,0.590299166421407,0.429402018303043,0.591173850038061,0.360848576215452,0.573289178235388,0.53156813520541,0.542918495925035,0.575087677980257,0.580853628711067,0.537637557027315,0.570515289888978,0.551158169578402,0.60891316731679,0.544342371446201,0.49826200683609,0.642277375175732,0.440384460968165,0.576460071798469,0.557892464046137,0.588905096096688,0.572342185857372,0.595985185034473,0.556983866180271,0.553445853883864,0.550413148049763,0.525036556716963,0.42842979989058,0.534231262022697,0.537489885826738,0.569039228178397,0.575087677980257,0.598979732088432,0.533413239439269,0.557669250220383,0.436499624567649,0.567410130331878,0.573726122415299,0.549674683664343,0.551939174107842,0.556340209415185,0.567866691750178,0.590013307491849,0.531983877052394,0.57451189577617,0.576670062955254,0.583291531206621,0.571777241906538,0.575796879081894,0.542918495925035,0.540248045158113,0.55260653955192,0.569499853941667,0.555489406534793,0.59712320162608,0.447873016575438,0.412738109091222,0.551151504052651,0.571870721840849,0.543081069723837,0.550571657503594,0.516496013153283,0.549151846327398,0.350996549816844,0.560623324527131,0.576095635532824,0.531508348690901,0.416219897948877,0.533243891732185,0.5836989275986,0.575308507390295,0.530835198329149,0.548133050521579,0.441964813770677,0.593488322441221,0.595863254685372,0.53156000651547,0.597734208153241,0.531373046646849,0.599439878258995,0.549151846327398,0.515184584509621,0.573499169392172,0.567328138946017,0.534828281784034,0.429732056662426,0.512740626140061,0.53766583132049,0.577315589319026
"35",0.573398915549578,0.581925261001497,0.575087677980257,0.469538237751042,0.584927606178672,0.600495492965898,0.583525258138031,0.55260653955192,0.599439878258995,0.408403850971736,0.596695090622571,0.552233866213802,0.590299166421407,0.429402018303043,0.591173850038061,0.360848576215452,0.573289178235388,0.53156813520541,0.543595886753373,0.575087677980257,0.580853628711067,0.537637557027315,0.570725281045763,0.551158169578402,0.631239969018799,0.544342371446201,0.49826200683609,0.642277375175732,0.440384460968165,0.576460071798469,0.55838018544254,0.588905096096688,0.572342185857372,0.596472906430876,0.556983866180271,0.553445853883864,0.550413148049763,0.525036556716963,0.42842979989058,0.534231262022697,0.537489885826738,0.569039228178397,0.575087677980257,0.598979732088432,0.533413239439269,0.557669250220383,0.436499624567649,0.567410130331878,0.575308507390295,0.549674683664343,0.551939174107842,0.556781868235261,0.575537465490273,0.590013307491849,0.531983877052394,0.57451189577617,0.576670062955254,0.583291531206621,0.571777241906538,0.584029887209509,0.542918495925035,0.541399609566287,0.55260653955192,0.569499853941667,0.555489406534793,0.59712320162608,0.447873016575438,0.412738109091222,0.552118818155517,0.571870721840849,0.543081069723837,0.550571657503594,0.516790000772781,0.549151846327398,0.350996549816844,0.560623324527131,0.576095635532824,0.531508348690901,0.416219897948877,0.533243891732185,0.584308579344104,0.576094280751167,0.530835198329149,0.548133050521579,0.441964813770677,0.593488322441221,0.595863254685372,0.53156000651547,0.597734208153241,0.531373046646849,0.599439878258995,0.549151846327398,0.515184584509621,0.573499169392172,0.567328138946017,0.534828281784034,0.429732056662426,0.512740626140061,0.53766583132049,0.577315589319026
"36",0.573398915549578,0.584592826083491,0.575087677980257,0.469538237751042,0.584927606178672,0.600495492965898,0.583549644207851,0.553867841274285,0.599439878258995,0.408403850971736,0.604291351371549,0.552233866213802,0.590299166421407,0.429402018303043,0.591173850038061,0.360848576215452,0.573331176466745,0.53156813520541,0.543595886753373,0.575087677980257,0.580853628711067,0.537637557027315,0.570725281045763,0.551158169578402,0.631239969018799,0.544342371446201,0.49826200683609,0.642277375175732,0.440384460968165,0.576460071798469,0.55838018544254,0.589555391291892,0.572342185857372,0.596472906430876,0.556983866180271,0.553445853883864,0.550413148049763,0.525036556716963,0.42842979989058,0.534231262022697,0.537489885826738,0.570006542281263,0.575087677980257,0.600983454158655,0.533413239439269,0.557669250220383,0.436499624567649,0.567410130331878,0.575308507390295,0.549674683664343,0.551939174107842,0.564355097696076,0.584004850844494,0.590013307491849,0.531983877052394,0.57451189577617,0.576670062955254,0.583291531206621,0.571777241906538,0.584029887209509,0.542918495925035,0.541399609566287,0.553867841274285,0.569499853941667,0.555699397691578,0.597333192782865,0.447873016575438,0.412738109091222,0.55260653955192,0.571870721840849,0.590402129827314,0.550571657503594,0.516790000772781,0.549151846327398,0.350996549816844,0.561774888935305,0.576095635532824,0.531508348690901,0.416219897948877,0.533243891732185,0.599698898963935,0.576094280751167,0.530835198329149,0.548133050521579,0.441964813770677,0.593488322441221,0.596472906430876,0.53156000651547,0.597734208153241,0.531373046646849,0.599439878258995,0.549151846327398,0.515191358417904,0.573499169392172,0.567328138946017,0.534828281784034,0.429732056662426,0.512740626140061,0.537875822477275,0.577315589319026
"37",0.573398915549578,0.584592826083491,0.575087677980257,0.469538237751042,0.633960508773132,0.603910152392465,0.584958617130793,0.553867841274285,0.599439878258995,0.408403850971736,0.604291351371549,0.552233866213802,0.590299166421407,0.429402018303043,0.591173850038061,0.360848576215452,0.573331176466745,0.53156813520541,0.543595886753373,0.576670062955254,0.580853628711067,0.570515940184173,0.57346871390053,0.551158169578402,0.631825234694482,0.544342371446201,0.49826200683609,0.642277375175732,0.440384460968165,0.576460071798469,0.55838018544254,0.589555391291892,0.577738281195909,0.596472906430876,0.556983866180271,0.553445853883864,0.550413148049763,0.525036556716963,0.42842979989058,0.534231262022697,0.537489885826738,0.57154421946159,0.575087677980257,0.600983454158655,0.533413239439269,0.557669250220383,0.436499624567649,0.567410130331878,0.578477341685259,0.549674683664343,0.551939174107842,0.564761532193078,0.584004850844494,0.590013307491849,0.531983877052394,0.57451189577617,0.576670062955254,0.583291531206621,0.571777241906538,0.584997201312375,0.542918495925035,0.541399609566287,0.553867841274285,0.569499853941667,0.555699397691578,0.597333192782865,0.447873016575438,0.412738109091222,0.553867841274285,0.579466982589827,0.590402129827314,0.550571657503594,0.518051302495146,0.549151846327398,0.350996549816844,0.561774888935305,0.576095635532824,0.581559469954195,0.416219897948877,0.533243891732185,0.599698898963935,0.576094280751167,0.530835198329149,0.548133050521579,0.441964813770677,0.593488322441221,0.596472906430876,0.53156000651547,0.597734208153241,0.531373046646849,0.599439878258995,0.549151846327398,0.515191358417904,0.573499169392172,0.567328138946017,0.534828281784034,0.429732056662426,0.512740626140061,0.539137124199639,0.577315589319026
"38",0.573398915549578,0.584592826083491,0.575087677980257,0.469538237751042,0.638576317616507,0.603910152392465,0.586219918853158,0.553867841274285,0.599439878258995,0.408403850971736,0.605258665474415,0.552233866213802,0.590299166421407,0.429402018303043,0.591173850038061,0.360848576215452,0.573541167623529,0.53156813520541,0.543595886753373,0.576670062955254,0.580853628711067,0.570515940184173,0.585797226976275,0.551158169578402,0.631825234694482,0.544342371446201,0.49826200683609,0.642277375175732,0.440384460968165,0.611426859007782,0.55838018544254,0.589555391291892,0.578201616522492,0.596472906430876,0.556983866180271,0.553445853883864,0.550413148049763,0.525036556716963,0.42842979989058,0.534231262022697,0.537489885826738,0.57154421946159,0.575087677980257,0.600983454158655,0.533413239439269,0.557669250220383,0.436499624567649,0.567410130331878,0.578477341685259,0.549674683664343,0.551939174107842,0.564761532193078,0.584004850844494,0.590013307491849,0.531983877052394,0.57451189577617,0.576670062955254,0.583291531206621,0.571777241906538,0.585484922708778,0.542918495925035,0.541399609566287,0.553867841274285,0.569499853941667,0.556960699413942,0.597333192782865,0.447873016575438,0.412738109091222,0.553867841274285,0.579466982589827,0.590402129827314,0.550571657503594,0.518051302495146,0.549151846327398,0.350996549816844,0.561774888935305,0.576095635532824,0.581559469954195,0.416219897948877,0.533243891732185,0.599698898963935,0.576094280751167,0.530835198329149,0.548133050521579,0.441964813770677,0.593488322441221,0.596472906430876,0.53156000651547,0.597734208153241,0.531373046646849,0.599439878258995,0.549151846327398,0.515191358417904,0.573499169392172,0.567328138946017,0.534828281784034,0.429732056662426,0.512740626140061,0.539137124199639,0.577315589319026
"39",0.573398915549578,0.584592826083491,0.575087677980257,0.469538237751042,0.638576317616507,0.603910152392465,0.586219918853158,0.553867841274285,0.599439878258995,0.408403850971736,0.605258665474415,0.552233866213802,0.590299166421407,0.429402018303043,0.591173850038061,0.360848576215452,0.574802469345894,0.53156813520541,0.543595886753373,0.577931364677619,0.580853628711067,0.570515940184173,0.585797226976275,0.551158169578402,0.631825234694482,0.544342371446201,0.49826200683609,0.642277375175732,0.440384460968165,0.611426859007782,0.55838018544254,0.59601499023092,0.578201616522492,0.596472906430876,0.556983866180271,0.553445853883864,0.550413148049763,0.52661894169196,0.42842979989058,0.534231262022697,0.537489885826738,0.57154421946159,0.576348979702622,0.601672631587405,0.533413239439269,0.557669250220383,0.436499624567649,0.567410130331878,0.578477341685259,0.549674683664343,0.551939174107842,0.566724610813601,0.585587235819491,0.590013307491849,0.531983877052394,0.576094280751167,0.576670062955254,0.583291531206621,0.571777241906538,0.585484922708778,0.542918495925035,0.541399609566287,0.553867841274285,0.569499853941667,0.556960699413942,0.597333192782865,0.447873016575438,0.412738109091222,0.553867841274285,0.579466982589827,0.590402129827314,0.552354550163779,0.518051302495146,0.549151846327398,0.350996549816844,0.561774888935305,0.577356937255188,0.58282077167656,0.416219897948877,0.533243891732185,0.599698898963935,0.576670062955254,0.530835198329149,0.548133050521579,0.441964813770677,0.593488322441221,0.596472906430876,0.53156000651547,0.597734208153241,0.531373046646849,0.600090173454199,0.549151846327398,0.515448766932672,0.573499169392172,0.567328138946017,0.534828281784034,0.429732056662426,0.512740626140061,0.539137124199639,0.577315589319026
"40",0.573398915549578,0.584592826083491,0.575087677980257,0.469538237751042,0.638576317616507,0.603910152392465,0.586219918853158,0.553867841274285,0.599439878258995,0.408403850971736,0.605746386870819,0.552233866213802,0.590299166421407,0.429402018303043,0.591173850038061,0.360848576215452,0.574802469345894,0.53156813520541,0.547946090652957,0.577931364677619,0.580853628711067,0.570515940184173,0.585797226976275,0.551158169578402,0.631849620764303,0.544342371446201,0.49826200683609,0.642277375175732,0.440384460968165,0.617131681990243,0.55838018544254,0.596224981387705,0.578226002592312,0.596472906430876,0.556983866180271,0.553445853883864,0.550413148049763,0.52661894169196,0.42842979989058,0.534231262022697,0.537489885826738,0.57154421946159,0.576348979702622,0.601672631587405,0.533413239439269,0.557669250220383,0.436499624567649,0.567410130331878,0.578477341685259,0.549674683664343,0.551939174107842,0.566724610813601,0.585797226976275,0.590013307491849,0.531983877052394,0.576670062955254,0.576670062955254,0.583291531206621,0.571777241906538,0.585484922708778,0.542918495925035,0.541399609566287,0.553867841274285,0.575959452880695,0.556960699413942,0.597333192782865,0.447873016575438,0.412738109091222,0.553867841274285,0.580434296692693,0.590402129827314,0.562672269209053,0.518051302495146,0.549151846327398,0.350996549816844,0.561774888935305,0.577356937255188,0.58282077167656,0.416219897948877,0.533243891732185,0.599698898963935,0.576670062955254,0.530835198329149,0.548133050521579,0.441964813770677,0.593488322441221,0.596472906430876,0.53156000651547,0.597734208153241,0.531373046646849,0.600090173454199,0.582030229484256,0.529656673766007,0.573499169392172,0.567328138946017,0.534828281784034,0.429732056662426,0.512740626140061,0.539137124199639,0.582030229484256
"41",0.573398915549578,0.584592826083491,0.576348979702622,0.469538237751042,0.638576317616507,0.603910152392465,0.586219918853158,0.553867841274285,0.599439878258995,0.408403850971736,0.605746386870819,0.552233866213802,0.590299166421407,0.429402018303043,0.591173850038061,0.360848576215452,0.574802469345894,0.53156813520541,0.547946090652957,0.577931364677619,0.580853628711067,0.575959452880695,0.585797226976275,0.551158169578402,0.631849620764303,0.544342371446201,0.49826200683609,0.642277375175732,0.440384460968165,0.617131681990243,0.55838018544254,0.596224981387705,0.582030229484256,0.596472906430876,0.556983866180271,0.553445853883864,0.550413148049763,0.52661894169196,0.42842979989058,0.534231262022697,0.537489885826738,0.57154421946159,0.576348979702622,0.605139517846838,0.533413239439269,0.557669250220383,0.436499624567649,0.567410130331878,0.578477341685259,0.549674683664343,0.551939174107842,0.566934601970385,0.585797226976275,0.590663602687053,0.531983877052394,0.576670062955254,0.576670062955254,0.583291531206621,0.571777241906538,0.585484922708778,0.542918495925035,0.541399609566287,0.553867841274285,0.575959452880695,0.556960699413942,0.597333192782865,0.447873016575438,0.412738109091222,0.553867841274285,0.580922018089096,0.590402129827314,0.562672269209053,0.518051302495146,0.549151846327398,0.350996549816844,0.561774888935305,0.577356937255188,0.58282077167656,0.416219897948877,0.533243891732185,0.599698898963935,0.576670062955254,0.530835198329149,0.548133050521579,0.441964813770677,0.593488322441221,0.596472906430876,0.53156000651547,0.597734208153241,0.531373046646849,0.600300164610984,0.582030229484256,0.529656673766007,0.573499169392172,0.567328138946017,0.534828281784034,0.429732056662426,0.512740626140061,0.539137124199639,0.582030229484256
"42",0.573398915549578,0.590663602687053,0.576348979702622,0.469538237751042,0.639681819448354,0.603910152392465,0.586219918853158,0.553867841274285,0.599439878258995,0.408403850971736,0.605746386870819,0.552233866213802,0.590299166421407,0.429402018303043,0.591173850038061,0.360848576215452,0.574802469345894,0.53156813520541,0.547946090652957,0.577931364677619,0.580853628711067,0.582030229484256,0.585797226976275,0.551158169578402,0.631849620764303,0.544342371446201,0.49826200683609,0.642277375175732,0.440384460968165,0.618841213223719,0.55838018544254,0.596224981387705,0.582030229484256,0.596472906430876,0.556983866180271,0.553445853883864,0.550413148049763,0.52661894169196,0.42842979989058,0.534231262022697,0.537489885826738,0.57154421946159,0.576348979702622,0.605139517846838,0.533413239439269,0.557669250220383,0.436499624567649,0.567410130331878,0.579127636880463,0.549674683664343,0.551939174107842,0.56819590369275,0.585797226976275,0.590663602687053,0.531983877052394,0.576670062955254,0.576670062955254,0.583291531206621,0.571777241906538,0.585484922708778,0.575796879081894,0.541399609566287,0.553867841274285,0.575959452880695,0.556960699413942,0.597333192782865,0.447873016575438,0.412738109091222,0.553867841274285,0.580922018089096,0.590402129827314,0.562672269209053,0.518051302495146,0.549802141522603,0.350996549816844,0.561774888935305,0.577356937255188,0.58282077167656,0.416219897948877,0.533243891732185,0.599698898963935,0.577931364677619,0.530835198329149,0.548133050521579,0.441964813770677,0.593488322441221,0.596472906430876,0.53156000651547,0.597734208153241,0.531373046646849,0.60183784179131,0.582030229484256,0.529656673766007,0.573499169392172,0.567328138946017,0.534828281784034,0.429732056662426,0.512740626140061,0.539137124199639,0.582030229484256
"43",0.573398915549578,0.590663602687053,0.576348979702622,0.469538237751042,0.640291471193858,0.603910152392465,0.586219918853158,0.553867841274285,0.599439878258995,0.408403850971736,0.605746386870819,0.552233866213802,0.590299166421407,0.429402018303043,0.591173850038061,0.360848576215452,0.574802469345894,0.53156813520541,0.547946090652957,0.577931364677619,0.580853628711067,0.596472906430876,0.585797226976275,0.551158169578402,0.631849620764303,0.544342371446201,0.49826200683609,0.642277375175732,0.440384460968165,0.618841213223719,0.55838018544254,0.596224981387705,0.583291531206621,0.596472906430876,0.556983866180271,0.553445853883864,0.550413148049763,0.52661894169196,0.42842979989058,0.534231262022697,0.537489885826738,0.57154421946159,0.576348979702622,0.605139517846838,0.533413239439269,0.557669250220383,0.436499624567649,0.567410130331878,0.590663602687053,0.549674683664343,0.551939174107842,0.56819590369275,0.585797226976275,0.590663602687053,0.531983877052394,0.576670062955254,0.576670062955254,0.583291531206621,0.571777241906538,0.585484922708778,0.575796879081894,0.541399609566287,0.553867841274285,0.575959452880695,0.556960699413942,0.597570279572783,0.447873016575438,0.412738109091222,0.553867841274285,0.580922018089096,0.590402129827314,0.644583554960371,0.518051302495146,0.549802141522603,0.350996549816844,0.561774888935305,0.577356937255188,0.58282077167656,0.416219897948877,0.533243891732185,0.599698898963935,0.577931364677619,0.530835198329149,0.548133050521579,0.441964813770677,0.593488322441221,0.596472906430876,0.53156000651547,0.597734208153241,0.531373046646849,0.60183784179131,0.582030229484256,0.529656673766007,0.573499169392172,0.567328138946017,0.534828281784034,0.429732056662426,0.512740626140061,0.539137124199639,0.582030229484256
"44",0.573398915549578,0.59712320162608,0.576348979702622,0.469538237751042,0.640291471193858,0.603910152392465,0.586219918853158,0.553867841274285,0.599439878258995,0.408403850971736,0.605746386870819,0.552233866213802,0.591450730829581,0.429402018303043,0.591173850038061,0.360848576215452,0.574802469345894,0.53156813520541,0.547946090652957,0.577931364677619,0.580853628711067,0.596472906430876,0.585797226976275,0.551158169578402,0.631849620764303,0.544342371446201,0.49826200683609,0.642277375175732,0.440384460968165,0.618841213223719,0.55838018544254,0.597486283110069,0.583291531206621,0.596472906430876,0.556983866180271,0.553445853883864,0.550413148049763,0.528718853259807,0.42842979989058,0.534231262022697,0.537489885826738,0.57154421946159,0.576348979702622,0.605139517846838,0.533413239439269,0.557669250220383,0.436499624567649,0.567410130331878,0.591924904409417,0.549674683664343,0.551939174107842,0.56819590369275,0.585797226976275,0.590663602687053,0.531983877052394,0.576670062955254,0.576670062955254,0.583291531206621,0.571777241906538,0.585484922708778,0.575796879081894,0.541399609566287,0.553867841274285,0.575959452880695,0.556960699413942,0.597570279572783,0.447873016575438,0.412738109091222,0.553867841274285,0.580922018089096,0.590402129827314,0.644583554960371,0.518051302495146,0.550012132679387,0.350996549816844,0.561774888935305,0.577356937255188,0.58282077167656,0.416219897948877,0.533243891732185,0.599698898963935,0.577931364677619,0.530835198329149,0.548133050521579,0.441964813770677,0.593488322441221,0.602246552321496,0.53156000651547,0.597734208153241,0.531373046646849,0.60183784179131,0.582030229484256,0.529656673766007,0.573499169392172,0.567328138946017,0.534828281784034,0.429732056662426,0.512740626140061,0.539137124199639,0.582030229484256
"45",0.573398915549578,0.59712320162608,0.576348979702622,0.469538237751042,0.640291471193858,0.603910152392465,0.586219918853158,0.553867841274285,0.599439878258995,0.408403850971736,0.605746386870819,0.552233866213802,0.591450730829581,0.429402018303043,0.591173850038061,0.360848576215452,0.574802469345894,0.53156813520541,0.547946090652957,0.577931364677619,0.580853628711067,0.596472906430876,0.587897138544122,0.551158169578402,0.631849620764303,0.544342371446201,0.49826200683609,0.642277375175732,0.440384460968165,0.618841213223719,0.559641487164905,0.597486283110069,0.583291531206621,0.59712320162608,0.556983866180271,0.553445853883864,0.550413148049763,0.528718853259807,0.42842979989058,0.534231262022697,0.537489885826738,0.57154421946159,0.576348979702622,0.605139517846838,0.533413239439269,0.557669250220383,0.436499624567649,0.567410130331878,0.591924904409417,0.549674683664343,0.551939174107842,0.56819590369275,0.585797226976275,0.59712320162608,0.531983877052394,0.576670062955254,0.576670062955254,0.583291531206621,0.571777241906538,0.585484922708778,0.575796879081894,0.541399609566287,0.553867841274285,0.575959452880695,0.556960699413942,0.597570279572783,0.447873016575438,0.412738109091222,0.553867841274285,0.595364695035716,0.590402129827314,0.647765733854653,0.518051302495146,0.550012132679387,0.350996549816844,0.56470663644035,0.577356937255188,0.58282077167656,0.416219897948877,0.533243891732185,0.599698898963935,0.577931364677619,0.530835198329149,0.548133050521579,0.441964813770677,0.593488322441221,0.602246552321496,0.53156000651547,0.597734208153241,0.531373046646849,0.60183784179131,0.583291531206621,0.530917975488372,0.573774190068477,0.567328138946017,0.534828281784034,0.429732056662426,0.512740626140061,0.539137124199639,0.582680524679461
"46",0.573398915549578,0.597333192782865,0.576348979702622,0.469538237751042,0.640291471193858,0.603910152392465,0.586219918853158,0.553867841274285,0.599927599655398,0.408403850971736,0.605746386870819,0.552233866213802,0.591450730829581,0.429402018303043,0.591173850038061,0.360848576215452,0.574802469345894,0.53156813520541,0.547946090652957,0.577931364677619,0.580853628711067,0.596472906430876,0.587897138544122,0.551158169578402,0.631849620764303,0.544342371446201,0.49826200683609,0.642277375175732,0.440384460968165,0.618841213223719,0.559641487164905,0.597486283110069,0.583291531206621,0.59712320162608,0.556983866180271,0.553445853883864,0.550413148049763,0.538787902131998,0.42842979989058,0.534231262022697,0.537489885826738,0.57154421946159,0.576348979702622,0.605139517846838,0.533413239439269,0.557669250220383,0.436499624567649,0.567410130331878,0.591924904409417,0.549674683664343,0.551939174107842,0.56819590369275,0.585797226976275,0.598384503348445,0.531983877052394,0.576670062955254,0.576670062955254,0.583291531206621,0.571777241906538,0.586746224431143,0.575796879081894,0.551468658438479,0.553867841274285,0.575959452880695,0.556960699413942,0.597570279572783,0.447873016575438,0.412738109091222,0.553867841274285,0.595364695035716,0.590402129827314,0.647765733854653,0.518051302495146,0.551273434401752,0.350996549816844,0.56470663644035,0.577356937255188,0.58282077167656,0.416219897948877,0.533243891732185,0.599698898963935,0.577931364677619,0.530835198329149,0.548133050521579,0.441964813770677,0.593488322441221,0.602246552321496,0.53156000651547,0.597734208153241,0.531373046646849,0.60183784179131,0.583291531206621,0.530917975488372,0.573774190068477,0.567328138946017,0.534828281784034,0.429732056662426,0.512740626140061,0.539137124199639,0.582680524679461
"47",0.573398915549578,0.597333192782865,0.576348979702622,0.469538237751042,0.640291471193858,0.603910152392465,0.586219918853158,0.553867841274285,0.599927599655398,0.408403850971736,0.605746386870819,0.552233866213802,0.591450730829581,0.429402018303043,0.591173850038061,0.360848576215452,0.574802469345894,0.53156813520541,0.547946090652957,0.577931364677619,0.580853628711067,0.596472906430876,0.587897138544122,0.551158169578402,0.631849620764303,0.544342371446201,0.49826200683609,0.642277375175732,0.440384460968165,0.618841213223719,0.559641487164905,0.597486283110069,0.583291531206621,0.59712320162608,0.556983866180271,0.553445853883864,0.550413148049763,0.540157586386897,0.42842979989058,0.534231262022697,0.537489885826738,0.57154421946159,0.576348979702622,0.605139517846838,0.533413239439269,0.557669250220383,0.436499624567649,0.567410130331878,0.591924904409417,0.549674683664343,0.551939174107842,0.56819590369275,0.585797226976275,0.598384503348445,0.531983877052394,0.576670062955254,0.579337628037248,0.583291531206621,0.571777241906538,0.586746224431143,0.575796879081894,0.551468658438479,0.553867841274285,0.577220754603059,0.556960699413942,0.632160505220623,0.447873016575438,0.412738109091222,0.553867841274285,0.595364695035716,0.590402129827314,0.647765733854653,0.518051302495146,0.551273434401752,0.350996549816844,0.571166235379377,0.577356937255188,0.58282077167656,0.416219897948877,0.533243891732185,0.599698898963935,0.577931364677619,0.530835198329149,0.548133050521579,0.441964813770677,0.593488322441221,0.605769675567497,0.53156000651547,0.597734208153241,0.531373046646849,0.60183784179131,0.583291531206621,0.530917975488372,0.573774190068477,0.567328138946017,0.534828281784034,0.429732056662426,0.512740626140061,0.539137124199639,0.582680524679461
"48",0.573398915549578,0.597333192782865,0.576348979702622,0.469538237751042,0.641552772916223,0.603910152392465,0.586219918853158,0.553867841274285,0.599927599655398,0.408403850971736,0.605746386870819,0.552233866213802,0.591450730829581,0.429402018303043,0.591173850038061,0.360848576215452,0.574802469345894,0.53156813520541,0.547946090652957,0.577931364677619,0.581077167684419,0.596472906430876,0.587897138544122,0.551158169578402,0.631849620764303,0.544342371446201,0.49826200683609,0.643538676898097,0.440384460968165,0.625300812162746,0.559641487164905,0.597486283110069,0.583291531206621,0.598384503348445,0.556983866180271,0.553445853883864,0.550413148049763,0.540157586386897,0.42842979989058,0.534231262022697,0.537489885826738,0.57154421946159,0.576348979702622,0.605139517846838,0.533413239439269,0.557669250220383,0.436499624567649,0.567410130331878,0.591924904409417,0.549674683664343,0.551939174107842,0.56819590369275,0.585797226976275,0.598384503348445,0.531983877052394,0.577931364677619,0.579337628037248,0.583291531206621,0.571777241906538,0.586746224431143,0.575796879081894,0.551678649595263,0.553867841274285,0.577220754603059,0.556960699413942,0.632160505220623,0.447873016575438,0.412738109091222,0.553867841274285,0.59601499023092,0.590402129827314,0.647765733854653,0.518051302495146,0.551273434401752,0.350996549816844,0.571166235379377,0.577356937255188,0.58282077167656,0.416219897948877,0.533243891732185,0.599698898963935,0.577931364677619,0.530835198329149,0.548133050521579,0.441964813770677,0.593488322441221,0.605769675567497,0.53156000651547,0.597734208153241,0.531373046646849,0.60183784179131,0.583291531206621,0.530917975488372,0.573774190068477,0.567328138946017,0.534828281784034,0.429732056662426,0.512740626140061,0.539137124199639,0.582680524679461
"49",0.573398915549578,0.597333192782865,0.576348979702622,0.469538237751042,0.641552772916223,0.603910152392465,0.586219918853158,0.553867841274285,0.599927599655398,0.408403850971736,0.605746386870819,0.552233866213802,0.591450730829581,0.429402018303043,0.591173850038061,0.360848576215452,0.574802469345894,0.53156813520541,0.547946090652957,0.577931364677619,0.581077167684419,0.596472906430876,0.589266822799021,0.551158169578402,0.631849620764303,0.544342371446201,0.49826200683609,0.643538676898097,0.440384460968165,0.625300812162746,0.559641487164905,0.597486283110069,0.583291531206621,0.598384503348445,0.556983866180271,0.553445853883864,0.550413148049763,0.546068498754971,0.42842979989058,0.534231262022697,0.537489885826738,0.57154421946159,0.576348979702622,0.605139517846838,0.533413239439269,0.557669250220383,0.436499624567649,0.567410130331878,0.591924904409417,0.549674683664343,0.551939174107842,0.56819590369275,0.585797226976275,0.598384503348445,0.531983877052394,0.577931364677619,0.580598929759612,0.583291531206621,0.571777241906538,0.586746224431143,0.575796879081894,0.576953862616694,0.553867841274285,0.577220754603059,0.556960699413942,0.632160505220623,0.447873016575438,0.412738109091222,0.553867841274285,0.59601499023092,0.590402129827314,0.647765733854653,0.518051302495146,0.551273434401752,0.350996549816844,0.571166235379377,0.577356937255188,0.58282077167656,0.416219897948877,0.533243891732185,0.600714985206441,0.577931364677619,0.530835198329149,0.548133050521579,0.441964813770677,0.593488322441221,0.607030977289861,0.53156000651547,0.597734208153241,0.531373046646849,0.60183784179131,0.583291531206621,0.530917975488372,0.573774190068477,0.567328138946017,0.534828281784034,0.429732056662426,0.512740626140061,0.539137124199639,0.582680524679461
"50",0.573398915549578,0.597333192782865,0.576348979702622,0.469538237751042,0.641552772916223,0.603910152392465,0.586219918853158,0.553867841274285,0.600577894850602,0.408403850971736,0.605746386870819,0.552233866213802,0.591450730829581,0.429402018303043,0.591173850038061,0.360848576215452,0.574802469345894,0.53156813520541,0.547946090652957,0.577931364677619,0.581077167684419,0.597734208153241,0.589266822799021,0.551158169578402,0.631849620764303,0.544342371446201,0.49826200683609,0.643538676898097,0.440384460968165,0.625300812162746,0.559641487164905,0.597486283110069,0.583291531206621,0.598384503348445,0.556983866180271,0.553445853883864,0.550413148049763,0.546068498754971,0.42842979989058,0.534231262022697,0.537489885826738,0.57154421946159,0.576348979702622,0.605139517846838,0.533413239439269,0.557669250220383,0.436499624567649,0.567410130331878,0.591924904409417,0.549674683664343,0.551939174107842,0.56819590369275,0.585797226976275,0.598384503348445,0.531983877052394,0.577931364677619,0.580598929759612,0.583291531206621,0.571777241906538,0.586746224431143,0.576474269910231,0.576953862616694,0.553867841274285,0.577220754603059,0.556960699413942,0.632160505220623,0.447873016575438,0.412738109091222,0.553867841274285,0.596844116604805,0.590402129827314,0.647765733854653,0.518051302495146,0.551273434401752,0.350996549816844,0.571166235379377,0.577356937255188,0.58282077167656,0.416219897948877,0.533243891732185,0.600714985206441,0.577931364677619,0.530835198329149,0.548133050521579,0.441964813770677,0.593488322441221,0.607030977289861,0.53156000651547,0.597734208153241,0.531373046646849,0.60183784179131,0.583291531206621,0.530917975488372,0.573774190068477,0.567328138946017,0.534828281784034,0.429732056662426,0.512740626140061,0.539137124199639,0.582890515836245
"51",0.573398915549578,0.59859449450523,0.576348979702622,0.469538237751042,0.641552772916223,0.603910152392465,0.586219918853158,0.553867841274285,0.600787886007387,0.408403850971736,0.605746386870819,0.552233866213802,0.592712032551946,0.429402018303043,0.591173850038061,0.360848576215452,0.574802469345894,0.53156813520541,0.547946090652957,0.577931364677619,0.582338469406783,0.597734208153241,0.589266822799021,0.551158169578402,0.631849620764303,0.544342371446201,0.49826200683609,0.643538676898097,0.440384460968165,0.625300812162746,0.559641487164905,0.597486283110069,0.583291531206621,0.598384503348445,0.556983866180271,0.553445853883864,0.550413148049763,0.546068498754971,0.42842979989058,0.534231262022697,0.537489885826738,0.57154421946159,0.576348979702622,0.605139517846838,0.533413239439269,0.557669250220383,0.436499624567649,0.567410130331878,0.591924904409417,0.549674683664343,0.551939174107842,0.56819590369275,0.585797226976275,0.598384503348445,0.531983877052394,0.577931364677619,0.580598929759612,0.583291531206621,0.571777241906538,0.586746224431143,0.584029887209509,0.576953862616694,0.553867841274285,0.577220754603059,0.556960699413942,0.632160505220623,0.447873016575438,0.412738109091222,0.553867841274285,0.59705410776159,0.590402129827314,0.647765733854653,0.518051302495146,0.551273434401752,0.350996549816844,0.571166235379377,0.577356937255188,0.58282077167656,0.416219897948877,0.533243891732185,0.600714985206441,0.577931364677619,0.530835198329149,0.548133050521579,0.441964813770677,0.593488322441221,0.607030977289861,0.53156000651547,0.597734208153241,0.531373046646849,0.60183784179131,0.583291531206621,0.530917975488372,0.573774190068477,0.567328138946017,0.534828281784034,0.429732056662426,0.512740626140061,0.539137124199639,0.583127602626163
"52",0.573398915549578,0.59859449450523,0.576348979702622,0.469538237751042,0.641552772916223,0.603910152392465,0.586219918853158,0.553867841274285,0.600787886007387,0.408403850971736,0.605746386870819,0.552233866213802,0.592712032551946,0.429402018303043,0.591173850038061,0.360848576215452,0.574802469345894,0.53156813520541,0.547946090652957,0.577931364677619,0.582338469406783,0.597734208153241,0.589266822799021,0.551158169578402,0.631849620764303,0.544342371446201,0.49826200683609,0.643538676898097,0.440384460968165,0.625300812162746,0.559641487164905,0.597486283110069,0.583291531206621,0.598384503348445,0.556983866180271,0.553445853883864,0.550413148049763,0.546068498754971,0.42842979989058,0.534231262022697,0.537489885826738,0.57154421946159,0.576348979702622,0.605139517846838,0.533413239439269,0.557669250220383,0.436499624567649,0.567410130331878,0.591924904409417,0.549674683664343,0.551939174107842,0.56819590369275,0.585797226976275,0.598384503348445,0.531983877052394,0.577931364677619,0.580598929759612,0.583291531206621,0.571777241906538,0.586746224431143,0.584997201312375,0.57988561012174,0.553867841274285,0.577220754603059,0.556960699413942,0.632160505220623,0.447873016575438,0.412738109091222,0.553867841274285,0.59705410776159,0.591663431549679,0.647765733854653,0.518051302495146,0.551273434401752,0.350996549816844,0.571166235379377,0.577356937255188,0.58282077167656,0.416219897948877,0.533243891732185,0.600714985206441,0.577931364677619,0.530835198329149,0.548133050521579,0.441964813770677,0.593488322441221,0.607030977289861,0.53156000651547,0.597734208153241,0.531373046646849,0.60183784179131,0.583291531206621,0.530917975488372,0.573774190068477,0.567328138946017,0.534828281784034,0.429732056662426,0.512740626140061,0.539137124199639,0.583127602626163
"53",0.573398915549578,0.59859449450523,0.576348979702622,0.469538237751042,0.641552772916223,0.603910152392465,0.586219918853158,0.553867841274285,0.600787886007387,0.408403850971736,0.605746386870819,0.552233866213802,0.592712032551946,0.429402018303043,0.591173850038061,0.360848576215452,0.574802469345894,0.53156813520541,0.547946090652957,0.577931364677619,0.582338469406783,0.597734208153241,0.589266822799021,0.551158169578402,0.631849620764303,0.544342371446201,0.49826200683609,0.643538676898097,0.440384460968165,0.625300812162746,0.559641487164905,0.597486283110069,0.583291531206621,0.598384503348445,0.556983866180271,0.553445853883864,0.550413148049763,0.546068498754971,0.42842979989058,0.534231262022697,0.537489885826738,0.57154421946159,0.576348979702622,0.605139517846838,0.533413239439269,0.557669250220383,0.436499624567649,0.567410130331878,0.591924904409417,0.549674683664343,0.551939174107842,0.56819590369275,0.585797226976275,0.598384503348445,0.531983877052394,0.577931364677619,0.580598929759612,0.583291531206621,0.571777241906538,0.586746224431143,0.585484922708778,0.586345209060767,0.553867841274285,0.577220754603059,0.556960699413942,0.632160505220623,0.447873016575438,0.412738109091222,0.553867841274285,0.59705410776159,0.591663431549679,0.647765733854653,0.518051302495146,0.551273434401752,0.350996549816844,0.571376226536162,0.577356937255188,0.58282077167656,0.416219897948877,0.533243891732185,0.600714985206441,0.577931364677619,0.530835198329149,0.548133050521579,0.441964813770677,0.593488322441221,0.607030977289861,0.53156000651547,0.597734208153241,0.531373046646849,0.60183784179131,0.583291531206621,0.530917975488372,0.573774190068477,0.567328138946017,0.534828281784034,0.429732056662426,0.512740626140061,0.539137124199639,0.583127602626163
"54",0.573398915549578,0.59859449450523,0.576348979702622,0.469538237751042,0.641552772916223,0.603910152392465,0.586219918853158,0.553867841274285,0.600787886007387,0.408403850971736,0.605746386870819,0.552233866213802,0.592712032551946,0.429402018303043,0.591173850038061,0.360848576215452,0.574802469345894,0.53156813520541,0.547946090652957,0.577931364677619,0.582338469406783,0.597734208153241,0.589266822799021,0.551158169578402,0.631849620764303,0.544342371446201,0.49826200683609,0.643538676898097,0.440384460968165,0.626562113885111,0.559641487164905,0.597486283110069,0.583291531206621,0.598384503348445,0.556983866180271,0.553445853883864,0.550413148049763,0.571343711776402,0.42842979989058,0.534231262022697,0.537489885826738,0.57154421946159,0.576348979702622,0.605139517846838,0.533413239439269,0.557669250220383,0.436499624567649,0.567410130331878,0.591924904409417,0.549674683664343,0.551939174107842,0.56819590369275,0.585797226976275,0.598384503348445,0.531983877052394,0.577931364677619,0.580598929759612,0.583291531206621,0.571777241906538,0.586746224431143,0.585484922708778,0.586345209060767,0.553867841274285,0.577220754603059,0.556960699413942,0.632160505220623,0.447873016575438,0.412738109091222,0.553867841274285,0.59705410776159,0.591663431549679,0.647765733854653,0.518051302495146,0.551273434401752,0.350996549816844,0.571376226536162,0.577356937255188,0.58282077167656,0.416219897948877,0.533243891732185,0.600714985206441,0.577931364677619,0.530835198329149,0.548133050521579,0.441964813770677,0.593488322441221,0.607030977289861,0.53156000651547,0.597734208153241,0.531373046646849,0.60183784179131,0.583291531206621,0.530917975488372,0.573774190068477,0.567328138946017,0.534828281784034,0.429732056662426,0.512740626140061,0.539137124199639,0.583127602626163
"55",0.573398915549578,0.59859449450523,0.576348979702622,0.469538237751042,0.641552772916223,0.603910152392465,0.586219918853158,0.553867841274285,0.600787886007387,0.408403850971736,0.606396682066023,0.552233866213802,0.592712032551946,0.429402018303043,0.591173850038061,0.360848576215452,0.574802469345894,0.53156813520541,0.547946090652957,0.577931364677619,0.582338469406783,0.597734208153241,0.589266822799021,0.551158169578402,0.633110922486667,0.544342371446201,0.49826200683609,0.643538676898097,0.440384460968165,0.626562113885111,0.559641487164905,0.597486283110069,0.583291531206621,0.598384503348445,0.556983866180271,0.553445853883864,0.550413148049763,0.571343711776402,0.42842979989058,0.534231262022697,0.537489885826738,0.57154421946159,0.576348979702622,0.605139517846838,0.533413239439269,0.557669250220383,0.436499624567649,0.567410130331878,0.591924904409417,0.549674683664343,0.551939174107842,0.56819590369275,0.585797226976275,0.598384503348445,0.531983877052394,0.577931364677619,0.580598929759612,0.583291531206621,0.571777241906538,0.586746224431143,0.591258568599398,0.586345209060767,0.553867841274285,0.577220754603059,0.556960699413942,0.632160505220623,0.447873016575438,0.412738109091222,0.553867841274285,0.598315409483955,0.591663431549679,0.647765733854653,0.518051302495146,0.551273434401752,0.350996549816844,0.571376226536162,0.577356937255188,0.58282077167656,0.416219897948877,0.533243891732185,0.600714985206441,0.577931364677619,0.530835198329149,0.548133050521579,0.441964813770677,0.593488322441221,0.607030977289861,0.53156000651547,0.597734208153241,0.531373046646849,0.60183784179131,0.583291531206621,0.530917975488372,0.573774190068477,0.567328138946017,0.534828281784034,0.429732056662426,0.512740626140061,0.539137124199639,0.583127602626163
"56",0.573398915549578,0.59859449450523,0.576348979702622,0.469538237751042,0.641552772916223,0.603910152392465,0.586219918853158,0.553867841274285,0.600787886007387,0.408403850971736,0.606606673222807,0.552233866213802,0.592712032551946,0.429402018303043,0.591173850038061,0.360848576215452,0.574802469345894,0.53156813520541,0.547946090652957,0.577931364677619,0.582338469406783,0.597734208153241,0.589266822799021,0.551158169578402,0.633110922486667,0.544342371446201,0.49826200683609,0.643538676898097,0.440384460968165,0.626562113885111,0.559641487164905,0.597486283110069,0.583291531206621,0.598384503348445,0.556983866180271,0.553445853883864,0.550413148049763,0.571343711776402,0.42842979989058,0.534231262022697,0.537489885826738,0.57154421946159,0.576348979702622,0.605139517846838,0.533413239439269,0.557669250220383,0.436499624567649,0.567410130331878,0.591924904409417,0.549674683664343,0.551939174107842,0.56819590369275,0.585797226976275,0.598384503348445,0.531983877052394,0.577931364677619,0.580598929759612,0.583291531206621,0.571777241906538,0.586746224431143,0.591258568599398,0.586345209060767,0.553867841274285,0.577220754603059,0.556960699413942,0.632160505220623,0.447873016575438,0.412738109091222,0.553867841274285,0.598315409483955,0.591663431549679,0.647765733854653,0.518051302495146,0.551273434401752,0.350996549816844,0.571376226536162,0.577356937255188,0.58282077167656,0.416219897948877,0.533243891732185,0.600714985206441,0.577931364677619,0.530835198329149,0.548133050521579,0.441964813770677,0.593488322441221,0.607030977289861,0.53156000651547,0.597734208153241,0.531373046646849,0.60183784179131,0.583291531206621,0.530917975488372,0.573774190068477,0.567328138946017,0.534828281784034,0.429732056662426,0.512740626140061,0.539137124199639,0.583127602626163
"57",0.573398915549578,0.59859449450523,0.576348979702622,0.469538237751042,0.641552772916223,0.603910152392465,0.586219918853158,0.553867841274285,0.600787886007387,0.408403850971736,0.606606673222807,0.552233866213802,0.592712032551946,0.429402018303043,0.591173850038061,0.360848576215452,0.574802469345894,0.53156813520541,0.547946090652957,0.577931364677619,0.582338469406783,0.597734208153241,0.595177735167095,0.551158169578402,0.633110922486667,0.544342371446201,0.49826200683609,0.643538676898097,0.440384460968165,0.626562113885111,0.559641487164905,0.597486283110069,0.583291531206621,0.598384503348445,0.556983866180271,0.553445853883864,0.550413148049763,0.571343711776402,0.42842979989058,0.534231262022697,0.537489885826738,0.57154421946159,0.576348979702622,0.605139517846838,0.533413239439269,0.557669250220383,0.436499624567649,0.567410130331878,0.591924904409417,0.549674683664343,0.551939174107842,0.56819590369275,0.585797226976275,0.598384503348445,0.531983877052394,0.577931364677619,0.580598929759612,0.583291531206621,0.571777241906538,0.586746224431143,0.591258568599398,0.586345209060767,0.553867841274285,0.577220754603059,0.556960699413942,0.632160505220623,0.447873016575438,0.412738109091222,0.553867841274285,0.598315409483955,0.591663431549679,0.647765733854653,0.518051302495146,0.551273434401752,0.350996549816844,0.571376226536162,0.577356937255188,0.58282077167656,0.416219897948877,0.533243891732185,0.605490590546222,0.577931364677619,0.530835198329149,0.548133050521579,0.441964813770677,0.593488322441221,0.607030977289861,0.53156000651547,0.597734208153241,0.531373046646849,0.60183784179131,0.583291531206621,0.530917975488372,0.573774190068477,0.567328138946017,0.534828281784034,0.429732056662426,0.512740626140061,0.539137124199639,0.583127602626163
"58",0.573398915549578,0.59859449450523,0.576348979702622,0.469538237751042,0.641552772916223,0.603910152392465,0.586219918853158,0.553867841274285,0.600787886007387,0.408403850971736,0.606606673222807,0.552233866213802,0.592712032551946,0.429402018303043,0.591173850038061,0.360848576215452,0.574802469345894,0.53156813520541,0.547946090652957,0.577931364677619,0.582338469406783,0.597734208153241,0.595177735167095,0.551158169578402,0.633110922486667,0.544342371446201,0.49826200683609,0.643538676898097,0.440384460968165,0.626562113885111,0.559641487164905,0.597486283110069,0.583291531206621,0.598384503348445,0.556983866180271,0.553445853883864,0.550413148049763,0.571343711776402,0.42842979989058,0.534231262022697,0.537489885826738,0.57154421946159,0.576348979702622,0.605139517846838,0.533413239439269,0.557669250220383,0.436499624567649,0.567410130331878,0.591924904409417,0.549674683664343,0.551939174107842,0.56819590369275,0.58705852869864,0.598384503348445,0.531983877052394,0.577931364677619,0.580598929759612,0.583291531206621,0.571777241906538,0.586746224431143,0.591258568599398,0.586345209060767,0.553867841274285,0.577220754603059,0.556960699413942,0.632160505220623,0.447873016575438,0.412738109091222,0.553867841274285,0.598315409483955,0.591663431549679,0.647765733854653,0.518051302495146,0.551273434401752,0.350996549816844,0.571376226536162,0.577356937255188,0.58282077167656,0.416219897948877,0.533243891732185,0.605490590546222,0.577931364677619,0.530835198329149,0.548133050521579,0.441964813770677,0.593488322441221,0.607030977289861,0.53156000651547,0.597734208153241,0.531373046646849,0.60183784179131,0.583291531206621,0.530917975488372,0.577296622375833,0.567328138946017,0.534828281784034,0.429732056662426,0.512740626140061,0.539137124199639,0.632160505220623
"59",0.573398915549578,0.59859449450523,0.576348979702622,0.469538237751042,0.641552772916223,0.603910152392465,0.586219918853158,0.553867841274285,0.600787886007387,0.408403850971736,0.606606673222807,0.552233866213802,0.592712032551946,0.429402018303043,0.591173850038061,0.360848576215452,0.574802469345894,0.53156813520541,0.547946090652957,0.577931364677619,0.582338469406783,0.597734208153241,0.595177735167095,0.551158169578402,0.633110922486667,0.544342371446201,0.49826200683609,0.643538676898097,0.440384460968165,0.626562113885111,0.559641487164905,0.597486283110069,0.583291531206621,0.598384503348445,0.556983866180271,0.553445853883864,0.550413148049763,0.586050571146074,0.42842979989058,0.534231262022697,0.537489885826738,0.57154421946159,0.576348979702622,0.605139517846838,0.533413239439269,0.557669250220383,0.436499624567649,0.567410130331878,0.591924904409417,0.549674683664343,0.551939174107842,0.56819590369275,0.58705852869864,0.598384503348445,0.531983877052394,0.577931364677619,0.580598929759612,0.583291531206621,0.571777241906538,0.586746224431143,0.591258568599398,0.586345209060767,0.553867841274285,0.577220754603059,0.556960699413942,0.633421806942988,0.447873016575438,0.412738109091222,0.553867841274285,0.598315409483955,0.591663431549679,0.647765733854653,0.518051302495146,0.551273434401752,0.350996549816844,0.573476138104009,0.577356937255188,0.58282077167656,0.416219897948877,0.533243891732185,0.605490590546222,0.577931364677619,0.530835198329149,0.548133050521579,0.441964813770677,0.593488322441221,0.607030977289861,0.53156000651547,0.597734208153241,0.531373046646849,0.60183784179131,0.583291531206621,0.530917975488372,0.57733862060719,0.567328138946017,0.534828281784034,0.429732056662426,0.512740626140061,0.539137124199639,0.632160505220623
"60",0.573398915549578,0.59859449450523,0.576348979702622,0.469538237751042,0.641552772916223,0.603910152392465,0.586219918853158,0.553867841274285,0.600787886007387,0.408403850971736,0.606606673222807,0.552233866213802,0.592712032551946,0.429402018303043,0.591173850038061,0.360848576215452,0.574802469345894,0.53156813520541,0.547946090652957,0.577931364677619,0.582338469406783,0.597734208153241,0.595177735167095,0.551158169578402,0.633110922486667,0.544342371446201,0.49826200683609,0.643538676898097,0.440384460968165,0.626562113885111,0.559641487164905,0.597486283110069,0.583291531206621,0.598384503348445,0.556983866180271,0.553445853883864,0.550413148049763,0.586325591822379,0.42842979989058,0.534231262022697,0.537489885826738,0.57154421946159,0.576348979702622,0.605139517846838,0.533413239439269,0.557669250220383,0.436499624567649,0.567410130331878,0.591924904409417,0.549674683664343,0.551939174107842,0.56819590369275,0.58705852869864,0.598384503348445,0.531983877052394,0.577931364677619,0.580598929759612,0.583291531206621,0.571777241906538,0.586746224431143,0.592519870321763,0.586345209060767,0.553867841274285,0.577220754603059,0.556960699413942,0.633421806942988,0.447873016575438,0.412738109091222,0.553867841274285,0.598315409483955,0.591663431549679,0.647765733854653,0.518051302495146,0.551273434401752,0.350996549816844,0.573476138104009,0.577356937255188,0.58282077167656,0.416219897948877,0.533243891732185,0.605951216309491,0.577931364677619,0.530835198329149,0.548133050521579,0.441964813770677,0.593488322441221,0.607030977289861,0.53156000651547,0.597734208153241,0.531373046646849,0.60183784179131,0.583291531206621,0.530917975488372,0.57733862060719,0.567328138946017,0.534828281784034,0.429732056662426,0.512740626140061,0.539137124199639,0.632160505220623
"61",0.573398915549578,0.59859449450523,0.576348979702622,0.469538237751042,0.641552772916223,0.603910152392465,0.586219918853158,0.553867841274285,0.600787886007387,0.408403850971736,0.606606673222807,0.552233866213802,0.592712032551946,0.429402018303043,0.591173850038061,0.360848576215452,0.574802469345894,0.53156813520541,0.547946090652957,0.577931364677619,0.582338469406783,0.597734208153241,0.596439036889459,0.551158169578402,0.633110922486667,0.544342371446201,0.49826200683609,0.643538676898097,0.440384460968165,0.626562113885111,0.559641487164905,0.597486283110069,0.583291531206621,0.598384503348445,0.556983866180271,0.553445853883864,0.550413148049763,0.586474617804613,0.42842979989058,0.534231262022697,0.537489885826738,0.57154421946159,0.576348979702622,0.605139517846838,0.533413239439269,0.557669250220383,0.436499624567649,0.567410130331878,0.591924904409417,0.549674683664343,0.551939174107842,0.56819590369275,0.58705852869864,0.598384503348445,0.531983877052394,0.577931364677619,0.580598929759612,0.583291531206621,0.571777241906538,0.586746224431143,0.592519870321763,0.586345209060767,0.553867841274285,0.577220754603059,0.556960699413942,0.633421806942988,0.447873016575438,0.412738109091222,0.553867841274285,0.598315409483955,0.591663431549679,0.647765733854653,0.518051302495146,0.551273434401752,0.350996549816844,0.573476138104009,0.577356937255188,0.58282077167656,0.416219897948877,0.533243891732185,0.605951216309491,0.577931364677619,0.530835198329149,0.548133050521579,0.441964813770677,0.593488322441221,0.607030977289861,0.53156000651547,0.597734208153241,0.531373046646849,0.60183784179131,0.583291531206621,0.530917975488372,0.57733862060719,0.567328138946017,0.534828281784034,0.429732056662426,0.512740626140061,0.539137124199639,0.633190139279696
"62",0.573398915549578,0.59859449450523,0.576348979702622,0.469538237751042,0.641552772916223,0.603910152392465,0.586219918853158,0.553867841274285,0.600787886007387,0.408403850971736,0.606606673222807,0.552233866213802,0.592712032551946,0.429402018303043,0.591173850038061,0.360848576215452,0.574802469345894,0.53156813520541,0.547946090652957,0.577931364677619,0.582338469406783,0.597734208153241,0.596439036889459,0.551158169578402,0.633110922486667,0.544342371446201,0.49826200683609,0.643538676898097,0.440384460968165,0.626562113885111,0.559641487164905,0.597486283110069,0.583291531206621,0.598384503348445,0.556983866180271,0.553445853883864,0.550413148049763,0.586474617804613,0.42842979989058,0.534231262022697,0.537489885826738,0.57154421946159,0.576348979702622,0.605139517846838,0.533413239439269,0.557669250220383,0.436499624567649,0.567410130331878,0.591924904409417,0.549674683664343,0.551939174107842,0.56819590369275,0.58705852869864,0.598384503348445,0.531983877052394,0.577931364677619,0.580598929759612,0.583291531206621,0.571777241906538,0.586746224431143,0.592519870321763,0.586345209060767,0.553867841274285,0.577220754603059,0.556960699413942,0.633421806942988,0.447873016575438,0.412738109091222,0.553867841274285,0.598315409483955,0.591663431549679,0.647765733854653,0.518051302495146,0.551273434401752,0.350996549816844,0.573476138104009,0.577356937255188,0.58282077167656,0.416219897948877,0.533243891732185,0.605951216309491,0.577931364677619,0.530835198329149,0.548133050521579,0.441964813770677,0.593488322441221,0.607030977289861,0.53156000651547,0.597734208153241,0.531373046646849,0.60183784179131,0.583291531206621,0.530917975488372,0.57733862060719,0.567328138946017,0.534828281784034,0.429732056662426,0.512740626140061,0.539137124199639,0.633190139279696
"63",0.573398915549578,0.59859449450523,0.576348979702622,0.469538237751042,0.641552772916223,0.603910152392465,0.586219918853158,0.553867841274285,0.600787886007387,0.408403850971736,0.606606673222807,0.552233866213802,0.592712032551946,0.429402018303043,0.591173850038061,0.360848576215452,0.574802469345894,0.53156813520541,0.547946090652957,0.577931364677619,0.582338469406783,0.597734208153241,0.596439036889459,0.551158169578402,0.633110922486667,0.544342371446201,0.49826200683609,0.643538676898097,0.440384460968165,0.626562113885111,0.559641487164905,0.597486283110069,0.583291531206621,0.598384503348445,0.556983866180271,0.553445853883864,0.550413148049763,0.586474617804613,0.42842979989058,0.534231262022697,0.537489885826738,0.57154421946159,0.576348979702622,0.605139517846838,0.533413239439269,0.557669250220383,0.436499624567649,0.567410130331878,0.591924904409417,0.549674683664343,0.551939174107842,0.56819590369275,0.58705852869864,0.598384503348445,0.531983877052394,0.577931364677619,0.580598929759612,0.583291531206621,0.571777241906538,0.586746224431143,0.592519870321763,0.586345209060767,0.553867841274285,0.577220754603059,0.556960699413942,0.633421806942988,0.447873016575438,0.412738109091222,0.553867841274285,0.598315409483955,0.591663431549679,0.647765733854653,0.518051302495146,0.551273434401752,0.350996549816844,0.622509040698469,0.577356937255188,0.58282077167656,0.416219897948877,0.533243891732185,0.605951216309491,0.577931364677619,0.530835198329149,0.548133050521579,0.441964813770677,0.593488322441221,0.607030977289861,0.53156000651547,0.597734208153241,0.531373046646849,0.60183784179131,0.583291531206621,0.530917975488372,0.57733862060719,0.567328138946017,0.534828281784034,0.429732056662426,0.512740626140061,0.539137124199639,0.633190139279696
"64",0.573398915549578,0.59859449450523,0.576348979702622,0.469538237751042,0.641552772916223,0.603910152392465,0.586219918853158,0.553867841274285,0.600787886007387,0.408403850971736,0.606606673222807,0.552233866213802,0.592712032551946,0.429402018303043,0.591173850038061,0.360848576215452,0.574802469345894,0.53156813520541,0.547946090652957,0.577931364677619,0.582338469406783,0.597734208153241,0.596439036889459,0.551158169578402,0.633110922486667,0.544342371446201,0.49826200683609,0.643538676898097,0.440384460968165,0.626562113885111,0.559641487164905,0.597486283110069,0.583291531206621,0.598384503348445,0.556983866180271,0.553445853883864,0.550413148049763,0.586474617804613,0.42842979989058,0.534231262022697,0.537489885826738,0.57154421946159,0.576348979702622,0.605139517846838,0.533413239439269,0.557669250220383,0.436499624567649,0.567410130331878,0.591924904409417,0.549674683664343,0.551939174107842,0.56819590369275,0.58705852869864,0.598384503348445,0.531983877052394,0.577931364677619,0.580598929759612,0.583291531206621,0.571777241906538,0.586746224431143,0.592519870321763,0.635378111655227,0.553867841274285,0.577220754603059,0.556960699413942,0.633421806942988,0.447873016575438,0.412738109091222,0.553867841274285,0.598315409483955,0.591663431549679,0.647765733854653,0.518051302495146,0.551273434401752,0.350996549816844,0.622509040698469,0.577356937255188,0.58282077167656,0.416219897948877,0.533243891732185,0.605951216309491,0.577931364677619,0.530835198329149,0.548133050521579,0.441964813770677,0.593488322441221,0.607030977289861,0.53156000651547,0.597734208153241,0.531373046646849,0.60183784179131,0.583291531206621,0.530917975488372,0.57733862060719,0.567328138946017,0.534828281784034,0.429732056662426,0.512740626140061,0.539137124199639,0.633190139279696
"65",0.573398915549578,0.59859449450523,0.576348979702622,0.469538237751042,0.641552772916223,0.603910152392465,0.586219918853158,0.553867841274285,0.600787886007387,0.408403850971736,0.606606673222807,0.552233866213802,0.592712032551946,0.429402018303043,0.591173850038061,0.360848576215452,0.574802469345894,0.53156813520541,0.547946090652957,0.577931364677619,0.582338469406783,0.597734208153241,0.596439036889459,0.551158169578402,0.633110922486667,0.544342371446201,0.49826200683609,0.643538676898097,0.440384460968165,0.626562113885111,0.559641487164905,0.597486283110069,0.583291531206621,0.598384503348445,0.556983866180271,0.553445853883864,0.550413148049763,0.586474617804613,0.42842979989058,0.534231262022697,0.537489885826738,0.57154421946159,0.576348979702622,0.605139517846838,0.533413239439269,0.557669250220383,0.436499624567649,0.567410130331878,0.591924904409417,0.549674683664343,0.551939174107842,0.56819590369275,0.58705852869864,0.598384503348445,0.531983877052394,0.577931364677619,0.580598929759612,0.583291531206621,0.571777241906538,0.586746224431143,0.592519870321763,0.635378111655227,0.553867841274285,0.577220754603059,0.556960699413942,0.633421806942988,0.447873016575438,0.412738109091222,0.553867841274285,0.598315409483955,0.591663431549679,0.647765733854653,0.518051302495146,0.551273434401752,0.350996549816844,0.622509040698469,0.577356937255188,0.58282077167656,0.416219897948877,0.533243891732185,0.607212518031856,0.577931364677619,0.530835198329149,0.548133050521579,0.441964813770677,0.593488322441221,0.607030977289861,0.53156000651547,0.597734208153241,0.531373046646849,0.60183784179131,0.583291531206621,0.530917975488372,0.57733862060719,0.567328138946017,0.534828281784034,0.429732056662426,0.512740626140061,0.539137124199639,0.633190139279696
"66",0.573398915549578,0.59859449450523,0.576348979702622,0.469538237751042,0.641552772916223,0.603910152392465,0.586219918853158,0.553867841274285,0.600787886007387,0.408403850971736,0.606606673222807,0.552233866213802,0.592712032551946,0.429402018303043,0.591173850038061,0.360848576215452,0.574802469345894,0.53156813520541,0.547946090652957,0.577931364677619,0.582338469406783,0.597734208153241,0.596439036889459,0.551158169578402,0.633110922486667,0.544342371446201,0.49826200683609,0.643538676898097,0.440384460968165,0.626562113885111,0.559641487164905,0.597486283110069,0.583291531206621,0.598384503348445,0.556983866180271,0.553445853883864,0.550413148049763,0.586474617804613,0.42842979989058,0.534231262022697,0.537489885826738,0.57154421946159,0.576348979702622,0.605139517846838,0.533413239439269,0.557669250220383,0.436499624567649,0.567410130331878,0.591924904409417,0.549674683664343,0.551939174107842,0.56819590369275,0.58705852869864,0.598384503348445,0.531983877052394,0.577931364677619,0.580598929759612,0.583291531206621,0.571777241906538,0.586746224431143,0.592519870321763,0.640291471193858,0.553867841274285,0.577220754603059,0.556960699413942,0.633421806942988,0.447873016575438,0.412738109091222,0.553867841274285,0.598315409483955,0.591663431549679,0.647765733854653,0.518051302495146,0.551273434401752,0.350996549816844,0.6274224002371,0.577356937255188,0.58282077167656,0.416219897948877,0.533243891732185,0.607212518031856,0.577931364677619,0.530835198329149,0.548133050521579,0.441964813770677,0.593488322441221,0.607030977289861,0.53156000651547,0.597734208153241,0.531373046646849,0.60183784179131,0.583291531206621,0.530917975488372,0.57733862060719,0.567328138946017,0.534828281784034,0.429732056662426,0.512740626140061,0.539137124199639,0.633190139279696
"67",0.573398915549578,0.59859449450523,0.576348979702622,0.469538237751042,0.641552772916223,0.603910152392465,0.586219918853158,0.553867841274285,0.600787886007387,0.408403850971736,0.606606673222807,0.552233866213802,0.592712032551946,0.429402018303043,0.591173850038061,0.360848576215452,0.574802469345894,0.53156813520541,0.547946090652957,0.577931364677619,0.582338469406783,0.597734208153241,0.596439036889459,0.551158169578402,0.633110922486667,0.544342371446201,0.49826200683609,0.643538676898097,0.440384460968165,0.626562113885111,0.559641487164905,0.597486283110069,0.583291531206621,0.598384503348445,0.556983866180271,0.553445853883864,0.550413148049763,0.586474617804613,0.42842979989058,0.534231262022697,0.537489885826738,0.57154421946159,0.576348979702622,0.605139517846838,0.533413239439269,0.557669250220383,0.436499624567649,0.567410130331878,0.591924904409417,0.549674683664343,0.551939174107842,0.56819590369275,0.58705852869864,0.598384503348445,0.531983877052394,0.577931364677619,0.580598929759612,0.583291531206621,0.571777241906538,0.586746224431143,0.592519870321763,0.640291471193858,0.553867841274285,0.577220754603059,0.556960699413942,0.633421806942988,0.447873016575438,0.412738109091222,0.553867841274285,0.598315409483955,0.591663431549679,0.647765733854653,0.518051302495146,0.551273434401752,0.350996549816844,0.6274224002371,0.577356937255188,0.58282077167656,0.416219897948877,0.533243891732185,0.607212518031856,0.577931364677619,0.530835198329149,0.548133050521579,0.441964813770677,0.593488322441221,0.607030977289861,0.53156000651547,0.597734208153241,0.531373046646849,0.60183784179131,0.583291531206621,0.530917975488372,0.57733862060719,0.567328138946017,0.534828281784034,0.429732056662426,0.512740626140061,0.539137124199639,0.633190139279696
"68",0.573398915549578,0.59859449450523,0.576348979702622,0.469538237751042,0.641552772916223,0.603910152392465,0.586219918853158,0.553867841274285,0.635378111655227,0.408403850971736,0.606606673222807,0.552233866213802,0.592712032551946,0.429402018303043,0.591173850038061,0.360848576215452,0.574802469345894,0.53156813520541,0.547946090652957,0.577931364677619,0.582338469406783,0.597734208153241,0.596439036889459,0.551158169578402,0.633110922486667,0.544342371446201,0.49826200683609,0.643538676898097,0.440384460968165,0.626562113885111,0.559641487164905,0.597486283110069,0.583291531206621,0.598384503348445,0.556983866180271,0.553445853883864,0.550413148049763,0.586768605424111,0.42842979989058,0.534231262022697,0.537489885826738,0.57154421946159,0.576348979702622,0.605139517846838,0.533413239439269,0.557669250220383,0.436499624567649,0.567410130331878,0.591924904409417,0.549674683664343,0.551939174107842,0.56819590369275,0.58705852869864,0.598384503348445,0.531983877052394,0.577931364677619,0.580598929759612,0.583291531206621,0.571777241906538,0.586746224431143,0.592519870321763,0.640291471193858,0.553867841274285,0.577220754603059,0.556960699413942,0.633421806942988,0.447873016575438,0.412738109091222,0.553867841274285,0.598315409483955,0.591663431549679,0.647765733854653,0.518051302495146,0.551273434401752,0.350996549816844,0.628770407985492,0.577356937255188,0.58282077167656,0.416219897948877,0.533243891732185,0.607212518031856,0.577931364677619,0.530835198329149,0.548133050521579,0.441964813770677,0.593488322441221,0.607030977289861,0.53156000651547,0.597734208153241,0.531373046646849,0.60183784179131,0.583291531206621,0.530917975488372,0.624235709919901,0.567328138946017,0.534828281784034,0.429732056662426,0.512740626140061,0.539137124199639,0.633190139279696
"69",0.573398915549578,0.59859449450523,0.576348979702622,0.469538237751042,0.641552772916223,0.603910152392465,0.586219918853158,0.553867841274285,0.640291471193858,0.408403850971736,0.610129796468808,0.552233866213802,0.592712032551946,0.429402018303043,0.591173850038061,0.360848576215452,0.574802469345894,0.53156813520541,0.547946090652957,0.577931364677619,0.582338469406783,0.597734208153241,0.596439036889459,0.551158169578402,0.633110922486667,0.544342371446201,0.49826200683609,0.643538676898097,0.440384460968165,0.626562113885111,0.559641487164905,0.597486283110069,0.583291531206621,0.598384503348445,0.556983866180271,0.553445853883864,0.550413148049763,0.586768605424111,0.42842979989058,0.534231262022697,0.537489885826738,0.57154421946159,0.576348979702622,0.605139517846838,0.533413239439269,0.557669250220383,0.436499624567649,0.567410130331878,0.591924904409417,0.549674683664343,0.551939174107842,0.56819590369275,0.58705852869864,0.598384503348445,0.531983877052394,0.577931364677619,0.580598929759612,0.583291531206621,0.571777241906538,0.586746224431143,0.592519870321763,0.640291471193858,0.553867841274285,0.577220754603059,0.556960699413942,0.633421806942988,0.447873016575438,0.412738109091222,0.553867841274285,0.598315409483955,0.591663431549679,0.647765733854653,0.518051302495146,0.551273434401752,0.350996549816844,0.628770407985492,0.577356937255188,0.58282077167656,0.416219897948877,0.533243891732185,0.607212518031856,0.577931364677619,0.530835198329149,0.548133050521579,0.441964813770677,0.593488322441221,0.607030977289861,0.53156000651547,0.597734208153241,0.531373046646849,0.60183784179131,0.583291531206621,0.530917975488372,0.624235709919901,0.567328138946017,0.534828281784034,0.429732056662426,0.512740626140061,0.539137124199639,0.633190139279696
"70",0.573398915549578,0.59859449450523,0.576348979702622,0.469538237751042,0.641552772916223,0.603910152392465,0.586219918853158,0.553867841274285,0.640291471193858,0.408403850971736,0.615043156007439,0.552233866213802,0.592712032551946,0.429402018303043,0.591173850038061,0.360848576215452,0.574802469345894,0.53156813520541,0.547946090652957,0.577931364677619,0.582338469406783,0.597734208153241,0.596439036889459,0.551158169578402,0.633110922486667,0.544342371446201,0.49826200683609,0.643538676898097,0.440384460968165,0.626562113885111,0.559641487164905,0.597486283110069,0.583291531206621,0.598384503348445,0.556983866180271,0.553445853883864,0.550413148049763,0.589105603781876,0.42842979989058,0.534231262022697,0.537489885826738,0.57154421946159,0.576348979702622,0.605139517846838,0.533413239439269,0.557669250220383,0.436499624567649,0.567410130331878,0.591924904409417,0.549674683664343,0.551939174107842,0.56819590369275,0.58705852869864,0.598384503348445,0.531983877052394,0.577931364677619,0.580598929759612,0.583291531206621,0.571777241906538,0.586746224431143,0.592519870321763,0.640291471193858,0.553867841274285,0.577220754603059,0.556960699413942,0.633421806942988,0.447873016575438,0.412738109091222,0.553867841274285,0.598315409483955,0.591663431549679,0.647765733854653,0.518051302495146,0.551273434401752,0.350996549816844,0.634681320353566,0.577356937255188,0.58282077167656,0.416219897948877,0.533243891732185,0.607212518031856,0.577931364677619,0.530835198329149,0.548133050521579,0.441964813770677,0.593488322441221,0.607030977289861,0.53156000651547,0.597734208153241,0.531373046646849,0.60183784179131,0.583291531206621,0.530917975488372,0.624235709919901,0.567328138946017,0.534828281784034,0.429732056662426,0.512740626140061,0.539137124199639,0.633190139279696
"71",0.573398915549578,0.59859449450523,0.576348979702622,0.469538237751042,0.641552772916223,0.603910152392465,0.586219918853158,0.553867841274285,0.640291471193858,0.408403850971736,0.615043156007439,0.552233866213802,0.592712032551946,0.429402018303043,0.591173850038061,0.360848576215452,0.574802469345894,0.53156813520541,0.547946090652957,0.577931364677619,0.582338469406783,0.597734208153241,0.596439036889459,0.551158169578402,0.633110922486667,0.544342371446201,0.49826200683609,0.643538676898097,0.440384460968165,0.626562113885111,0.559641487164905,0.597486283110069,0.583291531206621,0.598384503348445,0.556983866180271,0.553445853883864,0.550413148049763,0.589105603781876,0.42842979989058,0.534231262022697,0.537489885826738,0.57154421946159,0.576348979702622,0.605139517846838,0.533413239439269,0.557669250220383,0.436499624567649,0.567410130331878,0.591924904409417,0.549674683664343,0.551939174107842,0.56819590369275,0.58705852869864,0.598384503348445,0.531983877052394,0.577931364677619,0.580598929759612,0.583291531206621,0.571777241906538,0.586746224431143,0.592519870321763,0.640291471193858,0.553867841274285,0.577220754603059,0.556960699413942,0.633421806942988,0.447873016575438,0.412738109091222,0.553867841274285,0.598315409483955,0.591663431549679,0.647765733854653,0.518051302495146,0.551273434401752,0.350996549816844,0.634681320353566,0.577356937255188,0.58282077167656,0.416219897948877,0.533243891732185,0.607212518031856,0.577931364677619,0.530835198329149,0.548133050521579,0.441964813770677,0.593488322441221,0.607030977289861,0.53156000651547,0.597734208153241,0.531373046646849,0.60183784179131,0.583291531206621,0.530917975488372,0.624235709919901,0.567328138946017,0.534828281784034,0.429732056662426,0.512740626140061,0.539137124199639,0.634451441002061
"72",0.573398915549578,0.59859449450523,0.576348979702622,0.469538237751042,0.641552772916223,0.603910152392465,0.586219918853158,0.553867841274285,0.640291471193858,0.408403850971736,0.615043156007439,0.552233866213802,0.592712032551946,0.429402018303043,0.591173850038061,0.360848576215452,0.574802469345894,0.53156813520541,0.547946090652957,0.577931364677619,0.582338469406783,0.597734208153241,0.596439036889459,0.551158169578402,0.633110922486667,0.544342371446201,0.49826200683609,0.643538676898097,0.440384460968165,0.626562113885111,0.559641487164905,0.597486283110069,0.583291531206621,0.598384503348445,0.556983866180271,0.553445853883864,0.550413148049763,0.590366905504241,0.42842979989058,0.534231262022697,0.537489885826738,0.57154421946159,0.576348979702622,0.605139517846838,0.533413239439269,0.557669250220383,0.436499624567649,0.567410130331878,0.591924904409417,0.549674683664343,0.551939174107842,0.56819590369275,0.58705852869864,0.598384503348445,0.531983877052394,0.577931364677619,0.580598929759612,0.583291531206621,0.571777241906538,0.586746224431143,0.592519870321763,0.640440497176092,0.553867841274285,0.577220754603059,0.556960699413942,0.633421806942988,0.447873016575438,0.412738109091222,0.553867841274285,0.598315409483955,0.591663431549679,0.647765733854653,0.518051302495146,0.551273434401752,0.350996549816844,0.634681320353566,0.577356937255188,0.58282077167656,0.416219897948877,0.533243891732185,0.607212518031856,0.577931364677619,0.530835198329149,0.548133050521579,0.441964813770677,0.593488322441221,0.607030977289861,0.53156000651547,0.597734208153241,0.531373046646849,0.60183784179131,0.583291531206621,0.530917975488372,0.625497011642266,0.567328138946017,0.534828281784034,0.429732056662426,0.512740626140061,0.539137124199639,0.634451441002061
"73",0.573398915549578,0.59859449450523,0.576348979702622,0.469538237751042,0.641552772916223,0.603910152392465,0.586219918853158,0.553867841274285,0.640291471193858,0.408403850971736,0.615043156007439,0.552233866213802,0.592712032551946,0.429402018303043,0.591173850038061,0.360848576215452,0.574802469345894,0.53156813520541,0.547946090652957,0.577931364677619,0.582338469406783,0.597734208153241,0.596439036889459,0.551158169578402,0.633110922486667,0.544342371446201,0.49826200683609,0.643538676898097,0.440384460968165,0.626562113885111,0.559641487164905,0.597486283110069,0.583291531206621,0.598384503348445,0.556983866180271,0.553445853883864,0.550413148049763,0.590366905504241,0.42842979989058,0.534231262022697,0.537489885826738,0.57154421946159,0.576348979702622,0.605139517846838,0.533413239439269,0.557669250220383,0.436499624567649,0.567410130331878,0.591924904409417,0.549674683664343,0.551939174107842,0.56819590369275,0.58705852869864,0.598384503348445,0.531983877052394,0.577931364677619,0.580598929759612,0.583291531206621,0.571777241906538,0.586746224431143,0.592519870321763,0.640440497176092,0.553867841274285,0.577220754603059,0.556960699413942,0.633421806942988,0.447873016575438,0.412738109091222,0.553867841274285,0.598315409483955,0.591663431549679,0.647765733854653,0.518051302495146,0.551273434401752,0.350996549816844,0.634681320353566,0.577356937255188,0.58282077167656,0.416219897948877,0.533243891732185,0.607212518031856,0.577931364677619,0.530835198329149,0.548133050521579,0.441964813770677,0.593488322441221,0.607030977289861,0.53156000651547,0.597734208153241,0.531373046646849,0.60183784179131,0.583291531206621,0.530917975488372,0.625497011642266,0.567328138946017,0.534828281784034,0.429732056662426,0.512740626140061,0.539137124199639,0.634451441002061
"74",0.573398915549578,0.59859449450523,0.576348979702622,0.469538237751042,0.641552772916223,0.603910152392465,0.586219918853158,0.553867841274285,0.641552772916223,0.408403850971736,0.615043156007439,0.552233866213802,0.592712032551946,0.429402018303043,0.591173850038061,0.360848576215452,0.574802469345894,0.53156813520541,0.547946090652957,0.577931364677619,0.582338469406783,0.597734208153241,0.596439036889459,0.551158169578402,0.633110922486667,0.544342371446201,0.49826200683609,0.643538676898097,0.440384460968165,0.626562113885111,0.559641487164905,0.597486283110069,0.583291531206621,0.598384503348445,0.556983866180271,0.553445853883864,0.550413148049763,0.590366905504241,0.42842979989058,0.534231262022697,0.537489885826738,0.57154421946159,0.576348979702622,0.605139517846838,0.533413239439269,0.557669250220383,0.436499624567649,0.567410130331878,0.591924904409417,0.549674683664343,0.551939174107842,0.56819590369275,0.58705852869864,0.598384503348445,0.531983877052394,0.577931364677619,0.580598929759612,0.583291531206621,0.571777241906538,0.586746224431143,0.592519870321763,0.640440497176092,0.553867841274285,0.577220754603059,0.556960699413942,0.633421806942988,0.447873016575438,0.412738109091222,0.553867841274285,0.598315409483955,0.591663431549679,0.647765733854653,0.518051302495146,0.551273434401752,0.350996549816844,0.634681320353566,0.577356937255188,0.58282077167656,0.416219897948877,0.533243891732185,0.607212518031856,0.577931364677619,0.530835198329149,0.548133050521579,0.441964813770677,0.593488322441221,0.607030977289861,0.53156000651547,0.597734208153241,0.531373046646849,0.60183784179131,0.583291531206621,0.530917975488372,0.625497011642266,0.567328138946017,0.534828281784034,0.429732056662426,0.512740626140061,0.539137124199639,0.634451441002061
"75",0.573398915549578,0.59859449450523,0.576348979702622,0.469538237751042,0.641552772916223,0.603910152392465,0.586219918853158,0.553867841274285,0.641552772916223,0.408403850971736,0.615043156007439,0.552233866213802,0.592712032551946,0.429402018303043,0.591173850038061,0.360848576215452,0.574802469345894,0.53156813520541,0.547946090652957,0.577931364677619,0.582338469406783,0.597734208153241,0.596439036889459,0.551158169578402,0.633110922486667,0.544342371446201,0.49826200683609,0.643538676898097,0.440384460968165,0.626562113885111,0.559641487164905,0.597486283110069,0.583291531206621,0.598384503348445,0.556983866180271,0.553445853883864,0.550413148049763,0.590366905504241,0.42842979989058,0.534231262022697,0.537489885826738,0.57154421946159,0.576348979702622,0.605139517846838,0.533413239439269,0.557669250220383,0.436499624567649,0.567410130331878,0.591924904409417,0.549674683664343,0.551939174107842,0.56819590369275,0.58705852869864,0.598384503348445,0.531983877052394,0.577931364677619,0.580598929759612,0.583291531206621,0.571777241906538,0.586746224431143,0.592519870321763,0.640440497176092,0.553867841274285,0.577220754603059,0.556960699413942,0.633421806942988,0.447873016575438,0.412738109091222,0.553867841274285,0.598315409483955,0.591663431549679,0.647765733854653,0.518051302495146,0.551273434401752,0.350996549816844,0.634681320353566,0.577356937255188,0.58282077167656,0.416219897948877,0.533243891732185,0.607212518031856,0.577931364677619,0.530835198329149,0.548133050521579,0.441964813770677,0.593488322441221,0.607030977289861,0.53156000651547,0.597734208153241,0.531373046646849,0.60183784179131,0.583291531206621,0.530917975488372,0.625497011642266,0.567328138946017,0.534828281784034,0.429732056662426,0.512740626140061,0.539137124199639,0.634451441002061
"76",0.573398915549578,0.59859449450523,0.576348979702622,0.469538237751042,0.641552772916223,0.603910152392465,0.586219918853158,0.553867841274285,0.641552772916223,0.408403850971736,0.615043156007439,0.552233866213802,0.592712032551946,0.429402018303043,0.591173850038061,0.360848576215452,0.574802469345894,0.53156813520541,0.547946090652957,0.577931364677619,0.582338469406783,0.597734208153241,0.596439036889459,0.551158169578402,0.633110922486667,0.544342371446201,0.49826200683609,0.643538676898097,0.440384460968165,0.626562113885111,0.559641487164905,0.597486283110069,0.583291531206621,0.598384503348445,0.556983866180271,0.553445853883864,0.550413148049763,0.590366905504241,0.42842979989058,0.534231262022697,0.537489885826738,0.57154421946159,0.576348979702622,0.605139517846838,0.533413239439269,0.557669250220383,0.436499624567649,0.567410130331878,0.591924904409417,0.549674683664343,0.551939174107842,0.56819590369275,0.58705852869864,0.598384503348445,0.531983877052394,0.577931364677619,0.580598929759612,0.583291531206621,0.571777241906538,0.586746224431143,0.592519870321763,0.640440497176092,0.553867841274285,0.577220754603059,0.556960699413942,0.633421806942988,0.447873016575438,0.412738109091222,0.553867841274285,0.598315409483955,0.591663431549679,0.647765733854653,0.518051302495146,0.551273434401752,0.350996549816844,0.634681320353566,0.577356937255188,0.58282077167656,0.416219897948877,0.533243891732185,0.607212518031856,0.577931364677619,0.530835198329149,0.548133050521579,0.441964813770677,0.593488322441221,0.607030977289861,0.53156000651547,0.597734208153241,0.531373046646849,0.60183784179131,0.583291531206621,0.530917975488372,0.625497011642266,0.567328138946017,0.534828281784034,0.429732056662426,0.512740626140061,0.539137124199639,0.634451441002061
"77",0.573398915549578,0.59859449450523,0.576348979702622,0.469538237751042,0.641552772916223,0.603910152392465,0.586219918853158,0.553867841274285,0.641552772916223,0.408403850971736,0.615043156007439,0.552233866213802,0.592712032551946,0.429402018303043,0.591173850038061,0.360848576215452,0.574802469345894,0.53156813520541,0.547946090652957,0.577931364677619,0.582338469406783,0.597734208153241,0.596439036889459,0.551158169578402,0.633110922486667,0.544342371446201,0.49826200683609,0.643538676898097,0.440384460968165,0.626562113885111,0.559641487164905,0.597486283110069,0.583291531206621,0.598384503348445,0.556983866180271,0.553445853883864,0.550413148049763,0.590366905504241,0.42842979989058,0.534231262022697,0.537489885826738,0.57154421946159,0.576348979702622,0.605139517846838,0.533413239439269,0.557669250220383,0.436499624567649,0.567410130331878,0.591924904409417,0.549674683664343,0.551939174107842,0.56819590369275,0.58705852869864,0.598384503348445,0.531983877052394,0.577931364677619,0.580598929759612,0.583291531206621,0.571777241906538,0.586746224431143,0.592519870321763,0.640440497176092,0.553867841274285,0.577220754603059,0.556960699413942,0.633421806942988,0.447873016575438,0.412738109091222,0.553867841274285,0.598315409483955,0.591663431549679,0.647765733854653,0.518051302495146,0.551273434401752,0.350996549816844,0.634681320353566,0.577356937255188,0.58282077167656,0.416219897948877,0.533243891732185,0.607212518031856,0.577931364677619,0.530835198329149,0.548133050521579,0.441964813770677,0.593488322441221,0.607030977289861,0.53156000651547,0.597734208153241,0.531373046646849,0.60183784179131,0.583291531206621,0.530917975488372,0.625497011642266,0.567328138946017,0.534828281784034,0.429732056662426,0.512740626140061,0.539137124199639,0.634451441002061
"78",0.573398915549578,0.59859449450523,0.576348979702622,0.469538237751042,0.641552772916223,0.603910152392465,0.586219918853158,0.553867841274285,0.641552772916223,0.408403850971736,0.615043156007439,0.552233866213802,0.592712032551946,0.429402018303043,0.591173850038061,0.360848576215452,0.574802469345894,0.53156813520541,0.547946090652957,0.577931364677619,0.582338469406783,0.597734208153241,0.596439036889459,0.551158169578402,0.633110922486667,0.544342371446201,0.49826200683609,0.643538676898097,0.440384460968165,0.626562113885111,0.559641487164905,0.597486283110069,0.583291531206621,0.598384503348445,0.556983866180271,0.553445853883864,0.550413148049763,0.590366905504241,0.42842979989058,0.534231262022697,0.537489885826738,0.57154421946159,0.576348979702622,0.605139517846838,0.533413239439269,0.557669250220383,0.436499624567649,0.567410130331878,0.591924904409417,0.549674683664343,0.551939174107842,0.56819590369275,0.58705852869864,0.598384503348445,0.531983877052394,0.577931364677619,0.580598929759612,0.583291531206621,0.571777241906538,0.586746224431143,0.592519870321763,0.640440497176092,0.553867841274285,0.577220754603059,0.556960699413942,0.633421806942988,0.447873016575438,0.412738109091222,0.553867841274285,0.598315409483955,0.591663431549679,0.647765733854653,0.518051302495146,0.551273434401752,0.350996549816844,0.634681320353566,0.577356937255188,0.58282077167656,0.416219897948877,0.533243891732185,0.607212518031856,0.577931364677619,0.530835198329149,0.548133050521579,0.441964813770677,0.593488322441221,0.607030977289861,0.53156000651547,0.597734208153241,0.531373046646849,0.60183784179131,0.583291531206621,0.530917975488372,0.625497011642266,0.567328138946017,0.534828281784034,0.429732056662426,0.512740626140061,0.539137124199639,0.634451441002061
"79",0.573398915549578,0.59859449450523,0.576348979702622,0.469538237751042,0.641552772916223,0.603910152392465,0.586219918853158,0.553867841274285,0.641552772916223,0.408403850971736,0.615043156007439,0.552233866213802,0.592712032551946,0.429402018303043,0.591173850038061,0.360848576215452,0.574802469345894,0.53156813520541,0.547946090652957,0.577931364677619,0.582338469406783,0.597734208153241,0.596439036889459,0.551158169578402,0.633110922486667,0.544342371446201,0.49826200683609,0.643538676898097,0.440384460968165,0.626562113885111,0.559641487164905,0.597486283110069,0.583291531206621,0.598384503348445,0.556983866180271,0.553445853883864,0.550413148049763,0.590366905504241,0.42842979989058,0.534231262022697,0.537489885826738,0.57154421946159,0.576348979702622,0.605139517846838,0.533413239439269,0.557669250220383,0.436499624567649,0.567410130331878,0.591924904409417,0.549674683664343,0.551939174107842,0.56819590369275,0.58705852869864,0.598384503348445,0.531983877052394,0.577931364677619,0.580598929759612,0.583291531206621,0.571777241906538,0.586746224431143,0.592519870321763,0.640440497176092,0.553867841274285,0.577220754603059,0.556960699413942,0.633421806942988,0.447873016575438,0.412738109091222,0.553867841274285,0.598315409483955,0.591663431549679,0.647765733854653,0.518051302495146,0.551273434401752,0.350996549816844,0.634681320353566,0.577356937255188,0.58282077167656,0.416219897948877,0.533243891732185,0.607212518031856,0.577931364677619,0.530835198329149,0.548133050521579,0.441964813770677,0.593488322441221,0.607030977289861,0.53156000651547,0.597734208153241,0.531373046646849,0.60183784179131,0.583291531206621,0.530917975488372,0.625497011642266,0.567328138946017,0.534828281784034,0.429732056662426,0.512740626140061,0.539137124199639,0.634451441002061
"80",0.573398915549578,0.59859449450523,0.576348979702622,0.469538237751042,0.641552772916223,0.603910152392465,0.586219918853158,0.553867841274285,0.641552772916223,0.408403850971736,0.615889894542861,0.552233866213802,0.592712032551946,0.429402018303043,0.591173850038061,0.360848576215452,0.574802469345894,0.53156813520541,0.547946090652957,0.577931364677619,0.582338469406783,0.597734208153241,0.596439036889459,0.551158169578402,0.633110922486667,0.544342371446201,0.49826200683609,0.643538676898097,0.440384460968165,0.626562113885111,0.559641487164905,0.597486283110069,0.583291531206621,0.598384503348445,0.556983866180271,0.553445853883864,0.550413148049763,0.590366905504241,0.42842979989058,0.534231262022697,0.537489885826738,0.57154421946159,0.576348979702622,0.605139517846838,0.533413239439269,0.557669250220383,0.436499624567649,0.567410130331878,0.591924904409417,0.549674683664343,0.551939174107842,0.56819590369275,0.58705852869864,0.598384503348445,0.531983877052394,0.577931364677619,0.580598929759612,0.583291531206621,0.571777241906538,0.586746224431143,0.592519870321763,0.640482495407449,0.553867841274285,0.577220754603059,0.556960699413942,0.633421806942988,0.447873016575438,0.412738109091222,0.553867841274285,0.598315409483955,0.591663431549679,0.647765733854653,0.518051302495146,0.551273434401752,0.350996549816844,0.634681320353566,0.577356937255188,0.58282077167656,0.416219897948877,0.533243891732185,0.607212518031856,0.577931364677619,0.530835198329149,0.548133050521579,0.441964813770677,0.593488322441221,0.607030977289861,0.53156000651547,0.597734208153241,0.531373046646849,0.60183784179131,0.583291531206621,0.530917975488372,0.625497011642266,0.567328138946017,0.534828281784034,0.429732056662426,0.512740626140061,0.539137124199639,0.634451441002061
"81",0.573398915549578,0.59859449450523,0.576348979702622,0.469538237751042,0.641552772916223,0.603910152392465,0.586219918853158,0.553867841274285,0.641552772916223,0.408403850971736,0.615889894542861,0.552233866213802,0.592712032551946,0.429402018303043,0.591173850038061,0.360848576215452,0.574802469345894,0.53156813520541,0.547946090652957,0.577931364677619,0.582338469406783,0.597734208153241,0.596439036889459,0.551158169578402,0.633110922486667,0.544342371446201,0.49826200683609,0.643538676898097,0.440384460968165,0.626562113885111,0.559641487164905,0.597486283110069,0.583291531206621,0.598384503348445,0.556983866180271,0.553445853883864,0.550413148049763,0.590366905504241,0.42842979989058,0.534231262022697,0.537489885826738,0.57154421946159,0.576348979702622,0.605139517846838,0.533413239439269,0.557669250220383,0.436499624567649,0.567410130331878,0.591924904409417,0.549674683664343,0.551939174107842,0.56819590369275,0.58705852869864,0.598384503348445,0.531983877052394,0.577931364677619,0.580598929759612,0.583291531206621,0.571777241906538,0.586746224431143,0.592519870321763,0.640482495407449,0.553867841274285,0.577220754603059,0.556960699413942,0.633421806942988,0.447873016575438,0.412738109091222,0.553867841274285,0.598315409483955,0.591663431549679,0.647765733854653,0.518051302495146,0.551273434401752,0.350996549816844,0.634681320353566,0.577356937255188,0.58282077167656,0.416219897948877,0.533243891732185,0.607212518031856,0.577931364677619,0.530835198329149,0.548133050521579,0.441964813770677,0.593488322441221,0.607030977289861,0.53156000651547,0.597734208153241,0.531373046646849,0.60183784179131,0.583291531206621,0.530917975488372,0.625497011642266,0.567328138946017,0.534828281784034,0.429732056662426,0.512740626140061,0.539137124199639,0.634451441002061
"82",0.573398915549578,0.59859449450523,0.576348979702622,0.469538237751042,0.641552772916223,0.603910152392465,0.586219918853158,0.553867841274285,0.641552772916223,0.408403850971736,0.615889894542861,0.552233866213802,0.592712032551946,0.429402018303043,0.591173850038061,0.360848576215452,0.574802469345894,0.53156813520541,0.547946090652957,0.577931364677619,0.582338469406783,0.597734208153241,0.596439036889459,0.551158169578402,0.633110922486667,0.544342371446201,0.49826200683609,0.643538676898097,0.440384460968165,0.626562113885111,0.559641487164905,0.597486283110069,0.583291531206621,0.598384503348445,0.556983866180271,0.553445853883864,0.550413148049763,0.590366905504241,0.42842979989058,0.534231262022697,0.537489885826738,0.57154421946159,0.576348979702622,0.605139517846838,0.533413239439269,0.557669250220383,0.436499624567649,0.567410130331878,0.591924904409417,0.549674683664343,0.551939174107842,0.56819590369275,0.58705852869864,0.598384503348445,0.531983877052394,0.577931364677619,0.580598929759612,0.583291531206621,0.571777241906538,0.586746224431143,0.592519870321763,0.640482495407449,0.553867841274285,0.577220754603059,0.556960699413942,0.633421806942988,0.447873016575438,0.412738109091222,0.553867841274285,0.598315409483955,0.591663431549679,0.647765733854653,0.518051302495146,0.551273434401752,0.350996549816844,0.634681320353566,0.577356937255188,0.58282077167656,0.416219897948877,0.533243891732185,0.607212518031856,0.577931364677619,0.530835198329149,0.548133050521579,0.441964813770677,0.593488322441221,0.607030977289861,0.53156000651547,0.597734208153241,0.531373046646849,0.60183784179131,0.583291531206621,0.530917975488372,0.625497011642266,0.567328138946017,0.534828281784034,0.429732056662426,0.512740626140061,0.539137124199639,0.634451441002061
"83",0.573398915549578,0.59859449450523,0.576348979702622,0.469538237751042,0.641552772916223,0.603910152392465,0.586219918853158,0.553867841274285,0.641552772916223,0.408403850971736,0.615889894542861,0.552233866213802,0.592712032551946,0.429402018303043,0.591173850038061,0.360848576215452,0.574802469345894,0.53156813520541,0.547946090652957,0.577931364677619,0.582338469406783,0.597734208153241,0.596439036889459,0.551158169578402,0.633110922486667,0.544342371446201,0.49826200683609,0.643538676898097,0.440384460968165,0.626562113885111,0.559641487164905,0.597486283110069,0.583291531206621,0.598384503348445,0.556983866180271,0.553445853883864,0.550413148049763,0.590366905504241,0.42842979989058,0.534231262022697,0.537489885826738,0.57154421946159,0.576348979702622,0.605139517846838,0.533413239439269,0.557669250220383,0.436499624567649,0.567410130331878,0.591924904409417,0.549674683664343,0.551939174107842,0.56819590369275,0.58705852869864,0.598384503348445,0.531983877052394,0.577931364677619,0.580598929759612,0.583291531206621,0.571777241906538,0.586746224431143,0.592519870321763,0.640482495407449,0.553867841274285,0.577220754603059,0.556960699413942,0.633421806942988,0.447873016575438,0.412738109091222,0.553867841274285,0.598315409483955,0.591663431549679,0.647765733854653,0.518051302495146,0.551273434401752,0.350996549816844,0.635942622075931,0.577356937255188,0.58282077167656,0.416219897948877,0.533243891732185,0.607212518031856,0.577931364677619,0.530835198329149,0.548133050521579,0.441964813770677,0.593488322441221,0.607030977289861,0.53156000651547,0.597734208153241,0.531373046646849,0.60183784179131,0.583291531206621,0.530917975488372,0.625497011642266,0.567328138946017,0.534828281784034,0.429732056662426,0.512740626140061,0.539137124199639,0.634451441002061
"84",0.573398915549578,0.59859449450523,0.576348979702622,0.469538237751042,0.641552772916223,0.603910152392465,0.586219918853158,0.553867841274285,0.641552772916223,0.408403850971736,0.615889894542861,0.552233866213802,0.592712032551946,0.429402018303043,0.591173850038061,0.360848576215452,0.574802469345894,0.53156813520541,0.547946090652957,0.577931364677619,0.582338469406783,0.597734208153241,0.596439036889459,0.551158169578402,0.633110922486667,0.544342371446201,0.49826200683609,0.643538676898097,0.440384460968165,0.626562113885111,0.559641487164905,0.597486283110069,0.583291531206621,0.598384503348445,0.556983866180271,0.553445853883864,0.550413148049763,0.590366905504241,0.42842979989058,0.534231262022697,0.537489885826738,0.57154421946159,0.576348979702622,0.605139517846838,0.533413239439269,0.557669250220383,0.436499624567649,0.567410130331878,0.591924904409417,0.549674683664343,0.551939174107842,0.56819590369275,0.58705852869864,0.598384503348445,0.531983877052394,0.577931364677619,0.580598929759612,0.583291531206621,0.571777241906538,0.586746224431143,0.592519870321763,0.640482495407449,0.553867841274285,0.577220754603059,0.556960699413942,0.633421806942988,0.447873016575438,0.412738109091222,0.553867841274285,0.598315409483955,0.591663431549679,0.647765733854653,0.518051302495146,0.551273434401752,0.350996549816844,0.635942622075931,0.577356937255188,0.58282077167656,0.416219897948877,0.533243891732185,0.607212518031856,0.577931364677619,0.530835198329149,0.548133050521579,0.441964813770677,0.593488322441221,0.607030977289861,0.53156000651547,0.597734208153241,0.531373046646849,0.60183784179131,0.583291531206621,0.530917975488372,0.625497011642266,0.567328138946017,0.534828281784034,0.429732056662426,0.512740626140061,0.539137124199639,0.634451441002061
"85",0.573398915549578,0.59859449450523,0.576348979702622,0.469538237751042,0.641552772916223,0.603910152392465,0.586219918853158,0.553867841274285,0.641552772916223,0.408403850971736,0.615889894542861,0.552233866213802,0.592712032551946,0.429402018303043,0.591173850038061,0.360848576215452,0.574802469345894,0.53156813520541,0.547946090652957,0.577931364677619,0.582338469406783,0.597734208153241,0.596439036889459,0.551158169578402,0.633110922486667,0.544342371446201,0.49826200683609,0.643538676898097,0.440384460968165,0.626562113885111,0.559641487164905,0.597486283110069,0.583291531206621,0.598384503348445,0.556983866180271,0.553445853883864,0.550413148049763,0.590366905504241,0.42842979989058,0.534231262022697,0.537489885826738,0.57154421946159,0.576348979702622,0.605139517846838,0.533413239439269,0.557669250220383,0.436499624567649,0.567410130331878,0.591924904409417,0.549674683664343,0.551939174107842,0.56819590369275,0.58705852869864,0.598384503348445,0.531983877052394,0.577931364677619,0.580598929759612,0.583291531206621,0.571777241906538,0.586746224431143,0.592519870321763,0.641743797129814,0.553867841274285,0.577220754603059,0.556960699413942,0.633421806942988,0.447873016575438,0.412738109091222,0.553867841274285,0.598315409483955,0.591663431549679,0.647765733854653,0.518051302495146,0.551273434401752,0.350996549816844,0.635942622075931,0.577356937255188,0.58282077167656,0.416219897948877,0.533243891732185,0.607212518031856,0.577931364677619,0.530835198329149,0.548133050521579,0.441964813770677,0.593488322441221,0.607030977289861,0.53156000651547,0.597734208153241,0.531373046646849,0.60183784179131,0.583291531206621,0.530917975488372,0.625497011642266,0.567328138946017,0.534828281784034,0.429732056662426,0.512740626140061,0.539137124199639,0.634451441002061
"86",0.573398915549578,0.59859449450523,0.576348979702622,0.469538237751042,0.641552772916223,0.603910152392465,0.586219918853158,0.553867841274285,0.641552772916223,0.408403850971736,0.615889894542861,0.552233866213802,0.592712032551946,0.429402018303043,0.591173850038061,0.360848576215452,0.574802469345894,0.53156813520541,0.547946090652957,0.577931364677619,0.582338469406783,0.597734208153241,0.596439036889459,0.551158169578402,0.633110922486667,0.544342371446201,0.49826200683609,0.643538676898097,0.440384460968165,0.626562113885111,0.559641487164905,0.597486283110069,0.583291531206621,0.598384503348445,0.556983866180271,0.553445853883864,0.550413148049763,0.590366905504241,0.42842979989058,0.534231262022697,0.537489885826738,0.57154421946159,0.576348979702622,0.605139517846838,0.533413239439269,0.557669250220383,0.436499624567649,0.567410130331878,0.591924904409417,0.549674683664343,0.551939174107842,0.56819590369275,0.58705852869864,0.598384503348445,0.531983877052394,0.577931364677619,0.580598929759612,0.583291531206621,0.571777241906538,0.586746224431143,0.592519870321763,0.641743797129814,0.553867841274285,0.577220754603059,0.556960699413942,0.633421806942988,0.447873016575438,0.412738109091222,0.553867841274285,0.598315409483955,0.591663431549679,0.647765733854653,0.518051302495146,0.551273434401752,0.350996549816844,0.635942622075931,0.577356937255188,0.58282077167656,0.416219897948877,0.533243891732185,0.607212518031856,0.577931364677619,0.530835198329149,0.548133050521579,0.441964813770677,0.593488322441221,0.607030977289861,0.53156000651547,0.597734208153241,0.531373046646849,0.60183784179131,0.583291531206621,0.530917975488372,0.625497011642266,0.567328138946017,0.534828281784034,0.429732056662426,0.512740626140061,0.539137124199639,0.634451441002061
"87",0.573398915549578,0.59859449450523,0.576348979702622,0.469538237751042,0.641552772916223,0.603910152392465,0.586219918853158,0.553867841274285,0.641552772916223,0.408403850971736,0.615889894542861,0.552233866213802,0.592712032551946,0.429402018303043,0.591173850038061,0.360848576215452,0.574802469345894,0.53156813520541,0.547946090652957,0.577931364677619,0.582338469406783,0.597734208153241,0.596439036889459,0.551158169578402,0.633110922486667,0.544342371446201,0.49826200683609,0.643538676898097,0.440384460968165,0.626562113885111,0.559641487164905,0.597486283110069,0.583291531206621,0.598384503348445,0.556983866180271,0.553445853883864,0.550413148049763,0.590366905504241,0.42842979989058,0.534231262022697,0.537489885826738,0.57154421946159,0.576348979702622,0.605139517846838,0.533413239439269,0.557669250220383,0.436499624567649,0.567410130331878,0.591924904409417,0.549674683664343,0.551939174107842,0.56819590369275,0.58705852869864,0.598384503348445,0.531983877052394,0.577931364677619,0.580598929759612,0.583291531206621,0.571777241906538,0.586746224431143,0.592519870321763,0.641743797129814,0.553867841274285,0.577220754603059,0.556960699413942,0.633421806942988,0.447873016575438,0.412738109091222,0.553867841274285,0.598315409483955,0.591663431549679,0.647765733854653,0.518051302495146,0.551273434401752,0.350996549816844,0.635942622075931,0.577356937255188,0.58282077167656,0.416219897948877,0.533243891732185,0.607212518031856,0.577931364677619,0.530835198329149,0.548133050521579,0.441964813770677,0.593488322441221,0.607030977289861,0.53156000651547,0.597734208153241,0.531373046646849,0.60183784179131,0.583291531206621,0.530917975488372,0.625497011642266,0.567328138946017,0.534828281784034,0.429732056662426,0.512740626140061,0.539137124199639,0.634451441002061
"88",0.573398915549578,0.59859449450523,0.576348979702622,0.469538237751042,0.641552772916223,0.603910152392465,0.586219918853158,0.553867841274285,0.641552772916223,0.408403850971736,0.615889894542861,0.552233866213802,0.592712032551946,0.429402018303043,0.591173850038061,0.360848576215452,0.574802469345894,0.53156813520541,0.547946090652957,0.577931364677619,0.582338469406783,0.597734208153241,0.596439036889459,0.551158169578402,0.633110922486667,0.544342371446201,0.49826200683609,0.643538676898097,0.440384460968165,0.626562113885111,0.559641487164905,0.597486283110069,0.583291531206621,0.598384503348445,0.556983866180271,0.553445853883864,0.550413148049763,0.590366905504241,0.42842979989058,0.534231262022697,0.537489885826738,0.57154421946159,0.576348979702622,0.605139517846838,0.533413239439269,0.557669250220383,0.436499624567649,0.567410130331878,0.591924904409417,0.549674683664343,0.551939174107842,0.56819590369275,0.58705852869864,0.598384503348445,0.531983877052394,0.577931364677619,0.580598929759612,0.583291531206621,0.571777241906538,0.586746224431143,0.592519870321763,0.641743797129814,0.553867841274285,0.577220754603059,0.556960699413942,0.633421806942988,0.447873016575438,0.412738109091222,0.553867841274285,0.598315409483955,0.591663431549679,0.647765733854653,0.518051302495146,0.551273434401752,0.350996549816844,0.635942622075931,0.577356937255188,0.58282077167656,0.416219897948877,0.533243891732185,0.607212518031856,0.577931364677619,0.530835198329149,0.548133050521579,0.441964813770677,0.593488322441221,0.607030977289861,0.53156000651547,0.597734208153241,0.531373046646849,0.60183784179131,0.583291531206621,0.530917975488372,0.625497011642266,0.567328138946017,0.534828281784034,0.429732056662426,0.512740626140061,0.539137124199639,0.634451441002061
"89",0.573398915549578,0.59859449450523,0.576348979702622,0.469538237751042,0.641552772916223,0.603910152392465,0.586219918853158,0.553867841274285,0.641552772916223,0.408403850971736,0.615889894542861,0.552233866213802,0.592712032551946,0.429402018303043,0.591173850038061,0.360848576215452,0.574802469345894,0.53156813520541,0.547946090652957,0.577931364677619,0.582338469406783,0.597734208153241,0.596439036889459,0.551158169578402,0.633110922486667,0.544342371446201,0.49826200683609,0.643538676898097,0.440384460968165,0.626562113885111,0.559641487164905,0.597486283110069,0.583291531206621,0.598384503348445,0.556983866180271,0.553445853883864,0.550413148049763,0.590366905504241,0.42842979989058,0.534231262022697,0.537489885826738,0.57154421946159,0.576348979702622,0.605139517846838,0.533413239439269,0.557669250220383,0.436499624567649,0.567410130331878,0.591924904409417,0.549674683664343,0.551939174107842,0.56819590369275,0.58705852869864,0.598384503348445,0.531983877052394,0.577931364677619,0.580598929759612,0.583291531206621,0.571777241906538,0.586746224431143,0.592519870321763,0.641743797129814,0.553867841274285,0.577220754603059,0.556960699413942,0.633421806942988,0.447873016575438,0.412738109091222,0.553867841274285,0.598315409483955,0.591663431549679,0.647765733854653,0.518051302495146,0.551273434401752,0.350996549816844,0.635942622075931,0.577356937255188,0.58282077167656,0.416219897948877,0.533243891732185,0.607212518031856,0.577931364677619,0.530835198329149,0.548133050521579,0.441964813770677,0.593488322441221,0.607030977289861,0.53156000651547,0.597734208153241,0.531373046646849,0.60183784179131,0.583291531206621,0.530917975488372,0.625497011642266,0.567328138946017,0.534828281784034,0.429732056662426,0.512740626140061,0.539137124199639,0.634451441002061
"90",0.573398915549578,0.59859449450523,0.576348979702622,0.469538237751042,0.641552772916223,0.603910152392465,0.586219918853158,0.553867841274285,0.641552772916223,0.408403850971736,0.615889894542861,0.552233866213802,0.592712032551946,0.429402018303043,0.591173850038061,0.360848576215452,0.574802469345894,0.53156813520541,0.547946090652957,0.577931364677619,0.582338469406783,0.597734208153241,0.596439036889459,0.551158169578402,0.633110922486667,0.544342371446201,0.49826200683609,0.643538676898097,0.440384460968165,0.626562113885111,0.559641487164905,0.597486283110069,0.583291531206621,0.598384503348445,0.556983866180271,0.553445853883864,0.550413148049763,0.590366905504241,0.42842979989058,0.534231262022697,0.537489885826738,0.57154421946159,0.576348979702622,0.605139517846838,0.533413239439269,0.557669250220383,0.436499624567649,0.567410130331878,0.591924904409417,0.549674683664343,0.551939174107842,0.56819590369275,0.58705852869864,0.598384503348445,0.531983877052394,0.577931364677619,0.580598929759612,0.583291531206621,0.571777241906538,0.586746224431143,0.592519870321763,0.641743797129814,0.553867841274285,0.577220754603059,0.556960699413942,0.633421806942988,0.447873016575438,0.412738109091222,0.553867841274285,0.598315409483955,0.591663431549679,0.647765733854653,0.518051302495146,0.551273434401752,0.350996549816844,0.635942622075931,0.577356937255188,0.58282077167656,0.416219897948877,0.533243891732185,0.607212518031856,0.577931364677619,0.530835198329149,0.548133050521579,0.441964813770677,0.593488322441221,0.607030977289861,0.53156000651547,0.597734208153241,0.531373046646849,0.60183784179131,0.583291531206621,0.530917975488372,0.625497011642266,0.567328138946017,0.534828281784034,0.429732056662426,0.512740626140061,0.539137124199639,0.634451441002061
"91",0.573398915549578,0.59859449450523,0.576348979702622,0.469538237751042,0.641552772916223,0.603910152392465,0.586219918853158,0.553867841274285,0.641552772916223,0.408403850971736,0.615889894542861,0.552233866213802,0.592712032551946,0.429402018303043,0.591173850038061,0.360848576215452,0.574802469345894,0.53156813520541,0.547946090652957,0.577931364677619,0.582338469406783,0.597734208153241,0.596439036889459,0.551158169578402,0.633110922486667,0.544342371446201,0.49826200683609,0.643538676898097,0.440384460968165,0.626562113885111,0.559641487164905,0.597486283110069,0.583291531206621,0.598384503348445,0.556983866180271,0.553445853883864,0.550413148049763,0.590366905504241,0.42842979989058,0.534231262022697,0.537489885826738,0.57154421946159,0.576348979702622,0.605139517846838,0.533413239439269,0.557669250220383,0.436499624567649,0.567410130331878,0.591924904409417,0.549674683664343,0.551939174107842,0.56819590369275,0.58705852869864,0.598384503348445,0.531983877052394,0.577931364677619,0.580598929759612,0.583291531206621,0.571777241906538,0.586746224431143,0.592519870321763,0.641743797129814,0.553867841274285,0.577220754603059,0.556960699413942,0.633421806942988,0.447873016575438,0.412738109091222,0.553867841274285,0.598315409483955,0.591663431549679,0.647765733854653,0.518051302495146,0.551273434401752,0.350996549816844,0.635942622075931,0.577356937255188,0.58282077167656,0.416219897948877,0.533243891732185,0.607212518031856,0.577931364677619,0.530835198329149,0.548133050521579,0.441964813770677,0.593488322441221,0.607030977289861,0.53156000651547,0.597734208153241,0.531373046646849,0.60183784179131,0.583291531206621,0.530917975488372,0.625497011642266,0.567328138946017,0.534828281784034,0.429732056662426,0.512740626140061,0.539137124199639,0.634451441002061
"92",0.573398915549578,0.59859449450523,0.576348979702622,0.469538237751042,0.641552772916223,0.603910152392465,0.586219918853158,0.553867841274285,0.641552772916223,0.408403850971736,0.615889894542861,0.552233866213802,0.592712032551946,0.429402018303043,0.591173850038061,0.360848576215452,0.574802469345894,0.53156813520541,0.547946090652957,0.577931364677619,0.582338469406783,0.597734208153241,0.596439036889459,0.551158169578402,0.633110922486667,0.544342371446201,0.49826200683609,0.643538676898097,0.440384460968165,0.626562113885111,0.559641487164905,0.597486283110069,0.583291531206621,0.598384503348445,0.556983866180271,0.553445853883864,0.550413148049763,0.590366905504241,0.42842979989058,0.534231262022697,0.537489885826738,0.57154421946159,0.576348979702622,0.605139517846838,0.533413239439269,0.557669250220383,0.436499624567649,0.567410130331878,0.591924904409417,0.549674683664343,0.551939174107842,0.56819590369275,0.58705852869864,0.598384503348445,0.531983877052394,0.577931364677619,0.580598929759612,0.583291531206621,0.571777241906538,0.586746224431143,0.592519870321763,0.641743797129814,0.553867841274285,0.577220754603059,0.556960699413942,0.633421806942988,0.447873016575438,0.412738109091222,0.553867841274285,0.598315409483955,0.591663431549679,0.647765733854653,0.518051302495146,0.551273434401752,0.350996549816844,0.635942622075931,0.577356937255188,0.58282077167656,0.416219897948877,0.533243891732185,0.607212518031856,0.577931364677619,0.530835198329149,0.548133050521579,0.441964813770677,0.593488322441221,0.607030977289861,0.53156000651547,0.597734208153241,0.531373046646849,0.60183784179131,0.583291531206621,0.530917975488372,0.625497011642266,0.567328138946017,0.534828281784034,0.429732056662426,0.512740626140061,0.539137124199639,0.634451441002061
"93",0.573398915549578,0.59859449450523,0.576348979702622,0.469538237751042,0.641552772916223,0.603910152392465,0.586219918853158,0.553867841274285,0.641552772916223,0.408403850971736,0.615889894542861,0.552233866213802,0.592712032551946,0.429402018303043,0.591173850038061,0.360848576215452,0.574802469345894,0.53156813520541,0.547946090652957,0.577931364677619,0.582338469406783,0.597734208153241,0.596439036889459,0.551158169578402,0.633110922486667,0.544342371446201,0.49826200683609,0.643538676898097,0.440384460968165,0.626562113885111,0.559641487164905,0.597486283110069,0.583291531206621,0.598384503348445,0.556983866180271,0.553445853883864,0.550413148049763,0.590366905504241,0.42842979989058,0.534231262022697,0.537489885826738,0.57154421946159,0.576348979702622,0.605139517846838,0.533413239439269,0.557669250220383,0.436499624567649,0.567410130331878,0.591924904409417,0.549674683664343,0.551939174107842,0.56819590369275,0.58705852869864,0.598384503348445,0.531983877052394,0.577931364677619,0.580598929759612,0.583291531206621,0.571777241906538,0.586746224431143,0.592519870321763,0.641743797129814,0.553867841274285,0.577220754603059,0.556960699413942,0.633421806942988,0.447873016575438,0.412738109091222,0.553867841274285,0.598315409483955,0.591663431549679,0.647765733854653,0.518051302495146,0.551273434401752,0.350996549816844,0.635942622075931,0.577356937255188,0.58282077167656,0.416219897948877,0.533243891732185,0.607212518031856,0.577931364677619,0.530835198329149,0.548133050521579,0.441964813770677,0.593488322441221,0.607030977289861,0.53156000651547,0.597734208153241,0.531373046646849,0.60183784179131,0.583291531206621,0.530917975488372,0.625497011642266,0.567328138946017,0.534828281784034,0.429732056662426,0.512740626140061,0.539137124199639,0.634451441002061
"94",0.573398915549578,0.59859449450523,0.576348979702622,0.469538237751042,0.641552772916223,0.603910152392465,0.586219918853158,0.553867841274285,0.641552772916223,0.408403850971736,0.615889894542861,0.552233866213802,0.592712032551946,0.429402018303043,0.591173850038061,0.360848576215452,0.574802469345894,0.53156813520541,0.547946090652957,0.577931364677619,0.582338469406783,0.597734208153241,0.596439036889459,0.551158169578402,0.633110922486667,0.544342371446201,0.49826200683609,0.643538676898097,0.440384460968165,0.626562113885111,0.559641487164905,0.597486283110069,0.583291531206621,0.598384503348445,0.556983866180271,0.553445853883864,0.550413148049763,0.590366905504241,0.42842979989058,0.534231262022697,0.537489885826738,0.57154421946159,0.576348979702622,0.605139517846838,0.533413239439269,0.557669250220383,0.436499624567649,0.567410130331878,0.591924904409417,0.549674683664343,0.551939174107842,0.56819590369275,0.58705852869864,0.598384503348445,0.531983877052394,0.577931364677619,0.580598929759612,0.583291531206621,0.571777241906538,0.586746224431143,0.592519870321763,0.641743797129814,0.553867841274285,0.577220754603059,0.556960699413942,0.633421806942988,0.447873016575438,0.412738109091222,0.553867841274285,0.598315409483955,0.591663431549679,0.647765733854653,0.518051302495146,0.551273434401752,0.350996549816844,0.635942622075931,0.577356937255188,0.58282077167656,0.416219897948877,0.533243891732185,0.607212518031856,0.577931364677619,0.530835198329149,0.548133050521579,0.441964813770677,0.593488322441221,0.607030977289861,0.53156000651547,0.597734208153241,0.531373046646849,0.60183784179131,0.583291531206621,0.530917975488372,0.625497011642266,0.567328138946017,0.534828281784034,0.429732056662426,0.512740626140061,0.539137124199639,0.634451441002061
"95",0.573398915549578,0.59859449450523,0.576348979702622,0.469538237751042,0.641552772916223,0.603910152392465,0.586219918853158,0.553867841274285,0.641552772916223,0.408403850971736,0.617151196265226,0.552233866213802,0.592712032551946,0.429402018303043,0.591173850038061,0.360848576215452,0.574802469345894,0.53156813520541,0.547946090652957,0.577931364677619,0.582338469406783,0.597734208153241,0.596439036889459,0.551158169578402,0.633110922486667,0.544342371446201,0.49826200683609,0.643538676898097,0.440384460968165,0.626562113885111,0.559641487164905,0.597486283110069,0.583291531206621,0.598384503348445,0.556983866180271,0.553445853883864,0.550413148049763,0.590366905504241,0.42842979989058,0.534231262022697,0.537489885826738,0.57154421946159,0.576348979702622,0.605139517846838,0.533413239439269,0.557669250220383,0.436499624567649,0.567410130331878,0.591924904409417,0.549674683664343,0.551939174107842,0.56819590369275,0.58705852869864,0.598384503348445,0.531983877052394,0.577931364677619,0.580598929759612,0.583291531206621,0.571777241906538,0.586746224431143,0.592519870321763,0.641743797129814,0.553867841274285,0.577220754603059,0.556960699413942,0.633421806942988,0.447873016575438,0.412738109091222,0.553867841274285,0.598315409483955,0.591663431549679,0.647765733854653,0.518051302495146,0.551273434401752,0.350996549816844,0.635942622075931,0.577356937255188,0.58282077167656,0.416219897948877,0.533243891732185,0.607212518031856,0.577931364677619,0.530835198329149,0.548133050521579,0.441964813770677,0.593488322441221,0.607030977289861,0.53156000651547,0.597734208153241,0.531373046646849,0.60183784179131,0.583291531206621,0.530917975488372,0.625497011642266,0.567328138946017,0.534828281784034,0.429732056662426,0.512740626140061,0.539137124199639,0.634451441002061
"96",0.573398915549578,0.59859449450523,0.576348979702622,0.469538237751042,0.641552772916223,0.603910152392465,0.586219918853158,0.553867841274285,0.641552772916223,0.408403850971736,0.617151196265226,0.552233866213802,0.592712032551946,0.429402018303043,0.591173850038061,0.360848576215452,0.574802469345894,0.53156813520541,0.547946090652957,0.577931364677619,0.582338469406783,0.597734208153241,0.596439036889459,0.551158169578402,0.633110922486667,0.544342371446201,0.49826200683609,0.643538676898097,0.440384460968165,0.626562113885111,0.559641487164905,0.597486283110069,0.583291531206621,0.598384503348445,0.556983866180271,0.553445853883864,0.550413148049763,0.590366905504241,0.42842979989058,0.534231262022697,0.537489885826738,0.57154421946159,0.576348979702622,0.605139517846838,0.533413239439269,0.557669250220383,0.436499624567649,0.567410130331878,0.591924904409417,0.549674683664343,0.551939174107842,0.56819590369275,0.58705852869864,0.598384503348445,0.531983877052394,0.577931364677619,0.580598929759612,0.583291531206621,0.571777241906538,0.586746224431143,0.592519870321763,0.641743797129814,0.553867841274285,0.577220754603059,0.556960699413942,0.633421806942988,0.447873016575438,0.412738109091222,0.553867841274285,0.598315409483955,0.591663431549679,0.647765733854653,0.518051302495146,0.551273434401752,0.350996549816844,0.635942622075931,0.577356937255188,0.58282077167656,0.416219897948877,0.533243891732185,0.607212518031856,0.577931364677619,0.530835198329149,0.548133050521579,0.441964813770677,0.593488322441221,0.607030977289861,0.53156000651547,0.597734208153241,0.531373046646849,0.60183784179131,0.583291531206621,0.530917975488372,0.625497011642266,0.567328138946017,0.534828281784034,0.429732056662426,0.512740626140061,0.539137124199639,0.634451441002061
"97",0.573398915549578,0.59859449450523,0.576348979702622,0.469538237751042,0.641552772916223,0.603910152392465,0.586219918853158,0.553867841274285,0.641552772916223,0.408403850971736,0.617151196265226,0.552233866213802,0.592712032551946,0.429402018303043,0.591173850038061,0.360848576215452,0.574802469345894,0.53156813520541,0.547946090652957,0.577931364677619,0.582338469406783,0.597734208153241,0.596439036889459,0.551158169578402,0.633110922486667,0.544342371446201,0.49826200683609,0.643538676898097,0.440384460968165,0.626562113885111,0.559641487164905,0.597486283110069,0.583291531206621,0.598384503348445,0.556983866180271,0.553445853883864,0.550413148049763,0.590366905504241,0.42842979989058,0.534231262022697,0.537489885826738,0.57154421946159,0.576348979702622,0.605139517846838,0.533413239439269,0.557669250220383,0.436499624567649,0.567410130331878,0.591924904409417,0.549674683664343,0.551939174107842,0.56819590369275,0.58705852869864,0.598384503348445,0.531983877052394,0.577931364677619,0.580598929759612,0.583291531206621,0.571777241906538,0.586746224431143,0.592519870321763,0.641743797129814,0.553867841274285,0.577220754603059,0.556960699413942,0.633421806942988,0.447873016575438,0.412738109091222,0.553867841274285,0.598315409483955,0.591663431549679,0.647765733854653,0.518051302495146,0.551273434401752,0.350996549816844,0.635942622075931,0.577356937255188,0.58282077167656,0.416219897948877,0.533243891732185,0.607212518031856,0.577931364677619,0.530835198329149,0.548133050521579,0.441964813770677,0.593488322441221,0.607030977289861,0.53156000651547,0.597734208153241,0.531373046646849,0.60183784179131,0.583291531206621,0.530917975488372,0.625497011642266,0.567328138946017,0.534828281784034,0.429732056662426,0.512740626140061,0.539137124199639,0.634451441002061
"98",0.573398915549578,0.59859449450523,0.576348979702622,0.469538237751042,0.641552772916223,0.603910152392465,0.586219918853158,0.553867841274285,0.641552772916223,0.408403850971736,0.617151196265226,0.552233866213802,0.592712032551946,0.429402018303043,0.591173850038061,0.360848576215452,0.574802469345894,0.53156813520541,0.547946090652957,0.577931364677619,0.582338469406783,0.597734208153241,0.596439036889459,0.551158169578402,0.633110922486667,0.544342371446201,0.49826200683609,0.643538676898097,0.440384460968165,0.626562113885111,0.559641487164905,0.597486283110069,0.583291531206621,0.598384503348445,0.556983866180271,0.553445853883864,0.550413148049763,0.590366905504241,0.42842979989058,0.534231262022697,0.537489885826738,0.57154421946159,0.576348979702622,0.605139517846838,0.533413239439269,0.557669250220383,0.436499624567649,0.567410130331878,0.591924904409417,0.549674683664343,0.551939174107842,0.56819590369275,0.58705852869864,0.598384503348445,0.531983877052394,0.577931364677619,0.580598929759612,0.583291531206621,0.571777241906538,0.586746224431143,0.592519870321763,0.641743797129814,0.553867841274285,0.577220754603059,0.556960699413942,0.633421806942988,0.447873016575438,0.412738109091222,0.553867841274285,0.598315409483955,0.591663431549679,0.647765733854653,0.518051302495146,0.551273434401752,0.350996549816844,0.635942622075931,0.577356937255188,0.58282077167656,0.416219897948877,0.533243891732185,0.607212518031856,0.577931364677619,0.530835198329149,0.548133050521579,0.441964813770677,0.593488322441221,0.607030977289861,0.53156000651547,0.597734208153241,0.531373046646849,0.60183784179131,0.583291531206621,0.530917975488372,0.625497011642266,0.567328138946017,0.534828281784034,0.429732056662426,0.512740626140061,0.539137124199639,0.634451441002061
"99",0.573398915549578,0.59859449450523,0.576348979702622,0.469538237751042,0.641552772916223,0.603910152392465,0.586219918853158,0.553867841274285,0.641552772916223,0.408403850971736,0.617151196265226,0.552233866213802,0.592712032551946,0.429402018303043,0.591173850038061,0.360848576215452,0.574802469345894,0.53156813520541,0.547946090652957,0.577931364677619,0.582338469406783,0.597734208153241,0.596439036889459,0.551158169578402,0.633110922486667,0.544342371446201,0.49826200683609,0.643538676898097,0.440384460968165,0.626562113885111,0.559641487164905,0.597486283110069,0.583291531206621,0.598384503348445,0.556983866180271,0.553445853883864,0.550413148049763,0.590366905504241,0.42842979989058,0.534231262022697,0.537489885826738,0.57154421946159,0.576348979702622,0.605139517846838,0.533413239439269,0.557669250220383,0.436499624567649,0.567410130331878,0.591924904409417,0.549674683664343,0.551939174107842,0.56819590369275,0.58705852869864,0.598384503348445,0.531983877052394,0.577931364677619,0.580598929759612,0.583291531206621,0.571777241906538,0.586746224431143,0.592519870321763,0.641743797129814,0.553867841274285,0.577220754603059,0.556960699413942,0.633421806942988,0.447873016575438,0.412738109091222,0.553867841274285,0.598315409483955,0.591663431549679,0.647765733854653,0.518051302495146,0.551273434401752,0.350996549816844,0.635942622075931,0.577356937255188,0.58282077167656,0.416219897948877,0.533243891732185,0.607212518031856,0.577931364677619,0.530835198329149,0.548133050521579,0.441964813770677,0.593488322441221,0.607030977289861,0.53156000651547,0.597734208153241,0.531373046646849,0.60183784179131,0.583291531206621,0.530917975488372,0.625497011642266,0.567328138946017,0.534828281784034,0.429732056662426,0.512740626140061,0.539137124199639,0.634451441002061
"100",0.573398915549578,0.59859449450523,0.576348979702622,0.469538237751042,0.641552772916223,0.603910152392465,0.586219918853158,0.553867841274285,0.641552772916223,0.408403850971736,0.617151196265226,0.552233866213802,0.592712032551946,0.429402018303043,0.591173850038061,0.360848576215452,0.574802469345894,0.53156813520541,0.547946090652957,0.577931364677619,0.582338469406783,0.597734208153241,0.596439036889459,0.551158169578402,0.633110922486667,0.544342371446201,0.49826200683609,0.643538676898097,0.440384460968165,0.626562113885111,0.559641487164905,0.597486283110069,0.583291531206621,0.598384503348445,0.556983866180271,0.553445853883864,0.550413148049763,0.590366905504241,0.42842979989058,0.534231262022697,0.537489885826738,0.57154421946159,0.576348979702622,0.605139517846838,0.533413239439269,0.557669250220383,0.436499624567649,0.567410130331878,0.591924904409417,0.549674683664343,0.551939174107842,0.56819590369275,0.58705852869864,0.598384503348445,0.531983877052394,0.577931364677619,0.580598929759612,0.583291531206621,0.571777241906538,0.586746224431143,0.592519870321763,0.641743797129814,0.553867841274285,0.577220754603059,0.556960699413942,0.633421806942988,0.447873016575438,0.412738109091222,0.553867841274285,0.598315409483955,0.591663431549679,0.647765733854653,0.518051302495146,0.551273434401752,0.350996549816844,0.635942622075931,0.577356937255188,0.58282077167656,0.416219897948877,0.533243891732185,0.607212518031856,0.577931364677619,0.530835198329149,0.548133050521579,0.441964813770677,0.593488322441221,0.607030977289861,0.53156000651547,0.597734208153241,0.531373046646849,0.60183784179131,0.583291531206621,0.530917975488372,0.625497011642266,0.567328138946017,0.534828281784034,0.429732056662426,0.512740626140061,0.539137124199639,0.634451441002061
"101",0.573398915549578,0.59859449450523,0.576348979702622,0.469538237751042,0.641552772916223,0.603910152392465,0.586219918853158,0.553867841274285,0.641552772916223,0.408403850971736,0.617151196265226,0.552233866213802,0.592712032551946,0.429402018303043,0.591173850038061,0.360848576215452,0.574802469345894,0.53156813520541,0.547946090652957,0.577931364677619,0.582338469406783,0.597734208153241,0.596439036889459,0.551158169578402,0.633110922486667,0.544342371446201,0.49826200683609,0.643538676898097,0.440384460968165,0.626562113885111,0.559641487164905,0.597486283110069,0.583291531206621,0.598384503348445,0.556983866180271,0.553445853883864,0.550413148049763,0.590366905504241,0.42842979989058,0.534231262022697,0.537489885826738,0.57154421946159,0.576348979702622,0.605139517846838,0.533413239439269,0.557669250220383,0.436499624567649,0.567410130331878,0.591924904409417,0.549674683664343,0.551939174107842,0.56819590369275,0.58705852869864,0.598384503348445,0.531983877052394,0.577931364677619,0.580598929759612,0.583291531206621,0.571777241906538,0.586746224431143,0.592519870321763,0.641743797129814,0.553867841274285,0.577220754603059,0.556960699413942,0.633421806942988,0.447873016575438,0.412738109091222,0.553867841274285,0.598315409483955,0.591663431549679,0.647765733854653,0.518051302495146,0.551273434401752,0.350996549816844,0.635942622075931,0.577356937255188,0.58282077167656,0.416219897948877,0.533243891732185,0.607212518031856,0.577931364677619,0.530835198329149,0.548133050521579,0.441964813770677,0.593488322441221,0.607030977289861,0.53156000651547,0.597734208153241,0.531373046646849,0.60183784179131,0.583291531206621,0.530917975488372,0.625497011642266,0.567328138946017,0.534828281784034,0.429732056662426,0.512740626140061,0.539137124199639,0.634451441002061
