"","V1","V2","V3","V4","V5","V6","V7","V8","V9","V10","V11","V12","V13","V14","V15","V16","V17","V18","V19","V20","V21","V22","V23","V24","V25","V26","V27","V28","V29","V30","V31","V32","V33","V34","V35","V36","V37","V38","V39","V40","V41","V42","V43","V44","V45","V46","V47","V48","V49","V50","V51","V52","V53","V54","V55","V56","V57","V58","V59","V60","V61","V62","V63","V64","V65","V66","V67","V68","V69","V70","V71","V72","V73","V74","V75","V76","V77","V78","V79","V80","V81","V82","V83","V84","V85","V86","V87","V88","V89","V90","V91","V92","V93","V94","V95","V96","V97","V98","V99","V100"
"1",0.902871948391067,0.898373940522302,0.876672320427928,0.851708862987424,0.859368150888633,0.905958864458378,0.934522899366977,0.897909144741094,0.91378593664864,0.928359051973165,0.950964529552388,0.91378593664864,0.813056018361388,0.901530822933491,0.964508010817839,0.897240559993524,0.992272147412015,0.915032335772782,0.880446320786331,0.950964529552388,0.861816222375303,0.950964529552388,0.934035177970574,0.839786717482467,0.819868781782678,0.897909144741094,0.850078727378156,0.905972498980971,0.879794145154187,0.861807672348267,0.895569542492985,0.91378593664864,0.928470144069012,0.928470144069012,0.927602024369485,0.905958864458378,0.898373940522302,0.896892213114833,0.927602024369485,0.91378593664864,0.850893961820933,0.901869409965127,0.950964529552388,0.890763633397108,0.922642642897976,0.715801223406041,0.89621566767025,0.928328558547636,0.816090593794175,0.881250749490615,0.881250749490615,0.848932591038167,0.950964529552388,0.855981196746945,0.902871948391067,0.861725470971249,0.896819054905373,0.950964529552388,0.950964529552388,0.886196653594202,0.905958864458378,0.821935658354608,0.855493475350542,0.876422974218799,0.690251542459221,0.921613008838903,0.862158858849311,0.877592839017591,0.897909144741094,0.950964529552388,0.836602294256893,0.897909144741094,0.872475855795962,0.951181294617456,0.896168355985235,0.92074874484797,0.901869409965127,0.934522899366977,0.850272065558816,0.82296534199869,0.797512879370684,0.887541285226706,0.898373940522302,0.898373940522302,0.950964529552388,0.896892213114833,0.89723443096131,0.902871948391067,0.871763178324595,0.902051424880701,0.890323009630217,0.854213900333193,0.86404433693132,0.852779809758335,0.922642642897976,0.992272147412015,0.928470144069012,0.992272147412015,0.934035177970574,0.89485833902406
"2",0.864184868432567,0.934370462044531,0.857357191574801,0.851708862987424,0.828683086075723,0.846303376302442,0.934522899366977,0.897909144741094,0.846899480231379,0.861472595555903,0.850641387167116,0.805321412728757,0.85936726486143,0.760003532782839,0.864184868432567,0.897240559993524,0.823994392688782,0.915032335772782,0.820790832630395,0.809437239401736,0.861816222375303,0.850641387167116,0.836578411082024,0.848687564414872,0.815285560857272,0.897909144741094,0.918900009799271,0.905972498980971,0.812907688736926,0.827353289302361,0.828683086075723,0.846899480231379,0.928470144069012,0.928470144069012,0.786074734218833,0.846303376302442,0.898373940522302,0.801546267579855,0.786074734218833,0.91378593664864,0.858390467286967,0.688682732396424,0.809437239401736,0.890763633397108,0.922642642897976,0.810833363575447,0.89621566767025,0.868673070391701,0.769694673440591,0.881250749490615,0.881250749490615,0.848932591038167,0.853507762663838,0.794071937179978,0.962842171292791,0.861472595555903,0.804074056044941,0.850641387167116,0.850641387167116,0.886196653594202,0.846303376302442,0.81921515003121,0.788607018933281,0.876422974218799,0.825480382239343,0.844746054788094,0.785775221799738,0.895569542492985,0.897909144741094,0.850641387167116,0.722255820491192,0.897909144741094,0.872475855795962,0.951181294617456,0.896168355985235,0.926849570508677,0.688682732396424,0.934522899366977,0.771329621234303,0.82296534199869,0.810833363575447,0.887541285226706,0.898373940522302,0.898373940522302,0.850641387167116,0.793663734963869,0.827278881984213,0.864184868432567,0.871763178324595,0.902051424880701,0.890323009630217,0.868673070391701,0.774964169852439,0.770227912791095,0.922642642897976,0.823994392688782,0.928470144069012,0.992272147412015,0.833712035585302,0.89485833902406
"3",0.864184868432567,0.633019859753789,0.864834730097641,0.830028294845213,0.828683086075723,0.846303376302442,0.934522899366977,0.915032335772782,0.846899480231379,0.861472595555903,0.853507762663838,0.849791867535909,0.85936726486143,0.760003532782839,0.864184868432567,0.897240559993524,0.72367125030351,0.915032335772782,0.820790832630395,0.850641387167116,0.861816222375303,0.853507762663838,0.872637929951288,0.846714637344574,0.815285560857272,0.897909144741094,0.624780375769854,0.905972498980971,0.818922919292564,0.830245676606891,0.831575473380254,0.849791867535909,0.928470144069012,0.928470144069012,0.786074734218833,0.849195763606972,0.898373940522302,0.892353055108029,0.89356381534591,0.91378593664864,0.858390467286967,0.804412643076577,0.850641387167116,0.890763633397108,0.922642642897976,0.810833363575447,0.89621566767025,0.868673070391701,0.817648416577736,0.881250749490615,0.881250749490615,0.765885886353591,0.853507762663838,0.794071937179978,0.970094696839838,0.861472595555903,0.804074056044941,0.853507762663838,0.916926320528814,0.886196653594202,0.874034402032928,0.81921515003121,0.788607018933281,0.876422974218799,0.825480382239343,0.844746054788094,0.888849032928606,0.913790106666579,0.862331184637433,0.853507762663838,0.928446763247181,0.897909144741094,0.824479596900867,0.951181294617456,0.896168355985235,0.870086469657272,0.804412643076577,0.869771554454566,0.780182788793952,0.82296534199869,0.80155417950473,0.849750384121582,0.926693212448117,0.898373940522302,0.850641387167116,0.804412643076577,0.830145257480934,0.864184868432567,0.871763178324595,0.852914710787017,0.890323009630217,0.919176385257233,0.864903945892481,0.770227912791095,0.922642642897976,0.855655640005283,0.928470144069012,0.992272147412015,0.833712035585302,0.92667560028658
"4",0.867051243929289,0.8703763929318,0.864834730097641,1.07459806679892,0.828683086075723,0.849195763606972,0.934522899366977,0.915032335772782,0.846899480231379,0.867487826111542,0.899994981753266,0.849791867535909,0.85936726486143,0.786074734218833,0.876035414539837,0.897240559993524,0.892353055108029,0.874224071464862,0.820790832630395,0.850641387167116,0.865579860008813,0.853507762663838,0.872637929951288,0.867810571952223,0.815285560857272,0.897909144741094,0.63272993647926,0.905972498980971,0.818922919292564,0.830245676606891,0.887405609262916,0.858922824945569,0.874224071464862,0.928470144069012,0.786074734218833,0.855546980013466,0.91549713155399,0.892353055108029,0.89356381534591,0.805321412728757,0.858390467286967,0.830145257480934,0.850641387167116,0.890763633397108,0.922642642897976,0.810833363575447,0.89621566767025,0.871565457696231,0.817648416577736,0.881250749490615,0.881250749490615,0.816159665982159,0.853507762663838,0.794071937179978,0.937847972501715,0.861472595555903,0.804074056044941,0.892353055108029,0.916926320528814,0.849750384121582,0.874034402032928,0.81921515003121,0.887405609262916,0.876422974218799,0.825480382239343,0.847745740799833,0.792236281193392,0.789735470766392,0.862331184637433,0.899994981753266,0.872159655176421,0.897909144741094,0.824479596900867,0.930469801794265,0.90509615846635,0.870086469657272,0.804412643076577,0.869771554454566,0.780182788793952,0.844755331249053,0.86019862283166,0.849750384121582,0.825905938124648,0.874224071464862,0.850641387167116,0.804412643076577,0.830145257480934,0.876035414539837,0.871763178324595,0.852914710787017,0.890323009630217,0.919176385257233,0.864903945892481,0.814698367598247,0.922642642897976,0.865358308771108,0.830028294845213,0.823994392688782,0.923286269857866,0.92667560028658
"5",0.867051243929289,0.8703763929318,0.864834730097641,1.07459806679892,0.831575473380254,0.849195763606972,0.934522899366977,0.880239302020501,0.846899480231379,0.867487826111542,0.901883276426339,0.849791867535909,0.85936726486143,0.786074734218833,0.908336443945887,0.897240559993524,0.830145257480934,0.892329644481002,0.820790832630395,0.850641387167116,0.865579860008813,0.899994981753266,0.872637929951288,0.888416259037591,0.815285560857272,0.897909144741094,0.63272993647926,0.905972498980971,0.827776086852212,0.830245676606891,0.903883222449129,0.858922824945569,0.903883222449129,0.928470144069012,0.830145257480934,0.855546980013466,0.91549713155399,0.892353055108029,0.89356381534591,0.91378593664864,0.872469629219468,0.830145257480934,0.853507762663838,0.890763633397108,0.922642642897976,0.810833363575447,0.859301151516584,0.871565457696231,0.817648416577736,0.881250749490615,0.881250749490615,1.07459806679892,0.853507762663838,0.821760856296574,0.937847972501715,0.861472595555903,0.804074056044941,0.899443314662667,0.899994981753266,0.849750384121582,0.903883222449129,0.81921515003121,0.887405609262916,0.876422974218799,0.825480382239343,0.870046286833335,0.831009950666696,0.827278321104607,0.862331184637433,0.899994981753266,0.872159655176421,0.872545496992242,0.676052263688345,0.930469801794265,0.90509615846635,0.870086469657272,0.892353055108029,0.869771554454566,0.780182788793952,0.855546980013466,0.916990659109689,0.849750384121582,0.936250684928495,0.903883222449129,0.850641387167116,0.895060338594808,0.830145257480934,0.876035414539837,0.871763178324595,0.852914710787017,0.846878138626898,0.919176385257233,0.836313995636527,0.823683219934925,0.922642642897976,0.865358308771108,0.93286280953528,0.726537625800232,0.923286269857866,0.871833704464252
"6",0.953759102705132,0.8703763929318,0.864834730097641,1.07459806679892,0.831575473380254,0.849195763606972,0.876035414539837,0.948415437416708,0.874224071464862,0.867487826111542,0.901883276426339,0.855546980013466,0.85936726486143,0.786074734218833,0.908336443945887,0.897240559993524,0.830145257480934,0.903883222449129,0.820790832630395,0.850641387167116,0.865579860008813,0.901883276426339,0.895060338594808,0.888416259037591,0.861725470971249,0.862331184637433,0.655872994129415,0.905972498980971,0.827776086852212,0.830245676606891,0.903883222449129,0.871247544632675,0.903883222449129,0.928470144069012,0.830145257480934,0.855546980013466,0.873008218873691,0.892353055108029,0.89356381534591,0.834483250462491,0.879056577634223,0.830145257480934,0.853507762663838,0.863985643996565,0.922642642897976,0.951358971522166,0.91693491255408,0.871565457696231,0.817648416577736,0.862331184637433,0.923107438679185,1.07459806679892,0.853507762663838,0.821760856296574,0.937847972501715,0.870396542328424,0.830145257480934,0.903041072830134,0.901883276426339,0.849750384121582,0.903883222449129,0.830408356078661,0.887405609262916,0.84783512929354,0.825480382239343,0.870046286833335,0.831009950666696,0.930024121982232,0.862331184637433,0.899994981753266,0.872159655176421,0.872545496992242,0.676052263688345,0.897362712526817,0.90509615846635,0.890179548007203,0.892353055108029,0.869771554454566,0.780182788793952,0.855546980013466,0.711010926813975,0.849750384121582,0.943982423843141,0.903883222449129,0.850641387167116,0.899929952233745,0.830145257480934,0.876035414539837,0.85068399125683,0.880239302020501,0.846878138626898,0.928550404043917,0.833364295648793,0.823683219934925,0.922642642897976,0.872637929951288,0.93286280953528,0.726537625800232,0.94520644739344,0.871833704464252
"7",0.953759102705132,0.8703763929318,0.868646543766863,0.883149860740435,0.831575473380254,0.849195763606972,0.908336443945887,0.948415437416708,0.903883222449129,0.915032335772782,0.901883276426339,0.858922824945569,0.85936726486143,0.830145257480934,0.908336443945887,0.897240559993524,0.899929952233745,0.945844798833559,0.827776086852212,0.850641387167116,0.883834188050855,0.901883276426339,0.886366745347373,0.888416259037591,0.915032335772782,0.862331184637433,0.877220072470495,0.905972498980971,0.832013843874293,0.836000789084447,0.948415437416708,0.871247544632675,0.945844798833559,0.928470144069012,0.830145257480934,0.855546980013466,0.873008218873691,0.892353055108029,0.899994981753266,0.843433125046356,0.890894659750252,0.830145257480934,0.853507762663838,0.863985643996565,0.922642642897976,0.828294716237331,0.91693491255408,0.871565457696231,0.832013843874293,0.871499263064486,0.923107438679185,1.07459806679892,0.853507762663838,0.821760856296574,0.937847972501715,0.870396542328424,0.830145257480934,0.903041072830134,0.901883276426339,0.849750384121582,0.903883222449129,0.830408356078661,0.887405609262916,0.840030790339476,0.825480382239343,0.870046286833335,0.94520644739344,0.929349794586176,0.862331184637433,0.899994981753266,0.872159655176421,0.880239302020501,0.888416259037591,0.897362712526817,0.90509615846635,0.890179548007203,0.892353055108029,0.869771554454566,0.824653243601104,0.855546980013466,0.918311571224947,0.862136908947865,0.959636172627422,0.948415437416708,0.850641387167116,0.899929952233745,0.895060338594808,0.908336443945887,0.840294848122616,0.948415437416708,0.846878138626898,0.928550404043917,0.833364295648793,0.870086469657272,0.934303519573312,0.937847972501715,0.936935825107909,0.830145257480934,0.94520644739344,0.871833704464252
"8",0.953759102705132,0.8703763929318,0.868646543766863,0.756346073723064,0.831575473380254,0.887405609262916,0.908336443945887,0.948415437416708,0.903883222449129,0.915032335772782,0.901883276426339,0.858922824945569,0.85936726486143,0.830145257480934,0.908336443945887,0.897240559993524,0.945331954366115,0.945844798833559,0.827776086852212,0.850641387167116,0.883834188050855,0.901883276426339,0.886366745347373,0.888416259037591,0.915032335772782,0.862331184637433,0.877220072470495,0.905972498980971,0.832013843874293,0.840030790339476,0.948415437416708,0.871247544632675,0.945844798833559,0.928470144069012,0.830145257480934,0.868298455922425,0.940796795674761,0.895060338594808,0.901883276426339,0.843433125046356,0.890894659750252,0.892353055108029,0.853507762663838,0.863985643996565,0.862102091059289,0.835749104251222,0.91693491255408,0.871565457696231,0.832013843874293,0.94779427978155,0.871499263064486,1.07459806679892,0.853507762663838,0.824653243601104,0.937847972501715,0.870396542328424,0.830145257480934,0.903041072830134,0.901883276426339,0.890179548007203,0.903883222449129,0.830408356078661,0.945331954366115,0.840030790339476,0.825480382239343,0.91053491858882,0.832569559052481,0.929349794586176,0.862331184637433,0.950008097055788,0.872159655176421,0.880239302020501,0.888416259037591,0.897362712526817,0.912750141042593,0.878818443869041,0.892353055108029,0.885828426649481,0.824653243601104,0.855546980013466,0.918311571224947,0.862136908947865,0.959636172627422,0.948415437416708,0.94021562143968,0.899929952233745,0.895060338594808,0.908336443945887,0.869765684456604,0.948415437416708,0.846878138626898,0.931129230927398,0.833364295648793,0.870086469657272,0.865024399529576,0.937847972501715,1.00756568684942,0.830145257480934,0.869760984448081,0.871833704464252
"9",0.953759102705132,0.8703763929318,0.868646543766863,0.812969444020138,0.890179548007203,0.887405609262916,0.908336443945887,0.948415437416708,0.903883222449129,0.877358835710724,0.901883276426339,0.858922824945569,0.85936726486143,0.895060338594808,0.908336443945887,0.816159665982159,0.945331954366115,0.945844798833559,0.827776086852212,0.853507762663838,0.883834188050855,0.901883276426339,0.886366745347373,0.908397073134586,0.915032335772782,0.873800133188856,0.877220072470495,0.905972498980971,0.832013843874293,0.840030790339476,0.948415437416708,0.871247544632675,0.945844798833559,0.928470144069012,0.830145257480934,0.868298455922425,0.940796795674761,0.895060338594808,0.901883276426339,0.782172475326212,0.890894659750252,0.899994981753266,0.895060338594808,0.863985643996565,0.862102091059289,0.877220072470495,0.91693491255408,0.871565457696231,0.83462552041956,0.94779427978155,0.871499263064486,0.883149860740435,0.895060338594808,0.824653243601104,0.937847972501715,0.870396542328424,0.895060338594808,0.903041072830134,0.951505130786414,0.890179548007203,0.903883222449129,0.830408356078661,0.945331954366115,0.840030790339476,0.828444302015346,0.91053491858882,0.832569559052481,0.934559280673586,0.873800133188856,0.950008097055788,0.879963576857734,0.880239302020501,0.888416259037591,0.899271599881072,0.912750141042593,0.878818443869041,0.892353055108029,0.945331954366115,0.876632935570387,0.855546980013466,0.92086939899275,0.890179548007203,0.959636172627422,0.948415437416708,0.94520644739344,0.899929952233745,0.899994981753266,0.908336443945887,0.869765684456604,0.948415437416708,0.846878138626898,0.932050216916733,0.676052263688345,0.870086469657272,0.88141546926356,0.937847972501715,1.00756568684942,0.830145257480934,0.869760984448081,0.871833704464252
"10",0.953759102705132,0.8703763929318,0.91053491858882,0.812969444020138,0.83733058585781,0.887405609262916,0.950232990810796,0.948415437416708,0.903883222449129,0.877358835710724,0.901883276426339,0.858922824945569,0.85936726486143,0.771430221901002,0.908336443945887,0.857630634201432,0.945331954366115,0.945844798833559,0.834698316631362,0.853507762663838,0.95584527678698,0.951505130786414,0.949950008353651,0.914830606074539,0.915032335772782,0.882377943002523,0.877220072470495,0.905972498980971,0.83870440599015,0.840030790339476,0.948415437416708,0.871247544632675,0.945844798833559,0.873008218873691,0.830145257480934,0.868298455922425,0.940796795674761,0.892275977786192,0.901883276426339,0.786122341246249,0.890894659750252,0.899994981753266,0.895060338594808,0.864364982860434,0.862102091059289,0.93858361894129,0.93286280953528,0.871565457696231,0.83462552041956,0.94779427978155,0.848377891133353,0.756346073723064,0.899929952233745,0.824653243601104,0.961293498704539,0.873008218873691,0.895060338594808,0.903041072830134,0.951505130786414,0.890179548007203,0.903883222449129,0.830408356078661,0.945331954366115,0.840030790339476,0.828444302015346,0.91053491858882,0.832569559052481,0.949950008353651,0.873800133188856,0.950008097055788,0.879963576857734,0.880239302020501,0.888416259037591,0.941711343741663,0.839005988515616,0.878818443869041,0.901883276426339,0.950380358540283,0.876632935570387,0.855546980013466,0.92086939899275,0.890179548007203,1.00756568684942,0.948415437416708,0.869760984448081,0.961293498704539,0.899994981753266,0.950232990810796,0.881835705192255,0.989726718605934,0.855546980013466,0.932050216916733,0.888416259037591,0.870086469657272,0.88141546926356,0.961293498704539,1.00756568684942,0.895060338594808,0.869760984448081,0.871833704464252
"11",0.953759102705132,0.890179548007203,0.91053491858882,0.871842630849632,0.868298455922425,0.903883222449129,0.95658877012191,0.948415437416708,0.903883222449129,0.953083871398755,0.901883276426339,0.858922824945569,0.85936726486143,0.771430221901002,0.908336443945887,0.830087712859111,0.945331954366115,0.989726718605934,0.83733058585781,0.853507762663838,0.959636172627422,0.951505130786414,0.949950008353651,1.00756568684942,0.915032335772782,0.882377943002523,0.877220072470495,0.905972498980971,0.848498193034902,0.840030790339476,0.948415437416708,0.871247544632675,0.945844798833559,0.873008218873691,0.878901790036559,0.868298455922425,0.940796795674761,0.892275977786192,0.901883276426339,0.818768298062087,0.890894659750252,0.940137087456606,0.895060338594808,0.864364982860434,0.862102091059289,0.93858361894129,0.950380358540283,0.871565457696231,0.83462552041956,0.776047082054943,0.848377891133353,0.756346073723064,0.812969444020138,0.890179548007203,0.947289445867085,0.873008218873691,0.895060338594808,0.903041072830134,0.951505130786414,0.890179548007203,0.903883222449129,0.830408356078661,0.945331954366115,0.840030790339476,0.828444302015346,0.91053491858882,0.832569559052481,0.949950008353651,0.873800133188856,0.950008097055788,0.932050216916733,0.880239302020501,0.888416259037591,0.941711343741663,0.839005988515616,0.888416259037591,0.974779992434384,1.00756568684942,0.877931846031541,0.855546980013466,0.92086939899275,0.890179548007203,1.00756568684942,0.948415437416708,0.869760984448081,0.961293498704539,0.881835705192255,0.950232990810796,0.881835705192255,0.989726718605934,0.858922824945569,0.950380358540283,0.888416259037591,0.888416259037591,0.959636172627422,0.947289445867085,1.00756568684942,0.895060338594808,0.869760984448081,0.871833704464252
"12",0.961293498704539,0.878818443869041,0.91053491858882,0.871842630849632,0.868298455922425,0.903883222449129,0.95658877012191,0.948415437416708,0.903883222449129,0.953083871398755,0.941711343741663,0.871247544632675,0.867487826111542,0.771430221901002,0.950232990810796,0.830087712859111,0.945331954366115,0.989726718605934,0.844569326230544,0.853507762663838,1.00756568684942,0.951505130786414,0.949950008353651,1.00756568684942,0.855971648245829,0.882377943002523,0.877220072470495,0.905972498980971,0.848498193034902,0.840030790339476,0.951940904434974,0.871247544632675,0.945844798833559,0.873008218873691,0.899929952233745,0.868298455922425,0.940796795674761,0.971817897820229,0.901883276426339,0.818768298062087,0.890894659750252,0.950008097055788,0.945331954366115,0.864364982860434,0.868024085541315,0.947289445867085,0.950380358540283,0.881835705192255,0.83462552041956,0.776047082054943,0.949950008353651,0.776240771395009,0.881835705192255,0.945331954366115,0.950380358540283,0.873008218873691,0.895060338594808,0.903041072830134,0.951505130786414,0.890179548007203,0.948415437416708,0.936880067714047,0.945331954366115,0.840030790339476,0.828444302015346,0.890894659750252,0.832569559052481,0.949950008353651,0.873800133188856,0.950008097055788,0.959636172627422,0.948415437416708,0.888416259037591,0.941711343741663,0.839005988515616,0.888416259037591,0.945331954366115,1.00756568684942,0.914501196333845,0.926107394021517,0.92086939899275,0.881835705192255,1.00756568684942,0.948415437416708,0.947417451057134,0.947289445867085,0.945331954366115,0.950232990810796,0.881835705192255,0.989726718605934,0.858922824945569,1.00756568684942,0.888416259037591,0.888416259037591,0.959636172627422,1.00756568684942,1.00756568684942,0.895060338594808,0.9303298772352,0.871833704464252
"13",0.936935825107909,0.878818443869041,0.91053491858882,0.871842630849632,0.868298455922425,0.903883222449129,0.95658877012191,0.989726718605934,0.903883222449129,0.953083871398755,0.958034322149582,0.871247544632675,0.870396542328424,0.771430221901002,0.950232990810796,0.830087712859111,0.945331954366115,0.989726718605934,0.862785720386199,0.895060338594808,1.00756568684942,0.951505130786414,0.949950008353651,1.00756568684942,0.857210363048414,0.882377943002523,0.877220072470495,0.866934208135358,0.866104935445054,0.840030790339476,0.951940904434974,0.871247544632675,0.945844798833559,0.873008218873691,0.899929952233745,0.868298455922425,0.944002896219711,0.971817897820229,0.901883276426339,0.818768298062087,0.890894659750252,0.950008097055788,0.945331954366115,0.872319047947892,0.868024085541315,0.947289445867085,0.950380358540283,0.881835705192255,0.871247544632675,0.776047082054943,1.00756568684942,0.776240771395009,0.934559280673586,0.945331954366115,0.950380358540283,0.873008218873691,0.881835705192255,0.95658877012191,0.951505130786414,0.890179548007203,0.948415437416708,0.940796795674761,0.945331954366115,0.840030790339476,0.828444302015346,0.890894659750252,0.945611527108786,0.949950008353651,0.936880067714047,0.950008097055788,1.00756568684942,0.948415437416708,0.888416259037591,0.941711343741663,0.839005988515616,0.947289445867085,0.945331954366115,1.00756568684942,0.935020665114583,0.930024121982232,0.92086939899275,0.945331954366115,1.00756568684942,0.951940904434974,1.00756568684942,0.947289445867085,0.945331954366115,0.950232990810796,0.881835705192255,0.989726718605934,0.940796795674761,1.00756568684942,0.949950008353651,0.888416259037591,0.959636172627422,1.00756568684942,1.00756568684942,0.895060338594808,0.947417451057134,0.885866655878269
"14",0.936935825107909,0.878818443869041,0.91053491858882,1.00858516004607,0.936880067714047,0.903883222449129,0.95658877012191,0.989726718605934,0.903883222449129,0.953083871398755,0.958034322149582,0.871247544632675,0.870396542328424,0.949950008353651,0.951113598887635,0.830087712859111,0.949950008353651,0.993200703921246,0.937401062547938,0.945331954366115,1.00756568684942,0.951505130786414,1.00756568684942,1.00756568684942,0.857210363048414,0.890894659750252,0.93858361894129,0.881112767688446,0.866104935445054,0.871247544632675,0.951940904434974,0.881835705192255,0.989726718605934,0.873008218873691,0.951178628407156,0.871247544632675,0.951050883335185,0.971817897820229,0.901883276426339,0.932155526804469,0.890894659750252,0.950008097055788,0.949950008353651,0.872319047947892,0.868024085541315,0.947289445867085,1.00756568684942,0.881835705192255,0.871247544632675,0.888416259037591,1.00756568684942,0.793074746348193,0.949950008353651,0.945331954366115,1.00756568684942,0.946349303265125,0.881835705192255,0.95658877012191,0.951505130786414,0.903883222449129,0.989726718605934,0.940796795674761,0.945331954366115,0.840030790339476,0.860448580047317,0.890894659750252,0.945611527108786,1.03763980474556,0.948415437416708,0.950008097055788,1.00756568684942,0.948415437416708,0.949950008353651,0.941711343741663,0.839005988515616,1.00756568684942,0.945331954366115,1.00756568684942,0.935020665114583,0.930024121982232,0.951505130786414,0.945331954366115,1.00756568684942,0.951940904434974,1.00756568684942,1.00756568684942,0.945331954366115,0.951113598887635,0.881835705192255,0.989726718605934,0.951940904434974,1.00756568684942,1.00756568684942,0.888416259037591,0.959636172627422,1.00756568684942,1.00756568684942,0.881835705192255,0.947417451057134,0.885866655878269
"15",0.936935825107909,0.886366745347373,0.91053491858882,1.00858516004607,0.936880067714047,0.903883222449129,0.95658877012191,0.989726718605934,0.903883222449129,0.953083871398755,0.958034322149582,0.871247544632675,0.870396542328424,0.949950008353651,0.951113598887635,0.830087712859111,0.956914540919074,0.993200703921246,0.937401062547938,0.949950008353651,1.00756568684942,0.951505130786414,1.00756568684942,1.00756568684942,0.868723124154788,0.890894659750252,0.943982423843141,0.881112767688446,0.936531905085661,0.871247544632675,0.993200703921246,0.881835705192255,0.989726718605934,0.940796795674761,0.951178628407156,0.871247544632675,0.951050883335185,0.971817897820229,0.901883276426339,0.932155526804469,0.890894659750252,0.950008097055788,0.949950008353651,0.872319047947892,0.888416259037591,0.947289445867085,1.00756568684942,0.949950008353651,0.871247544632675,0.888416259037591,1.00756568684942,0.812969444020138,1.00756568684942,0.945331954366115,1.00756568684942,0.945331954366115,0.881835705192255,0.95658877012191,0.951505130786414,0.903883222449129,0.989726718605934,0.940796795674761,0.945331954366115,0.929349794586176,0.860448580047317,0.890894659750252,0.945611527108786,1.03763980474556,0.948415437416708,0.951505130786414,1.00756568684942,0.948415437416708,1.00756568684942,0.951505130786414,0.839005988515616,1.00756568684942,0.945331954366115,1.00756568684942,0.956914540919074,0.929349794586176,0.951505130786414,0.945331954366115,1.00756568684942,0.951940904434974,1.00756568684942,1.00756568684942,0.945331954366115,0.951113598887635,0.881835705192255,0.989726718605934,0.951940904434974,1.00756568684942,1.00756568684942,0.949950008353651,0.959636172627422,1.00756568684942,1.01718458242055,0.881835705192255,0.947417451057134,0.935341114329399
"16",1.00756568684942,0.949950008353651,0.91053491858882,1.00858516004607,0.936880067714047,0.948415437416708,0.95658877012191,0.993200703921246,0.903883222449129,0.953083871398755,0.958034322149582,0.881835705192255,0.870396542328424,0.949950008353651,0.951113598887635,0.830087712859111,0.956914540919074,0.993200703921246,0.948415437416708,0.949950008353651,1.00756568684942,0.951505130786414,1.00756568684942,1.00756568684942,0.932884686549472,0.948415437416708,1.00756568684942,0.916180247689609,0.936531905085661,0.929349794586176,0.993200703921246,0.881835705192255,0.989726718605934,0.940796795674761,0.951178628407156,0.881835705192255,0.951050883335185,0.971817897820229,0.901883276426339,0.953083871398755,0.992205448801493,0.95658877012191,0.949950008353651,0.872319047947892,0.888416259037591,0.947289445867085,1.00756568684942,0.949950008353651,0.871247544632675,0.888416259037591,1.00756568684942,0.881835705192255,1.00756568684942,0.945331954366115,1.00756568684942,0.949950008353651,0.881835705192255,0.95658877012191,0.951505130786414,0.903883222449129,0.989726718605934,0.940796795674761,0.945331954366115,0.945331954366115,0.860448580047317,0.890894659750252,0.948174431514413,1.03763980474556,0.948415437416708,0.951505130786414,1.00756568684942,0.948415437416708,1.00756568684942,0.958034322149582,0.839005988515616,1.00756568684942,0.881835705192255,1.00756568684942,0.956914540919074,0.934559280673586,0.951505130786414,0.949950008353651,1.00756568684942,0.951940904434974,1.00756568684942,1.00756568684942,0.945331954366115,0.951113598887635,0.945331954366115,0.983670107599374,0.951940904434974,1.00756568684942,1.00756568684942,0.949950008353651,0.959636172627422,1.00756568684942,1.01718458242055,0.881835705192255,0.947417451057134,0.935341114329399
"17",1.00756568684942,1.00756568684942,0.91053491858882,1.00858516004607,0.936880067714047,0.948415437416708,0.985006345004733,0.993200703921246,0.903883222449129,0.953083871398755,0.958034322149582,0.881835705192255,0.870396542328424,1.00756568684942,0.951113598887635,0.830087712859111,0.956914540919074,0.993200703921246,0.948415437416708,0.949950008353651,1.00756568684942,0.951505130786414,1.00756568684942,1.00756568684942,0.968825632218581,0.951940904434974,1.00756568684942,0.917459364790759,0.936531905085661,0.881835705192255,0.993200703921246,0.881835705192255,0.989726718605934,0.940796795674761,0.940302116119769,0.881835705192255,0.951050883335185,0.971817897820229,0.971817897820229,0.953083871398755,0.992205448801493,0.95658877012191,1.00756568684942,0.872319047947892,0.888416259037591,1.00756568684942,1.00756568684942,0.949950008353651,0.871247544632675,0.888416259037591,1.00756568684942,0.881835705192255,1.00756568684942,0.945331954366115,1.00756568684942,1.00756568684942,0.881835705192255,0.985006345004733,0.951505130786414,0.903883222449129,0.989726718605934,0.940796795674761,0.945331954366115,0.949950008353651,0.869765684456604,0.890894659750252,0.949950008353651,1.03763980474556,0.951940904434974,0.951505130786414,1.00756568684942,0.948415437416708,1.00756568684942,0.958034322149582,0.839005988515616,1.00756568684942,0.881835705192255,1.00756568684942,1.00756568684942,0.934559280673586,0.951505130786414,0.949950008353651,1.00756568684942,0.951940904434974,1.00756568684942,1.00756568684942,0.945331954366115,1.02479713848329,0.945331954366115,0.983670107599374,0.993200703921246,1.00756568684942,1.00756568684942,1.00756568684942,1.00756568684942,1.00756568684942,1.01718458242055,0.949950008353651,0.947417451057134,0.935871050722225
"18",1.00756568684942,1.00756568684942,0.91053491858882,1.00858516004607,0.936880067714047,0.948415437416708,0.985006345004733,0.993200703921246,0.903883222449129,0.953083871398755,0.958034322149582,0.949950008353651,0.808129479506801,1.00756568684942,0.951113598887635,0.830087712859111,0.956914540919074,0.993200703921246,0.948415437416708,1.00756568684942,1.00756568684942,0.951505130786414,1.00756568684942,1.00756568684942,0.968825632218581,0.951940904434974,1.00756568684942,0.917459364790759,0.945730747894574,0.881835705192255,0.993200703921246,0.881835705192255,0.989726718605934,0.951940904434974,0.940302116119769,0.881835705192255,0.951050883335185,0.971817897820229,0.971817897820229,0.953083871398755,0.992205448801493,0.95658877012191,1.00756568684942,0.872319047947892,0.949950008353651,1.00756568684942,1.00756568684942,0.949950008353651,0.871247544632675,0.949950008353651,1.00756568684942,0.888416259037591,1.00756568684942,0.945331954366115,1.00756568684942,1.00756568684942,0.881835705192255,0.985006345004733,0.951505130786414,0.903883222449129,0.989726718605934,0.940796795674761,0.945331954366115,0.949950008353651,0.881835705192255,0.890894659750252,1.00756568684942,1.03763980474556,0.951940904434974,0.958034322149582,1.00756568684942,0.948415437416708,1.00756568684942,0.958034322149582,0.839005988515616,1.00756568684942,0.881835705192255,1.00756568684942,1.01718458242055,0.949950008353651,0.951505130786414,0.949950008353651,1.00756568684942,0.993200703921246,1.00756568684942,1.00756568684942,0.948174431514413,1.02479713848329,0.948174431514413,0.983670107599374,0.993200703921246,1.00756568684942,1.00756568684942,1.00756568684942,1.00756568684942,1.00756568684942,1.01718458242055,1.00756568684942,0.949950008353651,0.935871050722225
"19",1.00756568684942,1.00756568684942,0.945331954366115,1.00858516004607,0.937401062547938,0.989726718605934,0.985006345004733,0.993200703921246,0.903883222449129,0.953083871398755,0.958034322149582,0.949950008353651,0.808129479506801,1.00756568684942,0.951113598887635,0.830087712859111,0.956914540919074,0.985500840309419,0.948415437416708,1.00756568684942,1.00756568684942,0.951505130786414,1.00756568684942,1.00756568684942,0.968825632218581,0.993200703921246,1.00756568684942,0.917459364790759,0.945730747894574,0.949950008353651,0.993200703921246,0.881835705192255,0.993200703921246,0.951940904434974,0.940302116119769,0.881835705192255,0.951940904434974,0.971817897820229,0.971817897820229,0.953083871398755,0.993318754175682,0.95658877012191,1.00756568684942,0.872319047947892,1.00756568684942,1.00756568684942,1.01718458242055,1.00756568684942,0.871247544632675,1.00756568684942,1.00756568684942,0.949950008353651,1.00756568684942,0.949950008353651,1.00756568684942,1.00756568684942,0.881835705192255,0.985006345004733,0.951505130786414,0.948415437416708,0.989726718605934,0.940796795674761,0.949950008353651,0.949950008353651,0.881835705192255,0.890894659750252,1.00756568684942,1.03763980474556,0.951940904434974,0.958034322149582,1.00756568684942,0.948415437416708,1.00756568684942,0.958034322149582,0.839005988515616,1.00756568684942,0.945331954366115,1.00756568684942,1.01718458242055,1.00756568684942,0.951505130786414,0.949950008353651,1.00756568684942,0.993200703921246,1.00756568684942,1.00756568684942,0.948174431514413,1.02479713848329,0.948174431514413,0.983670107599374,0.993200703921246,1.00756568684942,1.00756568684942,1.00756568684942,1.00756568684942,1.00756568684942,1.01718458242055,1.00756568684942,1.00756568684942,0.935871050722225
"20",1.00756568684942,1.00756568684942,0.949950008353651,1.00858516004607,0.937401062547938,0.989726718605934,0.985006345004733,0.993200703921246,0.903883222449129,0.953083871398755,0.958034322149582,1.00756568684942,0.9303298772352,1.00756568684942,0.951113598887635,0.830087712859111,0.956914540919074,0.985500840309419,0.948415437416708,1.00756568684942,1.00756568684942,0.951505130786414,1.00756568684942,1.00756568684942,0.968825632218581,0.993200703921246,1.00756568684942,0.920071041336026,0.950959527698512,0.949950008353651,0.993200703921246,0.945331954366115,0.993200703921246,0.951940904434974,0.940302116119769,0.881835705192255,0.951940904434974,0.971817897820229,0.906168450806403,0.953083871398755,0.993318754175682,0.95658877012191,1.00756568684942,0.872319047947892,1.00756568684942,1.00756568684942,1.01718458242055,1.00756568684942,0.871247544632675,1.00756568684942,1.00756568684942,1.00756568684942,1.00756568684942,0.949950008353651,1.00756568684942,1.00756568684942,0.881835705192255,0.985006345004733,0.951505130786414,0.948415437416708,0.989726718605934,0.940796795674761,1.00756568684942,0.949950008353651,0.881835705192255,0.890894659750252,1.00756568684942,1.03763980474556,0.951940904434974,0.958034322149582,1.00756568684942,0.989726718605934,1.00756568684942,0.958034322149582,0.839005988515616,1.00756568684942,0.949950008353651,1.00756568684942,1.01718458242055,1.00756568684942,0.951505130786414,0.949950008353651,1.00756568684942,0.993200703921246,1.00756568684942,1.00756568684942,0.949950008353651,1.02479713848329,0.955222418629887,0.983670107599374,0.993200703921246,1.00756568684942,1.00756568684942,1.00756568684942,1.00756568684942,1.00756568684942,1.01718458242055,1.00756568684942,1.00756568684942,0.935871050722225
"21",1.00756568684942,1.00756568684942,0.949950008353651,1.00858516004607,0.937401062547938,0.989726718605934,0.997223213233714,0.993200703921246,0.903883222449129,0.953083871398755,0.958034322149582,1.00756568684942,0.9303298772352,1.00756568684942,0.951113598887635,0.830087712859111,1.00756568684942,0.983670107599374,0.951940904434974,1.00756568684942,1.00756568684942,0.951505130786414,1.00756568684942,1.00756568684942,0.968825632218581,0.985500840309419,1.01718458242055,0.920071041336026,0.950959527698512,0.949950008353651,0.993200703921246,0.949950008353651,0.993200703921246,0.993200703921246,0.940302116119769,0.881835705192255,0.951940904434974,0.971817897820229,0.906168450806403,0.953083871398755,0.979449886871057,0.95658877012191,1.00756568684942,0.872319047947892,1.00756568684942,1.00756568684942,1.01718458242055,1.00756568684942,0.871247544632675,1.00756568684942,1.00756568684942,1.00756568684942,1.00756568684942,0.949950008353651,1.00756568684942,1.00756568684942,0.881835705192255,0.985006345004733,0.958034322149582,0.948415437416708,0.989726718605934,0.940796795674761,1.00756568684942,0.949950008353651,0.881835705192255,0.890894659750252,1.01718458242055,1.03763980474556,0.951940904434974,0.958034322149582,1.00756568684942,0.989726718605934,1.00756568684942,0.958034322149582,0.839005988515616,1.00756568684942,1.00756568684942,1.00756568684942,1.01718458242055,1.00756568684942,0.969692895696101,1.00756568684942,1.00756568684942,0.993200703921246,1.01718458242055,1.00756568684942,0.949950008353651,1.02479713848329,0.950380358540283,0.983670107599374,0.993200703921246,1.00756568684942,1.00756568684942,1.00756568684942,1.00756568684942,1.00756568684942,1.01718458242055,1.00756568684942,1.00756568684942,0.935871050722225
"22",1.00756568684942,1.00756568684942,1.00756568684942,1.00858516004607,0.937401062547938,0.989726718605934,0.997223213233714,0.993200703921246,0.903883222449129,0.953083871398755,0.958034322149582,1.00756568684942,0.9303298772352,1.00756568684942,0.951113598887635,0.830087712859111,1.00756568684942,0.983670107599374,0.951940904434974,1.00756568684942,1.00756568684942,0.951505130786414,1.00756568684942,1.00756568684942,0.968825632218581,0.997223213233714,1.01718458242055,0.920071041336026,0.950959527698512,0.949950008353651,0.993200703921246,0.949950008353651,0.993200703921246,0.993200703921246,0.940302116119769,0.881835705192255,0.993200703921246,0.906168450806403,0.906168450806403,0.953083871398755,0.979449886871057,0.95658877012191,1.00756568684942,0.872319047947892,1.00756568684942,1.00756568684942,1.01718458242055,1.00756568684942,0.881835705192255,1.00756568684942,1.00756568684942,1.00756568684942,1.00756568684942,0.949950008353651,1.00756568684942,1.00756568684942,0.949950008353651,0.985006345004733,0.958034322149582,0.989726718605934,0.989726718605934,0.940796795674761,1.00756568684942,0.949950008353651,0.949950008353651,0.890894659750252,1.01718458242055,1.03763980474556,0.951940904434974,0.958034322149582,1.00756568684942,0.989726718605934,1.00756568684942,0.958034322149582,0.839005988515616,1.00756568684942,1.00756568684942,1.00756568684942,1.01718458242055,1.00756568684942,0.969692895696101,1.00756568684942,1.00756568684942,0.993200703921246,1.01718458242055,1.00756568684942,0.99806859698748,1.02479713848329,1.00756568684942,0.983670107599374,0.993200703921246,1.00756568684942,1.00756568684942,1.00756568684942,1.00756568684942,1.00756568684942,1.01718458242055,1.00756568684942,1.00756568684942,0.935871050722225
"23",1.00756568684942,1.00756568684942,1.00756568684942,1.00858516004607,0.937401062547938,0.989726718605934,0.997223213233714,0.993200703921246,0.945844798833559,0.953083871398755,0.958034322149582,1.00756568684942,0.945331954366115,1.00756568684942,0.96986115957786,0.830087712859111,1.00756568684942,0.983670107599374,0.951940904434974,1.00756568684942,1.00756568684942,0.958034322149582,1.00756568684942,1.00756568684942,0.968825632218581,0.997223213233714,1.01718458242055,0.944002896219711,0.950959527698512,1.00756568684942,0.993200703921246,0.949950008353651,0.993200703921246,0.997223213233714,0.940302116119769,0.881835705192255,0.993200703921246,0.906168450806403,1.00709391394268,0.953083871398755,1.00703584258175,0.95658877012191,1.00756568684942,0.872319047947892,1.00756568684942,1.00756568684942,1.01718458242055,1.00756568684942,0.881835705192255,1.00756568684942,1.00756568684942,1.00756568684942,1.00756568684942,0.949950008353651,1.00756568684942,1.00756568684942,1.00756568684942,0.985006345004733,0.958034322149582,0.989726718605934,0.989726718605934,0.940796795674761,1.00756568684942,0.949950008353651,0.949950008353651,0.956023024140336,1.01718458242055,1.03763980474556,0.951940904434974,0.958034322149582,1.00756568684942,0.989726718605934,1.00756568684942,0.958034322149582,0.839005988515616,1.00756568684942,1.00756568684942,1.00756568684942,1.01718458242055,1.00756568684942,0.969692895696101,1.00756568684942,1.00756568684942,0.993200703921246,1.01718458242055,1.00756568684942,0.99806859698748,1.02479713848329,1.00756568684942,0.983670107599374,0.993200703921246,1.00756568684942,1.00756568684942,1.00756568684942,1.00756568684942,1.00756568684942,1.01718458242055,1.00756568684942,1.00756568684942,0.93973114880969
"24",1.00756568684942,1.00756568684942,1.00756568684942,1.00858516004607,0.937401062547938,0.993200703921246,0.997223213233714,0.993200703921246,0.945844798833559,0.953083871398755,0.958034322149582,1.00756568684942,0.945331954366115,1.00756568684942,0.96986115957786,0.830087712859111,1.00756568684942,0.983670107599374,0.951940904434974,1.00756568684942,1.00756568684942,0.958034322149582,1.00756568684942,1.01718458242055,0.969692895696101,0.997223213233714,1.01718458242055,0.944002896219711,0.950959527698512,1.00756568684942,0.993200703921246,1.00756568684942,0.993200703921246,0.997223213233714,0.940302116119769,0.881835705192255,0.993200703921246,1.00709391394268,1.00709391394268,0.953083871398755,1.00756568684942,0.95658877012191,1.00756568684942,0.872319047947892,1.00756568684942,1.00756568684942,1.01718458242055,1.00756568684942,0.881835705192255,1.00756568684942,1.00756568684942,1.00756568684942,1.00756568684942,0.956914540919074,1.00756568684942,1.00756568684942,1.00756568684942,0.985006345004733,0.958034322149582,0.989726718605934,0.989726718605934,0.940796795674761,1.00756568684942,1.00756568684942,0.949950008353651,0.99806859698748,1.01718458242055,1.03763980474556,0.993200703921246,0.958034322149582,1.00756568684942,0.989726718605934,1.00756568684942,0.958034322149582,0.839005988515616,1.00756568684942,1.00756568684942,1.00756568684942,1.01718458242055,1.00756568684942,0.969692895696101,1.00756568684942,1.01718458242055,0.993200703921246,1.01718458242055,1.00756568684942,0.99806859698748,1.02479713848329,1.00756568684942,0.983670107599374,0.993200703921246,1.00756568684942,1.00756568684942,1.00756568684942,1.00756568684942,1.00756568684942,1.01718458242055,1.00756568684942,1.00756568684942,0.93973114880969
"25",1.00756568684942,1.00756568684942,1.00756568684942,1.00858516004607,0.937401062547938,0.993200703921246,0.997223213233714,0.993200703921246,0.945844798833559,0.953083871398755,0.958034322149582,1.00756568684942,0.945331954366115,1.00756568684942,0.96986115957786,0.830087712859111,1.00756568684942,0.983670107599374,0.951940904434974,1.00756568684942,1.00756568684942,0.958034322149582,1.00756568684942,1.01718458242055,0.969692895696101,0.997223213233714,1.01718458242055,0.944002896219711,0.950959527698512,1.00756568684942,0.993200703921246,1.00756568684942,0.993200703921246,0.997223213233714,0.940302116119769,0.881835705192255,0.985500840309419,1.00709391394268,1.00756568684942,0.953083871398755,1.00756568684942,0.95658877012191,1.00756568684942,0.872319047947892,1.00756568684942,1.00756568684942,1.01718458242055,1.00756568684942,0.888952244259557,1.00756568684942,1.00756568684942,1.00756568684942,1.00756568684942,0.956914540919074,1.01718458242055,1.00756568684942,1.00756568684942,0.985006345004733,0.958034322149582,0.993200703921246,0.989726718605934,0.940796795674761,1.00756568684942,1.00756568684942,0.949950008353651,0.99806859698748,1.01718458242055,1.03763980474556,0.993200703921246,0.958034322149582,1.00756568684942,0.989726718605934,1.00756568684942,0.958034322149582,0.839005988515616,1.00756568684942,1.00756568684942,1.00756568684942,1.01718458242055,1.01718458242055,0.969692895696101,1.00756568684942,1.01718458242055,0.993200703921246,1.01718458242055,1.00756568684942,0.99806859698748,1.02479713848329,1.00756568684942,0.983670107599374,0.993200703921246,1.00756568684942,1.00756568684942,1.00756568684942,1.00756568684942,1.00756568684942,1.01718458242055,1.00756568684942,1.00756568684942,0.93973114880969
"26",1.00756568684942,1.00756568684942,1.00756568684942,1.00858516004607,0.937401062547938,0.993200703921246,0.997223213233714,0.993200703921246,0.989726718605934,0.953083871398755,0.958034322149582,1.00756568684942,0.949950008353651,1.00756568684942,0.96986115957786,0.830087712859111,1.00756568684942,0.983670107599374,0.951940904434974,1.00756568684942,1.00756568684942,0.958034322149582,1.00756568684942,1.01718458242055,0.969692895696101,1.00439999022877,1.01718458242055,0.946008785940584,0.950959527698512,1.00756568684942,0.993200703921246,1.00756568684942,0.993200703921246,0.997223213233714,0.940302116119769,0.971439401630551,0.985500840309419,0.986988658815217,1.00756568684942,0.953083871398755,1.01718458242055,0.95658877012191,1.00756568684942,0.872319047947892,1.00756568684942,1.00756568684942,1.01718458242055,1.00756568684942,0.956914540919074,1.00756568684942,1.00756568684942,1.00756568684942,1.00756568684942,0.956914540919074,1.01718458242055,1.00756568684942,1.00756568684942,0.985006345004733,0.958034322149582,0.993200703921246,0.993200703921246,0.940796795674761,1.00756568684942,1.00756568684942,0.949950008353651,0.99806859698748,1.01718458242055,1.03763980474556,0.993200703921246,0.958034322149582,1.00756568684942,0.989726718605934,1.00756568684942,0.958034322149582,0.839005988515616,1.00756568684942,1.00756568684942,1.00756568684942,1.01718458242055,1.01718458242055,0.969692895696101,1.00756568684942,1.01718458242055,0.993762938308767,1.01718458242055,1.00756568684942,0.99806859698748,1.02479713848329,1.00756568684942,0.983670107599374,0.985500840309419,1.00756568684942,1.00756568684942,1.00756568684942,1.00756568684942,1.00756568684942,1.01718458242055,1.01718458242055,1.00756568684942,0.93973114880969
"27",1.00756568684942,1.00756568684942,1.00756568684942,1.00858516004607,0.948415437416708,0.993200703921246,0.997223213233714,0.993200703921246,0.989726718605934,0.953083871398755,0.958034322149582,1.00756568684942,0.956914540919074,1.00756568684942,0.96986115957786,0.830087712859111,1.00756568684942,0.983670107599374,0.993200703921246,1.00756568684942,1.00756568684942,0.985500840309419,1.00756568684942,1.01718458242055,0.969692895696101,1.00439999022877,1.01718458242055,0.962153389460285,0.950959527698512,1.00756568684942,0.993200703921246,1.00756568684942,0.993200703921246,0.997223213233714,0.940302116119769,0.971439401630551,0.997223213233714,1.00756568684942,1.01718458242055,0.953083871398755,1.01718458242055,0.985006345004733,1.00756568684942,0.872319047947892,1.00756568684942,1.00756568684942,1.01718458242055,1.00756568684942,1.00756568684942,1.00756568684942,1.00756568684942,1.00756568684942,1.00756568684942,0.956914540919074,1.01718458242055,1.00756568684942,1.00756568684942,0.997223213233714,0.958034322149582,0.993200703921246,0.993200703921246,0.940796795674761,1.00756568684942,1.00756568684942,1.00756568684942,1.00756568684942,1.01718458242055,1.03763980474556,0.993200703921246,0.958034322149582,1.00756568684942,0.992205448801493,1.00756568684942,0.958034322149582,0.839005988515616,1.00756568684942,1.00756568684942,1.00756568684942,1.01718458242055,1.01718458242055,0.969692895696101,1.00756568684942,1.01718458242055,0.993762938308767,1.01718458242055,1.00756568684942,0.99806859698748,1.02479713848329,1.00756568684942,0.983670107599374,0.985500840309419,1.00756568684942,1.00756568684942,1.00756568684942,1.00756568684942,1.01718458242055,1.01718458242055,1.01718458242055,1.00756568684942,0.93973114880969
"28",1.00756568684942,1.00756568684942,1.00756568684942,1.00858516004607,0.948415437416708,0.993200703921246,0.997755642424788,0.993200703921246,0.989726718605934,0.953083871398755,0.958034322149582,1.00756568684942,1.00756568684942,1.01718458242055,0.993762938308767,0.830087712859111,1.00756568684942,0.983670107599374,0.993200703921246,1.00756568684942,1.00756568684942,0.997223213233714,1.00756568684942,1.01718458242055,0.973441441061956,1.00756568684942,1.01718458242055,0.962153389460285,0.950959527698512,1.00756568684942,0.993200703921246,1.00756568684942,0.993200703921246,0.997223213233714,0.940302116119769,0.971439401630551,0.997223213233714,1.00756568684942,1.01718458242055,0.953083871398755,1.01718458242055,0.985006345004733,1.00756568684942,0.8789168346159,1.01718458242055,1.00756568684942,1.01718458242055,1.00756568684942,1.00756568684942,1.00756568684942,1.00756568684942,1.00756568684942,1.00756568684942,0.956914540919074,1.01718458242055,1.00756568684942,1.00756568684942,0.997780028494608,0.985500840309419,0.993200703921246,0.993200703921246,0.940796795674761,1.00756568684942,1.00756568684942,1.00756568684942,1.00756568684942,1.01718458242055,1.03763980474556,0.993200703921246,0.958034322149582,1.00756568684942,0.992205448801493,1.00756568684942,0.985500840309419,0.839005988515616,1.00756568684942,1.00756568684942,1.00756568684942,1.01718458242055,1.01718458242055,0.969692895696101,1.00756568684942,1.01718458242055,0.993762938308767,1.01718458242055,1.00756568684942,0.99806859698748,1.02479713848329,1.00756568684942,0.983670107599374,0.985500840309419,1.00756568684942,1.00756568684942,1.00756568684942,1.00756568684942,1.01718458242055,1.01718458242055,1.01718458242055,1.00756568684942,0.93973114880969
"29",1.00756568684942,1.00756568684942,1.00756568684942,1.00858516004607,0.948415437416708,0.993200703921246,0.997755642424788,0.985500840309419,0.989726718605934,0.953083871398755,0.958034322149582,1.00756568684942,1.00756568684942,1.01718458242055,0.993762938308767,0.830087712859111,1.00756568684942,0.983670107599374,0.993200703921246,1.00756568684942,1.00756568684942,0.997223213233714,1.00756568684942,1.01718458242055,0.973441441061956,1.00756568684942,1.01718458242055,0.985500840309419,0.950959527698512,1.00756568684942,0.993200703921246,1.00756568684942,0.993200703921246,1.00439999022877,0.940302116119769,0.971439401630551,1.00439999022877,1.00756568684942,1.01718458242055,0.953083871398755,1.01718458242055,0.985006345004733,1.00756568684942,0.888952244259557,1.01718458242055,1.00756568684942,1.01718458242055,1.01718458242055,1.00756568684942,1.00756568684942,1.00756568684942,1.00756568684942,1.00756568684942,0.956914540919074,1.01718458242055,1.00756568684942,1.00756568684942,1.00756568684942,0.997223213233714,0.993200703921246,0.993200703921246,0.945331954366115,1.00756568684942,1.00756568684942,1.00756568684942,1.00756568684942,1.01718458242055,1.03763980474556,0.993200703921246,0.958034322149582,1.00756568684942,0.992205448801493,1.00756568684942,0.997223213233714,0.839005988515616,1.00756568684942,1.00756568684942,1.00756568684942,1.01718458242055,1.01718458242055,0.973441441061956,1.00756568684942,1.01718458242055,0.993762938308767,1.01718458242055,1.00756568684942,0.99806859698748,1.02479713848329,1.00756568684942,0.983670107599374,0.985500840309419,1.00756568684942,1.00756568684942,1.00756568684942,1.00756568684942,1.01718458242055,1.01718458242055,1.01718458242055,1.00756568684942,0.94420073606886
"30",1.00756568684942,1.00756568684942,1.00756568684942,1.00858516004607,0.948415437416708,0.993200703921246,0.997755642424788,0.997223213233714,0.989726718605934,0.953083871398755,0.958034322149582,1.00756568684942,1.00756568684942,1.01718458242055,0.993762938308767,0.830087712859111,1.00756568684942,0.983670107599374,0.993200703921246,1.00756568684942,1.00756568684942,1.00439999022877,1.00756568684942,1.01718458242055,0.973441441061956,1.00756568684942,1.01718458242055,0.966175898772752,0.950959527698512,1.00756568684942,0.993200703921246,1.00756568684942,0.993200703921246,1.00439999022877,0.940302116119769,0.971439401630551,1.00439999022877,1.00756568684942,1.01718458242055,0.953083871398755,1.01718458242055,0.997223213233714,1.00756568684942,0.888952244259557,1.01718458242055,1.00756568684942,1.01718458242055,1.01718458242055,1.00756568684942,1.00756568684942,1.01718458242055,1.00756568684942,1.00756568684942,0.956914540919074,1.01718458242055,1.00756568684942,1.00756568684942,1.00756568684942,1.00439999022877,0.993200703921246,0.993200703921246,0.949950008353651,1.00756568684942,1.00756568684942,1.00756568684942,1.00756568684942,1.01718458242055,1.03763980474556,0.993200703921246,0.958034322149582,1.00756568684942,0.992205448801493,1.00756568684942,0.997223213233714,0.839005988515616,1.00756568684942,1.00756568684942,1.00756568684942,1.01718458242055,1.01718458242055,0.973441441061956,1.00756568684942,1.01718458242055,0.988765435991003,1.01718458242055,1.00756568684942,0.99806859698748,1.02479713848329,1.00756568684942,0.983670107599374,0.985500840309419,1.00756568684942,1.00756568684942,1.00756568684942,1.00756568684942,1.01718458242055,1.01718458242055,1.01718458242055,1.00756568684942,0.94420073606886
"31",1.00756568684942,1.00756568684942,1.00756568684942,1.00858516004607,0.948415437416708,0.993200703921246,0.997755642424788,0.997780028494608,0.985006345004733,0.953083871398755,0.958034322149582,1.00756568684942,1.00756568684942,1.01718458242055,0.993762938308767,0.830087712859111,1.00756568684942,0.983670107599374,0.993200703921246,1.00756568684942,1.00756568684942,1.00756568684942,1.00756568684942,1.01718458242055,0.973441441061956,1.00756568684942,1.01718458242055,1.00439999022877,0.950959527698512,1.00756568684942,0.985500840309419,1.00756568684942,0.993200703921246,1.00439999022877,0.940302116119769,0.971439401630551,1.00756568684942,1.00756568684942,1.01718458242055,0.953083871398755,1.01718458242055,0.997223213233714,1.00756568684942,0.908540869659626,1.01718458242055,1.01718458242055,1.01718458242055,1.01718458242055,1.00756568684942,1.00756568684942,1.01718458242055,1.00756568684942,1.00756568684942,0.956914540919074,1.01718458242055,1.00756568684942,1.00756568684942,1.00756568684942,1.00756568684942,0.993200703921246,0.993200703921246,0.949950008353651,1.00756568684942,1.00756568684942,1.00756568684942,1.00756568684942,1.01718458242055,1.03763980474556,0.993200703921246,0.958034322149582,1.00756568684942,0.992205448801493,1.00756568684942,1.00439999022877,0.839005988515616,1.00756568684942,1.00756568684942,1.00756568684942,1.01718458242055,1.01718458242055,0.973441441061956,1.00756568684942,1.01718458242055,1.02479713848329,1.01718458242055,1.00756568684942,0.99806859698748,1.02479713848329,1.00756568684942,0.983670107599374,0.997223213233714,1.00756568684942,1.00756568684942,1.00756568684942,1.01718458242055,1.01718458242055,1.01718458242055,1.01718458242055,1.00756568684942,0.956914540919074
"32",1.00756568684942,1.00756568684942,1.00756568684942,1.00858516004607,0.948415437416708,0.993200703921246,1.00756568684942,0.997780028494608,0.997223213233714,0.953083871398755,0.958034322149582,1.00756568684942,1.00756568684942,1.01718458242055,0.988765435991003,0.830087712859111,1.00756568684942,0.983670107599374,0.993200703921246,1.00756568684942,1.00756568684942,1.00756568684942,1.00756568684942,1.01718458242055,0.973441441061956,1.00756568684942,1.01718458242055,1.00756568684942,0.950959527698512,1.00756568684942,0.997223213233714,1.00756568684942,0.993200703921246,1.00439999022877,0.940302116119769,0.971439401630551,1.00756568684942,1.00756568684942,1.01718458242055,0.953083871398755,1.01718458242055,0.997223213233714,1.00756568684942,0.908540869659626,1.01718458242055,1.01718458242055,1.01718458242055,1.01718458242055,1.00756568684942,1.00756568684942,1.01718458242055,1.00756568684942,1.00756568684942,1.00756568684942,1.01718458242055,1.00756568684942,1.00756568684942,1.00756568684942,1.00756568684942,0.993200703921246,0.993200703921246,0.949950008353651,1.00756568684942,1.00756568684942,1.00756568684942,1.00756568684942,1.01718458242055,1.03763980474556,0.993200703921246,0.958034322149582,1.00756568684942,0.992205448801493,1.00756568684942,1.00756568684942,0.839005988515616,1.00756568684942,1.00756568684942,1.00756568684942,1.01718458242055,1.01718458242055,0.99806859698748,1.00756568684942,1.01718458242055,1.02479713848329,1.01718458242055,1.00756568684942,0.99806859698748,1.02479713848329,1.00756568684942,0.983670107599374,0.997223213233714,1.00756568684942,1.00756568684942,1.00756568684942,1.01718458242055,1.01718458242055,1.01718458242055,1.01718458242055,1.00756568684942,0.99806859698748
"33",1.01718458242055,1.00756568684942,1.00756568684942,1.00858516004607,0.948415437416708,0.993200703921246,1.00756568684942,0.997780028494608,0.997223213233714,0.953083871398755,0.958034322149582,1.01718458242055,1.00756568684942,1.01718458242055,1.02479713848329,0.830087712859111,1.00756568684942,0.983670107599374,0.993200703921246,1.00756568684942,1.00756568684942,1.00756568684942,1.00756568684942,1.01718458242055,0.99806859698748,1.01718458242055,1.01718458242055,1.00756568684942,0.950959527698512,1.00756568684942,1.00439999022877,1.00756568684942,0.993200703921246,1.00439999022877,0.940302116119769,0.971439401630551,1.01718458242055,1.00756568684942,1.01718458242055,0.953083871398755,1.01718458242055,0.997223213233714,1.00756568684942,0.913284989873705,1.01718458242055,1.01718458242055,1.01718458242055,1.01718458242055,1.00756568684942,1.00756568684942,1.01718458242055,1.00756568684942,1.00756568684942,1.00756568684942,1.01718458242055,1.00756568684942,1.00756568684942,1.00756568684942,1.01718458242055,0.993200703921246,0.993200703921246,0.949950008353651,1.00756568684942,1.00756568684942,1.00756568684942,1.00756568684942,1.01718458242055,1.03763980474556,0.985500840309419,0.958034322149582,1.00756568684942,0.992205448801493,1.00756568684942,1.00756568684942,0.839005988515616,1.00756568684942,1.00756568684942,1.00756568684942,1.01718458242055,1.01718458242055,0.99806859698748,1.00756568684942,1.01718458242055,1.02479713848329,1.01718458242055,1.01718458242055,0.99806859698748,1.02479713848329,1.01718458242055,0.983670107599374,1.00439999022877,1.00756568684942,1.00756568684942,1.00756568684942,1.01718458242055,1.01718458242055,1.01718458242055,1.01718458242055,1.00756568684942,1.00756568684942
"34",1.01718458242055,1.00756568684942,1.00756568684942,1.00858516004607,0.948415437416708,0.985500840309419,1.00756568684942,0.997780028494608,1.00439999022877,0.953083871398755,0.958034322149582,1.01718458242055,1.00756568684942,1.01718458242055,1.02479713848329,0.830087712859111,1.00756568684942,0.983670107599374,0.993200703921246,1.00756568684942,1.00756568684942,1.00756568684942,1.00756568684942,1.01718458242055,0.99806859698748,1.01718458242055,1.01718458242055,1.00756568684942,0.950959527698512,1.00756568684942,1.00439999022877,1.00756568684942,0.993200703921246,1.00439999022877,0.940302116119769,0.971439401630551,1.01718458242055,1.00756568684942,1.01718458242055,0.953083871398755,1.01718458242055,0.997223213233714,1.00756568684942,0.913284989873705,1.01718458242055,1.01718458242055,1.01718458242055,1.01718458242055,1.00756568684942,1.01718458242055,1.01718458242055,1.00756568684942,1.00756568684942,1.00756568684942,1.01718458242055,1.00756568684942,1.00756568684942,1.01718458242055,1.01718458242055,0.993200703921246,0.993200703921246,1.00756568684942,1.00756568684942,1.00756568684942,1.00756568684942,1.00756568684942,1.01718458242055,1.03763980474556,0.997223213233714,0.958034322149582,1.00756568684942,0.992205448801493,1.00756568684942,1.00756568684942,0.839005988515616,1.00756568684942,1.00756568684942,1.00756568684942,1.01718458242055,1.01718458242055,0.99806859698748,1.00756568684942,1.01718458242055,1.02479713848329,1.01718458242055,1.01718458242055,0.99806859698748,1.02479713848329,1.01718458242055,0.983670107599374,1.00439999022877,1.00756568684942,1.00756568684942,1.00756568684942,1.01718458242055,1.01718458242055,1.01718458242055,1.01718458242055,1.00756568684942,1.00756568684942
"35",1.01718458242055,1.00756568684942,1.00756568684942,1.00858516004607,0.968825632218581,0.985500840309419,1.00756568684942,1.00756568684942,1.00439999022877,0.953083871398755,0.958034322149582,1.01718458242055,1.00756568684942,1.01718458242055,1.02479713848329,0.830087712859111,1.00756568684942,0.983670107599374,0.985500840309419,1.00756568684942,1.00756568684942,1.00756568684942,1.00756568684942,1.01718458242055,0.99806859698748,1.01718458242055,1.01718458242055,1.00756568684942,0.950959527698512,1.00756568684942,1.00756568684942,1.00756568684942,0.993200703921246,1.00756568684942,0.940302116119769,0.971439401630551,1.01718458242055,1.00756568684942,1.01718458242055,0.953083871398755,1.01718458242055,0.997223213233714,1.00756568684942,0.913284989873705,1.01718458242055,1.01718458242055,1.01718458242055,1.01718458242055,1.00756568684942,1.01718458242055,1.01718458242055,1.00756568684942,1.00756568684942,1.00756568684942,1.01718458242055,1.00756568684942,1.00756568684942,1.01718458242055,1.01718458242055,0.997223213233714,0.993200703921246,1.00756568684942,1.00756568684942,1.00756568684942,1.00756568684942,1.00756568684942,1.01718458242055,1.03763980474556,1.00439999022877,0.958034322149582,1.00756568684942,0.992205448801493,1.00756568684942,1.00756568684942,0.839005988515616,1.00756568684942,1.00756568684942,1.00756568684942,1.01718458242055,1.01718458242055,1.00756568684942,1.00756568684942,1.01718458242055,1.02479713848329,1.01718458242055,1.01718458242055,0.99806859698748,1.02479713848329,1.01718458242055,0.983670107599374,1.00439999022877,1.00756568684942,1.00756568684942,1.00756568684942,1.01718458242055,1.01718458242055,1.01718458242055,1.01718458242055,1.00756568684942,1.00756568684942
"36",1.01718458242055,1.00756568684942,1.00756568684942,1.00858516004607,0.968825632218581,0.985500840309419,1.00756568684942,1.01718458242055,1.00439999022877,0.953083871398755,0.997223213233714,1.01718458242055,1.00756568684942,1.01718458242055,1.02479713848329,0.830087712859111,1.00756568684942,0.983670107599374,0.985500840309419,1.00756568684942,1.00756568684942,1.00756568684942,1.00756568684942,1.01718458242055,0.99806859698748,1.01718458242055,1.01718458242055,1.00756568684942,0.950959527698512,1.00756568684942,1.00756568684942,1.00756568684942,0.993200703921246,1.00756568684942,0.940302116119769,0.971439401630551,1.01718458242055,1.00756568684942,1.01718458242055,0.953083871398755,1.01718458242055,1.00439999022877,1.00756568684942,1.00709391394268,1.01718458242055,1.01718458242055,1.01718458242055,1.01718458242055,1.00756568684942,1.01718458242055,1.01718458242055,1.00756568684942,1.00756568684942,1.00756568684942,1.01718458242055,1.00756568684942,1.00756568684942,1.01718458242055,1.01718458242055,0.997223213233714,0.993200703921246,1.00756568684942,1.01718458242055,1.00756568684942,1.00756568684942,1.00756568684942,1.01718458242055,1.03763980474556,1.00756568684942,0.958034322149582,1.00756568684942,0.992205448801493,1.00756568684942,1.00756568684942,0.839005988515616,1.00756568684942,1.00756568684942,1.00756568684942,1.01718458242055,1.01718458242055,1.00756568684942,1.00756568684942,1.01718458242055,1.02479713848329,1.01718458242055,1.01718458242055,1.00756568684942,1.02479713848329,1.01718458242055,0.983670107599374,1.00439999022877,1.00756568684942,1.00756568684942,1.00756568684942,1.01718458242055,1.01718458242055,1.01718458242055,1.01718458242055,1.00756568684942,1.00756568684942
"37",1.01718458242055,1.00756568684942,1.00756568684942,1.00858516004607,0.968825632218581,0.973570077580257,1.00756568684942,1.01718458242055,1.00439999022877,0.953083871398755,0.997223213233714,1.01718458242055,1.00756568684942,1.01718458242055,1.02479713848329,0.830087712859111,1.00756568684942,0.983670107599374,0.985500840309419,1.00756568684942,1.00756568684942,1.00756568684942,1.00756568684942,1.01718458242055,1.00756568684942,1.01718458242055,1.01718458242055,1.00756568684942,0.950959527698512,1.00756568684942,1.00756568684942,1.00756568684942,1.00654812118534,1.00756568684942,0.940302116119769,0.971439401630551,1.01718458242055,1.00756568684942,1.01718458242055,0.953083871398755,1.01718458242055,1.03763980474556,1.00756568684942,1.00709391394268,1.01718458242055,1.01718458242055,1.01718458242055,1.01718458242055,1.00756568684942,1.01718458242055,1.01718458242055,1.00756568684942,1.00756568684942,1.00756568684942,1.01718458242055,1.00756568684942,1.00756568684942,1.01718458242055,1.01718458242055,1.00439999022877,0.993200703921246,1.00756568684942,1.01718458242055,1.00756568684942,1.00756568684942,1.00756568684942,1.01718458242055,1.03763980474556,1.01718458242055,0.997223213233714,1.00756568684942,0.992205448801493,1.01718458242055,1.00756568684942,0.839005988515616,1.00756568684942,1.00756568684942,1.00756568684942,1.01718458242055,1.01718458242055,1.00756568684942,1.00756568684942,1.01718458242055,1.02479713848329,1.01718458242055,1.01718458242055,1.00756568684942,1.02479713848329,1.01718458242055,0.983670107599374,1.00439999022877,1.00756568684942,1.00756568684942,1.00756568684942,1.01718458242055,1.01718458242055,1.01718458242055,1.01718458242055,1.01718458242055,1.00756568684942
"38",1.01718458242055,1.00756568684942,1.00756568684942,1.00858516004607,0.973441441061956,0.973570077580257,1.01718458242055,1.01718458242055,1.00439999022877,0.953083871398755,1.00439999022877,1.01718458242055,1.00756568684942,1.01718458242055,1.02479713848329,0.830087712859111,1.00756568684942,0.983670107599374,0.985500840309419,1.00756568684942,1.00756568684942,1.00756568684942,1.00756568684942,1.01718458242055,1.00756568684942,1.01718458242055,1.01718458242055,1.00756568684942,0.950959527698512,1.00756568684942,1.00756568684942,1.00756568684942,1.00701145651193,1.00756568684942,0.940302116119769,0.971439401630551,1.01718458242055,1.00756568684942,1.01718458242055,0.953083871398755,1.01718458242055,1.03763980474556,1.00756568684942,1.00709391394268,1.01718458242055,1.01718458242055,1.01718458242055,1.01718458242055,1.00756568684942,1.01718458242055,1.01718458242055,1.00756568684942,1.00756568684942,1.00756568684942,1.01718458242055,1.00756568684942,1.00756568684942,1.01718458242055,1.01718458242055,1.00756568684942,0.993200703921246,1.00756568684942,1.01718458242055,1.00756568684942,1.01718458242055,1.00756568684942,1.01718458242055,1.03763980474556,1.01718458242055,0.997223213233714,1.00756568684942,0.992205448801493,1.01718458242055,1.00756568684942,0.839005988515616,1.00756568684942,1.00756568684942,1.00756568684942,1.01718458242055,1.01718458242055,1.00756568684942,1.00756568684942,1.01718458242055,1.02479713848329,1.01718458242055,1.01718458242055,1.00756568684942,1.02479713848329,1.01718458242055,0.983670107599374,1.00439999022877,1.00756568684942,1.00756568684942,1.00756568684942,1.01718458242055,1.01718458242055,1.01718458242055,1.01718458242055,1.01718458242055,1.00756568684942
"39",1.01718458242055,1.00756568684942,1.00756568684942,1.00858516004607,0.973441441061956,0.973570077580257,1.01718458242055,1.01718458242055,1.00439999022877,0.953083871398755,1.00439999022877,1.01718458242055,1.00756568684942,1.01718458242055,1.02479713848329,0.830087712859111,1.01718458242055,0.983670107599374,0.985500840309419,1.01718458242055,1.00756568684942,1.00756568684942,1.00756568684942,1.01718458242055,1.00756568684942,1.01718458242055,1.01718458242055,1.00756568684942,0.950959527698512,1.00756568684942,1.00756568684942,1.00756568684942,1.00701145651193,1.00756568684942,0.940302116119769,0.971439401630551,1.01718458242055,1.00756568684942,1.01718458242055,0.953083871398755,1.01718458242055,1.03763980474556,1.01718458242055,1.00709391394268,1.01718458242055,1.01718458242055,1.01718458242055,1.01718458242055,1.00756568684942,1.01718458242055,1.01718458242055,1.00756568684942,1.00756568684942,1.00756568684942,1.01718458242055,1.00756568684942,1.00756568684942,1.01718458242055,1.01718458242055,1.00756568684942,0.993200703921246,1.00756568684942,1.01718458242055,1.00756568684942,1.01718458242055,1.00756568684942,1.01718458242055,1.03763980474556,1.01718458242055,0.997223213233714,1.00756568684942,0.993762938308767,1.01718458242055,1.00756568684942,0.839005988515616,1.00756568684942,1.01718458242055,1.01718458242055,1.01718458242055,1.01718458242055,1.00756568684942,1.00756568684942,1.01718458242055,1.02479713848329,1.01718458242055,1.01718458242055,1.00756568684942,1.02479713848329,1.01718458242055,0.983670107599374,1.00439999022877,1.00756568684942,1.00756568684942,1.00756568684942,1.01718458242055,1.01718458242055,1.01718458242055,1.01718458242055,1.01718458242055,1.00756568684942
"40",1.01718458242055,1.00756568684942,1.00756568684942,1.00858516004607,0.973441441061956,0.973570077580257,1.01718458242055,1.01718458242055,1.00439999022877,0.953083871398755,1.00756568684942,1.01718458242055,1.00756568684942,1.01718458242055,1.02479713848329,0.830087712859111,1.01718458242055,0.983670107599374,0.983670107599374,1.01718458242055,1.00756568684942,1.00756568684942,1.00756568684942,1.01718458242055,1.00756568684942,1.01718458242055,1.01718458242055,1.00756568684942,0.950959527698512,1.00756568684942,1.00756568684942,1.00756568684942,1.00703584258175,1.00756568684942,0.940302116119769,0.971439401630551,1.01718458242055,1.00756568684942,1.01718458242055,0.953083871398755,1.01718458242055,1.03763980474556,1.01718458242055,1.00709391394268,1.01718458242055,1.01718458242055,1.01718458242055,1.01718458242055,1.00756568684942,1.01718458242055,1.01718458242055,1.00756568684942,1.00756568684942,1.00756568684942,1.01718458242055,1.00756568684942,1.00756568684942,1.01718458242055,1.01718458242055,1.00756568684942,0.993200703921246,1.00756568684942,1.01718458242055,1.00756568684942,1.01718458242055,1.00756568684942,1.01718458242055,1.03763980474556,1.01718458242055,1.00439999022877,1.00756568684942,0.993762938308767,1.01718458242055,1.00756568684942,0.839005988515616,1.00756568684942,1.01718458242055,1.01718458242055,1.01718458242055,1.01718458242055,1.00756568684942,1.00756568684942,1.01718458242055,1.02479713848329,1.01718458242055,1.01718458242055,1.00756568684942,1.02479713848329,1.01718458242055,0.983670107599374,1.00439999022877,1.00756568684942,1.00756568684942,1.00756568684942,1.01718458242055,1.01718458242055,1.01718458242055,1.01718458242055,1.01718458242055,1.00756568684942
"41",1.01718458242055,1.00756568684942,1.01718458242055,1.00858516004607,0.973441441061956,0.973570077580257,1.01718458242055,1.01718458242055,1.00439999022877,0.953083871398755,1.00756568684942,1.01718458242055,1.00756568684942,1.01718458242055,1.02479713848329,0.830087712859111,1.01718458242055,0.983670107599374,0.983670107599374,1.01718458242055,1.00756568684942,1.00756568684942,1.00756568684942,1.01718458242055,1.00756568684942,1.01718458242055,1.01718458242055,1.00756568684942,0.950959527698512,1.00756568684942,1.00756568684942,1.00756568684942,1.00756568684942,1.00756568684942,0.940302116119769,0.971439401630551,1.01718458242055,1.00756568684942,1.01718458242055,0.953083871398755,1.01718458242055,1.03763980474556,1.01718458242055,1.03763980474556,1.01718458242055,1.01718458242055,1.01718458242055,1.01718458242055,1.00756568684942,1.01718458242055,1.01718458242055,1.00756568684942,1.00756568684942,1.00756568684942,1.01718458242055,1.00756568684942,1.00756568684942,1.01718458242055,1.01718458242055,1.00756568684942,0.993200703921246,1.00756568684942,1.01718458242055,1.00756568684942,1.01718458242055,1.00756568684942,1.01718458242055,1.03763980474556,1.01718458242055,1.00756568684942,1.00756568684942,0.993762938308767,1.01718458242055,1.00756568684942,0.839005988515616,1.00756568684942,1.01718458242055,1.01718458242055,1.01718458242055,1.01718458242055,1.00756568684942,1.00756568684942,1.01718458242055,1.02479713848329,1.01718458242055,1.01718458242055,1.00756568684942,1.02479713848329,1.01718458242055,0.983670107599374,1.00439999022877,1.00756568684942,1.00756568684942,1.00756568684942,1.01718458242055,1.01718458242055,1.01718458242055,1.01718458242055,1.01718458242055,1.00756568684942
"42",1.01718458242055,1.00756568684942,1.01718458242055,1.00858516004607,0.99806859698748,0.973570077580257,1.01718458242055,1.01718458242055,1.00439999022877,0.953083871398755,1.00756568684942,1.01718458242055,1.00756568684942,1.01718458242055,1.02479713848329,0.830087712859111,1.01718458242055,0.983670107599374,0.983670107599374,1.01718458242055,1.00756568684942,1.00756568684942,1.00756568684942,1.01718458242055,1.00756568684942,1.01718458242055,1.01718458242055,1.00756568684942,0.950959527698512,1.00756568684942,1.00756568684942,1.00756568684942,1.00756568684942,1.00756568684942,0.940302116119769,0.971439401630551,1.01718458242055,1.00756568684942,1.01718458242055,0.953083871398755,1.01718458242055,1.03763980474556,1.01718458242055,1.03763980474556,1.01718458242055,1.01718458242055,1.01718458242055,1.01718458242055,1.00756568684942,1.01718458242055,1.01718458242055,1.01718458242055,1.00756568684942,1.00756568684942,1.01718458242055,1.00756568684942,1.00756568684942,1.01718458242055,1.01718458242055,1.00756568684942,0.993200703921246,1.00756568684942,1.01718458242055,1.00756568684942,1.01718458242055,1.00756568684942,1.01718458242055,1.03763980474556,1.01718458242055,1.00756568684942,1.00756568684942,0.993762938308767,1.01718458242055,1.00756568684942,0.839005988515616,1.00756568684942,1.01718458242055,1.01718458242055,1.01718458242055,1.01718458242055,1.00756568684942,1.01718458242055,1.01718458242055,1.02479713848329,1.01718458242055,1.01718458242055,1.00756568684942,1.02479713848329,1.01718458242055,0.983670107599374,1.03763980474556,1.00756568684942,1.00756568684942,1.00756568684942,1.01718458242055,1.01718458242055,1.01718458242055,1.01718458242055,1.01718458242055,1.00756568684942
"43",1.01718458242055,1.00756568684942,1.01718458242055,1.00858516004607,1.00756568684942,0.973570077580257,1.01718458242055,1.01718458242055,1.00439999022877,0.953083871398755,1.00756568684942,1.01718458242055,1.00756568684942,1.01718458242055,1.02479713848329,0.830087712859111,1.01718458242055,0.983670107599374,0.983670107599374,1.01718458242055,1.00756568684942,1.00756568684942,1.00756568684942,1.01718458242055,1.00756568684942,1.01718458242055,1.01718458242055,1.00756568684942,0.950959527698512,1.00756568684942,1.00756568684942,1.00756568684942,1.01718458242055,1.00756568684942,0.940302116119769,0.971439401630551,1.01718458242055,1.00756568684942,1.01718458242055,0.953083871398755,1.01718458242055,1.03763980474556,1.01718458242055,1.03763980474556,1.01718458242055,1.01718458242055,1.01718458242055,1.01718458242055,1.00756568684942,1.01718458242055,1.01718458242055,1.01718458242055,1.00756568684942,1.00756568684942,1.01718458242055,1.00756568684942,1.00756568684942,1.01718458242055,1.01718458242055,1.00756568684942,0.993200703921246,1.00756568684942,1.01718458242055,1.00756568684942,1.01718458242055,1.00756568684942,1.01718458242055,1.03763980474556,1.01718458242055,1.00756568684942,1.00756568684942,0.993762938308767,1.01718458242055,1.00756568684942,0.839005988515616,1.00756568684942,1.01718458242055,1.01718458242055,1.01718458242055,1.01718458242055,1.00756568684942,1.01718458242055,1.01718458242055,1.02479713848329,1.01718458242055,1.01718458242055,1.00756568684942,1.02479713848329,1.01718458242055,0.983670107599374,1.03763980474556,1.00756568684942,1.00756568684942,1.00756568684942,1.01718458242055,1.01718458242055,1.01718458242055,1.01718458242055,1.01718458242055,1.00756568684942
"44",1.01718458242055,1.00756568684942,1.01718458242055,1.00858516004607,1.00756568684942,0.973570077580257,1.01718458242055,1.01718458242055,1.00439999022877,0.953083871398755,1.00756568684942,1.01718458242055,1.00756568684942,1.01718458242055,1.02479713848329,0.830087712859111,1.01718458242055,0.983670107599374,0.983670107599374,1.01718458242055,1.00756568684942,1.00756568684942,1.00756568684942,1.01718458242055,1.00756568684942,1.01718458242055,1.01718458242055,1.00756568684942,0.950959527698512,1.00756568684942,1.00756568684942,1.01718458242055,1.01718458242055,1.00756568684942,0.940302116119769,0.971439401630551,1.01718458242055,1.00756568684942,1.01718458242055,0.953083871398755,1.01718458242055,1.03763980474556,1.01718458242055,1.03763980474556,1.01718458242055,1.01718458242055,1.01718458242055,1.01718458242055,1.01718458242055,1.01718458242055,1.01718458242055,1.01718458242055,1.00756568684942,1.00756568684942,1.01718458242055,1.00756568684942,1.00756568684942,1.01718458242055,1.01718458242055,1.00756568684942,0.993200703921246,1.00756568684942,1.01718458242055,1.00756568684942,1.01718458242055,1.00756568684942,1.01718458242055,1.03763980474556,1.01718458242055,1.00756568684942,1.00756568684942,0.993762938308767,1.01718458242055,1.00756568684942,0.839005988515616,1.00756568684942,1.01718458242055,1.01718458242055,1.01718458242055,1.01718458242055,1.00756568684942,1.01718458242055,1.01718458242055,1.02479713848329,1.01718458242055,1.01718458242055,1.00756568684942,1.02479713848329,1.01718458242055,0.983670107599374,1.03763980474556,1.00756568684942,1.00756568684942,1.00756568684942,1.01718458242055,1.01718458242055,1.01718458242055,1.01718458242055,1.01718458242055,1.00756568684942
"45",1.01718458242055,1.00756568684942,1.01718458242055,1.00858516004607,1.00756568684942,0.973570077580257,1.01718458242055,1.01718458242055,1.00439999022877,0.953083871398755,1.00756568684942,1.01718458242055,1.00756568684942,1.01718458242055,1.02479713848329,0.830087712859111,1.01718458242055,0.983670107599374,0.983670107599374,1.01718458242055,1.00756568684942,1.00756568684942,1.00756568684942,1.01718458242055,1.00756568684942,1.01718458242055,1.01718458242055,1.00756568684942,0.950959527698512,1.00756568684942,1.01718458242055,1.01718458242055,1.01718458242055,1.00756568684942,0.940302116119769,0.971439401630551,1.01718458242055,1.00756568684942,1.01718458242055,0.953083871398755,1.01718458242055,1.03763980474556,1.01718458242055,1.03763980474556,1.01718458242055,1.01718458242055,1.01718458242055,1.01718458242055,1.01718458242055,1.01718458242055,1.01718458242055,1.01718458242055,1.00756568684942,1.00756568684942,1.01718458242055,1.00756568684942,1.00756568684942,1.01718458242055,1.01718458242055,1.00756568684942,0.993200703921246,1.00756568684942,1.01718458242055,1.00756568684942,1.01718458242055,1.00756568684942,1.01718458242055,1.03763980474556,1.01718458242055,1.00756568684942,1.00756568684942,1.02479713848329,1.01718458242055,1.00756568684942,0.839005988515616,1.00756568684942,1.01718458242055,1.01718458242055,1.01718458242055,1.01718458242055,1.00756568684942,1.01718458242055,1.01718458242055,1.02479713848329,1.01718458242055,1.01718458242055,1.00756568684942,1.02479713848329,1.01718458242055,0.983670107599374,1.03763980474556,1.01718458242055,1.01718458242055,1.00756568684942,1.01718458242055,1.01718458242055,1.01718458242055,1.01718458242055,1.01718458242055,1.00756568684942
"46",1.01718458242055,1.00756568684942,1.01718458242055,1.00858516004607,1.00756568684942,0.973570077580257,1.01718458242055,1.01718458242055,1.00756568684942,0.953083871398755,1.00756568684942,1.01718458242055,1.00756568684942,1.01718458242055,1.02479713848329,0.830087712859111,1.01718458242055,0.983670107599374,0.983670107599374,1.01718458242055,1.00756568684942,1.00756568684942,1.00756568684942,1.01718458242055,1.00756568684942,1.01718458242055,1.01718458242055,1.00756568684942,0.950959527698512,1.00756568684942,1.01718458242055,1.01718458242055,1.01718458242055,1.00756568684942,0.940302116119769,0.971439401630551,1.01718458242055,1.00756568684942,1.01718458242055,0.953083871398755,1.01718458242055,1.03763980474556,1.01718458242055,1.03763980474556,1.01718458242055,1.01718458242055,1.01718458242055,1.01718458242055,1.01718458242055,1.01718458242055,1.01718458242055,1.01718458242055,1.00756568684942,1.01718458242055,1.01718458242055,1.00756568684942,1.00756568684942,1.01718458242055,1.01718458242055,1.01718458242055,0.993200703921246,1.00756568684942,1.01718458242055,1.00756568684942,1.01718458242055,1.00756568684942,1.01718458242055,1.03763980474556,1.01718458242055,1.00756568684942,1.00756568684942,1.02479713848329,1.01718458242055,1.01718458242055,0.839005988515616,1.00756568684942,1.01718458242055,1.01718458242055,1.01718458242055,1.01718458242055,1.00756568684942,1.01718458242055,1.01718458242055,1.02479713848329,1.01718458242055,1.01718458242055,1.00756568684942,1.02479713848329,1.01718458242055,0.983670107599374,1.03763980474556,1.01718458242055,1.01718458242055,1.00756568684942,1.01718458242055,1.01718458242055,1.01718458242055,1.01718458242055,1.01718458242055,1.00756568684942
"47",1.01718458242055,1.00756568684942,1.01718458242055,1.00858516004607,1.00756568684942,0.973570077580257,1.01718458242055,1.01718458242055,1.00756568684942,0.953083871398755,1.00756568684942,1.01718458242055,1.00756568684942,1.01718458242055,1.02479713848329,0.830087712859111,1.01718458242055,0.983670107599374,0.983670107599374,1.01718458242055,1.00756568684942,1.00756568684942,1.00756568684942,1.01718458242055,1.00756568684942,1.01718458242055,1.01718458242055,1.00756568684942,0.950959527698512,1.00756568684942,1.01718458242055,1.01718458242055,1.01718458242055,1.00756568684942,0.940302116119769,0.971439401630551,1.01718458242055,1.00756568684942,1.01718458242055,0.953083871398755,1.01718458242055,1.03763980474556,1.01718458242055,1.03763980474556,1.01718458242055,1.01718458242055,1.01718458242055,1.01718458242055,1.01718458242055,1.01718458242055,1.01718458242055,1.01718458242055,1.00756568684942,1.01718458242055,1.01718458242055,1.00756568684942,1.00756568684942,1.01718458242055,1.01718458242055,1.01718458242055,0.993200703921246,1.00756568684942,1.01718458242055,1.01718458242055,1.01718458242055,1.00756568684942,1.01718458242055,1.03763980474556,1.01718458242055,1.00756568684942,1.00756568684942,1.02479713848329,1.01718458242055,1.01718458242055,0.839005988515616,1.00756568684942,1.01718458242055,1.01718458242055,1.01718458242055,1.01718458242055,1.00756568684942,1.01718458242055,1.01718458242055,1.02479713848329,1.01718458242055,1.01718458242055,1.00756568684942,1.02479713848329,1.01718458242055,0.983670107599374,1.03763980474556,1.01718458242055,1.01718458242055,1.00756568684942,1.01718458242055,1.01718458242055,1.01718458242055,1.01718458242055,1.01718458242055,1.00756568684942
"48",1.01718458242055,1.00756568684942,1.01718458242055,1.00858516004607,1.01718458242055,0.973570077580257,1.01718458242055,1.01718458242055,1.00756568684942,0.953083871398755,1.00756568684942,1.01718458242055,1.00756568684942,1.01718458242055,1.02479713848329,0.830087712859111,1.01718458242055,0.983670107599374,0.983670107599374,1.01718458242055,1.00756568684942,1.00756568684942,1.00756568684942,1.01718458242055,1.00756568684942,1.01718458242055,1.01718458242055,1.01718458242055,0.950959527698512,1.00756568684942,1.01718458242055,1.01718458242055,1.01718458242055,1.01718458242055,0.940302116119769,0.971439401630551,1.01718458242055,1.00756568684942,1.01718458242055,0.953083871398755,1.01718458242055,1.03763980474556,1.01718458242055,1.03763980474556,1.01718458242055,1.01718458242055,1.01718458242055,1.01718458242055,1.01718458242055,1.01718458242055,1.01718458242055,1.01718458242055,1.00756568684942,1.01718458242055,1.01718458242055,1.01718458242055,1.00756568684942,1.01718458242055,1.01718458242055,1.01718458242055,0.993200703921246,1.00756568684942,1.01718458242055,1.01718458242055,1.01718458242055,1.00756568684942,1.01718458242055,1.03763980474556,1.01718458242055,1.00756568684942,1.00756568684942,1.02479713848329,1.01718458242055,1.01718458242055,0.839005988515616,1.00756568684942,1.01718458242055,1.01718458242055,1.01718458242055,1.01718458242055,1.00756568684942,1.01718458242055,1.01718458242055,1.02479713848329,1.01718458242055,1.01718458242055,1.00756568684942,1.02479713848329,1.01718458242055,0.983670107599374,1.03763980474556,1.01718458242055,1.01718458242055,1.00756568684942,1.01718458242055,1.01718458242055,1.01718458242055,1.01718458242055,1.01718458242055,1.00756568684942
"49",1.01718458242055,1.00756568684942,1.01718458242055,1.00858516004607,1.01718458242055,0.973570077580257,1.01718458242055,1.01718458242055,1.00756568684942,0.953083871398755,1.00756568684942,1.01718458242055,1.00756568684942,1.01718458242055,1.02479713848329,0.830087712859111,1.01718458242055,0.983670107599374,0.983670107599374,1.01718458242055,1.00756568684942,1.00756568684942,1.00756568684942,1.01718458242055,1.00756568684942,1.01718458242055,1.01718458242055,1.01718458242055,0.950959527698512,1.00756568684942,1.01718458242055,1.01718458242055,1.01718458242055,1.01718458242055,0.940302116119769,0.971439401630551,1.01718458242055,1.00756568684942,1.01718458242055,0.953083871398755,1.01718458242055,1.03763980474556,1.01718458242055,1.03763980474556,1.01718458242055,1.01718458242055,1.01718458242055,1.01718458242055,1.01718458242055,1.01718458242055,1.01718458242055,1.01718458242055,1.00756568684942,1.01718458242055,1.01718458242055,1.01718458242055,1.01718458242055,1.01718458242055,1.01718458242055,1.01718458242055,0.993200703921246,1.00756568684942,1.01718458242055,1.01718458242055,1.01718458242055,1.00756568684942,1.01718458242055,1.03763980474556,1.01718458242055,1.00756568684942,1.00756568684942,1.02479713848329,1.01718458242055,1.01718458242055,0.839005988515616,1.00756568684942,1.01718458242055,1.01718458242055,1.01718458242055,1.01718458242055,1.00756568684942,1.01718458242055,1.01718458242055,1.02479713848329,1.01718458242055,1.01718458242055,1.01718458242055,1.02479713848329,1.01718458242055,0.983670107599374,1.03763980474556,1.01718458242055,1.01718458242055,1.00756568684942,1.01718458242055,1.01718458242055,1.01718458242055,1.01718458242055,1.01718458242055,1.00756568684942
"50",1.01718458242055,1.00756568684942,1.01718458242055,1.00858516004607,1.01718458242055,0.973570077580257,1.01718458242055,1.01718458242055,1.00756568684942,0.953083871398755,1.00756568684942,1.01718458242055,1.00756568684942,1.01718458242055,1.02479713848329,0.830087712859111,1.01718458242055,0.983670107599374,0.983670107599374,1.01718458242055,1.00756568684942,1.01718458242055,1.00756568684942,1.01718458242055,1.00756568684942,1.01718458242055,1.01718458242055,1.01718458242055,0.950959527698512,1.00756568684942,1.01718458242055,1.01718458242055,1.01718458242055,1.01718458242055,0.940302116119769,0.971439401630551,1.01718458242055,1.00756568684942,1.01718458242055,0.953083871398755,1.01718458242055,1.03763980474556,1.01718458242055,1.03763980474556,1.01718458242055,1.01718458242055,1.01718458242055,1.01718458242055,1.01718458242055,1.01718458242055,1.01718458242055,1.01718458242055,1.00756568684942,1.01718458242055,1.01718458242055,1.01718458242055,1.01718458242055,1.01718458242055,1.01718458242055,1.01718458242055,0.985500840309419,1.00756568684942,1.01718458242055,1.01718458242055,1.01718458242055,1.00756568684942,1.01718458242055,1.03763980474556,1.01718458242055,1.00756568684942,1.00756568684942,1.02479713848329,1.01718458242055,1.01718458242055,0.839005988515616,1.00756568684942,1.01718458242055,1.01718458242055,1.01718458242055,1.01718458242055,1.00756568684942,1.01718458242055,1.01718458242055,1.02479713848329,1.01718458242055,1.01718458242055,1.01718458242055,1.02479713848329,1.01718458242055,0.983670107599374,1.03763980474556,1.01718458242055,1.01718458242055,1.00756568684942,1.01718458242055,1.01718458242055,1.01718458242055,1.01718458242055,1.01718458242055,1.00756568684942
"51",1.01718458242055,1.01718458242055,1.01718458242055,1.00858516004607,1.01718458242055,0.973570077580257,1.01718458242055,1.01718458242055,1.00756568684942,0.953083871398755,1.00756568684942,1.01718458242055,1.01718458242055,1.01718458242055,1.02479713848329,0.830087712859111,1.01718458242055,0.983670107599374,0.983670107599374,1.01718458242055,1.01718458242055,1.01718458242055,1.00756568684942,1.01718458242055,1.00756568684942,1.01718458242055,1.01718458242055,1.01718458242055,0.950959527698512,1.00756568684942,1.01718458242055,1.01718458242055,1.01718458242055,1.01718458242055,0.940302116119769,0.971439401630551,1.01718458242055,1.00756568684942,1.01718458242055,0.953083871398755,1.01718458242055,1.03763980474556,1.01718458242055,1.03763980474556,1.01718458242055,1.01718458242055,1.01718458242055,1.01718458242055,1.01718458242055,1.01718458242055,1.01718458242055,1.01718458242055,1.00756568684942,1.01718458242055,1.01718458242055,1.01718458242055,1.01718458242055,1.01718458242055,1.01718458242055,1.01718458242055,0.997223213233714,1.00756568684942,1.01718458242055,1.01718458242055,1.01718458242055,1.00756568684942,1.01718458242055,1.03763980474556,1.01718458242055,1.00756568684942,1.00756568684942,1.02479713848329,1.01718458242055,1.01718458242055,0.839005988515616,1.00756568684942,1.01718458242055,1.01718458242055,1.01718458242055,1.01718458242055,1.00756568684942,1.01718458242055,1.01718458242055,1.02479713848329,1.01718458242055,1.01718458242055,1.01718458242055,1.02479713848329,1.01718458242055,0.983670107599374,1.03763980474556,1.01718458242055,1.01718458242055,1.00756568684942,1.01718458242055,1.01718458242055,1.01718458242055,1.01718458242055,1.01718458242055,1.00756568684942
"52",1.01718458242055,1.01718458242055,1.01718458242055,1.00858516004607,1.01718458242055,0.973570077580257,1.01718458242055,1.01718458242055,1.00756568684942,0.953083871398755,1.00756568684942,1.01718458242055,1.01718458242055,1.01718458242055,1.02479713848329,0.830087712859111,1.01718458242055,0.983670107599374,0.983670107599374,1.01718458242055,1.01718458242055,1.01718458242055,1.00756568684942,1.01718458242055,1.00756568684942,1.01718458242055,1.01718458242055,1.01718458242055,0.950959527698512,1.00756568684942,1.01718458242055,1.01718458242055,1.01718458242055,1.01718458242055,0.940302116119769,0.971439401630551,1.01718458242055,1.00756568684942,1.01718458242055,0.953083871398755,1.01718458242055,1.03763980474556,1.01718458242055,1.03763980474556,1.01718458242055,1.01718458242055,1.01718458242055,1.01718458242055,1.01718458242055,1.01718458242055,1.01718458242055,1.01718458242055,1.00756568684942,1.01718458242055,1.01718458242055,1.01718458242055,1.01718458242055,1.01718458242055,1.01718458242055,1.01718458242055,1.00439999022877,1.00756568684942,1.01718458242055,1.01718458242055,1.01718458242055,1.00756568684942,1.01718458242055,1.03763980474556,1.01718458242055,1.00756568684942,1.01718458242055,1.02479713848329,1.01718458242055,1.01718458242055,0.839005988515616,1.00756568684942,1.01718458242055,1.01718458242055,1.01718458242055,1.01718458242055,1.00756568684942,1.01718458242055,1.01718458242055,1.02479713848329,1.01718458242055,1.01718458242055,1.01718458242055,1.02479713848329,1.01718458242055,0.983670107599374,1.03763980474556,1.01718458242055,1.01718458242055,1.00756568684942,1.01718458242055,1.01718458242055,1.01718458242055,1.01718458242055,1.01718458242055,1.00756568684942
"53",1.01718458242055,1.01718458242055,1.01718458242055,1.00858516004607,1.01718458242055,0.973570077580257,1.01718458242055,1.01718458242055,1.00756568684942,0.953083871398755,1.00756568684942,1.01718458242055,1.01718458242055,1.01718458242055,1.02479713848329,0.830087712859111,1.01718458242055,0.983670107599374,0.983670107599374,1.01718458242055,1.01718458242055,1.01718458242055,1.00756568684942,1.01718458242055,1.00756568684942,1.01718458242055,1.01718458242055,1.01718458242055,0.950959527698512,1.00756568684942,1.01718458242055,1.01718458242055,1.01718458242055,1.01718458242055,0.940302116119769,0.971439401630551,1.01718458242055,1.00756568684942,1.01718458242055,0.953083871398755,1.01718458242055,1.03763980474556,1.01718458242055,1.03763980474556,1.01718458242055,1.01718458242055,1.01718458242055,1.01718458242055,1.01718458242055,1.01718458242055,1.01718458242055,1.01718458242055,1.00756568684942,1.01718458242055,1.01718458242055,1.01718458242055,1.01718458242055,1.01718458242055,1.01718458242055,1.01718458242055,1.00756568684942,1.00756568684942,1.01718458242055,1.01718458242055,1.01718458242055,1.00756568684942,1.01718458242055,1.03763980474556,1.01718458242055,1.00756568684942,1.01718458242055,1.02479713848329,1.01718458242055,1.01718458242055,0.839005988515616,1.00756568684942,1.01718458242055,1.01718458242055,1.01718458242055,1.01718458242055,1.00756568684942,1.01718458242055,1.01718458242055,1.02479713848329,1.01718458242055,1.01718458242055,1.01718458242055,1.02479713848329,1.01718458242055,0.983670107599374,1.03763980474556,1.01718458242055,1.01718458242055,1.00756568684942,1.01718458242055,1.01718458242055,1.01718458242055,1.01718458242055,1.01718458242055,1.00756568684942
"54",1.01718458242055,1.01718458242055,1.01718458242055,1.00858516004607,1.01718458242055,0.973570077580257,1.01718458242055,1.01718458242055,1.00756568684942,0.953083871398755,1.00756568684942,1.01718458242055,1.01718458242055,1.01718458242055,1.02479713848329,0.830087712859111,1.01718458242055,0.983670107599374,0.983670107599374,1.01718458242055,1.01718458242055,1.01718458242055,1.00756568684942,1.01718458242055,1.00756568684942,1.01718458242055,1.01718458242055,1.01718458242055,0.950959527698512,1.01718458242055,1.01718458242055,1.01718458242055,1.01718458242055,1.01718458242055,0.940302116119769,0.971439401630551,1.01718458242055,1.00756568684942,1.01718458242055,0.953083871398755,1.01718458242055,1.03763980474556,1.01718458242055,1.03763980474556,1.01718458242055,1.01718458242055,1.01718458242055,1.01718458242055,1.01718458242055,1.01718458242055,1.01718458242055,1.01718458242055,1.00756568684942,1.01718458242055,1.01718458242055,1.01718458242055,1.01718458242055,1.01718458242055,1.01718458242055,1.01718458242055,1.00756568684942,1.00756568684942,1.01718458242055,1.01718458242055,1.01718458242055,1.00756568684942,1.01718458242055,1.03763980474556,1.01718458242055,1.00756568684942,1.01718458242055,1.02479713848329,1.01718458242055,1.01718458242055,0.839005988515616,1.00756568684942,1.01718458242055,1.01718458242055,1.01718458242055,1.01718458242055,1.00756568684942,1.01718458242055,1.01718458242055,1.02479713848329,1.01718458242055,1.01718458242055,1.01718458242055,1.02479713848329,1.01718458242055,0.983670107599374,1.03763980474556,1.01718458242055,1.01718458242055,1.00756568684942,1.01718458242055,1.01718458242055,1.01718458242055,1.01718458242055,1.01718458242055,1.00756568684942
"55",1.01718458242055,1.01718458242055,1.01718458242055,1.00858516004607,1.01718458242055,0.973570077580257,1.01718458242055,1.01718458242055,1.00756568684942,0.953083871398755,1.00756568684942,1.01718458242055,1.01718458242055,1.01718458242055,1.02479713848329,0.830087712859111,1.01718458242055,0.983670107599374,0.983670107599374,1.01718458242055,1.01718458242055,1.01718458242055,1.00756568684942,1.01718458242055,1.01718458242055,1.01718458242055,1.01718458242055,1.01718458242055,0.950959527698512,1.01718458242055,1.01718458242055,1.01718458242055,1.01718458242055,1.01718458242055,0.940302116119769,0.971439401630551,1.01718458242055,1.00756568684942,1.01718458242055,0.953083871398755,1.01718458242055,1.03763980474556,1.01718458242055,1.03763980474556,1.01718458242055,1.01718458242055,1.01718458242055,1.01718458242055,1.01718458242055,1.01718458242055,1.01718458242055,1.01718458242055,1.00756568684942,1.01718458242055,1.01718458242055,1.01718458242055,1.01718458242055,1.01718458242055,1.01718458242055,1.01718458242055,1.00756568684942,1.00756568684942,1.01718458242055,1.01718458242055,1.01718458242055,1.00756568684942,1.01718458242055,1.03763980474556,1.01718458242055,1.01718458242055,1.01718458242055,1.02479713848329,1.01718458242055,1.01718458242055,0.839005988515616,1.00756568684942,1.01718458242055,1.01718458242055,1.01718458242055,1.01718458242055,1.00756568684942,1.01718458242055,1.01718458242055,1.02479713848329,1.01718458242055,1.01718458242055,1.01718458242055,1.02479713848329,1.01718458242055,0.983670107599374,1.03763980474556,1.01718458242055,1.01718458242055,1.00756568684942,1.01718458242055,1.01718458242055,1.01718458242055,1.01718458242055,1.01718458242055,1.00756568684942
"56",1.01718458242055,1.01718458242055,1.01718458242055,1.00858516004607,1.01718458242055,0.973570077580257,1.01718458242055,1.01718458242055,1.00756568684942,0.953083871398755,1.00756568684942,1.01718458242055,1.01718458242055,1.01718458242055,1.02479713848329,0.830087712859111,1.01718458242055,0.983670107599374,0.983670107599374,1.01718458242055,1.01718458242055,1.01718458242055,1.00756568684942,1.01718458242055,1.01718458242055,1.01718458242055,1.01718458242055,1.01718458242055,0.950959527698512,1.01718458242055,1.01718458242055,1.01718458242055,1.01718458242055,1.01718458242055,0.940302116119769,0.971439401630551,1.01718458242055,1.00756568684942,1.01718458242055,0.953083871398755,1.01718458242055,1.03763980474556,1.01718458242055,1.03763980474556,1.01718458242055,1.01718458242055,1.01718458242055,1.01718458242055,1.01718458242055,1.01718458242055,1.01718458242055,1.01718458242055,1.00756568684942,1.01718458242055,1.01718458242055,1.01718458242055,1.01718458242055,1.01718458242055,1.01718458242055,1.01718458242055,1.00756568684942,1.00756568684942,1.01718458242055,1.01718458242055,1.01718458242055,1.00756568684942,1.01718458242055,1.03763980474556,1.01718458242055,1.01718458242055,1.01718458242055,1.02479713848329,1.01718458242055,1.01718458242055,0.839005988515616,1.00756568684942,1.01718458242055,1.01718458242055,1.01718458242055,1.01718458242055,1.00756568684942,1.01718458242055,1.01718458242055,1.02479713848329,1.01718458242055,1.01718458242055,1.01718458242055,1.02479713848329,1.01718458242055,0.983670107599374,1.03763980474556,1.01718458242055,1.01718458242055,1.00756568684942,1.01718458242055,1.01718458242055,1.01718458242055,1.01718458242055,1.01718458242055,1.00756568684942
"57",1.01718458242055,1.01718458242055,1.01718458242055,1.00858516004607,1.01718458242055,0.973570077580257,1.01718458242055,1.01718458242055,1.00756568684942,0.953083871398755,1.00756568684942,1.01718458242055,1.01718458242055,1.01718458242055,1.02479713848329,0.830087712859111,1.01718458242055,0.983670107599374,0.983670107599374,1.01718458242055,1.01718458242055,1.01718458242055,1.00756568684942,1.01718458242055,1.01718458242055,1.01718458242055,1.01718458242055,1.01718458242055,0.950959527698512,1.01718458242055,1.01718458242055,1.01718458242055,1.01718458242055,1.01718458242055,0.940302116119769,0.971439401630551,1.01718458242055,1.00756568684942,1.01718458242055,0.953083871398755,1.01718458242055,1.03763980474556,1.01718458242055,1.03763980474556,1.01718458242055,1.01718458242055,1.01718458242055,1.01718458242055,1.01718458242055,1.01718458242055,1.01718458242055,1.01718458242055,1.00756568684942,1.01718458242055,1.01718458242055,1.01718458242055,1.01718458242055,1.01718458242055,1.01718458242055,1.01718458242055,1.00756568684942,1.00756568684942,1.01718458242055,1.01718458242055,1.01718458242055,1.00756568684942,1.01718458242055,1.03763980474556,1.01718458242055,1.01718458242055,1.01718458242055,1.02479713848329,1.01718458242055,1.01718458242055,0.839005988515616,1.00756568684942,1.01718458242055,1.01718458242055,1.01718458242055,1.01718458242055,1.00756568684942,1.01718458242055,1.01718458242055,1.02479713848329,1.01718458242055,1.01718458242055,1.01718458242055,1.02479713848329,1.01718458242055,0.983670107599374,1.03763980474556,1.01718458242055,1.01718458242055,1.00756568684942,1.01718458242055,1.01718458242055,1.01718458242055,1.01718458242055,1.01718458242055,1.00756568684942
"58",1.01718458242055,1.01718458242055,1.01718458242055,1.00858516004607,1.01718458242055,0.973570077580257,1.01718458242055,1.01718458242055,1.00756568684942,0.953083871398755,1.00756568684942,1.01718458242055,1.01718458242055,1.01718458242055,1.02479713848329,0.830087712859111,1.01718458242055,0.983670107599374,0.983670107599374,1.01718458242055,1.01718458242055,1.01718458242055,1.00756568684942,1.01718458242055,1.01718458242055,1.01718458242055,1.01718458242055,1.01718458242055,0.950959527698512,1.01718458242055,1.01718458242055,1.01718458242055,1.01718458242055,1.01718458242055,0.940302116119769,0.971439401630551,1.01718458242055,1.00756568684942,1.01718458242055,0.953083871398755,1.01718458242055,1.03763980474556,1.01718458242055,1.03763980474556,1.01718458242055,1.01718458242055,1.01718458242055,1.01718458242055,1.01718458242055,1.01718458242055,1.01718458242055,1.01718458242055,1.01718458242055,1.01718458242055,1.01718458242055,1.01718458242055,1.01718458242055,1.01718458242055,1.01718458242055,1.01718458242055,1.00756568684942,1.00756568684942,1.01718458242055,1.01718458242055,1.01718458242055,1.00756568684942,1.01718458242055,1.03763980474556,1.01718458242055,1.01718458242055,1.01718458242055,1.02479713848329,1.01718458242055,1.01718458242055,0.839005988515616,1.00756568684942,1.01718458242055,1.01718458242055,1.01718458242055,1.01718458242055,1.00756568684942,1.01718458242055,1.01718458242055,1.02479713848329,1.01718458242055,1.01718458242055,1.01718458242055,1.02479713848329,1.01718458242055,0.983670107599374,1.03763980474556,1.01718458242055,1.01718458242055,1.00756568684942,1.01718458242055,1.01718458242055,1.01718458242055,1.01718458242055,1.01718458242055,1.00756568684942
"59",1.01718458242055,1.01718458242055,1.01718458242055,1.00858516004607,1.01718458242055,0.973570077580257,1.01718458242055,1.01718458242055,1.00756568684942,0.953083871398755,1.00756568684942,1.01718458242055,1.01718458242055,1.01718458242055,1.02479713848329,0.830087712859111,1.01718458242055,0.983670107599374,0.983670107599374,1.01718458242055,1.01718458242055,1.01718458242055,1.00756568684942,1.01718458242055,1.01718458242055,1.01718458242055,1.01718458242055,1.01718458242055,0.950959527698512,1.01718458242055,1.01718458242055,1.01718458242055,1.01718458242055,1.01718458242055,0.940302116119769,0.971439401630551,1.01718458242055,1.00756568684942,1.01718458242055,0.953083871398755,1.01718458242055,1.03763980474556,1.01718458242055,1.03763980474556,1.01718458242055,1.01718458242055,1.01718458242055,1.01718458242055,1.01718458242055,1.01718458242055,1.01718458242055,1.01718458242055,1.01718458242055,1.01718458242055,1.01718458242055,1.01718458242055,1.01718458242055,1.01718458242055,1.01718458242055,1.01718458242055,1.00756568684942,1.00756568684942,1.01718458242055,1.01718458242055,1.01718458242055,1.01718458242055,1.01718458242055,1.03763980474556,1.01718458242055,1.01718458242055,1.01718458242055,1.02479713848329,1.01718458242055,1.01718458242055,0.839005988515616,1.00756568684942,1.01718458242055,1.01718458242055,1.01718458242055,1.01718458242055,1.00756568684942,1.01718458242055,1.01718458242055,1.02479713848329,1.01718458242055,1.01718458242055,1.01718458242055,1.02479713848329,1.01718458242055,0.983670107599374,1.03763980474556,1.01718458242055,1.01718458242055,1.00756568684942,1.01718458242055,1.01718458242055,1.01718458242055,1.01718458242055,1.01718458242055,1.00756568684942
"60",1.01718458242055,1.01718458242055,1.01718458242055,1.00858516004607,1.01718458242055,0.973570077580257,1.01718458242055,1.01718458242055,1.00756568684942,0.953083871398755,1.00756568684942,1.01718458242055,1.01718458242055,1.01718458242055,1.02479713848329,0.830087712859111,1.01718458242055,0.983670107599374,0.983670107599374,1.01718458242055,1.01718458242055,1.01718458242055,1.00756568684942,1.01718458242055,1.01718458242055,1.01718458242055,1.01718458242055,1.01718458242055,0.950959527698512,1.01718458242055,1.01718458242055,1.01718458242055,1.01718458242055,1.01718458242055,0.940302116119769,0.971439401630551,1.01718458242055,1.00756568684942,1.01718458242055,0.953083871398755,1.01718458242055,1.03763980474556,1.01718458242055,1.03763980474556,1.01718458242055,1.01718458242055,1.01718458242055,1.01718458242055,1.01718458242055,1.01718458242055,1.01718458242055,1.01718458242055,1.01718458242055,1.01718458242055,1.01718458242055,1.01718458242055,1.01718458242055,1.01718458242055,1.01718458242055,1.01718458242055,1.01718458242055,1.00756568684942,1.01718458242055,1.01718458242055,1.01718458242055,1.01718458242055,1.01718458242055,1.03763980474556,1.01718458242055,1.01718458242055,1.01718458242055,1.02479713848329,1.01718458242055,1.01718458242055,0.839005988515616,1.00756568684942,1.01718458242055,1.01718458242055,1.01718458242055,1.01718458242055,1.00756568684942,1.01718458242055,1.01718458242055,1.02479713848329,1.01718458242055,1.01718458242055,1.01718458242055,1.02479713848329,1.01718458242055,0.983670107599374,1.03763980474556,1.01718458242055,1.01718458242055,1.00756568684942,1.01718458242055,1.01718458242055,1.01718458242055,1.01718458242055,1.01718458242055,1.00756568684942
"61",1.01718458242055,1.01718458242055,1.01718458242055,1.00858516004607,1.01718458242055,0.973570077580257,1.01718458242055,1.01718458242055,1.00756568684942,0.953083871398755,1.00756568684942,1.01718458242055,1.01718458242055,1.01718458242055,1.02479713848329,0.830087712859111,1.01718458242055,0.983670107599374,0.983670107599374,1.01718458242055,1.01718458242055,1.01718458242055,1.01718458242055,1.01718458242055,1.01718458242055,1.01718458242055,1.01718458242055,1.01718458242055,0.950959527698512,1.01718458242055,1.01718458242055,1.01718458242055,1.01718458242055,1.01718458242055,0.940302116119769,0.971439401630551,1.01718458242055,1.00756568684942,1.01718458242055,0.953083871398755,1.01718458242055,1.03763980474556,1.01718458242055,1.03763980474556,1.01718458242055,1.01718458242055,1.01718458242055,1.01718458242055,1.01718458242055,1.01718458242055,1.01718458242055,1.01718458242055,1.01718458242055,1.01718458242055,1.01718458242055,1.01718458242055,1.01718458242055,1.01718458242055,1.01718458242055,1.01718458242055,1.01718458242055,1.00756568684942,1.01718458242055,1.01718458242055,1.01718458242055,1.01718458242055,1.01718458242055,1.03763980474556,1.01718458242055,1.01718458242055,1.01718458242055,1.02479713848329,1.01718458242055,1.01718458242055,0.839005988515616,1.00756568684942,1.01718458242055,1.01718458242055,1.01718458242055,1.01718458242055,1.00756568684942,1.01718458242055,1.01718458242055,1.02479713848329,1.01718458242055,1.01718458242055,1.01718458242055,1.02479713848329,1.01718458242055,0.983670107599374,1.03763980474556,1.01718458242055,1.01718458242055,1.00756568684942,1.01718458242055,1.01718458242055,1.01718458242055,1.01718458242055,1.01718458242055,1.00756568684942
"62",1.01718458242055,1.01718458242055,1.01718458242055,1.00858516004607,1.01718458242055,0.973570077580257,1.01718458242055,1.01718458242055,1.00756568684942,0.953083871398755,1.00756568684942,1.01718458242055,1.01718458242055,1.01718458242055,1.02479713848329,0.830087712859111,1.01718458242055,0.983670107599374,0.983670107599374,1.01718458242055,1.01718458242055,1.01718458242055,1.01718458242055,1.01718458242055,1.01718458242055,1.01718458242055,1.01718458242055,1.01718458242055,0.950959527698512,1.01718458242055,1.01718458242055,1.01718458242055,1.01718458242055,1.01718458242055,0.940302116119769,0.971439401630551,1.01718458242055,1.00756568684942,1.01718458242055,0.953083871398755,1.01718458242055,1.03763980474556,1.01718458242055,1.03763980474556,1.01718458242055,1.01718458242055,1.01718458242055,1.01718458242055,1.01718458242055,1.01718458242055,1.01718458242055,1.01718458242055,1.01718458242055,1.01718458242055,1.01718458242055,1.01718458242055,1.01718458242055,1.01718458242055,1.01718458242055,1.01718458242055,1.01718458242055,1.00756568684942,1.01718458242055,1.01718458242055,1.01718458242055,1.01718458242055,1.01718458242055,1.03763980474556,1.01718458242055,1.01718458242055,1.01718458242055,1.02479713848329,1.01718458242055,1.01718458242055,0.839005988515616,1.00756568684942,1.01718458242055,1.01718458242055,1.01718458242055,1.01718458242055,1.00756568684942,1.01718458242055,1.01718458242055,1.02479713848329,1.01718458242055,1.01718458242055,1.01718458242055,1.02479713848329,1.01718458242055,0.983670107599374,1.03763980474556,1.01718458242055,1.01718458242055,1.00756568684942,1.01718458242055,1.01718458242055,1.01718458242055,1.01718458242055,1.01718458242055,1.00756568684942
"63",1.01718458242055,1.01718458242055,1.01718458242055,1.00858516004607,1.01718458242055,0.973570077580257,1.01718458242055,1.01718458242055,1.00756568684942,0.953083871398755,1.00756568684942,1.01718458242055,1.01718458242055,1.01718458242055,1.02479713848329,0.830087712859111,1.01718458242055,0.983670107599374,0.983670107599374,1.01718458242055,1.01718458242055,1.01718458242055,1.01718458242055,1.01718458242055,1.01718458242055,1.01718458242055,1.01718458242055,1.01718458242055,0.950959527698512,1.01718458242055,1.01718458242055,1.01718458242055,1.01718458242055,1.01718458242055,0.940302116119769,0.971439401630551,1.01718458242055,1.00756568684942,1.01718458242055,0.953083871398755,1.01718458242055,1.03763980474556,1.01718458242055,1.03763980474556,1.01718458242055,1.01718458242055,1.01718458242055,1.01718458242055,1.01718458242055,1.01718458242055,1.01718458242055,1.01718458242055,1.01718458242055,1.01718458242055,1.01718458242055,1.01718458242055,1.01718458242055,1.01718458242055,1.01718458242055,1.01718458242055,1.01718458242055,1.00756568684942,1.01718458242055,1.01718458242055,1.01718458242055,1.01718458242055,1.01718458242055,1.03763980474556,1.01718458242055,1.01718458242055,1.01718458242055,1.02479713848329,1.01718458242055,1.01718458242055,0.839005988515616,1.00756568684942,1.01718458242055,1.01718458242055,1.01718458242055,1.01718458242055,1.00756568684942,1.01718458242055,1.01718458242055,1.02479713848329,1.01718458242055,1.01718458242055,1.01718458242055,1.02479713848329,1.01718458242055,0.983670107599374,1.03763980474556,1.01718458242055,1.01718458242055,1.00756568684942,1.01718458242055,1.01718458242055,1.01718458242055,1.01718458242055,1.01718458242055,1.00756568684942
"64",1.01718458242055,1.01718458242055,1.01718458242055,1.00858516004607,1.01718458242055,0.973570077580257,1.01718458242055,1.01718458242055,1.00756568684942,0.953083871398755,1.00756568684942,1.01718458242055,1.01718458242055,1.01718458242055,1.02479713848329,0.830087712859111,1.01718458242055,0.983670107599374,0.983670107599374,1.01718458242055,1.01718458242055,1.01718458242055,1.01718458242055,1.01718458242055,1.01718458242055,1.01718458242055,1.01718458242055,1.01718458242055,0.950959527698512,1.01718458242055,1.01718458242055,1.01718458242055,1.01718458242055,1.01718458242055,0.940302116119769,0.971439401630551,1.01718458242055,1.00756568684942,1.01718458242055,0.953083871398755,1.01718458242055,1.03763980474556,1.01718458242055,1.03763980474556,1.01718458242055,1.01718458242055,1.01718458242055,1.01718458242055,1.01718458242055,1.01718458242055,1.01718458242055,1.01718458242055,1.01718458242055,1.01718458242055,1.01718458242055,1.01718458242055,1.01718458242055,1.01718458242055,1.01718458242055,1.01718458242055,1.01718458242055,1.00756568684942,1.01718458242055,1.01718458242055,1.01718458242055,1.01718458242055,1.01718458242055,1.03763980474556,1.01718458242055,1.01718458242055,1.01718458242055,1.02479713848329,1.01718458242055,1.01718458242055,0.839005988515616,1.00756568684942,1.01718458242055,1.01718458242055,1.01718458242055,1.01718458242055,1.00756568684942,1.01718458242055,1.01718458242055,1.02479713848329,1.01718458242055,1.01718458242055,1.01718458242055,1.02479713848329,1.01718458242055,0.983670107599374,1.03763980474556,1.01718458242055,1.01718458242055,1.00756568684942,1.01718458242055,1.01718458242055,1.01718458242055,1.01718458242055,1.01718458242055,1.00756568684942
"65",1.01718458242055,1.01718458242055,1.01718458242055,1.00858516004607,1.01718458242055,0.973570077580257,1.01718458242055,1.01718458242055,1.00756568684942,0.953083871398755,1.00756568684942,1.01718458242055,1.01718458242055,1.01718458242055,1.02479713848329,0.830087712859111,1.01718458242055,0.983670107599374,0.983670107599374,1.01718458242055,1.01718458242055,1.01718458242055,1.01718458242055,1.01718458242055,1.01718458242055,1.01718458242055,1.01718458242055,1.01718458242055,0.950959527698512,1.01718458242055,1.01718458242055,1.01718458242055,1.01718458242055,1.01718458242055,0.940302116119769,0.971439401630551,1.01718458242055,1.00756568684942,1.01718458242055,0.953083871398755,1.01718458242055,1.03763980474556,1.01718458242055,1.03763980474556,1.01718458242055,1.01718458242055,1.01718458242055,1.01718458242055,1.01718458242055,1.01718458242055,1.01718458242055,1.01718458242055,1.01718458242055,1.01718458242055,1.01718458242055,1.01718458242055,1.01718458242055,1.01718458242055,1.01718458242055,1.01718458242055,1.01718458242055,1.00756568684942,1.01718458242055,1.01718458242055,1.01718458242055,1.01718458242055,1.01718458242055,1.03763980474556,1.01718458242055,1.01718458242055,1.01718458242055,1.02479713848329,1.01718458242055,1.01718458242055,0.839005988515616,1.00756568684942,1.01718458242055,1.01718458242055,1.01718458242055,1.01718458242055,1.01718458242055,1.01718458242055,1.01718458242055,1.02479713848329,1.01718458242055,1.01718458242055,1.01718458242055,1.02479713848329,1.01718458242055,0.983670107599374,1.03763980474556,1.01718458242055,1.01718458242055,1.00756568684942,1.01718458242055,1.01718458242055,1.01718458242055,1.01718458242055,1.01718458242055,1.00756568684942
"66",1.01718458242055,1.01718458242055,1.01718458242055,1.00858516004607,1.01718458242055,0.973570077580257,1.01718458242055,1.01718458242055,1.00756568684942,0.953083871398755,1.00756568684942,1.01718458242055,1.01718458242055,1.01718458242055,1.02479713848329,0.830087712859111,1.01718458242055,0.983670107599374,0.983670107599374,1.01718458242055,1.01718458242055,1.01718458242055,1.01718458242055,1.01718458242055,1.01718458242055,1.01718458242055,1.01718458242055,1.01718458242055,0.950959527698512,1.01718458242055,1.01718458242055,1.01718458242055,1.01718458242055,1.01718458242055,0.940302116119769,0.971439401630551,1.01718458242055,1.00756568684942,1.01718458242055,0.953083871398755,1.01718458242055,1.03763980474556,1.01718458242055,1.03763980474556,1.01718458242055,1.01718458242055,1.01718458242055,1.01718458242055,1.01718458242055,1.01718458242055,1.01718458242055,1.01718458242055,1.01718458242055,1.01718458242055,1.01718458242055,1.01718458242055,1.01718458242055,1.01718458242055,1.01718458242055,1.01718458242055,1.01718458242055,1.00756568684942,1.01718458242055,1.01718458242055,1.01718458242055,1.01718458242055,1.01718458242055,1.03763980474556,1.01718458242055,1.01718458242055,1.01718458242055,1.02479713848329,1.01718458242055,1.01718458242055,0.839005988515616,1.00756568684942,1.01718458242055,1.01718458242055,1.01718458242055,1.01718458242055,1.01718458242055,1.01718458242055,1.01718458242055,1.02479713848329,1.01718458242055,1.01718458242055,1.01718458242055,1.02479713848329,1.01718458242055,0.983670107599374,1.03763980474556,1.01718458242055,1.01718458242055,1.00756568684942,1.01718458242055,1.01718458242055,1.01718458242055,1.01718458242055,1.01718458242055,1.00756568684942
"67",1.01718458242055,1.01718458242055,1.01718458242055,1.00858516004607,1.01718458242055,0.973570077580257,1.01718458242055,1.01718458242055,1.00756568684942,0.953083871398755,1.00756568684942,1.01718458242055,1.01718458242055,1.01718458242055,1.02479713848329,0.830087712859111,1.01718458242055,0.983670107599374,0.983670107599374,1.01718458242055,1.01718458242055,1.01718458242055,1.01718458242055,1.01718458242055,1.01718458242055,1.01718458242055,1.01718458242055,1.01718458242055,0.950959527698512,1.01718458242055,1.01718458242055,1.01718458242055,1.01718458242055,1.01718458242055,0.940302116119769,0.971439401630551,1.01718458242055,1.00756568684942,1.01718458242055,0.953083871398755,1.01718458242055,1.03763980474556,1.01718458242055,1.03763980474556,1.01718458242055,1.01718458242055,1.01718458242055,1.01718458242055,1.01718458242055,1.01718458242055,1.01718458242055,1.01718458242055,1.01718458242055,1.01718458242055,1.01718458242055,1.01718458242055,1.01718458242055,1.01718458242055,1.01718458242055,1.01718458242055,1.01718458242055,1.00756568684942,1.01718458242055,1.01718458242055,1.01718458242055,1.01718458242055,1.01718458242055,1.03763980474556,1.01718458242055,1.01718458242055,1.01718458242055,1.02479713848329,1.01718458242055,1.01718458242055,0.839005988515616,1.00756568684942,1.01718458242055,1.01718458242055,1.01718458242055,1.01718458242055,1.01718458242055,1.01718458242055,1.01718458242055,1.02479713848329,1.01718458242055,1.01718458242055,1.01718458242055,1.02479713848329,1.01718458242055,0.983670107599374,1.03763980474556,1.01718458242055,1.01718458242055,1.00756568684942,1.01718458242055,1.01718458242055,1.01718458242055,1.01718458242055,1.01718458242055,1.00756568684942
"68",1.01718458242055,1.01718458242055,1.01718458242055,1.00858516004607,1.01718458242055,0.973570077580257,1.01718458242055,1.01718458242055,1.00756568684942,0.953083871398755,1.00756568684942,1.01718458242055,1.01718458242055,1.01718458242055,1.02479713848329,0.830087712859111,1.01718458242055,0.983670107599374,0.983670107599374,1.01718458242055,1.01718458242055,1.01718458242055,1.01718458242055,1.01718458242055,1.01718458242055,1.01718458242055,1.01718458242055,1.01718458242055,0.950959527698512,1.01718458242055,1.01718458242055,1.01718458242055,1.01718458242055,1.01718458242055,0.940302116119769,0.971439401630551,1.01718458242055,1.00756568684942,1.01718458242055,0.953083871398755,1.01718458242055,1.03763980474556,1.01718458242055,1.03763980474556,1.01718458242055,1.01718458242055,1.01718458242055,1.01718458242055,1.01718458242055,1.01718458242055,1.01718458242055,1.01718458242055,1.01718458242055,1.01718458242055,1.01718458242055,1.01718458242055,1.01718458242055,1.01718458242055,1.01718458242055,1.01718458242055,1.01718458242055,1.00756568684942,1.01718458242055,1.01718458242055,1.01718458242055,1.01718458242055,1.01718458242055,1.03763980474556,1.01718458242055,1.01718458242055,1.01718458242055,1.02479713848329,1.01718458242055,1.01718458242055,0.839005988515616,1.00756568684942,1.01718458242055,1.01718458242055,1.01718458242055,1.01718458242055,1.01718458242055,1.01718458242055,1.01718458242055,1.02479713848329,1.01718458242055,1.01718458242055,1.01718458242055,1.02479713848329,1.01718458242055,0.983670107599374,1.03763980474556,1.01718458242055,1.01718458242055,1.00756568684942,1.01718458242055,1.01718458242055,1.01718458242055,1.01718458242055,1.01718458242055,1.00756568684942
"69",1.01718458242055,1.01718458242055,1.01718458242055,1.00858516004607,1.01718458242055,0.973570077580257,1.01718458242055,1.01718458242055,1.00756568684942,0.953083871398755,1.00756568684942,1.01718458242055,1.01718458242055,1.01718458242055,1.02479713848329,0.830087712859111,1.01718458242055,0.983670107599374,0.983670107599374,1.01718458242055,1.01718458242055,1.01718458242055,1.01718458242055,1.01718458242055,1.01718458242055,1.01718458242055,1.01718458242055,1.01718458242055,0.950959527698512,1.01718458242055,1.01718458242055,1.01718458242055,1.01718458242055,1.01718458242055,0.940302116119769,0.971439401630551,1.01718458242055,1.00756568684942,1.01718458242055,0.953083871398755,1.01718458242055,1.03763980474556,1.01718458242055,1.03763980474556,1.01718458242055,1.01718458242055,1.01718458242055,1.01718458242055,1.01718458242055,1.01718458242055,1.01718458242055,1.01718458242055,1.01718458242055,1.01718458242055,1.01718458242055,1.01718458242055,1.01718458242055,1.01718458242055,1.01718458242055,1.01718458242055,1.01718458242055,1.00756568684942,1.01718458242055,1.01718458242055,1.01718458242055,1.01718458242055,1.01718458242055,1.03763980474556,1.01718458242055,1.01718458242055,1.01718458242055,1.02479713848329,1.01718458242055,1.01718458242055,0.839005988515616,1.00756568684942,1.01718458242055,1.01718458242055,1.01718458242055,1.01718458242055,1.01718458242055,1.01718458242055,1.01718458242055,1.02479713848329,1.01718458242055,1.01718458242055,1.01718458242055,1.02479713848329,1.01718458242055,0.983670107599374,1.03763980474556,1.01718458242055,1.01718458242055,1.00756568684942,1.01718458242055,1.01718458242055,1.01718458242055,1.01718458242055,1.01718458242055,1.00756568684942
"70",1.01718458242055,1.01718458242055,1.01718458242055,1.00858516004607,1.01718458242055,0.973570077580257,1.01718458242055,1.01718458242055,1.00756568684942,0.953083871398755,1.00756568684942,1.01718458242055,1.01718458242055,1.01718458242055,1.02479713848329,0.830087712859111,1.01718458242055,0.983670107599374,0.983670107599374,1.01718458242055,1.01718458242055,1.01718458242055,1.01718458242055,1.01718458242055,1.01718458242055,1.01718458242055,1.01718458242055,1.01718458242055,0.950959527698512,1.01718458242055,1.01718458242055,1.01718458242055,1.01718458242055,1.01718458242055,0.940302116119769,0.971439401630551,1.01718458242055,1.00756568684942,1.01718458242055,0.953083871398755,1.01718458242055,1.03763980474556,1.01718458242055,1.03763980474556,1.01718458242055,1.01718458242055,1.01718458242055,1.01718458242055,1.01718458242055,1.01718458242055,1.01718458242055,1.01718458242055,1.01718458242055,1.01718458242055,1.01718458242055,1.01718458242055,1.01718458242055,1.01718458242055,1.01718458242055,1.01718458242055,1.01718458242055,1.00756568684942,1.01718458242055,1.01718458242055,1.01718458242055,1.01718458242055,1.01718458242055,1.03763980474556,1.01718458242055,1.01718458242055,1.01718458242055,1.02479713848329,1.01718458242055,1.01718458242055,0.839005988515616,1.00756568684942,1.01718458242055,1.01718458242055,1.01718458242055,1.01718458242055,1.01718458242055,1.01718458242055,1.01718458242055,1.02479713848329,1.01718458242055,1.01718458242055,1.01718458242055,1.02479713848329,1.01718458242055,0.983670107599374,1.03763980474556,1.01718458242055,1.01718458242055,1.00756568684942,1.01718458242055,1.01718458242055,1.01718458242055,1.01718458242055,1.01718458242055,1.00756568684942
"71",1.01718458242055,1.01718458242055,1.01718458242055,1.00858516004607,1.01718458242055,0.973570077580257,1.01718458242055,1.01718458242055,1.00756568684942,0.953083871398755,1.00756568684942,1.01718458242055,1.01718458242055,1.01718458242055,1.02479713848329,0.830087712859111,1.01718458242055,0.983670107599374,0.983670107599374,1.01718458242055,1.01718458242055,1.01718458242055,1.01718458242055,1.01718458242055,1.01718458242055,1.01718458242055,1.01718458242055,1.01718458242055,0.950959527698512,1.01718458242055,1.01718458242055,1.01718458242055,1.01718458242055,1.01718458242055,0.940302116119769,0.971439401630551,1.01718458242055,1.00756568684942,1.01718458242055,0.953083871398755,1.01718458242055,1.03763980474556,1.01718458242055,1.03763980474556,1.01718458242055,1.01718458242055,1.01718458242055,1.01718458242055,1.01718458242055,1.01718458242055,1.01718458242055,1.01718458242055,1.01718458242055,1.01718458242055,1.01718458242055,1.01718458242055,1.01718458242055,1.01718458242055,1.01718458242055,1.01718458242055,1.01718458242055,1.00756568684942,1.01718458242055,1.01718458242055,1.01718458242055,1.01718458242055,1.01718458242055,1.03763980474556,1.01718458242055,1.01718458242055,1.01718458242055,1.02479713848329,1.01718458242055,1.01718458242055,0.839005988515616,1.00756568684942,1.01718458242055,1.01718458242055,1.01718458242055,1.01718458242055,1.01718458242055,1.01718458242055,1.01718458242055,1.02479713848329,1.01718458242055,1.01718458242055,1.01718458242055,1.02479713848329,1.01718458242055,0.983670107599374,1.03763980474556,1.01718458242055,1.01718458242055,1.00756568684942,1.01718458242055,1.01718458242055,1.01718458242055,1.01718458242055,1.01718458242055,1.01718458242055
"72",1.01718458242055,1.01718458242055,1.01718458242055,1.00858516004607,1.01718458242055,0.973570077580257,1.01718458242055,1.01718458242055,1.00756568684942,0.953083871398755,1.00756568684942,1.01718458242055,1.01718458242055,1.01718458242055,1.02479713848329,0.830087712859111,1.01718458242055,0.983670107599374,0.983670107599374,1.01718458242055,1.01718458242055,1.01718458242055,1.01718458242055,1.01718458242055,1.01718458242055,1.01718458242055,1.01718458242055,1.01718458242055,0.950959527698512,1.01718458242055,1.01718458242055,1.01718458242055,1.01718458242055,1.01718458242055,0.940302116119769,0.971439401630551,1.01718458242055,1.01718458242055,1.01718458242055,0.953083871398755,1.01718458242055,1.03763980474556,1.01718458242055,1.03763980474556,1.01718458242055,1.01718458242055,1.01718458242055,1.01718458242055,1.01718458242055,1.01718458242055,1.01718458242055,1.01718458242055,1.01718458242055,1.01718458242055,1.01718458242055,1.01718458242055,1.01718458242055,1.01718458242055,1.01718458242055,1.01718458242055,1.01718458242055,1.00756568684942,1.01718458242055,1.01718458242055,1.01718458242055,1.01718458242055,1.01718458242055,1.03763980474556,1.01718458242055,1.01718458242055,1.01718458242055,1.02479713848329,1.01718458242055,1.01718458242055,0.839005988515616,1.00756568684942,1.01718458242055,1.01718458242055,1.01718458242055,1.01718458242055,1.01718458242055,1.01718458242055,1.01718458242055,1.02479713848329,1.01718458242055,1.01718458242055,1.01718458242055,1.02479713848329,1.01718458242055,0.983670107599374,1.03763980474556,1.01718458242055,1.01718458242055,1.01718458242055,1.01718458242055,1.01718458242055,1.01718458242055,1.01718458242055,1.01718458242055,1.01718458242055
"73",1.01718458242055,1.01718458242055,1.01718458242055,1.00858516004607,1.01718458242055,0.973570077580257,1.01718458242055,1.01718458242055,1.00756568684942,0.953083871398755,1.00756568684942,1.01718458242055,1.01718458242055,1.01718458242055,1.02479713848329,0.830087712859111,1.01718458242055,0.983670107599374,0.983670107599374,1.01718458242055,1.01718458242055,1.01718458242055,1.01718458242055,1.01718458242055,1.01718458242055,1.01718458242055,1.01718458242055,1.01718458242055,0.950959527698512,1.01718458242055,1.01718458242055,1.01718458242055,1.01718458242055,1.01718458242055,0.940302116119769,0.971439401630551,1.01718458242055,1.01718458242055,1.01718458242055,0.953083871398755,1.01718458242055,1.03763980474556,1.01718458242055,1.03763980474556,1.01718458242055,1.01718458242055,1.01718458242055,1.01718458242055,1.01718458242055,1.01718458242055,1.01718458242055,1.01718458242055,1.01718458242055,1.01718458242055,1.01718458242055,1.01718458242055,1.01718458242055,1.01718458242055,1.01718458242055,1.01718458242055,1.01718458242055,1.00756568684942,1.01718458242055,1.01718458242055,1.01718458242055,1.01718458242055,1.01718458242055,1.03763980474556,1.01718458242055,1.01718458242055,1.01718458242055,1.02479713848329,1.01718458242055,1.01718458242055,0.839005988515616,1.00756568684942,1.01718458242055,1.01718458242055,1.01718458242055,1.01718458242055,1.01718458242055,1.01718458242055,1.01718458242055,1.02479713848329,1.01718458242055,1.01718458242055,1.01718458242055,1.02479713848329,1.01718458242055,0.983670107599374,1.03763980474556,1.01718458242055,1.01718458242055,1.01718458242055,1.01718458242055,1.01718458242055,1.01718458242055,1.01718458242055,1.01718458242055,1.01718458242055
"74",1.01718458242055,1.01718458242055,1.01718458242055,1.00858516004607,1.01718458242055,0.973570077580257,1.01718458242055,1.01718458242055,1.01718458242055,0.953083871398755,1.00756568684942,1.01718458242055,1.01718458242055,1.01718458242055,1.02479713848329,0.830087712859111,1.01718458242055,0.983670107599374,0.983670107599374,1.01718458242055,1.01718458242055,1.01718458242055,1.01718458242055,1.01718458242055,1.01718458242055,1.01718458242055,1.01718458242055,1.01718458242055,0.950959527698512,1.01718458242055,1.01718458242055,1.01718458242055,1.01718458242055,1.01718458242055,0.940302116119769,0.971439401630551,1.01718458242055,1.01718458242055,1.01718458242055,0.953083871398755,1.01718458242055,1.03763980474556,1.01718458242055,1.03763980474556,1.01718458242055,1.01718458242055,1.01718458242055,1.01718458242055,1.01718458242055,1.01718458242055,1.01718458242055,1.01718458242055,1.01718458242055,1.01718458242055,1.01718458242055,1.01718458242055,1.01718458242055,1.01718458242055,1.01718458242055,1.01718458242055,1.01718458242055,1.00756568684942,1.01718458242055,1.01718458242055,1.01718458242055,1.01718458242055,1.01718458242055,1.03763980474556,1.01718458242055,1.01718458242055,1.01718458242055,1.02479713848329,1.01718458242055,1.01718458242055,0.839005988515616,1.00756568684942,1.01718458242055,1.01718458242055,1.01718458242055,1.01718458242055,1.01718458242055,1.01718458242055,1.01718458242055,1.02479713848329,1.01718458242055,1.01718458242055,1.01718458242055,1.02479713848329,1.01718458242055,0.983670107599374,1.03763980474556,1.01718458242055,1.01718458242055,1.01718458242055,1.01718458242055,1.01718458242055,1.01718458242055,1.01718458242055,1.01718458242055,1.01718458242055
"75",1.01718458242055,1.01718458242055,1.01718458242055,1.00858516004607,1.01718458242055,0.973570077580257,1.01718458242055,1.01718458242055,1.01718458242055,0.953083871398755,1.00756568684942,1.01718458242055,1.01718458242055,1.01718458242055,1.02479713848329,0.830087712859111,1.01718458242055,0.983670107599374,0.983670107599374,1.01718458242055,1.01718458242055,1.01718458242055,1.01718458242055,1.01718458242055,1.01718458242055,1.01718458242055,1.01718458242055,1.01718458242055,0.950959527698512,1.01718458242055,1.01718458242055,1.01718458242055,1.01718458242055,1.01718458242055,0.940302116119769,0.971439401630551,1.01718458242055,1.01718458242055,1.01718458242055,0.953083871398755,1.01718458242055,1.03763980474556,1.01718458242055,1.03763980474556,1.01718458242055,1.01718458242055,1.01718458242055,1.01718458242055,1.01718458242055,1.01718458242055,1.01718458242055,1.01718458242055,1.01718458242055,1.01718458242055,1.01718458242055,1.01718458242055,1.01718458242055,1.01718458242055,1.01718458242055,1.01718458242055,1.01718458242055,1.00756568684942,1.01718458242055,1.01718458242055,1.01718458242055,1.01718458242055,1.01718458242055,1.03763980474556,1.01718458242055,1.01718458242055,1.01718458242055,1.02479713848329,1.01718458242055,1.01718458242055,0.839005988515616,1.00756568684942,1.01718458242055,1.01718458242055,1.01718458242055,1.01718458242055,1.01718458242055,1.01718458242055,1.01718458242055,1.02479713848329,1.01718458242055,1.01718458242055,1.01718458242055,1.02479713848329,1.01718458242055,0.983670107599374,1.03763980474556,1.01718458242055,1.01718458242055,1.01718458242055,1.01718458242055,1.01718458242055,1.01718458242055,1.01718458242055,1.01718458242055,1.01718458242055
"76",1.01718458242055,1.01718458242055,1.01718458242055,1.00858516004607,1.01718458242055,0.973570077580257,1.01718458242055,1.01718458242055,1.01718458242055,0.953083871398755,1.00756568684942,1.01718458242055,1.01718458242055,1.01718458242055,1.02479713848329,0.830087712859111,1.01718458242055,0.983670107599374,0.983670107599374,1.01718458242055,1.01718458242055,1.01718458242055,1.01718458242055,1.01718458242055,1.01718458242055,1.01718458242055,1.01718458242055,1.01718458242055,0.950959527698512,1.01718458242055,1.01718458242055,1.01718458242055,1.01718458242055,1.01718458242055,0.940302116119769,0.971439401630551,1.01718458242055,1.01718458242055,1.01718458242055,0.953083871398755,1.01718458242055,1.03763980474556,1.01718458242055,1.03763980474556,1.01718458242055,1.01718458242055,1.01718458242055,1.01718458242055,1.01718458242055,1.01718458242055,1.01718458242055,1.01718458242055,1.01718458242055,1.01718458242055,1.01718458242055,1.01718458242055,1.01718458242055,1.01718458242055,1.01718458242055,1.01718458242055,1.01718458242055,1.00756568684942,1.01718458242055,1.01718458242055,1.01718458242055,1.01718458242055,1.01718458242055,1.03763980474556,1.01718458242055,1.01718458242055,1.01718458242055,1.02479713848329,1.01718458242055,1.01718458242055,0.839005988515616,1.00756568684942,1.01718458242055,1.01718458242055,1.01718458242055,1.01718458242055,1.01718458242055,1.01718458242055,1.01718458242055,1.02479713848329,1.01718458242055,1.01718458242055,1.01718458242055,1.02479713848329,1.01718458242055,0.983670107599374,1.03763980474556,1.01718458242055,1.01718458242055,1.01718458242055,1.01718458242055,1.01718458242055,1.01718458242055,1.01718458242055,1.01718458242055,1.01718458242055
"77",1.01718458242055,1.01718458242055,1.01718458242055,1.00858516004607,1.01718458242055,0.973570077580257,1.01718458242055,1.01718458242055,1.01718458242055,0.953083871398755,1.00756568684942,1.01718458242055,1.01718458242055,1.01718458242055,1.02479713848329,0.830087712859111,1.01718458242055,0.983670107599374,0.983670107599374,1.01718458242055,1.01718458242055,1.01718458242055,1.01718458242055,1.01718458242055,1.01718458242055,1.01718458242055,1.01718458242055,1.01718458242055,0.950959527698512,1.01718458242055,1.01718458242055,1.01718458242055,1.01718458242055,1.01718458242055,0.940302116119769,0.971439401630551,1.01718458242055,1.01718458242055,1.01718458242055,0.953083871398755,1.01718458242055,1.03763980474556,1.01718458242055,1.03763980474556,1.01718458242055,1.01718458242055,1.01718458242055,1.01718458242055,1.01718458242055,1.01718458242055,1.01718458242055,1.01718458242055,1.01718458242055,1.01718458242055,1.01718458242055,1.01718458242055,1.01718458242055,1.01718458242055,1.01718458242055,1.01718458242055,1.01718458242055,1.00756568684942,1.01718458242055,1.01718458242055,1.01718458242055,1.01718458242055,1.01718458242055,1.03763980474556,1.01718458242055,1.01718458242055,1.01718458242055,1.02479713848329,1.01718458242055,1.01718458242055,0.839005988515616,1.00756568684942,1.01718458242055,1.01718458242055,1.01718458242055,1.01718458242055,1.01718458242055,1.01718458242055,1.01718458242055,1.02479713848329,1.01718458242055,1.01718458242055,1.01718458242055,1.02479713848329,1.01718458242055,0.983670107599374,1.03763980474556,1.01718458242055,1.01718458242055,1.01718458242055,1.01718458242055,1.01718458242055,1.01718458242055,1.01718458242055,1.01718458242055,1.01718458242055
"78",1.01718458242055,1.01718458242055,1.01718458242055,1.00858516004607,1.01718458242055,0.973570077580257,1.01718458242055,1.01718458242055,1.01718458242055,0.953083871398755,1.00756568684942,1.01718458242055,1.01718458242055,1.01718458242055,1.02479713848329,0.830087712859111,1.01718458242055,0.983670107599374,0.983670107599374,1.01718458242055,1.01718458242055,1.01718458242055,1.01718458242055,1.01718458242055,1.01718458242055,1.01718458242055,1.01718458242055,1.01718458242055,0.950959527698512,1.01718458242055,1.01718458242055,1.01718458242055,1.01718458242055,1.01718458242055,0.940302116119769,0.971439401630551,1.01718458242055,1.01718458242055,1.01718458242055,0.953083871398755,1.01718458242055,1.03763980474556,1.01718458242055,1.03763980474556,1.01718458242055,1.01718458242055,1.01718458242055,1.01718458242055,1.01718458242055,1.01718458242055,1.01718458242055,1.01718458242055,1.01718458242055,1.01718458242055,1.01718458242055,1.01718458242055,1.01718458242055,1.01718458242055,1.01718458242055,1.01718458242055,1.01718458242055,1.00756568684942,1.01718458242055,1.01718458242055,1.01718458242055,1.01718458242055,1.01718458242055,1.03763980474556,1.01718458242055,1.01718458242055,1.01718458242055,1.02479713848329,1.01718458242055,1.01718458242055,0.839005988515616,1.00756568684942,1.01718458242055,1.01718458242055,1.01718458242055,1.01718458242055,1.01718458242055,1.01718458242055,1.01718458242055,1.02479713848329,1.01718458242055,1.01718458242055,1.01718458242055,1.02479713848329,1.01718458242055,0.983670107599374,1.03763980474556,1.01718458242055,1.01718458242055,1.01718458242055,1.01718458242055,1.01718458242055,1.01718458242055,1.01718458242055,1.01718458242055,1.01718458242055
"79",1.01718458242055,1.01718458242055,1.01718458242055,1.00858516004607,1.01718458242055,0.973570077580257,1.01718458242055,1.01718458242055,1.01718458242055,0.953083871398755,1.00756568684942,1.01718458242055,1.01718458242055,1.01718458242055,1.02479713848329,0.830087712859111,1.01718458242055,0.983670107599374,0.983670107599374,1.01718458242055,1.01718458242055,1.01718458242055,1.01718458242055,1.01718458242055,1.01718458242055,1.01718458242055,1.01718458242055,1.01718458242055,0.950959527698512,1.01718458242055,1.01718458242055,1.01718458242055,1.01718458242055,1.01718458242055,0.940302116119769,0.971439401630551,1.01718458242055,1.01718458242055,1.01718458242055,0.953083871398755,1.01718458242055,1.03763980474556,1.01718458242055,1.03763980474556,1.01718458242055,1.01718458242055,1.01718458242055,1.01718458242055,1.01718458242055,1.01718458242055,1.01718458242055,1.01718458242055,1.01718458242055,1.01718458242055,1.01718458242055,1.01718458242055,1.01718458242055,1.01718458242055,1.01718458242055,1.01718458242055,1.01718458242055,1.00756568684942,1.01718458242055,1.01718458242055,1.01718458242055,1.01718458242055,1.01718458242055,1.03763980474556,1.01718458242055,1.01718458242055,1.01718458242055,1.02479713848329,1.01718458242055,1.01718458242055,0.839005988515616,1.00756568684942,1.01718458242055,1.01718458242055,1.01718458242055,1.01718458242055,1.01718458242055,1.01718458242055,1.01718458242055,1.02479713848329,1.01718458242055,1.01718458242055,1.01718458242055,1.02479713848329,1.01718458242055,0.983670107599374,1.03763980474556,1.01718458242055,1.01718458242055,1.01718458242055,1.01718458242055,1.01718458242055,1.01718458242055,1.01718458242055,1.01718458242055,1.01718458242055
"80",1.01718458242055,1.01718458242055,1.01718458242055,1.00858516004607,1.01718458242055,0.973570077580257,1.01718458242055,1.01718458242055,1.01718458242055,0.953083871398755,1.00756568684942,1.01718458242055,1.01718458242055,1.01718458242055,1.02479713848329,0.830087712859111,1.01718458242055,0.983670107599374,0.983670107599374,1.01718458242055,1.01718458242055,1.01718458242055,1.01718458242055,1.01718458242055,1.01718458242055,1.01718458242055,1.01718458242055,1.01718458242055,0.950959527698512,1.01718458242055,1.01718458242055,1.01718458242055,1.01718458242055,1.01718458242055,0.940302116119769,0.971439401630551,1.01718458242055,1.01718458242055,1.01718458242055,0.953083871398755,1.01718458242055,1.03763980474556,1.01718458242055,1.03763980474556,1.01718458242055,1.01718458242055,1.01718458242055,1.01718458242055,1.01718458242055,1.01718458242055,1.01718458242055,1.01718458242055,1.01718458242055,1.01718458242055,1.01718458242055,1.01718458242055,1.01718458242055,1.01718458242055,1.01718458242055,1.01718458242055,1.01718458242055,1.00756568684942,1.01718458242055,1.01718458242055,1.01718458242055,1.01718458242055,1.01718458242055,1.03763980474556,1.01718458242055,1.01718458242055,1.01718458242055,1.02479713848329,1.01718458242055,1.01718458242055,0.839005988515616,1.00756568684942,1.01718458242055,1.01718458242055,1.01718458242055,1.01718458242055,1.01718458242055,1.01718458242055,1.01718458242055,1.02479713848329,1.01718458242055,1.01718458242055,1.01718458242055,1.02479713848329,1.01718458242055,0.983670107599374,1.03763980474556,1.01718458242055,1.01718458242055,1.01718458242055,1.01718458242055,1.01718458242055,1.01718458242055,1.01718458242055,1.01718458242055,1.01718458242055
"81",1.01718458242055,1.01718458242055,1.01718458242055,1.00858516004607,1.01718458242055,0.973570077580257,1.01718458242055,1.01718458242055,1.01718458242055,0.953083871398755,1.00756568684942,1.01718458242055,1.01718458242055,1.01718458242055,1.02479713848329,0.830087712859111,1.01718458242055,0.983670107599374,0.983670107599374,1.01718458242055,1.01718458242055,1.01718458242055,1.01718458242055,1.01718458242055,1.01718458242055,1.01718458242055,1.01718458242055,1.01718458242055,0.950959527698512,1.01718458242055,1.01718458242055,1.01718458242055,1.01718458242055,1.01718458242055,0.940302116119769,0.971439401630551,1.01718458242055,1.01718458242055,1.01718458242055,0.953083871398755,1.01718458242055,1.03763980474556,1.01718458242055,1.03763980474556,1.01718458242055,1.01718458242055,1.01718458242055,1.01718458242055,1.01718458242055,1.01718458242055,1.01718458242055,1.01718458242055,1.01718458242055,1.01718458242055,1.01718458242055,1.01718458242055,1.01718458242055,1.01718458242055,1.01718458242055,1.01718458242055,1.01718458242055,1.00756568684942,1.01718458242055,1.01718458242055,1.01718458242055,1.01718458242055,1.01718458242055,1.03763980474556,1.01718458242055,1.01718458242055,1.01718458242055,1.02479713848329,1.01718458242055,1.01718458242055,0.839005988515616,1.00756568684942,1.01718458242055,1.01718458242055,1.01718458242055,1.01718458242055,1.01718458242055,1.01718458242055,1.01718458242055,1.02479713848329,1.01718458242055,1.01718458242055,1.01718458242055,1.02479713848329,1.01718458242055,0.983670107599374,1.03763980474556,1.01718458242055,1.01718458242055,1.01718458242055,1.01718458242055,1.01718458242055,1.01718458242055,1.01718458242055,1.01718458242055,1.01718458242055
"82",1.01718458242055,1.01718458242055,1.01718458242055,1.00858516004607,1.01718458242055,0.973570077580257,1.01718458242055,1.01718458242055,1.01718458242055,0.953083871398755,1.00756568684942,1.01718458242055,1.01718458242055,1.01718458242055,1.02479713848329,0.830087712859111,1.01718458242055,0.983670107599374,0.983670107599374,1.01718458242055,1.01718458242055,1.01718458242055,1.01718458242055,1.01718458242055,1.01718458242055,1.01718458242055,1.01718458242055,1.01718458242055,0.950959527698512,1.01718458242055,1.01718458242055,1.01718458242055,1.01718458242055,1.01718458242055,0.940302116119769,0.971439401630551,1.01718458242055,1.01718458242055,1.01718458242055,0.953083871398755,1.01718458242055,1.03763980474556,1.01718458242055,1.03763980474556,1.01718458242055,1.01718458242055,1.01718458242055,1.01718458242055,1.01718458242055,1.01718458242055,1.01718458242055,1.01718458242055,1.01718458242055,1.01718458242055,1.01718458242055,1.01718458242055,1.01718458242055,1.01718458242055,1.01718458242055,1.01718458242055,1.01718458242055,1.00756568684942,1.01718458242055,1.01718458242055,1.01718458242055,1.01718458242055,1.01718458242055,1.03763980474556,1.01718458242055,1.01718458242055,1.01718458242055,1.02479713848329,1.01718458242055,1.01718458242055,0.839005988515616,1.00756568684942,1.01718458242055,1.01718458242055,1.01718458242055,1.01718458242055,1.01718458242055,1.01718458242055,1.01718458242055,1.02479713848329,1.01718458242055,1.01718458242055,1.01718458242055,1.02479713848329,1.01718458242055,0.983670107599374,1.03763980474556,1.01718458242055,1.01718458242055,1.01718458242055,1.01718458242055,1.01718458242055,1.01718458242055,1.01718458242055,1.01718458242055,1.01718458242055
"83",1.01718458242055,1.01718458242055,1.01718458242055,1.00858516004607,1.01718458242055,0.973570077580257,1.01718458242055,1.01718458242055,1.01718458242055,0.953083871398755,1.00756568684942,1.01718458242055,1.01718458242055,1.01718458242055,1.02479713848329,0.830087712859111,1.01718458242055,0.983670107599374,0.983670107599374,1.01718458242055,1.01718458242055,1.01718458242055,1.01718458242055,1.01718458242055,1.01718458242055,1.01718458242055,1.01718458242055,1.01718458242055,0.950959527698512,1.01718458242055,1.01718458242055,1.01718458242055,1.01718458242055,1.01718458242055,0.940302116119769,0.971439401630551,1.01718458242055,1.01718458242055,1.01718458242055,0.953083871398755,1.01718458242055,1.03763980474556,1.01718458242055,1.03763980474556,1.01718458242055,1.01718458242055,1.01718458242055,1.01718458242055,1.01718458242055,1.01718458242055,1.01718458242055,1.01718458242055,1.01718458242055,1.01718458242055,1.01718458242055,1.01718458242055,1.01718458242055,1.01718458242055,1.01718458242055,1.01718458242055,1.01718458242055,1.00756568684942,1.01718458242055,1.01718458242055,1.01718458242055,1.01718458242055,1.01718458242055,1.03763980474556,1.01718458242055,1.01718458242055,1.01718458242055,1.02479713848329,1.01718458242055,1.01718458242055,0.839005988515616,1.01718458242055,1.01718458242055,1.01718458242055,1.01718458242055,1.01718458242055,1.01718458242055,1.01718458242055,1.01718458242055,1.02479713848329,1.01718458242055,1.01718458242055,1.01718458242055,1.02479713848329,1.01718458242055,0.983670107599374,1.03763980474556,1.01718458242055,1.01718458242055,1.01718458242055,1.01718458242055,1.01718458242055,1.01718458242055,1.01718458242055,1.01718458242055,1.01718458242055
"84",1.01718458242055,1.01718458242055,1.01718458242055,1.00858516004607,1.01718458242055,0.973570077580257,1.01718458242055,1.01718458242055,1.01718458242055,0.953083871398755,1.00756568684942,1.01718458242055,1.01718458242055,1.01718458242055,1.02479713848329,0.830087712859111,1.01718458242055,0.983670107599374,0.983670107599374,1.01718458242055,1.01718458242055,1.01718458242055,1.01718458242055,1.01718458242055,1.01718458242055,1.01718458242055,1.01718458242055,1.01718458242055,0.950959527698512,1.01718458242055,1.01718458242055,1.01718458242055,1.01718458242055,1.01718458242055,0.940302116119769,0.971439401630551,1.01718458242055,1.01718458242055,1.01718458242055,0.953083871398755,1.01718458242055,1.03763980474556,1.01718458242055,1.03763980474556,1.01718458242055,1.01718458242055,1.01718458242055,1.01718458242055,1.01718458242055,1.01718458242055,1.01718458242055,1.01718458242055,1.01718458242055,1.01718458242055,1.01718458242055,1.01718458242055,1.01718458242055,1.01718458242055,1.01718458242055,1.01718458242055,1.01718458242055,1.00756568684942,1.01718458242055,1.01718458242055,1.01718458242055,1.01718458242055,1.01718458242055,1.03763980474556,1.01718458242055,1.01718458242055,1.01718458242055,1.02479713848329,1.01718458242055,1.01718458242055,0.839005988515616,1.01718458242055,1.01718458242055,1.01718458242055,1.01718458242055,1.01718458242055,1.01718458242055,1.01718458242055,1.01718458242055,1.02479713848329,1.01718458242055,1.01718458242055,1.01718458242055,1.02479713848329,1.01718458242055,0.983670107599374,1.03763980474556,1.01718458242055,1.01718458242055,1.01718458242055,1.01718458242055,1.01718458242055,1.01718458242055,1.01718458242055,1.01718458242055,1.01718458242055
"85",1.01718458242055,1.01718458242055,1.01718458242055,1.00858516004607,1.01718458242055,0.973570077580257,1.01718458242055,1.01718458242055,1.01718458242055,0.953083871398755,1.00756568684942,1.01718458242055,1.01718458242055,1.01718458242055,1.02479713848329,0.830087712859111,1.01718458242055,0.983670107599374,0.983670107599374,1.01718458242055,1.01718458242055,1.01718458242055,1.01718458242055,1.01718458242055,1.01718458242055,1.01718458242055,1.01718458242055,1.01718458242055,0.950959527698512,1.01718458242055,1.01718458242055,1.01718458242055,1.01718458242055,1.01718458242055,0.940302116119769,0.971439401630551,1.01718458242055,1.01718458242055,1.01718458242055,0.953083871398755,1.01718458242055,1.03763980474556,1.01718458242055,1.03763980474556,1.01718458242055,1.01718458242055,1.01718458242055,1.01718458242055,1.01718458242055,1.01718458242055,1.01718458242055,1.01718458242055,1.01718458242055,1.01718458242055,1.01718458242055,1.01718458242055,1.01718458242055,1.01718458242055,1.01718458242055,1.01718458242055,1.01718458242055,1.01718458242055,1.01718458242055,1.01718458242055,1.01718458242055,1.01718458242055,1.01718458242055,1.03763980474556,1.01718458242055,1.01718458242055,1.01718458242055,1.02479713848329,1.01718458242055,1.01718458242055,0.839005988515616,1.01718458242055,1.01718458242055,1.01718458242055,1.01718458242055,1.01718458242055,1.01718458242055,1.01718458242055,1.01718458242055,1.02479713848329,1.01718458242055,1.01718458242055,1.01718458242055,1.02479713848329,1.01718458242055,0.983670107599374,1.03763980474556,1.01718458242055,1.01718458242055,1.01718458242055,1.01718458242055,1.01718458242055,1.01718458242055,1.01718458242055,1.01718458242055,1.01718458242055
"86",1.01718458242055,1.01718458242055,1.01718458242055,1.00858516004607,1.01718458242055,0.973570077580257,1.01718458242055,1.01718458242055,1.01718458242055,0.953083871398755,1.00756568684942,1.01718458242055,1.01718458242055,1.01718458242055,1.02479713848329,0.830087712859111,1.01718458242055,0.983670107599374,0.983670107599374,1.01718458242055,1.01718458242055,1.01718458242055,1.01718458242055,1.01718458242055,1.01718458242055,1.01718458242055,1.01718458242055,1.01718458242055,0.950959527698512,1.01718458242055,1.01718458242055,1.01718458242055,1.01718458242055,1.01718458242055,0.940302116119769,0.971439401630551,1.01718458242055,1.01718458242055,1.01718458242055,0.953083871398755,1.01718458242055,1.03763980474556,1.01718458242055,1.03763980474556,1.01718458242055,1.01718458242055,1.01718458242055,1.01718458242055,1.01718458242055,1.01718458242055,1.01718458242055,1.01718458242055,1.01718458242055,1.01718458242055,1.01718458242055,1.01718458242055,1.01718458242055,1.01718458242055,1.01718458242055,1.01718458242055,1.01718458242055,1.01718458242055,1.01718458242055,1.01718458242055,1.01718458242055,1.01718458242055,1.01718458242055,1.03763980474556,1.01718458242055,1.01718458242055,1.01718458242055,1.02479713848329,1.01718458242055,1.01718458242055,0.839005988515616,1.01718458242055,1.01718458242055,1.01718458242055,1.01718458242055,1.01718458242055,1.01718458242055,1.01718458242055,1.01718458242055,1.02479713848329,1.01718458242055,1.01718458242055,1.01718458242055,1.02479713848329,1.01718458242055,0.983670107599374,1.03763980474556,1.01718458242055,1.01718458242055,1.01718458242055,1.01718458242055,1.01718458242055,1.01718458242055,1.01718458242055,1.01718458242055,1.01718458242055
"87",1.01718458242055,1.01718458242055,1.01718458242055,1.00858516004607,1.01718458242055,0.973570077580257,1.01718458242055,1.01718458242055,1.01718458242055,0.953083871398755,1.00756568684942,1.01718458242055,1.01718458242055,1.01718458242055,1.02479713848329,0.830087712859111,1.01718458242055,0.983670107599374,0.983670107599374,1.01718458242055,1.01718458242055,1.01718458242055,1.01718458242055,1.01718458242055,1.01718458242055,1.01718458242055,1.01718458242055,1.01718458242055,0.950959527698512,1.01718458242055,1.01718458242055,1.01718458242055,1.01718458242055,1.01718458242055,0.940302116119769,0.971439401630551,1.01718458242055,1.01718458242055,1.01718458242055,0.953083871398755,1.01718458242055,1.03763980474556,1.01718458242055,1.03763980474556,1.01718458242055,1.01718458242055,1.01718458242055,1.01718458242055,1.01718458242055,1.01718458242055,1.01718458242055,1.01718458242055,1.01718458242055,1.01718458242055,1.01718458242055,1.01718458242055,1.01718458242055,1.01718458242055,1.01718458242055,1.01718458242055,1.01718458242055,1.01718458242055,1.01718458242055,1.01718458242055,1.01718458242055,1.01718458242055,1.01718458242055,1.03763980474556,1.01718458242055,1.01718458242055,1.01718458242055,1.02479713848329,1.01718458242055,1.01718458242055,0.839005988515616,1.01718458242055,1.01718458242055,1.01718458242055,1.01718458242055,1.01718458242055,1.01718458242055,1.01718458242055,1.01718458242055,1.02479713848329,1.01718458242055,1.01718458242055,1.01718458242055,1.02479713848329,1.01718458242055,0.983670107599374,1.03763980474556,1.01718458242055,1.01718458242055,1.01718458242055,1.01718458242055,1.01718458242055,1.01718458242055,1.01718458242055,1.01718458242055,1.01718458242055
"88",1.01718458242055,1.01718458242055,1.01718458242055,1.00858516004607,1.01718458242055,0.973570077580257,1.01718458242055,1.01718458242055,1.01718458242055,0.953083871398755,1.00756568684942,1.01718458242055,1.01718458242055,1.01718458242055,1.02479713848329,0.830087712859111,1.01718458242055,0.983670107599374,0.983670107599374,1.01718458242055,1.01718458242055,1.01718458242055,1.01718458242055,1.01718458242055,1.01718458242055,1.01718458242055,1.01718458242055,1.01718458242055,0.950959527698512,1.01718458242055,1.01718458242055,1.01718458242055,1.01718458242055,1.01718458242055,0.940302116119769,0.971439401630551,1.01718458242055,1.01718458242055,1.01718458242055,0.953083871398755,1.01718458242055,1.03763980474556,1.01718458242055,1.03763980474556,1.01718458242055,1.01718458242055,1.01718458242055,1.01718458242055,1.01718458242055,1.01718458242055,1.01718458242055,1.01718458242055,1.01718458242055,1.01718458242055,1.01718458242055,1.01718458242055,1.01718458242055,1.01718458242055,1.01718458242055,1.01718458242055,1.01718458242055,1.01718458242055,1.01718458242055,1.01718458242055,1.01718458242055,1.01718458242055,1.01718458242055,1.03763980474556,1.01718458242055,1.01718458242055,1.01718458242055,1.02479713848329,1.01718458242055,1.01718458242055,0.839005988515616,1.01718458242055,1.01718458242055,1.01718458242055,1.01718458242055,1.01718458242055,1.01718458242055,1.01718458242055,1.01718458242055,1.02479713848329,1.01718458242055,1.01718458242055,1.01718458242055,1.02479713848329,1.01718458242055,0.983670107599374,1.03763980474556,1.01718458242055,1.01718458242055,1.01718458242055,1.01718458242055,1.01718458242055,1.01718458242055,1.01718458242055,1.01718458242055,1.01718458242055
"89",1.01718458242055,1.01718458242055,1.01718458242055,1.00858516004607,1.01718458242055,0.973570077580257,1.01718458242055,1.01718458242055,1.01718458242055,0.953083871398755,1.00756568684942,1.01718458242055,1.01718458242055,1.01718458242055,1.02479713848329,0.830087712859111,1.01718458242055,0.983670107599374,0.983670107599374,1.01718458242055,1.01718458242055,1.01718458242055,1.01718458242055,1.01718458242055,1.01718458242055,1.01718458242055,1.01718458242055,1.01718458242055,0.950959527698512,1.01718458242055,1.01718458242055,1.01718458242055,1.01718458242055,1.01718458242055,0.940302116119769,0.971439401630551,1.01718458242055,1.01718458242055,1.01718458242055,0.953083871398755,1.01718458242055,1.03763980474556,1.01718458242055,1.03763980474556,1.01718458242055,1.01718458242055,1.01718458242055,1.01718458242055,1.01718458242055,1.01718458242055,1.01718458242055,1.01718458242055,1.01718458242055,1.01718458242055,1.01718458242055,1.01718458242055,1.01718458242055,1.01718458242055,1.01718458242055,1.01718458242055,1.01718458242055,1.01718458242055,1.01718458242055,1.01718458242055,1.01718458242055,1.01718458242055,1.01718458242055,1.03763980474556,1.01718458242055,1.01718458242055,1.01718458242055,1.02479713848329,1.01718458242055,1.01718458242055,0.839005988515616,1.01718458242055,1.01718458242055,1.01718458242055,1.01718458242055,1.01718458242055,1.01718458242055,1.01718458242055,1.01718458242055,1.02479713848329,1.01718458242055,1.01718458242055,1.01718458242055,1.02479713848329,1.01718458242055,0.983670107599374,1.03763980474556,1.01718458242055,1.01718458242055,1.01718458242055,1.01718458242055,1.01718458242055,1.01718458242055,1.01718458242055,1.01718458242055,1.01718458242055
"90",1.01718458242055,1.01718458242055,1.01718458242055,1.00858516004607,1.01718458242055,0.973570077580257,1.01718458242055,1.01718458242055,1.01718458242055,0.953083871398755,1.00756568684942,1.01718458242055,1.01718458242055,1.01718458242055,1.02479713848329,0.830087712859111,1.01718458242055,0.983670107599374,0.983670107599374,1.01718458242055,1.01718458242055,1.01718458242055,1.01718458242055,1.01718458242055,1.01718458242055,1.01718458242055,1.01718458242055,1.01718458242055,0.950959527698512,1.01718458242055,1.01718458242055,1.01718458242055,1.01718458242055,1.01718458242055,0.940302116119769,0.971439401630551,1.01718458242055,1.01718458242055,1.01718458242055,0.953083871398755,1.01718458242055,1.03763980474556,1.01718458242055,1.03763980474556,1.01718458242055,1.01718458242055,1.01718458242055,1.01718458242055,1.01718458242055,1.01718458242055,1.01718458242055,1.01718458242055,1.01718458242055,1.01718458242055,1.01718458242055,1.01718458242055,1.01718458242055,1.01718458242055,1.01718458242055,1.01718458242055,1.01718458242055,1.01718458242055,1.01718458242055,1.01718458242055,1.01718458242055,1.01718458242055,1.01718458242055,1.03763980474556,1.01718458242055,1.01718458242055,1.01718458242055,1.02479713848329,1.01718458242055,1.01718458242055,0.839005988515616,1.01718458242055,1.01718458242055,1.01718458242055,1.01718458242055,1.01718458242055,1.01718458242055,1.01718458242055,1.01718458242055,1.02479713848329,1.01718458242055,1.01718458242055,1.01718458242055,1.02479713848329,1.01718458242055,0.983670107599374,1.03763980474556,1.01718458242055,1.01718458242055,1.01718458242055,1.01718458242055,1.01718458242055,1.01718458242055,1.01718458242055,1.01718458242055,1.01718458242055
"91",1.01718458242055,1.01718458242055,1.01718458242055,1.00858516004607,1.01718458242055,0.973570077580257,1.01718458242055,1.01718458242055,1.01718458242055,0.953083871398755,1.00756568684942,1.01718458242055,1.01718458242055,1.01718458242055,1.02479713848329,0.830087712859111,1.01718458242055,0.983670107599374,0.983670107599374,1.01718458242055,1.01718458242055,1.01718458242055,1.01718458242055,1.01718458242055,1.01718458242055,1.01718458242055,1.01718458242055,1.01718458242055,0.950959527698512,1.01718458242055,1.01718458242055,1.01718458242055,1.01718458242055,1.01718458242055,0.940302116119769,0.971439401630551,1.01718458242055,1.01718458242055,1.01718458242055,0.953083871398755,1.01718458242055,1.03763980474556,1.01718458242055,1.03763980474556,1.01718458242055,1.01718458242055,1.01718458242055,1.01718458242055,1.01718458242055,1.01718458242055,1.01718458242055,1.01718458242055,1.01718458242055,1.01718458242055,1.01718458242055,1.01718458242055,1.01718458242055,1.01718458242055,1.01718458242055,1.01718458242055,1.01718458242055,1.01718458242055,1.01718458242055,1.01718458242055,1.01718458242055,1.01718458242055,1.01718458242055,1.03763980474556,1.01718458242055,1.01718458242055,1.01718458242055,1.02479713848329,1.01718458242055,1.01718458242055,0.839005988515616,1.01718458242055,1.01718458242055,1.01718458242055,1.01718458242055,1.01718458242055,1.01718458242055,1.01718458242055,1.01718458242055,1.02479713848329,1.01718458242055,1.01718458242055,1.01718458242055,1.02479713848329,1.01718458242055,0.983670107599374,1.03763980474556,1.01718458242055,1.01718458242055,1.01718458242055,1.01718458242055,1.01718458242055,1.01718458242055,1.01718458242055,1.01718458242055,1.01718458242055
"92",1.01718458242055,1.01718458242055,1.01718458242055,1.00858516004607,1.01718458242055,0.973570077580257,1.01718458242055,1.01718458242055,1.01718458242055,0.953083871398755,1.00756568684942,1.01718458242055,1.01718458242055,1.01718458242055,1.02479713848329,0.830087712859111,1.01718458242055,0.983670107599374,0.983670107599374,1.01718458242055,1.01718458242055,1.01718458242055,1.01718458242055,1.01718458242055,1.01718458242055,1.01718458242055,1.01718458242055,1.01718458242055,0.950959527698512,1.01718458242055,1.01718458242055,1.01718458242055,1.01718458242055,1.01718458242055,0.940302116119769,0.971439401630551,1.01718458242055,1.01718458242055,1.01718458242055,0.953083871398755,1.01718458242055,1.03763980474556,1.01718458242055,1.03763980474556,1.01718458242055,1.01718458242055,1.01718458242055,1.01718458242055,1.01718458242055,1.01718458242055,1.01718458242055,1.01718458242055,1.01718458242055,1.01718458242055,1.01718458242055,1.01718458242055,1.01718458242055,1.01718458242055,1.01718458242055,1.01718458242055,1.01718458242055,1.01718458242055,1.01718458242055,1.01718458242055,1.01718458242055,1.01718458242055,1.01718458242055,1.03763980474556,1.01718458242055,1.01718458242055,1.01718458242055,1.02479713848329,1.01718458242055,1.01718458242055,0.839005988515616,1.01718458242055,1.01718458242055,1.01718458242055,1.01718458242055,1.01718458242055,1.01718458242055,1.01718458242055,1.01718458242055,1.02479713848329,1.01718458242055,1.01718458242055,1.01718458242055,1.02479713848329,1.01718458242055,0.983670107599374,1.03763980474556,1.01718458242055,1.01718458242055,1.01718458242055,1.01718458242055,1.01718458242055,1.01718458242055,1.01718458242055,1.01718458242055,1.01718458242055
"93",1.01718458242055,1.01718458242055,1.01718458242055,1.00858516004607,1.01718458242055,0.973570077580257,1.01718458242055,1.01718458242055,1.01718458242055,0.953083871398755,1.00756568684942,1.01718458242055,1.01718458242055,1.01718458242055,1.02479713848329,0.830087712859111,1.01718458242055,0.983670107599374,0.983670107599374,1.01718458242055,1.01718458242055,1.01718458242055,1.01718458242055,1.01718458242055,1.01718458242055,1.01718458242055,1.01718458242055,1.01718458242055,0.950959527698512,1.01718458242055,1.01718458242055,1.01718458242055,1.01718458242055,1.01718458242055,0.940302116119769,0.971439401630551,1.01718458242055,1.01718458242055,1.01718458242055,0.953083871398755,1.01718458242055,1.03763980474556,1.01718458242055,1.03763980474556,1.01718458242055,1.01718458242055,1.01718458242055,1.01718458242055,1.01718458242055,1.01718458242055,1.01718458242055,1.01718458242055,1.01718458242055,1.01718458242055,1.01718458242055,1.01718458242055,1.01718458242055,1.01718458242055,1.01718458242055,1.01718458242055,1.01718458242055,1.01718458242055,1.01718458242055,1.01718458242055,1.01718458242055,1.01718458242055,1.01718458242055,1.03763980474556,1.01718458242055,1.01718458242055,1.01718458242055,1.02479713848329,1.01718458242055,1.01718458242055,0.839005988515616,1.01718458242055,1.01718458242055,1.01718458242055,1.01718458242055,1.01718458242055,1.01718458242055,1.01718458242055,1.01718458242055,1.02479713848329,1.01718458242055,1.01718458242055,1.01718458242055,1.02479713848329,1.01718458242055,0.983670107599374,1.03763980474556,1.01718458242055,1.01718458242055,1.01718458242055,1.01718458242055,1.01718458242055,1.01718458242055,1.01718458242055,1.01718458242055,1.01718458242055
"94",1.01718458242055,1.01718458242055,1.01718458242055,1.00858516004607,1.01718458242055,0.973570077580257,1.01718458242055,1.01718458242055,1.01718458242055,0.953083871398755,1.00756568684942,1.01718458242055,1.01718458242055,1.01718458242055,1.02479713848329,0.830087712859111,1.01718458242055,0.983670107599374,0.983670107599374,1.01718458242055,1.01718458242055,1.01718458242055,1.01718458242055,1.01718458242055,1.01718458242055,1.01718458242055,1.01718458242055,1.01718458242055,0.950959527698512,1.01718458242055,1.01718458242055,1.01718458242055,1.01718458242055,1.01718458242055,0.940302116119769,0.971439401630551,1.01718458242055,1.01718458242055,1.01718458242055,0.953083871398755,1.01718458242055,1.03763980474556,1.01718458242055,1.03763980474556,1.01718458242055,1.01718458242055,1.01718458242055,1.01718458242055,1.01718458242055,1.01718458242055,1.01718458242055,1.01718458242055,1.01718458242055,1.01718458242055,1.01718458242055,1.01718458242055,1.01718458242055,1.01718458242055,1.01718458242055,1.01718458242055,1.01718458242055,1.01718458242055,1.01718458242055,1.01718458242055,1.01718458242055,1.01718458242055,1.01718458242055,1.03763980474556,1.01718458242055,1.01718458242055,1.01718458242055,1.02479713848329,1.01718458242055,1.01718458242055,0.839005988515616,1.01718458242055,1.01718458242055,1.01718458242055,1.01718458242055,1.01718458242055,1.01718458242055,1.01718458242055,1.01718458242055,1.02479713848329,1.01718458242055,1.01718458242055,1.01718458242055,1.02479713848329,1.01718458242055,0.983670107599374,1.03763980474556,1.01718458242055,1.01718458242055,1.01718458242055,1.01718458242055,1.01718458242055,1.01718458242055,1.01718458242055,1.01718458242055,1.01718458242055
"95",1.01718458242055,1.01718458242055,1.01718458242055,1.00858516004607,1.01718458242055,0.973570077580257,1.01718458242055,1.01718458242055,1.01718458242055,0.953083871398755,1.01718458242055,1.01718458242055,1.01718458242055,1.01718458242055,1.02479713848329,0.830087712859111,1.01718458242055,0.983670107599374,0.983670107599374,1.01718458242055,1.01718458242055,1.01718458242055,1.01718458242055,1.01718458242055,1.01718458242055,1.01718458242055,1.01718458242055,1.01718458242055,0.950959527698512,1.01718458242055,1.01718458242055,1.01718458242055,1.01718458242055,1.01718458242055,0.940302116119769,0.971439401630551,1.01718458242055,1.01718458242055,1.01718458242055,0.953083871398755,1.01718458242055,1.03763980474556,1.01718458242055,1.03763980474556,1.01718458242055,1.01718458242055,1.01718458242055,1.01718458242055,1.01718458242055,1.01718458242055,1.01718458242055,1.01718458242055,1.01718458242055,1.01718458242055,1.01718458242055,1.01718458242055,1.01718458242055,1.01718458242055,1.01718458242055,1.01718458242055,1.01718458242055,1.01718458242055,1.01718458242055,1.01718458242055,1.01718458242055,1.01718458242055,1.01718458242055,1.03763980474556,1.01718458242055,1.01718458242055,1.01718458242055,1.02479713848329,1.01718458242055,1.01718458242055,0.839005988515616,1.01718458242055,1.01718458242055,1.01718458242055,1.01718458242055,1.01718458242055,1.01718458242055,1.01718458242055,1.01718458242055,1.02479713848329,1.01718458242055,1.01718458242055,1.01718458242055,1.02479713848329,1.01718458242055,0.983670107599374,1.03763980474556,1.01718458242055,1.01718458242055,1.01718458242055,1.01718458242055,1.01718458242055,1.01718458242055,1.01718458242055,1.01718458242055,1.01718458242055
"96",1.01718458242055,1.01718458242055,1.01718458242055,1.00858516004607,1.01718458242055,0.973570077580257,1.01718458242055,1.01718458242055,1.01718458242055,0.953083871398755,1.01718458242055,1.01718458242055,1.01718458242055,1.01718458242055,1.02479713848329,0.830087712859111,1.01718458242055,0.983670107599374,0.983670107599374,1.01718458242055,1.01718458242055,1.01718458242055,1.01718458242055,1.01718458242055,1.01718458242055,1.01718458242055,1.01718458242055,1.01718458242055,0.950959527698512,1.01718458242055,1.01718458242055,1.01718458242055,1.01718458242055,1.01718458242055,0.940302116119769,0.971439401630551,1.01718458242055,1.01718458242055,1.01718458242055,0.953083871398755,1.01718458242055,1.03763980474556,1.01718458242055,1.03763980474556,1.01718458242055,1.01718458242055,1.01718458242055,1.01718458242055,1.01718458242055,1.01718458242055,1.01718458242055,1.01718458242055,1.01718458242055,1.01718458242055,1.01718458242055,1.01718458242055,1.01718458242055,1.01718458242055,1.01718458242055,1.01718458242055,1.01718458242055,1.01718458242055,1.01718458242055,1.01718458242055,1.01718458242055,1.01718458242055,1.01718458242055,1.03763980474556,1.01718458242055,1.01718458242055,1.01718458242055,1.02479713848329,1.01718458242055,1.01718458242055,0.839005988515616,1.01718458242055,1.01718458242055,1.01718458242055,1.01718458242055,1.01718458242055,1.01718458242055,1.01718458242055,1.01718458242055,1.02479713848329,1.01718458242055,1.01718458242055,1.01718458242055,1.02479713848329,1.01718458242055,0.983670107599374,1.03763980474556,1.01718458242055,1.01718458242055,1.01718458242055,1.01718458242055,1.01718458242055,1.01718458242055,1.01718458242055,1.01718458242055,1.01718458242055
"97",1.01718458242055,1.01718458242055,1.01718458242055,1.00858516004607,1.01718458242055,0.973570077580257,1.01718458242055,1.01718458242055,1.01718458242055,0.953083871398755,1.01718458242055,1.01718458242055,1.01718458242055,1.01718458242055,1.02479713848329,0.830087712859111,1.01718458242055,0.983670107599374,0.983670107599374,1.01718458242055,1.01718458242055,1.01718458242055,1.01718458242055,1.01718458242055,1.01718458242055,1.01718458242055,1.01718458242055,1.01718458242055,0.950959527698512,1.01718458242055,1.01718458242055,1.01718458242055,1.01718458242055,1.01718458242055,0.940302116119769,0.971439401630551,1.01718458242055,1.01718458242055,1.01718458242055,0.953083871398755,1.01718458242055,1.03763980474556,1.01718458242055,1.03763980474556,1.01718458242055,1.01718458242055,1.01718458242055,1.01718458242055,1.01718458242055,1.01718458242055,1.01718458242055,1.01718458242055,1.01718458242055,1.01718458242055,1.01718458242055,1.01718458242055,1.01718458242055,1.01718458242055,1.01718458242055,1.01718458242055,1.01718458242055,1.01718458242055,1.01718458242055,1.01718458242055,1.01718458242055,1.01718458242055,1.01718458242055,1.03763980474556,1.01718458242055,1.01718458242055,1.01718458242055,1.02479713848329,1.01718458242055,1.01718458242055,0.839005988515616,1.01718458242055,1.01718458242055,1.01718458242055,1.01718458242055,1.01718458242055,1.01718458242055,1.01718458242055,1.01718458242055,1.02479713848329,1.01718458242055,1.01718458242055,1.01718458242055,1.02479713848329,1.01718458242055,0.983670107599374,1.03763980474556,1.01718458242055,1.01718458242055,1.01718458242055,1.01718458242055,1.01718458242055,1.01718458242055,1.01718458242055,1.01718458242055,1.01718458242055
"98",1.01718458242055,1.01718458242055,1.01718458242055,1.00858516004607,1.01718458242055,0.973570077580257,1.01718458242055,1.01718458242055,1.01718458242055,0.953083871398755,1.01718458242055,1.01718458242055,1.01718458242055,1.01718458242055,1.02479713848329,0.830087712859111,1.01718458242055,0.983670107599374,0.983670107599374,1.01718458242055,1.01718458242055,1.01718458242055,1.01718458242055,1.01718458242055,1.01718458242055,1.01718458242055,1.01718458242055,1.01718458242055,0.950959527698512,1.01718458242055,1.01718458242055,1.01718458242055,1.01718458242055,1.01718458242055,0.940302116119769,0.971439401630551,1.01718458242055,1.01718458242055,1.01718458242055,0.953083871398755,1.01718458242055,1.03763980474556,1.01718458242055,1.03763980474556,1.01718458242055,1.01718458242055,1.01718458242055,1.01718458242055,1.01718458242055,1.01718458242055,1.01718458242055,1.01718458242055,1.01718458242055,1.01718458242055,1.01718458242055,1.01718458242055,1.01718458242055,1.01718458242055,1.01718458242055,1.01718458242055,1.01718458242055,1.01718458242055,1.01718458242055,1.01718458242055,1.01718458242055,1.01718458242055,1.01718458242055,1.03763980474556,1.01718458242055,1.01718458242055,1.01718458242055,1.02479713848329,1.01718458242055,1.01718458242055,0.839005988515616,1.01718458242055,1.01718458242055,1.01718458242055,1.01718458242055,1.01718458242055,1.01718458242055,1.01718458242055,1.01718458242055,1.02479713848329,1.01718458242055,1.01718458242055,1.01718458242055,1.02479713848329,1.01718458242055,0.983670107599374,1.03763980474556,1.01718458242055,1.01718458242055,1.01718458242055,1.01718458242055,1.01718458242055,1.01718458242055,1.01718458242055,1.01718458242055,1.01718458242055
"99",1.01718458242055,1.01718458242055,1.01718458242055,1.00858516004607,1.01718458242055,0.973570077580257,1.01718458242055,1.01718458242055,1.01718458242055,0.953083871398755,1.01718458242055,1.01718458242055,1.01718458242055,1.01718458242055,1.02479713848329,0.830087712859111,1.01718458242055,0.983670107599374,0.983670107599374,1.01718458242055,1.01718458242055,1.01718458242055,1.01718458242055,1.01718458242055,1.01718458242055,1.01718458242055,1.01718458242055,1.01718458242055,0.950959527698512,1.01718458242055,1.01718458242055,1.01718458242055,1.01718458242055,1.01718458242055,0.940302116119769,0.971439401630551,1.01718458242055,1.01718458242055,1.01718458242055,0.953083871398755,1.01718458242055,1.03763980474556,1.01718458242055,1.03763980474556,1.01718458242055,1.01718458242055,1.01718458242055,1.01718458242055,1.01718458242055,1.01718458242055,1.01718458242055,1.01718458242055,1.01718458242055,1.01718458242055,1.01718458242055,1.01718458242055,1.01718458242055,1.01718458242055,1.01718458242055,1.01718458242055,1.01718458242055,1.01718458242055,1.01718458242055,1.01718458242055,1.01718458242055,1.01718458242055,1.01718458242055,1.03763980474556,1.01718458242055,1.01718458242055,1.01718458242055,1.02479713848329,1.01718458242055,1.01718458242055,0.839005988515616,1.01718458242055,1.01718458242055,1.01718458242055,1.01718458242055,1.01718458242055,1.01718458242055,1.01718458242055,1.01718458242055,1.02479713848329,1.01718458242055,1.01718458242055,1.01718458242055,1.02479713848329,1.01718458242055,0.983670107599374,1.03763980474556,1.01718458242055,1.01718458242055,1.01718458242055,1.01718458242055,1.01718458242055,1.01718458242055,1.01718458242055,1.01718458242055,1.01718458242055
"100",1.01718458242055,1.01718458242055,1.01718458242055,1.00858516004607,1.01718458242055,0.973570077580257,1.01718458242055,1.01718458242055,1.01718458242055,0.953083871398755,1.01718458242055,1.01718458242055,1.01718458242055,1.01718458242055,1.02479713848329,0.830087712859111,1.01718458242055,0.983670107599374,0.983670107599374,1.01718458242055,1.01718458242055,1.01718458242055,1.01718458242055,1.01718458242055,1.01718458242055,1.01718458242055,1.01718458242055,1.01718458242055,0.950959527698512,1.01718458242055,1.01718458242055,1.01718458242055,1.01718458242055,1.01718458242055,0.940302116119769,0.971439401630551,1.01718458242055,1.01718458242055,1.01718458242055,0.953083871398755,1.01718458242055,1.03763980474556,1.01718458242055,1.03763980474556,1.01718458242055,1.01718458242055,1.01718458242055,1.01718458242055,1.01718458242055,1.01718458242055,1.01718458242055,1.01718458242055,1.01718458242055,1.01718458242055,1.01718458242055,1.01718458242055,1.01718458242055,1.01718458242055,1.01718458242055,1.01718458242055,1.01718458242055,1.01718458242055,1.01718458242055,1.01718458242055,1.01718458242055,1.01718458242055,1.01718458242055,1.03763980474556,1.01718458242055,1.01718458242055,1.01718458242055,1.02479713848329,1.01718458242055,1.01718458242055,0.839005988515616,1.01718458242055,1.01718458242055,1.01718458242055,1.01718458242055,1.01718458242055,1.01718458242055,1.01718458242055,1.01718458242055,1.02479713848329,1.01718458242055,1.01718458242055,1.01718458242055,1.02479713848329,1.01718458242055,0.983670107599374,1.03763980474556,1.01718458242055,1.01718458242055,1.01718458242055,1.01718458242055,1.01718458242055,1.01718458242055,1.01718458242055,1.01718458242055,1.01718458242055
"101",1.01718458242055,1.01718458242055,1.01718458242055,1.00858516004607,1.01718458242055,0.973570077580257,1.01718458242055,1.01718458242055,1.01718458242055,0.953083871398755,1.01718458242055,1.01718458242055,1.01718458242055,1.01718458242055,1.02479713848329,0.830087712859111,1.01718458242055,0.983670107599374,0.983670107599374,1.01718458242055,1.01718458242055,1.01718458242055,1.01718458242055,1.01718458242055,1.01718458242055,1.01718458242055,1.01718458242055,1.01718458242055,0.950959527698512,1.01718458242055,1.01718458242055,1.01718458242055,1.01718458242055,1.01718458242055,0.940302116119769,0.971439401630551,1.01718458242055,1.01718458242055,1.01718458242055,0.953083871398755,1.01718458242055,1.03763980474556,1.01718458242055,1.03763980474556,1.01718458242055,1.01718458242055,1.01718458242055,1.01718458242055,1.01718458242055,1.01718458242055,1.01718458242055,1.01718458242055,1.01718458242055,1.01718458242055,1.01718458242055,1.01718458242055,1.01718458242055,1.01718458242055,1.01718458242055,1.01718458242055,1.01718458242055,1.01718458242055,1.01718458242055,1.01718458242055,1.01718458242055,1.01718458242055,1.01718458242055,1.03763980474556,1.01718458242055,1.01718458242055,1.01718458242055,1.02479713848329,1.01718458242055,1.01718458242055,0.839005988515616,1.01718458242055,1.01718458242055,1.01718458242055,1.01718458242055,1.01718458242055,1.01718458242055,1.01718458242055,1.01718458242055,1.02479713848329,1.01718458242055,1.01718458242055,1.01718458242055,1.02479713848329,1.01718458242055,0.983670107599374,1.03763980474556,1.01718458242055,1.01718458242055,1.01718458242055,1.01718458242055,1.01718458242055,1.01718458242055,1.01718458242055,1.01718458242055,1.01718458242055
