"","V1","V2","V3","V4","V5","V6","V7","V8","V9","V10","V11","V12","V13","V14","V15","V16","V17","V18","V19","V20","V21","V22","V23","V24","V25","V26","V27","V28","V29","V30","V31","V32","V33","V34","V35","V36","V37","V38","V39","V40","V41","V42","V43","V44","V45","V46","V47","V48","V49","V50","V51","V52","V53","V54","V55","V56","V57","V58","V59","V60","V61","V62","V63","V64","V65","V66","V67","V68","V69","V70","V71","V72","V73","V74","V75","V76","V77","V78","V79","V80","V81","V82","V83","V84","V85","V86","V87","V88","V89","V90","V91","V92","V93","V94","V95","V96","V97","V98","V99","V100"
"1",0.288083172148524,0.285874905143777,0.269648244937739,0.273650127699484,0.287523457654886,0.289555630139898,0.29073640364059,0.287158479476577,0.290151734068836,0.282088114291754,0.296042866624722,0.290151734068836,0.277848460575355,0.283111143790251,0.286949612788568,0.282713847295523,0.281412836922801,0.291398133192977,0.277227043905944,0.296042866624722,0.275420163481746,0.296042866624722,0.290248682244187,0.28381315100129,0.280367500944327,0.286942290193713,0.285465002405733,0.284387138119682,0.25289957652113,0.274675453552888,0.283070507114459,0.290151734068836,0.291509225288824,0.282199206387601,0.285864318879912,0.289555630139898,0.290327855684203,0.293760059533225,0.285864318879912,0.290151734068836,0.273958069570046,0.287080633722585,0.296042866624722,0.285495566279908,0.280162387001506,0.239956142801606,0.285471098923188,0.255631274257188,0.237732657686922,0.28587201268494,0.286088201967804,0.274841041740876,0.296042866624722,0.284136503513197,0.294762597959164,0.289880777737501,0.293686901323764,0.296042866624722,0.296042866624722,0.261635520243154,0.289555630139898,0.274160704262435,0.283648782116794,0.267008811896846,0.275000072785644,0.279132752942433,0.278657542954629,0.274201293520869,0.286942290193713,0.296042866624722,0.274907730867925,0.286942290193713,0.279371059035842,0.29625963168979,0.283669320606709,0.281708775427885,0.287080633722585,0.295189354181017,0.261424320621131,0.281835847173373,0.284942056686257,0.286726168649932,0.285874905143777,0.290327855684203,0.296042866624722,0.293760059533225,0.294102277379701,0.288083172148524,0.277535682134278,0.280010515977793,0.284795977354126,0.274312649799139,0.267726502060343,0.27650946212498,0.280280523961968,0.281412836922801,0.289991869833348,0.281412836922801,0.290248682244187,0.285869804390839
"2",0.384440120785233,0.400752274487716,0.393074049448509,0.295693509078915,0.386029631911744,0.289555630139898,0.387093352277299,0.387798976755362,0.290151734068836,0.282088114291754,0.394678016095297,0.290151734068836,0.378488957854139,0.283111143790251,0.286949612788568,0.304609286518046,0.389089541761511,0.389904307449836,0.277227043905944,0.296042866624722,0.379836708194017,0.296042866624722,0.290248682244187,0.349023750637934,0.302285158586019,0.387798976755362,0.354529142986624,0.388008290521318,0.25289957652113,0.373181627809747,0.283070507114459,0.290151734068836,0.390015399545683,0.38070538064446,0.285864318879912,0.289555630139898,0.388834029941062,0.390117008169934,0.285864318879912,0.290151734068836,0.377512160279677,0.287080633722585,0.296042866624722,0.384001740536766,0.280162387001506,0.350294908396852,0.386111596201973,0.255631274257188,0.237732657686922,0.304594092641766,0.304207593756841,0.292902313396842,0.296042866624722,0.382642677770056,0.359952875870958,0.388386951994359,0.327475589371375,0.296042866624722,0.296042866624722,0.360141694500012,0.289555630139898,0.305805694199056,0.283648782116794,0.370382716646139,0.378373977534937,0.279132752942433,0.295670890999157,0.310577993871594,0.387798976755362,0.296042866624722,0.347901551122169,0.387798976755362,0.393008207059995,0.392616580326499,0.300682668651237,0.281708775427885,0.287080633722585,0.391546302817726,0.278437668665659,0.300557927130199,0.312564564406043,0.385232342906791,0.302888253188305,0.388834029941062,0.296042866624722,0.327548747580836,0.39045922601641,0.384440120785233,0.378260853266605,0.384620658988802,0.385685517370949,0.372818824055998,0.267726502060343,0.293522810169508,0.387534116941482,0.389089541761511,0.307005217877876,0.281412836922801,0.290248682244187,0.302883152435367
"3",0.384440120785233,0.400752274487716,0.496609173214946,0.309235229128213,0.386459693800839,0.388190779610473,0.387093352277299,0.395919538005474,0.290151734068836,0.282088114291754,0.491034964732005,0.290151734068836,0.378488957854139,0.283111143790251,0.286949612788568,0.315704948286216,0.389089541761511,0.389904307449836,0.277227043905944,0.394678016095297,0.379836708194017,0.296042866624722,0.290248682244187,0.395601157542247,0.312265970528912,0.387798976755362,0.354529142986624,0.388008290521318,0.374385202285721,0.373611689698842,0.283070507114459,0.290151734068836,0.390015399545683,0.38070538064446,0.285864318879912,0.289555630139898,0.388834029941062,0.39052105825122,0.285864318879912,0.290151734068836,0.377512160279677,0.287080633722585,0.394678016095297,0.384001740536766,0.304498871813027,0.368421074094173,0.386111596201973,0.255631274257188,0.361026594525139,0.314574904584658,0.30534730382552,0.294817432746718,0.394678016095297,0.392623489712948,0.405189048935162,0.388386951994359,0.380089212399188,0.296042866624722,0.296042866624722,0.376092838179659,0.289555630139898,0.379507848494675,0.283648782116794,0.370382716646139,0.378373977534937,0.377767902413007,0.296999118935362,0.310577993871594,0.38830057111593,0.394678016095297,0.410607891057715,0.387798976755362,0.414903646282518,0.392616580326499,0.300682668651237,0.386097641950909,0.390647540666688,0.501545997571871,0.29063226834855,0.300557927130199,0.355878695186105,0.385232342906791,0.372104725418673,0.388834029941062,0.296042866624722,0.327548747580836,0.390863276097697,0.384440120785233,0.378260853266605,0.394673138881332,0.385685517370949,0.453311692701445,0.267726502060343,0.309492109278135,0.387534116941482,0.389089541761511,0.317027892573959,0.281412836922801,0.290248682244187,0.308995927270286
"4",0.38484417086652,0.400752274487716,0.496609173214946,0.354241482197463,0.386459693800839,0.486696953867331,0.387093352277299,0.512250303562877,0.38878688353941,0.282088114291754,0.536890259465493,0.290151734068836,0.384254908584949,0.389554909260579,0.391338479311592,0.315704948286216,0.389089541761511,0.506235073007239,0.381944694260537,0.409916058256917,0.497354303126118,0.394678016095297,0.290248682244187,0.434150378983708,0.312265970528912,0.387798976755362,0.354529142986624,0.388008290521318,0.47289137654258,0.383396803431428,0.384993494900719,0.38878688353941,0.506235073007239,0.38070538064446,0.285864318879912,0.388190779610473,0.397757976713582,0.39052105825122,0.390581969234505,0.290151734068836,0.504480630761845,0.390647540666688,0.409916058256917,0.384431802425861,0.304498871813027,0.38217075312777,0.386111596201973,0.255631274257188,0.465890894574941,0.314574904584658,0.338616270533997,0.308850891120031,0.428466704142908,0.398389440443758,0.405189048935162,0.388386951994359,0.380089212399188,0.296042866624722,0.296042866624722,0.388102977566085,0.388190779610473,0.379507848494675,0.382283931587368,0.370884311006706,0.378373977534937,0.422704682278902,0.313245321866797,0.310577993871594,0.38830057111593,0.491034964732005,0.410607891057715,0.504556498534619,0.416043356351196,0.392616580326499,0.328618266411882,0.43580661310681,0.428429149595385,0.501545997571871,0.295210415616652,0.31765922082597,0.362420258415361,0.385662404795886,0.417765622532244,0.3948492604967,0.394678016095297,0.327793705652179,0.390863276097697,0.508046416082214,0.391379204048192,0.394673138881332,0.386192530858143,0.453311692701445,0.372444152414936,0.311796674163039,0.387534116941482,0.389089541761511,0.317027892573959,0.389089541761511,0.392171670030447,0.325777119930126
"5",0.38484417086652,0.436096536381338,0.496609173214946,0.354241482197463,0.396200302956003,0.487127015756426,0.387093352277299,0.513377481901231,0.487293057796268,0.386476980814778,0.53729430954678,0.38878688353941,0.384254908584949,0.4047929514222,0.487695427948301,0.315704948286216,0.389089541761511,0.51158917011442,0.480450868517396,0.491034964732005,0.503120253856927,0.491034964732005,0.392171670030447,0.434150378983708,0.321138435598478,0.38830057111593,0.415354151826812,0.388008290521318,0.47289137654258,0.383396803431428,0.483499669157578,0.487293057796268,0.506235073007239,0.38070538064446,0.390581969234505,0.486696953867331,0.404805550891607,0.39052105825122,0.424370657282116,0.38878688353941,0.504480630761845,0.424436228714299,0.491034964732005,0.384431802425861,0.304498871813027,0.38217075312777,0.396092408144865,0.37563737277972,0.465890894574941,0.334238794879664,0.376535322061764,0.324820190228659,0.433980665485576,0.398389440443758,0.405189048935162,0.388817013883454,0.380089212399188,0.394678016095297,0.394678016095297,0.38853303945518,0.486696953867331,0.380036538488376,0.480790105844227,0.374607645240712,0.378373977534937,0.485676992949287,0.314688509800479,0.310577993871594,0.38830057111593,0.491439014813292,0.410607891057715,0.50475158709318,0.426511415516911,0.508046416082214,0.328618266411882,0.471770538582379,0.478314919757481,0.514501774554657,0.319379720371738,0.31765922082597,0.37698416122462,0.385662404795886,0.432668762668335,0.395044349055261,0.491034964732005,0.327793705652179,0.390863276097697,0.508046416082214,0.394833897272714,0.394673138881332,0.386192530858143,0.49901187848306,0.394709447029731,0.33906192595996,0.387534116941482,0.389089541761511,0.382238492210604,0.389089541761511,0.488528618667156,0.335757931873019
"6",0.38484417086652,0.436096536381338,0.496609173214946,0.354241482197463,0.396200302956003,0.487127015756426,0.392377000738333,0.513377481901231,0.495150791404985,0.484983155071637,0.53729430954678,0.424750809014979,0.510322449265429,0.427101463571843,0.487695427948301,0.329098997134936,0.389089541761511,0.515428621329438,0.534312787363669,0.536890259465493,0.503120253856927,0.508220370046931,0.425960358078059,0.434150378983708,0.336091160743203,0.396089481816487,0.43580661310681,0.388008290521318,0.473321438431675,0.383396803431428,0.483929731046673,0.487723119685363,0.506235073007239,0.386720611200098,0.405820011396125,0.486696953867331,0.404805550891607,0.39052105825122,0.424615615353459,0.415760586323814,0.504480630761845,0.444742671627341,0.492796180885683,0.384431802425861,0.325099166867401,0.413290358737932,0.396092408144865,0.474143547036578,0.466397908062135,0.364737002787359,0.387610662105084,0.354241482197463,0.433980665485576,0.400716413417264,0.440533310828784,0.388817013883454,0.380089212399188,0.491034964732005,0.491034964732005,0.38853303945518,0.538923786732163,0.380036538488376,0.480790105844227,0.387120137665434,0.391598001285745,0.485676992949287,0.354241482197463,0.412500981657854,0.38830057111593,0.491439014813292,0.471432899897902,0.512445392121439,0.452337618238112,0.508046416082214,0.332184729123079,0.486477397952051,0.494628441789437,0.514501774554657,0.329188339566067,0.31765922082597,0.421068756332834,0.385662404795886,0.432668762668335,0.395044349055261,0.517107737714721,0.332663319291116,0.390863276097697,0.512977821312512,0.403707717123937,0.394673138881332,0.394843082692346,0.49901187848306,0.42924608293436,0.354339798702287,0.388071477537786,0.389089541761511,0.413358097820766,0.389089541761511,0.536890259465493,0.446780419038871
"7",0.397799947849306,0.472060461856908,0.496609173214946,0.442191157142058,0.396200302956003,0.487127015756426,0.394560908768893,0.523955617076552,0.495150791404985,0.485413216960732,0.53729430954678,0.44623835057631,0.510322449265429,0.429690654534998,0.488099478029588,0.329640909797606,0.389089541761511,0.52416425345168,0.534312787363669,0.536890259465493,0.52137458189897,0.508220370046931,0.432476857846667,0.434150378983708,0.34041562379131,0.398977605352187,0.43580661310681,0.388008290521318,0.473321438431675,0.395406942817854,0.505809454801978,0.505809454801978,0.506430161565801,0.386890555011112,0.427959202934317,0.487127015756426,0.521779837735931,0.443134681279033,0.429550258511917,0.451724511799383,0.537359013918703,0.444742671627341,0.492796180885683,0.390566253767287,0.445221857899307,0.413290358737932,0.550866154520996,0.474573608925673,0.50346473418877,0.364737002787359,0.387610662105084,0.354241482197463,0.445652109457834,0.401146475306359,0.458323558414333,0.397460249896711,0.392721196566028,0.491439014813292,0.491439014813292,0.38853303945518,0.55583146180747,0.497137863208647,0.486304067186895,0.387120137665434,0.391598001285745,0.496406863670155,0.354241482197463,0.426712532853845,0.38830057111593,0.541328849320359,0.471432899897902,0.512445392121439,0.455585029869162,0.513460123582288,0.352137953362593,0.486477397952051,0.494628441789437,0.528564408150946,0.3465549523467,0.31765922082597,0.421068756332834,0.431426658202045,0.432668762668335,0.406859399883126,0.51802898924126,0.398829039995716,0.390863276097697,0.524433855001358,0.410399661117084,0.512250303562877,0.394843082692346,0.511754277354919,0.449931566659306,0.354339798702287,0.451764721718954,0.389089541761511,0.422870019832283,0.389089541761511,0.53729430954678,0.450953146541431
"8",0.397799947849306,0.472917699950169,0.497137863208647,0.442191157142058,0.396200302956003,0.508614557317758,0.394560908768893,0.523955617076552,0.495150791404985,0.485413216960732,0.53729430954678,0.451156207990041,0.528671612023438,0.435803429369917,0.510203445244706,0.361564618964455,0.389089541761511,0.536174392838106,0.534312787363669,0.536890259465493,0.525235709620495,0.508624420128218,0.474321998876396,0.46949464087733,0.347243723340954,0.398977605352187,0.471770538582379,0.552762848840341,0.479076550909231,0.395406942817854,0.505809454801978,0.505809454801978,0.512445392121439,0.389667586450965,0.432738872619068,0.487127015756426,0.527850614339493,0.455693507236412,0.429550258511917,0.451724511799383,0.555784044449487,0.487408539384683,0.492796180885683,0.402576393153713,0.445221857899307,0.422870019832283,0.550866154520996,0.474573608925673,0.503973535987751,0.364737002787359,0.410980957282514,0.354241482197463,0.451504766214671,0.401458088635211,0.458926991712032,0.407441061839603,0.392721196566028,0.491439014813292,0.491439014813292,0.38853303945518,0.55583146180747,0.497137863208647,0.486304067186895,0.387120137665434,0.405571138005794,0.512082391924349,0.354241482197463,0.426712532853845,0.505058092895186,0.557312238158216,0.526775459616756,0.524260442949304,0.461389930572602,0.515369010936544,0.370949774056357,0.486477397952051,0.53729430954678,0.528564408150946,0.348034915828452,0.416294370296544,0.49590079853012,0.431426658202045,0.432668762668335,0.409768116100008,0.523312637702294,0.444092308693054,0.396042877327497,0.524433855001358,0.536514443033931,0.513377481901231,0.398218927624449,0.511754277354919,0.453717707216134,0.356729416779598,0.466182795830688,0.389089541761511,0.423768240070659,0.389089541761511,0.53729430954678,0.452755006144809
"9",0.409185207744407,0.481359750887409,0.497137863208647,0.442191157142058,0.396200302956003,0.508614557317758,0.394560908768893,0.523955617076552,0.507343826315062,0.492681620548795,0.53729430954678,0.453093545759087,0.528671612023438,0.435803429369917,0.510203445244706,0.361564618964455,0.389089541761511,0.536336966636907,0.534312787363669,0.53729430954678,0.525235709620495,0.508624420128218,0.474321998876396,0.46949464087733,0.347243723340954,0.410987744738614,0.471770538582379,0.552762848840341,0.49155815431218,0.39913027705186,0.511662111558815,0.50612106813083,0.513572570459793,0.389667586450965,0.432738872619068,0.508614557317758,0.528464330429967,0.501950047653158,0.436918915942573,0.451724511799383,0.555784044449487,0.494426308366261,0.49320023096697,0.402576393153713,0.450139715313038,0.423768240070659,0.550866154520996,0.474573608925673,0.503973535987751,0.364737002787359,0.410980957282514,0.354241482197463,0.467180294468865,0.512480575801063,0.495165097899279,0.407441061839603,0.392966154637371,0.541328849320359,0.496618616043093,0.38853303945518,0.55583146180747,0.497137863208647,0.48673412907599,0.387120137665434,0.405571138005794,0.514019729693395,0.354241482197463,0.438009135837333,0.505058092895186,0.557312238158216,0.547082281868661,0.524260442949304,0.491396650790888,0.515369010936544,0.370949774056357,0.486477397952051,0.53729430954678,0.528564408150946,0.351645408943492,0.430505921492535,0.49590079853012,0.451125454446435,0.468013024561957,0.409768116100008,0.523312637702294,0.475113990685071,0.396042877327497,0.524433855001358,0.536514443033931,0.523955617076552,0.398218927624449,0.514070953987834,0.491739722149808,0.460198115601408,0.466182795830688,0.389089541761511,0.423768240070659,0.389089541761511,0.53729430954678,0.452755006144809
"10",0.459016190536308,0.482221893290268,0.497731474339336,0.442191157142058,0.396200302956003,0.508926170646609,0.395631186277667,0.523955617076552,0.507773888204157,0.499815900752847,0.53729430954678,0.453405159087939,0.528671612023438,0.441552038895521,0.515642893596257,0.361564618964455,0.389089541761511,0.536336966636907,0.54901964673334,0.53729430954678,0.532653139190792,0.508819508686779,0.474566956947739,0.484201500247002,0.350832865097084,0.410987744738614,0.471770538582379,0.552762848840341,0.49155815431218,0.39913027705186,0.511662111558815,0.524966785461645,0.525387621287658,0.389667586450965,0.440452999372177,0.51219118089138,0.531919023654489,0.501950047653158,0.456469119734859,0.451724511799383,0.555784044449487,0.494426308366261,0.49320023096697,0.402576393153713,0.452077053082084,0.423768240070659,0.550866154520996,0.505679395762937,0.509826192744588,0.452686677731954,0.412866813348606,0.442191157142058,0.483657690890012,0.519426676833002,0.518423230703353,0.427709313457743,0.399330268565237,0.557312238158216,0.502132577385762,0.405899652235813,0.568949812589057,0.497731474339336,0.48673412907599,0.387120137665434,0.405571138005794,0.514606295959469,0.442191157142058,0.438009135837333,0.505058092895186,0.557312238158216,0.547082281868661,0.524260442949304,0.491396650790888,0.526662470826589,0.370949774056357,0.486477397952051,0.53729430954678,0.53242553587247,0.354734311120711,0.451993463053867,0.49590079853012,0.45817302862446,0.480502512794148,0.409768116100008,0.523547611032827,0.477490006754548,0.439827659255088,0.524433855001358,0.540828067828786,0.523955617076552,0.514881614687738,0.522776780913629,0.500534964664944,0.460198115601408,0.466182795830688,0.389089541761511,0.424481193917484,0.389089541761511,0.53729430954678,0.468446906935324
"11",0.465356568689548,0.482221893290268,0.497731474339336,0.442191157142058,0.396200302956003,0.554108138896729,0.427988886200415,0.523955617076552,0.507773888204157,0.517914699860703,0.53729430954678,0.453405159087939,0.528671612023438,0.454710071231832,0.539950927992988,0.361564618964455,0.389089541761511,0.536336966636907,0.54901964673334,0.53729430954678,0.532653139190792,0.508819508686779,0.474566956947739,0.484201500247002,0.35235022055256,0.411731519868128,0.471770538582379,0.572533204651836,0.49155815431218,0.39913027705186,0.524780462340402,0.527649253141862,0.525387621287658,0.389667586450965,0.443731570981331,0.520626051485841,0.532528675399993,0.501950047653158,0.456469119734859,0.452036125128235,0.558832303177006,0.494671266437605,0.496952976155961,0.416549529873763,0.452077053082084,0.468332441433151,0.565814137929922,0.524525113093752,0.525501720998783,0.452686677731954,0.412866813348606,0.442191157142058,0.483657690890012,0.519426676833002,0.518423230703353,0.427709313457743,0.404264911723694,0.557312238158216,0.513804021358019,0.405899652235813,0.568949812589057,0.497731474339336,0.487045742404842,0.387120137665434,0.405720489135626,0.514606295959469,0.442191157142058,0.4598489206294,0.522905661292628,0.557312238158216,0.547082281868661,0.525387621287658,0.493198510394266,0.526662470826589,0.370949774056357,0.487334636045312,0.53729430954678,0.532653139190792,0.354734311120711,0.456911320467598,0.49797090490152,0.463964720206746,0.493723122495181,0.40991746722984,0.523547611032827,0.483728234370875,0.451837798641515,0.524433855001358,0.541071928526987,0.523955617076552,0.526025723447952,0.523675001152005,0.500534964664944,0.460198115601408,0.466182795830688,0.389089541761511,0.424481193917484,0.389089541761511,0.53729430954678,0.468446906935324
"12",0.469387044118157,0.482221893290268,0.497731474339336,0.442191157142058,0.440537293886855,0.57027413875409,0.440944663183201,0.524326827250481,0.507773888204157,0.524962274038728,0.53729430954678,0.453405159087939,0.528671612023438,0.460562727988669,0.542106656565089,0.44951429390905,0.389089541761511,0.538355591305353,0.549449708622435,0.53729430954678,0.532653139190792,0.51399910991658,0.474566956947739,0.484201500247002,0.356590958094285,0.411731519868128,0.471770538582379,0.572533204651836,0.511564567279535,0.39913027705186,0.540455990594596,0.527649253141862,0.527534950213488,0.427709313457743,0.459682661824493,0.531877513144529,0.532528675399993,0.501950047653158,0.459747691344013,0.458946852811119,0.570842442563432,0.508869378199561,0.508624420128218,0.416549529873763,0.462258237231998,0.468332441433151,0.565814137929922,0.53054847233933,0.546630001560397,0.452686677731954,0.413462917277543,0.442191157142058,0.485813419462114,0.519426676833002,0.518423230703353,0.427709313457743,0.404264911723694,0.557312238158216,0.513804021358019,0.405899652235813,0.568949812589057,0.497926562897897,0.50612106813083,0.387120137665434,0.405720489135626,0.525688409911073,0.442191157142058,0.464251961013595,0.522905661292628,0.558043820252821,0.547082281868661,0.525387621287658,0.499734654496896,0.52685755938515,0.370949774056357,0.496066610257081,0.53729430954678,0.542001132621851,0.354734311120711,0.456911320467598,0.49797090490152,0.463964720206746,0.493723122495181,0.40991746722984,0.523547611032827,0.487933476633195,0.451837798641515,0.525390330850971,0.541071928526987,0.523955617076552,0.526025723447952,0.523675001152005,0.500534964664944,0.460707852199732,0.468261708282856,0.389089541761511,0.456435819201738,0.389089541761511,0.53729430954678,0.468446906935324
"13",0.469387044118157,0.482221893290268,0.497731474339336,0.442191157142058,0.440537293886855,0.57027413875409,0.45029265661426,0.536336966636907,0.508085501533009,0.524962274038728,0.552001168916452,0.464676942471477,0.528671612023438,0.460562727988669,0.542899203834245,0.452686677731954,0.389089541761511,0.538355591305353,0.549449708622435,0.552001168916452,0.542001132621851,0.519851766673417,0.475424195041,0.484201500247002,0.366292549537737,0.411731519868128,0.472082151911231,0.593904153703794,0.511564567279535,0.39913027705186,0.540767603923448,0.527649253141862,0.527534950213488,0.43971945284417,0.459682661824493,0.533316291263918,0.532528675399993,0.504621677080121,0.459747691344013,0.471016873546771,0.570842442563432,0.514722034956399,0.508624420128218,0.416549529873763,0.484415013836094,0.495244908086674,0.572362946531479,0.53054847233933,0.567779498002754,0.454942389190319,0.413462917277543,0.442191157142058,0.492099606349087,0.519426676833002,0.520691135196627,0.427709313457743,0.406153206396768,0.569322377544643,0.519656678114856,0.406211265564665,0.568949812589057,0.497926562897897,0.524966785461645,0.387120137665434,0.405720489135626,0.547973890772552,0.442191157142058,0.468478879782421,0.522905661292628,0.572486497199441,0.547082281868661,0.527534950213488,0.509673332730266,0.52685755938515,0.370949774056357,0.496066610257081,0.53729430954678,0.542001132621851,0.354734311120711,0.456911320467598,0.508288623946795,0.463964720206746,0.493723122495181,0.526891754074165,0.542408881257061,0.487933476633195,0.451837798641515,0.525390330850971,0.541071928526987,0.524326827250481,0.526220812006513,0.523675001152005,0.500534964664944,0.463616974851111,0.468261708282856,0.389089541761511,0.457974851163721,0.389089541761511,0.542408881257061,0.468446906935324
"14",0.475178735700444,0.516702170277979,0.497731474339336,0.442191157142058,0.453655644668441,0.57027413875409,0.450520259932581,0.540899871256589,0.535344385856144,0.53214939072739,0.552001168916452,0.483657690890012,0.528671612023438,0.471925552699536,0.542899203834245,0.454942389190319,0.389089541761511,0.538355591305353,0.549449708622435,0.552246126987795,0.546206374884171,0.519851766673417,0.475424195041,0.484810284932245,0.521066295913867,0.527635529203679,0.491739722149808,0.600452962305351,0.512085562113426,0.452547433273281,0.563169596007402,0.527649253141862,0.527534950213488,0.444282357463852,0.462115199384686,0.535998758944135,0.532528675399993,0.504621677080121,0.472359895698666,0.471016873546771,0.570842442563432,0.521008221843372,0.508869378199561,0.418080433145806,0.484415013836094,0.495244908086674,0.573555154389353,0.53054847233933,0.567779498002754,0.474492592982604,0.458917779196767,0.442191157142058,0.506962915904472,0.522122692329786,0.529811525309365,0.429865042029845,0.406153206396768,0.573885282164325,0.519656678114856,0.437116951151238,0.568949812589057,0.509741613725762,0.54394753388018,0.387120137665434,0.405720489135626,0.547973890772552,0.442191157142058,0.481640583577022,0.522905661292628,0.572486497199441,0.547082281868661,0.538035862834378,0.515973067433806,0.52685755938515,0.370949774056357,0.501714044688565,0.537539267618124,0.542001132621851,0.462330663859364,0.470120441620182,0.509090654687546,0.463964720206746,0.549065682214034,0.531454658693847,0.542408881257061,0.495244908086674,0.456400703261197,0.538508681632557,0.541071928526987,0.536336966636907,0.538035862834378,0.523675001152005,0.515241824034615,0.487890936489176,0.468261708282856,0.389089541761511,0.457974851163721,0.389089541761511,0.542408881257061,0.468446906935324
"15",0.475178735700444,0.516702170277979,0.497731474339336,0.442191157142058,0.457110337892963,0.57027413875409,0.450520259932581,0.540899871256589,0.535344385856144,0.550995108058205,0.552001168916452,0.483657690890012,0.539543734818257,0.471925552699536,0.548785730132499,0.454942389190319,0.39735370986723,0.538355591305353,0.549449708622435,0.552246126987795,0.546206374884171,0.546703539108721,0.481071629472484,0.493611000765274,0.521066295913867,0.527635529203679,0.491739722149808,0.60319449169189,0.514991568766994,0.457110337892963,0.563169596007402,0.554297808328664,0.538035862834378,0.444282357463852,0.469061300416626,0.535998758944135,0.532528675399993,0.504621677080121,0.473733644298535,0.490100327962698,0.570842442563432,0.521008221843372,0.527715095530376,0.418080433145806,0.493611000765274,0.504779861386355,0.573555154389353,0.53749457337127,0.573545448733564,0.477771164591758,0.458917779196767,0.442191157142058,0.506962915904472,0.52540126393894,0.529811525309365,0.433655937870288,0.46369037692127,0.573885282164325,0.54650845055016,0.52083882671893,0.568949812589057,0.509741613725762,0.544142622438741,0.387120137665434,0.405720489135626,0.567779498002754,0.442191157142058,0.492271826193284,0.522905661292628,0.572486497199441,0.547082281868661,0.538035862834378,0.515973067433806,0.527177287856126,0.370949774056357,0.501714044688565,0.537539267618124,0.546206374884171,0.462330663859364,0.470120441620182,0.526322122578799,0.463964720206746,0.549065682214034,0.531454658693847,0.542408881257061,0.504779861386355,0.456400703261197,0.541963374857079,0.541281919683772,0.536336966636907,0.538035862834378,0.523675001152005,0.515241824034615,0.495439237967508,0.474439512637296,0.389089541761511,0.457974851163721,0.389089541761511,0.542408881257061,0.470867630799471
"16",0.47985002285266,0.516702170277979,0.533075736232958,0.442191157142058,0.531454658693847,0.57027413875409,0.450520259932581,0.542918495925035,0.550051245225815,0.553677575738422,0.552001168916452,0.483657690890012,0.545437035024795,0.474081281271637,0.569935226574856,0.474492592982604,0.493710658503939,0.538355591305353,0.549449708622435,0.552246126987795,0.546206374884171,0.558238908811382,0.481071629472484,0.493611000765274,0.540836651725362,0.538035862834378,0.491739722149808,0.60940630783982,0.533837286097809,0.467698498452543,0.580897848784341,0.570463808186024,0.54259876745406,0.453156177315075,0.473261123552319,0.535998758944135,0.54259876745406,0.509736248790402,0.483657690890012,0.490100327962698,0.570842442563432,0.537539267618124,0.54394753388018,0.418080433145806,0.50480718733237,0.504806957019488,0.573555154389353,0.540177041051487,0.573545448733564,0.47992689316386,0.458917779196767,0.442191157142058,0.518383562696445,0.52540126393894,0.555727143619906,0.433655937870288,0.466291557702086,0.573885282164325,0.558043820252821,0.522776164487975,0.583392489535677,0.509741613725762,0.546825090118958,0.387120137665434,0.516742976301478,0.567779498002754,0.442191157142058,0.492271826193284,0.523955617076552,0.572486497199441,0.547082281868661,0.54259876745406,0.515973067433806,0.527177287856126,0.370949774056357,0.501714044688565,0.553072638633083,0.546206374884171,0.462330663859364,0.473069530330432,0.537939375284789,0.463964720206746,0.549065682214034,0.531454658693847,0.542408881257061,0.504779861386355,0.456400703261197,0.541963374857079,0.541281919683772,0.540899871256589,0.538035862834378,0.535685140538431,0.51757475804741,0.499644480229828,0.474439512637296,0.389089541761511,0.457974851163721,0.389089541761511,0.553072638633083,0.47275578999438
"17",0.47985002285266,0.516702170277979,0.54778259560263,0.442191157142058,0.531454658693847,0.583392489535677,0.450520259932581,0.542918495925035,0.550051245225815,0.555833304310523,0.567779498002754,0.483657690890012,0.548580128468281,0.474081281271637,0.569935226574856,0.477771164591758,0.494114708585226,0.542918495925035,0.549449708622435,0.557115740626732,0.546206374884171,0.558238908811382,0.485941243111421,0.493611000765274,0.547385460326919,0.538035862834378,0.506446581519479,0.621416447226246,0.544346327408639,0.467698498452543,0.580897848784341,0.570463808186024,0.54259876745406,0.453156177315075,0.473261123552319,0.546630001560397,0.54259876745406,0.518514150100332,0.483657690890012,0.490100327962698,0.585285119510052,0.537539267618124,0.54394753388018,0.418080433145806,0.50480718733237,0.504806957019488,0.573709599498214,0.540177041051487,0.573545448733564,0.492099606349087,0.50348198055926,0.442191157142058,0.531528738154834,0.540361304904611,0.555727143619906,0.523675001152005,0.466291557702086,0.577906274121337,0.572486497199441,0.524369387716225,0.583392489535677,0.517453762497652,0.567974586561316,0.39913027705186,0.5333593733206,0.567779498002754,0.442191157142058,0.494954293873501,0.523955617076552,0.572486497199441,0.561789141238333,0.54259876745406,0.515973067433806,0.527177287856126,0.370949774056357,0.501714044688565,0.553072638633083,0.546206374884171,0.467370451622196,0.473069530330432,0.537939375284789,0.463964720206746,0.549843326884966,0.531919023654489,0.54994764507253,0.504779861386355,0.456400703261197,0.542109691276,0.543483439875869,0.542918495925035,0.538035862834378,0.535685140538431,0.522973562949261,0.499644480229828,0.479110799789512,0.389089541761511,0.457974851163721,0.389089541761511,0.555228367205185,0.499266157452201
"18",0.47985002285266,0.516702170277979,0.54778259560263,0.442191157142058,0.531454658693847,0.583392489535677,0.450520259932581,0.542918495925035,0.550051245225815,0.555833304310523,0.567779498002754,0.483657690890012,0.549630084252205,0.489756809525832,0.569935226574856,0.47992689316386,0.495119414661816,0.542918495925035,0.549761321951287,0.567779498002754,0.546206374884171,0.558238908811382,0.500648102481093,0.524632682757292,0.551159008188247,0.538035862834378,0.531532802499804,0.624528516169795,0.551393901586664,0.469854227024645,0.580897848784341,0.570463808186024,0.54259876745406,0.455311905887177,0.473261123552319,0.546630001560397,0.54259876745406,0.518514150100332,0.483657690890012,0.502778483088398,0.585285119510052,0.552246126987795,0.546630001560397,0.420968556681506,0.50480718733237,0.504806957019488,0.58104574216911,0.540177041051487,0.573545448733564,0.506962915904472,0.50665216963588,0.442191157142058,0.54346978367677,0.540361304904611,0.555727143619906,0.523675001152005,0.48196708595628,0.592348951067957,0.572486497199441,0.525656430290067,0.583392489535677,0.517453762497652,0.567974586561316,0.39913027705186,0.5333593733206,0.567779498002754,0.442191157142058,0.494954293873501,0.523955617076552,0.572486497199441,0.561789141238333,0.54259876745406,0.51659084786925,0.540100550079151,0.370949774056357,0.501714044688565,0.553072638633083,0.546206374884171,0.467370451622196,0.473069530330432,0.538166978603111,0.466120448778848,0.549843326884966,0.531919023654489,0.54994764507253,0.504779861386355,0.530377065364128,0.542109691276,0.543483439875869,0.542918495925035,0.538355591305353,0.535685140538431,0.527178805211581,0.499644480229828,0.486158373967537,0.389089541761511,0.502539052526214,0.39735370986723,0.555228367205185,0.542408989639593
"19",0.47985002285266,0.516702170277979,0.54778259560263,0.442191157142058,0.54259876745406,0.583392489535677,0.450994433512418,0.542918495925035,0.550051245225815,0.555833304310523,0.569935226574856,0.485813419462114,0.549630084252205,0.489756809525832,0.569935226574856,0.492099606349087,0.498505014021848,0.542918495925035,0.549761321951287,0.567779498002754,0.546206374884171,0.558238908811382,0.507594203513033,0.524632682757292,0.551159008188247,0.538355591305353,0.535028139174026,0.635564703023238,0.55718559316895,0.469854227024645,0.580897848784341,0.57127667718003,0.54259876745406,0.459102801727619,0.485223032711768,0.546630001560397,0.54259876745406,0.520669878672434,0.486570471451864,0.503676703326774,0.585285119510052,0.567779498002754,0.567779498002754,0.420968556681506,0.50480718733237,0.504806957019488,0.58104574216911,0.540177041051487,0.575701177305666,0.506962915904472,0.50665216963588,0.442191157142058,0.54346978367677,0.540361304904611,0.555727143619906,0.523675001152005,0.491094520933633,0.592348951067957,0.572486497199441,0.525656430290067,0.583392489535677,0.522016667117335,0.567974586561316,0.399874052181375,0.5333593733206,0.567779498002754,0.442191157142058,0.497110022445603,0.523955617076552,0.572486497199441,0.561789141238333,0.54259876745406,0.51659084786925,0.540100550079151,0.370949774056357,0.502375516832437,0.567779498002754,0.546206374884171,0.495299275474557,0.473963686223838,0.538898560697715,0.466120448778848,0.558121042807251,0.532528675399993,0.564654504442201,0.504779861386355,0.549222782694942,0.542843982933918,0.55197521129991,0.542918495925035,0.538355591305353,0.535685140538431,0.527178805211581,0.504820504836055,0.486158373967537,0.39735370986723,0.502539052526214,0.398358415943821,0.555228367205185,0.542408989639593
"20",0.47985002285266,0.524250471756311,0.54778259560263,0.442191157142058,0.54259876745406,0.595533880169002,0.453663353376068,0.542918495925035,0.550051245225815,0.555833304310523,0.569935226574856,0.506962915904472,0.549630084252205,0.489756809525832,0.569935226574856,0.503520253141061,0.498749972093191,0.542918495925035,0.556583311435659,0.567779498002754,0.546206374884171,0.558238908811382,0.507594203513033,0.533779355634169,0.554318359011614,0.542918495925035,0.544148529286764,0.635564703023238,0.55718559316895,0.473645122865087,0.580897848784341,0.57127667718003,0.54259876745406,0.459102801727619,0.485223032711768,0.548785730132499,0.542918495925035,0.520669878672434,0.486780462608649,0.518383562696445,0.585285119510052,0.567779498002754,0.567779498002754,0.452642267989248,0.50480718733237,0.504806957019488,0.58104574216911,0.540177041051487,0.575701177305666,0.506962915904472,0.50665216963588,0.442191157142058,0.54346978367677,0.540361304904611,0.555727143619906,0.523675001152005,0.491094520933633,0.592348951067957,0.573860245799309,0.54060773968796,0.583392489535677,0.524703605577019,0.567974586561316,0.399874052181375,0.536041841000817,0.567974586561316,0.442191157142058,0.497110022445603,0.523955617076552,0.572486497199441,0.561789141238333,0.542918495925035,0.517376621230121,0.540100550079151,0.370949774056357,0.511973332000987,0.567779498002754,0.546206374884171,0.495299275474557,0.473963686223838,0.538898560697715,0.469854227024645,0.558121042807251,0.54259876745406,0.564654504442201,0.504779861386355,0.549222782694942,0.542843982933918,0.55197521129991,0.543595886753373,0.538355591305353,0.540248045158113,0.548303644627787,0.504820504836055,0.491950065549823,0.421292701740682,0.506034389200436,0.415442917120957,0.569935226574856,0.542408989639593
"21",0.48251894271631,0.538957331125982,0.547973890772552,0.442191157142058,0.54259876745406,0.595533880169002,0.453663353376068,0.542918495925035,0.550051245225815,0.559546977596535,0.569935226574856,0.506962915904472,0.549630084252205,0.499321026109297,0.569935226574856,0.518383562696445,0.498749972093191,0.542918495925035,0.567779498002754,0.569935226574856,0.546206374884171,0.558238908811382,0.518257960889055,0.541090787087648,0.557566583511659,0.542918495925035,0.544148529286764,0.635564703023238,0.559189315239173,0.473645122865087,0.580897848784341,0.583286816566456,0.54259876745406,0.459102801727619,0.496240604865248,0.555731831164438,0.542918495925035,0.521245660876521,0.487571655096147,0.518383562696445,0.585285119510052,0.569935226574856,0.567779498002754,0.452642267989248,0.50480718733237,0.504806957019488,0.58104574216911,0.553576102592337,0.579492073146109,0.518383562696445,0.50665216963588,0.442191157142058,0.54346978367677,0.547272032587495,0.556995219250554,0.523675001152005,0.491094520933633,0.592348951067957,0.573860245799309,0.561771461337713,0.583392489535677,0.524703605577019,0.570130315133417,0.401879941902248,0.536041841000817,0.56912615096949,0.442191157142058,0.497110022445603,0.523955617076552,0.572486497199441,0.561789141238333,0.542918495925035,0.517952403434208,0.540100550079151,0.370949774056357,0.5410068448162,0.567779498002754,0.546206374884171,0.505916699317921,0.473963686223838,0.547162728803435,0.473645122865087,0.558121042807251,0.54259876745406,0.572827902176923,0.513022352985567,0.556168883726882,0.542843982933918,0.55197521129991,0.547946090652957,0.538355591305353,0.540248045158113,0.548303644627787,0.506056065706943,0.49568384379562,0.440533310828784,0.506034389200436,0.418536425555809,0.569935226574856,0.543221858633598
"22",0.48251894271631,0.543162573388302,0.547973890772552,0.442191157142058,0.54259876745406,0.595533880169002,0.455469277324416,0.542918495925035,0.550051245225815,0.559546977596535,0.569935226574856,0.522312754648401,0.550001294426134,0.502233806671148,0.569935226574856,0.518383562696445,0.498749972093191,0.543595886753373,0.567779498002754,0.569935226574856,0.546206374884171,0.558238908811382,0.520413689461157,0.541090787087648,0.557566583511659,0.542918495925035,0.544148529286764,0.635564703023238,0.56187178291939,0.473645122865087,0.580897848784341,0.590232917598396,0.54259876745406,0.459102801727619,0.496240604865248,0.555731831164438,0.542918495925035,0.521245660876521,0.487571655096147,0.527178805211581,0.585285119510052,0.573726122415299,0.569935226574856,0.452642267989248,0.50480718733237,0.504806957019488,0.58104574216911,0.553576102592337,0.579492073146109,0.545296029349968,0.50665216963588,0.442191157142058,0.54346978367677,0.547272032587495,0.556995219250554,0.535685140538431,0.491094520933633,0.592348951067957,0.581639402071939,0.561771461337713,0.590338590567616,0.524703605577019,0.570130315133417,0.402102342859008,0.546630001560397,0.56912615096949,0.442191157142058,0.50098112136012,0.524326827250481,0.57943259823138,0.561789141238333,0.542918495925035,0.517952403434208,0.540100550079151,0.370949774056357,0.543162573388302,0.567779498002754,0.546206374884171,0.505916699317921,0.485260289207327,0.553848576279127,0.473645122865087,0.559019263045627,0.54259876745406,0.572827902176923,0.514070953987834,0.558851351407099,0.548133050521579,0.55197521129991,0.547946090652957,0.542918495925035,0.546146940612893,0.548303644627787,0.50665216963588,0.49568384379562,0.440533310828784,0.506034389200436,0.452325113603421,0.569935226574856,0.543221858633598
"23",0.48251894271631,0.543162573388302,0.547973890772552,0.442191157142058,0.575477150610918,0.595533880169002,0.455469277324416,0.542918495925035,0.550051245225815,0.559546977596535,0.57108679098303,0.522312754648401,0.550001294426134,0.502233806671148,0.569935226574856,0.545296029349968,0.515834473270328,0.547946090652957,0.569935226574856,0.573726122415299,0.546992148245043,0.572681585758002,0.544930698928429,0.545296029349968,0.557566583511659,0.542918495925035,0.545928712383635,0.635564703023238,0.56187178291939,0.473645122865087,0.580897848784341,0.590232917598396,0.54259876745406,0.459102801727619,0.496240604865248,0.555731831164438,0.542918495925035,0.521245660876521,0.487571655096147,0.527178805211581,0.589913053649255,0.573726122415299,0.569935226574856,0.45310663294989,0.51175328836431,0.506562754046539,0.58104574216911,0.553576102592337,0.579492073146109,0.545296029349968,0.50665216963588,0.442191157142058,0.54346978367677,0.559342053323147,0.556995219250554,0.535685140538431,0.491094520933633,0.592348951067957,0.581639402071939,0.579789637389181,0.590338590567616,0.524703605577019,0.57392121097386,0.403545530792689,0.546630001560397,0.571281879541591,0.442191157142058,0.50098112136012,0.536336966636907,0.57943259823138,0.564122075251128,0.542918495925035,0.517952403434208,0.540100550079151,0.370949774056357,0.543162573388302,0.567779498002754,0.549349468327658,0.505916699317921,0.492206390239266,0.553848576279127,0.473645122865087,0.559019263045627,0.54259876745406,0.572827902176923,0.514070953987834,0.558851351407099,0.548133050521579,0.560025323903874,0.547946090652957,0.542918495925035,0.546146940612893,0.548303644627787,0.507803734044054,0.540248045158113,0.474321998876396,0.50665216963588,0.452325113603421,0.569935226574856,0.545291965004998
"24",0.48251894271631,0.543162573388302,0.547973890772552,0.447203849271756,0.575477150610918,0.602479981200941,0.459330405045941,0.542918495925035,0.550051245225815,0.559546977596535,0.57108679098303,0.529258855680341,0.550001294426134,0.502443797827933,0.569935226574856,0.545296029349968,0.515834473270328,0.547946090652957,0.573726122415299,0.573726122415299,0.546992148245043,0.572681585758002,0.544930698928429,0.545296029349968,0.567083416606681,0.542918495925035,0.545928712383635,0.636241280982581,0.56187178291939,0.540248045158113,0.583053577356443,0.590232917598396,0.54259876745406,0.549121865009336,0.496240604865248,0.562018018051412,0.542918495925035,0.521245660876521,0.487571655096147,0.548303644627787,0.589913053649255,0.573726122415299,0.573726122415299,0.45310663294989,0.513909016936411,0.506562754046539,0.58104574216911,0.553576102592337,0.579492073146109,0.545296029349968,0.50665216963588,0.442191157142058,0.54346978367677,0.561366097118219,0.556995219250554,0.535685140538431,0.500504021451905,0.594251064513929,0.581639402071939,0.579789637389181,0.593793283792138,0.528161008364854,0.57392121097386,0.442178869272432,0.548785730132499,0.571281879541591,0.442191157142058,0.50098112136012,0.538355591305353,0.57943259823138,0.572827902176923,0.542918495925035,0.517952403434208,0.540523241956034,0.370949774056357,0.543162573388302,0.567779498002754,0.549349468327658,0.505916699317921,0.492206390239266,0.558563216444357,0.473645122865087,0.573726122415299,0.542918495925035,0.572827902176923,0.514070953987834,0.558851351407099,0.548133050521579,0.560025323903874,0.547946090652957,0.542918495925035,0.546146940612893,0.548303644627787,0.508013725200839,0.540248045158113,0.474321998876396,0.507204920551803,0.454858555301404,0.570720999935728,0.545291965004998
"25",0.48251894271631,0.543162573388302,0.554919991804492,0.461063265619544,0.575477150610918,0.602479981200941,0.459330405045941,0.542918495925035,0.552205009364515,0.559546977596535,0.57108679098303,0.529258855680341,0.550001294426134,0.503234990315431,0.569935226574856,0.546557331072333,0.515834473270328,0.547946090652957,0.573726122415299,0.573726122415299,0.54756793044913,0.572681585758002,0.544930698928429,0.545296029349968,0.588173248464879,0.542918495925035,0.54826164639643,0.636317622928935,0.56187178291939,0.540248045158113,0.583053577356443,0.592303023969796,0.54259876745406,0.549121865009336,0.496240604865248,0.576881327606796,0.542918495925035,0.525036556716963,0.496172323869751,0.548303644627787,0.589913053649255,0.57451189577617,0.573726122415299,0.46353438736132,0.513909016936411,0.506562754046539,0.58104574216911,0.553576102592337,0.579492073146109,0.545296029349968,0.507204920551803,0.442191157142058,0.54346978367677,0.561366097118219,0.556995219250554,0.535685140538431,0.5376676548566,0.594251064513929,0.581639402071939,0.581945365961282,0.593793283792138,0.528161008364854,0.57392121097386,0.443146183375298,0.548785730132499,0.571281879541591,0.442191157142058,0.50098112136012,0.542918495925035,0.57943259823138,0.573726122415299,0.542918495925035,0.519114806095636,0.547696810828129,0.370949774056357,0.543162573388302,0.569935226574856,0.549349468327658,0.505916699317921,0.492206390239266,0.562017909668879,0.473645122865087,0.573726122415299,0.542918495925035,0.573726122415299,0.514070953987834,0.558851351407099,0.548133050521579,0.560025323903874,0.547946090652957,0.542918495925035,0.546146940612893,0.548303644627787,0.508013725200839,0.540248045158113,0.474321998876396,0.508466222274168,0.456809440887016,0.571296782139815,0.547297041856877
"26",0.51796214431432,0.543162573388302,0.554919991804492,0.461063265619544,0.589919827557538,0.606003104446942,0.459330405045941,0.542918495925035,0.552205009364515,0.559546977596535,0.57108679098303,0.529258855680341,0.550001294426134,0.503234990315431,0.573726122415299,0.546557331072333,0.528663442690049,0.547946090652957,0.573726122415299,0.573726122415299,0.54756793044913,0.572681585758002,0.552242130381908,0.546447593758142,0.588173248464879,0.543595886753373,0.553660451298281,0.636317622928935,0.565415891733253,0.540248045158113,0.583053577356443,0.592303023969796,0.542918495925035,0.549121865009336,0.496240604865248,0.576881327606796,0.542918495925035,0.525036556716963,0.496172323869751,0.548303644627787,0.589913053649255,0.575087677980257,0.573726122415299,0.46353438736132,0.513909016936411,0.506562754046539,0.58104574216911,0.555731831164438,0.579492073146109,0.545296029349968,0.542549182445426,0.447203849271756,0.54346978367677,0.580491549765504,0.571702078620226,0.535685140538431,0.539823383428702,0.594251064513929,0.581639402071939,0.581945365961282,0.593793283792138,0.528736790568941,0.57392121097386,0.445666077256714,0.548785730132499,0.571281879541591,0.442191157142058,0.50098112136012,0.542918495925035,0.581014983206377,0.573726122415299,0.542918495925035,0.519114806095636,0.548664124930995,0.370949774056357,0.543162573388302,0.569935226574856,0.549349468327658,0.510466056121036,0.492206390239266,0.562017909668879,0.473645122865087,0.573726122415299,0.542918495925035,0.573726122415299,0.514070953987834,0.558851351407099,0.548133050521579,0.56099263800674,0.547946090652957,0.542918495925035,0.546146940612893,0.549455209035961,0.508013725200839,0.575592307051736,0.489028858246067,0.508466222274168,0.489028858246067,0.571296782139815,0.547297041856877
"27",0.562347961576078,0.551051141827525,0.554919991804492,0.479604807372802,0.589919827557538,0.630124105816841,0.459330405045941,0.542918495925035,0.555314233266585,0.559546977596535,0.571296782139815,0.544930698928429,0.550799260821916,0.507106089229949,0.576894956710262,0.546557331072333,0.552246126987795,0.547946090652957,0.573726122415299,0.573726122415299,0.597619051712424,0.572681585758002,0.552242130381908,0.546447593758142,0.588173248464879,0.543595886753373,0.557865693560601,0.637133404703502,0.565415891733253,0.540248045158113,0.583053577356443,0.592303023969796,0.542918495925035,0.549121865009336,0.496240604865248,0.576881327606796,0.542918495925035,0.525036556716963,0.496172323869751,0.548303644627787,0.591140485830203,0.575087677980257,0.573726122415299,0.46353438736132,0.515060581344585,0.507824055768904,0.58104574216911,0.576881327606796,0.579492073146109,0.545296029349968,0.542549182445426,0.461063265619544,0.54346978367677,0.582647278337606,0.571702078620226,0.535685140538431,0.539823383428702,0.594251064513929,0.581639402071939,0.585736261801725,0.593793283792138,0.535662976310528,0.57392121097386,0.455959708284133,0.555731831164438,0.578227980573531,0.442191157142058,0.50098112136012,0.542918495925035,0.581014983206377,0.573726122415299,0.542918495925035,0.519114806095636,0.548664124930995,0.370949774056357,0.551051141827525,0.569935226574856,0.549349468327658,0.510466056121036,0.492206390239266,0.562017909668879,0.540248045158113,0.573726122415299,0.542918495925035,0.573726122415299,0.514070953987834,0.560206133063774,0.548133050521579,0.561480359403143,0.547946090652957,0.542918495925035,0.546146940612893,0.549665200192746,0.508013725200839,0.590299166421407,0.5080438690927,0.508466222274168,0.489028858246067,0.571296782139815,0.547297041856877
"28",0.562347961576078,0.553132086452178,0.55675077599624,0.490100327962698,0.596865928589478,0.630124105816841,0.459330405045941,0.542918495925035,0.556238194356437,0.559546977596535,0.571296782139815,0.552242130381908,0.550799260821916,0.507106089229949,0.576894956710262,0.546557331072333,0.552246126987795,0.547946090652957,0.580672223447238,0.573726122415299,0.597619051712424,0.572681585758002,0.552242130381908,0.553393694790082,0.598490967510153,0.551151504052651,0.557865693560601,0.637133404703502,0.566770673389928,0.540248045158113,0.586844473196885,0.592303023969796,0.542918495925035,0.549121865009336,0.496240604865248,0.576881327606796,0.542918495925035,0.525036556716963,0.496172323869751,0.548856395543711,0.591140485830203,0.575087677980257,0.573726122415299,0.464363513735205,0.546082263336603,0.507824055768904,0.58104574216911,0.576881327606796,0.579492073146109,0.545296029349968,0.557256041815097,0.461063265619544,0.545420669262382,0.582647278337606,0.576568454331003,0.540248045158113,0.548816180205014,0.594251064513929,0.593649541458365,0.585736261801725,0.593793283792138,0.535662976310528,0.57392121097386,0.459102801727619,0.555731831164438,0.578227980573531,0.447203849271756,0.50098112136012,0.542918495925035,0.590167888078875,0.573726122415299,0.542918495925035,0.519114806095636,0.548664124930995,0.370949774056357,0.551051141827525,0.573726122415299,0.549349468327658,0.512536162492436,0.501900394905441,0.562017909668879,0.540248045158113,0.573726122415299,0.543505116382376,0.573726122415299,0.514070953987834,0.560206133063774,0.548133050521579,0.562741661125508,0.547946090652957,0.542918495925035,0.546146940612893,0.550106859012822,0.508013725200839,0.590299166421407,0.5080438690927,0.508466222274168,0.489273816317411,0.571296782139815,0.548044881331362
"29",0.577629383846346,0.5565867796767,0.55675077599624,0.490100327962698,0.596865928589478,0.633578799041363,0.459330405045941,0.543595886753373,0.556238194356437,0.559546977596535,0.571296782139815,0.553393694790082,0.550799260821916,0.507106089229949,0.58335455564929,0.546557331072333,0.552246126987795,0.547946090652957,0.580672223447238,0.580672223447238,0.597619051712424,0.572681585758002,0.553997927408959,0.553393694790082,0.605413901775764,0.551151504052651,0.557865693560601,0.637133404703502,0.571973034951561,0.540248045158113,0.586844473196885,0.592303023969796,0.542918495925035,0.549121865009336,0.496240604865248,0.580672223447238,0.542918495925035,0.525036556716963,0.496172323869751,0.548856395543711,0.591140485830203,0.575087677980257,0.573726122415299,0.466367235805428,0.546082263336603,0.507824055768904,0.58104574216911,0.580672223447238,0.579492073146109,0.546447593758142,0.557256041815097,0.479604807372802,0.545420669262382,0.582647278337606,0.580773696593323,0.540248045158113,0.55536498880657,0.594251064513929,0.593649541458365,0.585736261801725,0.593793283792138,0.537818704882629,0.57392121097386,0.459102801727619,0.555731831164438,0.578227980573531,0.520546173559363,0.50098112136012,0.542918495925035,0.590167888078875,0.580672223447238,0.542918495925035,0.519114806095636,0.548664124930995,0.370949774056357,0.551051141827525,0.573726122415299,0.549349468327658,0.521252827671485,0.501900394905441,0.562017909668879,0.540248045158113,0.574877686823473,0.544182507210714,0.573726122415299,0.514070953987834,0.560206133063774,0.548133050521579,0.562741661125508,0.547946090652957,0.542918495925035,0.546146940612893,0.550106859012822,0.509176127862266,0.590299166421407,0.5080438690927,0.508466222274168,0.489273816317411,0.571296782139815,0.548044881331362
"30",0.577629383846346,0.5565867796767,0.55675077599624,0.502778483088398,0.596865928589478,0.634255377000707,0.459330405045941,0.551151504052651,0.556238194356437,0.559546977596535,0.578242883171755,0.553393694790082,0.550799260821916,0.507106089229949,0.58335455564929,0.546557331072333,0.567779498002754,0.547946090652957,0.580672223447238,0.580672223447238,0.597619051712424,0.572681585758002,0.555149491817133,0.553393694790082,0.605413901775764,0.551151504052651,0.562816065734093,0.637133404703502,0.58656538817561,0.540248045158113,0.586844473196885,0.592303023969796,0.542918495925035,0.549121865009336,0.496240604865248,0.580672223447238,0.542918495925035,0.525036556716963,0.496172323869751,0.548856395543711,0.591140485830203,0.575087677980257,0.573726122415299,0.470101014051225,0.57803289201497,0.507824055768904,0.58104574216911,0.580672223447238,0.586438174178048,0.546447593758142,0.557256041815097,0.479604807372802,0.546016773191319,0.582647278337606,0.580773696593323,0.540248045158113,0.563582633710199,0.594251064513929,0.593649541458365,0.585736261801725,0.593793283792138,0.573162966776252,0.574706984334731,0.459102801727619,0.555731831164438,0.578227980573531,0.552947131660409,0.50098112136012,0.542918495925035,0.590189564585382,0.580672223447238,0.542918495925035,0.525243838310435,0.548664124930995,0.370949774056357,0.551051141827525,0.573726122415299,0.550501032735832,0.521252827671485,0.501900394905441,0.562017909668879,0.540248045158113,0.575087677980257,0.544182507210714,0.573726122415299,0.514981367261119,0.560206133063774,0.548133050521579,0.562741661125508,0.547946090652957,0.542918495925035,0.55260653955192,0.550106859012822,0.509176127862266,0.590299166421407,0.516839111607835,0.508466222274168,0.504313681018293,0.571296782139815,0.553944955446183
"31",0.577629383846346,0.5565867796767,0.55675077599624,0.502778483088398,0.596865928589478,0.634255377000707,0.459330405045941,0.551708319313545,0.556238194356437,0.559546977596535,0.578242883171755,0.553393694790082,0.550799260821916,0.507106089229949,0.58335455564929,0.546557331072333,0.567779498002754,0.547946090652957,0.583841057742202,0.580672223447238,0.597619051712424,0.572681585758002,0.555149491817133,0.553393694790082,0.605413901775764,0.552118818155517,0.562816065734093,0.637133404703502,0.58656538817561,0.540248045158113,0.593790574228825,0.592303023969796,0.575796879081894,0.549121865009336,0.496240604865248,0.580672223447238,0.542918495925035,0.575087677980257,0.496172323869751,0.549197800521193,0.591140485830203,0.575087677980257,0.573726122415299,0.56292309348497,0.57803289201497,0.507824055768904,0.58104574216911,0.581823787855412,0.58722394753892,0.546657584914927,0.557256041815097,0.479604807372802,0.546016773191319,0.583433051698478,0.580773696593323,0.540248045158113,0.566324163096739,0.60223343803506,0.594755043290212,0.585736261801725,0.596794125161674,0.587869826145923,0.575282766538818,0.459102801727619,0.555731831164438,0.606846800142763,0.552947131660409,0.50098112136012,0.575796879081894,0.590189564585382,0.580672223447238,0.542918495925035,0.525243838310435,0.548664124930995,0.370949774056357,0.551051141827525,0.57451189577617,0.550711023892616,0.521252827671485,0.507942721094212,0.562017909668879,0.540248045158113,0.575087677980257,0.548157436591399,0.573726122415299,0.514981367261119,0.580699915184301,0.548133050521579,0.562741661125508,0.547946090652957,0.542918495925035,0.55260653955192,0.550106859012822,0.544520389755888,0.590299166421407,0.536625426747246,0.508466222274168,0.504313681018293,0.571296782139815,0.559878899102421
"32",0.577629383846346,0.5565867796767,0.55675077599624,0.511573725603534,0.596865928589478,0.634255377000707,0.459330405045941,0.551708319313545,0.563184295388377,0.559546977596535,0.578242883171755,0.553603685946866,0.5525821534821,0.507106089229949,0.58335455564929,0.546557331072333,0.573545448733564,0.547946090652957,0.590300656681229,0.581823787855412,0.597619051712424,0.574090558680944,0.555359482973918,0.553393694790082,0.605413901775764,0.55260653955192,0.562816065734093,0.637133404703502,0.58656538817561,0.540248045158113,0.593790574228825,0.592303023969796,0.590239556028513,0.549121865009336,0.496240604865248,0.582254608422235,0.543595886753373,0.575087677980257,0.496172323869751,0.549197800521193,0.591140485830203,0.582033779012197,0.574877686823473,0.56292309348497,0.57803289201497,0.507824055768904,0.58104574216911,0.581823787855412,0.587799729743007,0.553603685946866,0.557256041815097,0.479604807372802,0.546016773191319,0.583433051698478,0.580773696593323,0.590299166421407,0.566324163096739,0.60223343803506,0.601701144322152,0.585736261801725,0.596794125161674,0.587869826145923,0.575282766538818,0.555020760464116,0.555731831164438,0.612797475352461,0.552947131660409,0.50098112136012,0.575796879081894,0.590189564585382,0.580672223447238,0.55323621497031,0.525243838310435,0.548664124930995,0.370949774056357,0.553132086452178,0.575087677980257,0.550711023892616,0.521930218499822,0.513727720055115,0.562017909668879,0.540248045158113,0.575087677980257,0.548157436591399,0.573726122415299,0.514981367261119,0.580699915184301,0.548133050521579,0.562741661125508,0.547946090652957,0.590239556028513,0.55260653955192,0.550106859012822,0.55922724912556,0.597245267453347,0.537893502377894,0.508466222274168,0.504313681018293,0.575010455425827,0.559878899102421
"33",0.577629383846346,0.5565867796767,0.55675077599624,0.531360040742945,0.596865928589478,0.634255377000707,0.482746546034632,0.551708319313545,0.563184295388377,0.559546977596535,0.578242883171755,0.553603685946866,0.5525821534821,0.507106089229949,0.58335455564929,0.546557331072333,0.573545448733564,0.547946090652957,0.590300656681229,0.581823787855412,0.597619051712424,0.574090558680944,0.555359482973918,0.553393694790082,0.605413901775764,0.55260653955192,0.562816065734093,0.637695639091022,0.59351148920755,0.540248045158113,0.593790574228825,0.596865928589478,0.590239556028513,0.549121865009336,0.496240604865248,0.582254608422235,0.551151504052651,0.575087677980257,0.496172323869751,0.550349364929367,0.591140485830203,0.582033779012197,0.574877686823473,0.565605561165187,0.57803289201497,0.507824055768904,0.58104574216911,0.582033779012197,0.587799729743007,0.553603685946866,0.557256041815097,0.494311666742474,0.546016773191319,0.583433051698478,0.580773696593323,0.590299166421407,0.566324163096739,0.603050371374035,0.601701144322152,0.585736261801725,0.605158547109987,0.587869826145923,0.582228867570758,0.555020760464116,0.559281359104927,0.612797475352461,0.552947131660409,0.50098112136012,0.590239556028513,0.591295066417229,0.581933525169603,0.635147500721628,0.525243838310435,0.549151846327398,0.370949774056357,0.553132086452178,0.575087677980257,0.550711023892616,0.529545446191994,0.513727720055115,0.562017909668879,0.540248045158113,0.575087677980257,0.548157436591399,0.573726122415299,0.516242668983484,0.580699915184301,0.548133050521579,0.562741661125508,0.547946090652957,0.590239556028513,0.55260653955192,0.550106859012822,0.55922724912556,0.597245267453347,0.537893502377894,0.508466222274168,0.505142536435847,0.575010455425827,0.559878899102421
"34",0.577629383846346,0.5565867796767,0.55675077599624,0.546066900112616,0.596865928589478,0.634255377000707,0.482746546034632,0.551708319313545,0.563184295388377,0.559546977596535,0.578242883171755,0.553603685946866,0.5525821534821,0.507106089229949,0.58335455564929,0.546557331072333,0.573545448733564,0.547946090652957,0.590300656681229,0.581823787855412,0.597619051712424,0.574090558680944,0.555359482973918,0.553603685946866,0.605413901775764,0.553867841274285,0.562816065734093,0.637838433077636,0.59351148920755,0.540248045158113,0.593790574228825,0.596865928589478,0.597185657060453,0.549121865009336,0.496240604865248,0.582254608422235,0.552118818155517,0.575087677980257,0.496172323869751,0.550559356086152,0.591140485830203,0.582033779012197,0.574877686823473,0.565605561165187,0.581823787855412,0.507824055768904,0.58104574216911,0.582033779012197,0.587799729743007,0.553603685946866,0.557256041815097,0.530918409018502,0.546016773191319,0.584008833902564,0.580773696593323,0.590299166421407,0.569933301430122,0.603050371374035,0.601701144322152,0.586887826209899,0.606264048941834,0.587869826145923,0.582228867570758,0.555020760464116,0.559281359104927,0.612797475352461,0.553072638633083,0.50098112136012,0.590239556028513,0.591295066417229,0.581933525169603,0.635147500721628,0.525243838310435,0.549151846327398,0.370949774056357,0.580773696593323,0.575087677980257,0.550711023892616,0.532068727027552,0.513727720055115,0.562017909668879,0.540248045158113,0.576348979702622,0.548157436591399,0.573726122415299,0.516242668983484,0.580699915184301,0.548133050521579,0.562741661125508,0.547946090652957,0.590239556028513,0.55260653955192,0.551368160735187,0.582135252158282,0.597245267453347,0.544258266600955,0.508466222274168,0.508912893786374,0.575010455425827,0.56682500013436
"35",0.577629383846346,0.5565867796767,0.55675077599624,0.546965120350992,0.605158547109987,0.634255377000707,0.482746546034632,0.55260653955192,0.563184295388377,0.559546977596535,0.578242883171755,0.553603685946866,0.5525821534821,0.507106089229949,0.58335455564929,0.546557331072333,0.573545448733564,0.547946090652957,0.590300656681229,0.581823787855412,0.597619051712424,0.575464307280813,0.555359482973918,0.582222505516099,0.605556695762377,0.553867841274285,0.562816065734093,0.640877817985304,0.59351148920755,0.540248045158113,0.593790574228825,0.596865928589478,0.597185657060453,0.549121865009336,0.496240604865248,0.582254608422235,0.55260653955192,0.575087677980257,0.496172323869751,0.550559356086152,0.591140485830203,0.582033779012197,0.575087677980257,0.565605561165187,0.581823787855412,0.507824055768904,0.58104574216911,0.582033779012197,0.587799729743007,0.582033779012197,0.558407606223271,0.530918409018502,0.546016773191319,0.584008833902564,0.580773696593323,0.590299166421407,0.569933301430122,0.603050371374035,0.601701144322152,0.587097817366683,0.606264048941834,0.587869826145923,0.582228867570758,0.561480359403143,0.559281359104927,0.612797475352461,0.558838589363893,0.50098112136012,0.590239556028513,0.591295066417229,0.581933525169603,0.641696309323184,0.575294959573729,0.549151846327398,0.370949774056357,0.581925261001497,0.575087677980257,0.550711023892616,0.532068727027552,0.513727720055115,0.562017909668879,0.540248045158113,0.576348979702622,0.548157436591399,0.573726122415299,0.516242668983484,0.591298643040803,0.548133050521579,0.562741661125508,0.547946090652957,0.590239556028513,0.55260653955192,0.551368160735187,0.582135252158282,0.597245267453347,0.544258266600955,0.508466222274168,0.543098573502841,0.575010455425827,0.56682500013436
"36",0.584969590862212,0.5565867796767,0.55675077599624,0.548745303447863,0.605158547109987,0.634255377000707,0.518189747632641,0.553867841274285,0.563184295388377,0.559546977596535,0.578242883171755,0.553603685946866,0.5525821534821,0.507106089229949,0.58335455564929,0.546557331072333,0.573545448733564,0.547946090652957,0.590300656681229,0.581823787855412,0.597619051712424,0.583243463553442,0.555359482973918,0.588173180725796,0.605556695762377,0.553867841274285,0.569762166766032,0.640877817985304,0.59351148920755,0.540248045158113,0.594576347589697,0.596865928589478,0.597185657060453,0.549121865009336,0.496240604865248,0.582254608422235,0.55260653955192,0.575087677980257,0.496172323869751,0.550559356086152,0.591140485830203,0.582033779012197,0.575087677980257,0.572551662197127,0.582033779012197,0.507824055768904,0.58104574216911,0.582033779012197,0.587799729743007,0.582033779012197,0.558617597380056,0.530918409018502,0.548008302226632,0.584008833902564,0.580773696593323,0.590299166421407,0.569933301430122,0.603948591612411,0.601701144322152,0.622064604575996,0.606264048941834,0.587869826145923,0.582228867570758,0.561480359403143,0.559281359104927,0.618502298334921,0.558838589363893,0.50098112136012,0.590916946856851,0.591295066417229,0.581933525169603,0.641696309323184,0.575294959573729,0.549151846327398,0.370949774056357,0.581925261001497,0.575087677980257,0.550711023892616,0.532068727027552,0.513727720055115,0.562017909668879,0.575592307051736,0.576348979702622,0.548157436591399,0.573726122415299,0.516242668983484,0.591298643040803,0.548133050521579,0.562741661125508,0.547946090652957,0.590916946856851,0.55260653955192,0.551368160735187,0.582135252158282,0.598506569175712,0.544624057648257,0.508466222274168,0.543098573502841,0.575010455425827,0.56682500013436
"37",0.584969590862212,0.5565867796767,0.559151110396455,0.548745303447863,0.606264048941834,0.634255377000707,0.519451049355006,0.553867841274285,0.567248288115172,0.559546977596535,0.578242883171755,0.553603685946866,0.5525821534821,0.507106089229949,0.58335455564929,0.546557331072333,0.573545448733564,0.547946090652957,0.590300656681229,0.581823787855412,0.597619051712424,0.583243463553442,0.582033779012197,0.588173180725796,0.605556695762377,0.553867841274285,0.569762166766032,0.640877817985304,0.59351148920755,0.540248045158113,0.594576347589697,0.596865928589478,0.597185657060453,0.549121865009336,0.496240604865248,0.582254608422235,0.55260653955192,0.575087677980257,0.496172323869751,0.550559356086152,0.595543526214397,0.582033779012197,0.575087677980257,0.572551662197127,0.582033779012197,0.507824055768904,0.58104574216911,0.582033779012197,0.587799729743007,0.582033779012197,0.565563698411996,0.535828869324388,0.554954403258572,0.584008833902564,0.580773696593323,0.591450730829581,0.575802215566839,0.603948591612411,0.601701144322152,0.622064604575996,0.606873700687338,0.587869826145923,0.61084768713999,0.561480359403143,0.559281359104927,0.618502298334921,0.558838589363893,0.50098112136012,0.598472564156129,0.591295066417229,0.581933525169603,0.641696309323184,0.575294959573729,0.549151846327398,0.370949774056357,0.581925261001497,0.575087677980257,0.550711023892616,0.532068727027552,0.513727720055115,0.562017909668879,0.590299166421407,0.576348979702622,0.548157436591399,0.574987424137663,0.516242668983484,0.593454371612904,0.548133050521579,0.562741661125508,0.547946090652957,0.598472564156129,0.55260653955192,0.551368160735187,0.582135252158282,0.598506569175712,0.544624057648257,0.508466222274168,0.543098573502841,0.575010455425827,0.567502390962698
"38",0.588519118802702,0.5565867796767,0.562260334298524,0.548745303447863,0.606264048941834,0.634755155953855,0.519451049355006,0.553867841274285,0.567248288115172,0.559546977596535,0.578242883171755,0.553603685946866,0.599903213585578,0.507106089229949,0.584004850844494,0.546557331072333,0.573545448733564,0.547946090652957,0.590300656681229,0.582033779012197,0.604565152744363,0.583243463553442,0.582033779012197,0.589977749892488,0.605556695762377,0.553867841274285,0.598380986335264,0.640877817985304,0.59351148920755,0.546146940612893,0.595152129793784,0.597185657060453,0.597185657060453,0.555020760464116,0.496240604865248,0.582254608422235,0.599927599655398,0.575087677980257,0.496172323869751,0.585526143295464,0.595543526214397,0.582033779012197,0.575087677980257,0.572551662197127,0.582033779012197,0.507824055768904,0.58104574216911,0.582033779012197,0.587799729743007,0.582033779012197,0.565563698411996,0.545363822624068,0.580672223447238,0.584008833902564,0.580773696593323,0.591450730829581,0.575802215566839,0.603948591612411,0.601701144322152,0.622064604575996,0.606873700687338,0.594815927177863,0.616798362349688,0.561480359403143,0.559281359104927,0.618502298334921,0.573545448733564,0.50098112136012,0.598472564156129,0.591295066417229,0.581933525169603,0.641696309323184,0.575294959573729,0.549151846327398,0.370949774056357,0.582135252158282,0.575087677980257,0.550711023892616,0.532068727027552,0.513727720055115,0.594896292825737,0.590299166421407,0.576348979702622,0.548157436591399,0.574987424137663,0.516242668983484,0.597245267453347,0.548133050521579,0.562741661125508,0.547946090652957,0.598472564156129,0.585484922708778,0.551368160735187,0.582135252158282,0.598506569175712,0.544624057648257,0.508466222274168,0.543098573502841,0.575010455425827,0.567502390962698
"39",0.588519118802702,0.56353288070864,0.563184295388377,0.548745303447863,0.606264048941834,0.641303964555411,0.519451049355006,0.553867841274285,0.567248288115172,0.559546977596535,0.578242883171755,0.555408255113558,0.599903213585578,0.507106089229949,0.584004850844494,0.546557331072333,0.575701177305666,0.547946090652957,0.590300656681229,0.582033779012197,0.604565152744363,0.583243463553442,0.582033779012197,0.589977749892488,0.605556695762377,0.553867841274285,0.604331661544962,0.640877817985304,0.59351148920755,0.55260653955192,0.595152129793784,0.605418665188069,0.597185657060453,0.555020760464116,0.496240604865248,0.5835159101446,0.599927599655398,0.575087677980257,0.496172323869751,0.592074951897021,0.595543526214397,0.582033779012197,0.575087677980257,0.572551662197127,0.582033779012197,0.507824055768904,0.58104574216911,0.582033779012197,0.587799729743007,0.582033779012197,0.565563698411996,0.555106870386214,0.580672223447238,0.584008833902564,0.580773696593323,0.591450730829581,0.575802215566839,0.603948591612411,0.602310796067656,0.627559436401672,0.606873700687338,0.594815927177863,0.616798362349688,0.561480359403143,0.559281359104927,0.620211829568397,0.573545448733564,0.50098112136012,0.598472564156129,0.591295066417229,0.581933525169603,0.641696309323184,0.575294959573729,0.549151846327398,0.370949774056357,0.582135252158282,0.575087677980257,0.60076214515591,0.532068727027552,0.513727720055115,0.612589086902376,0.590299166421407,0.576348979702622,0.548157436591399,0.574987424137663,0.516242668983484,0.597245267453347,0.548133050521579,0.562741661125508,0.547946090652957,0.598472564156129,0.585484922708778,0.551368160735187,0.582135252158282,0.598506569175712,0.552797455382979,0.508466222274168,0.543098573502841,0.575010455425827,0.577285513166248
"40",0.588519118802702,0.564684445116814,0.567248288115172,0.548745303447863,0.606264048941834,0.645385244296145,0.519451049355006,0.553867841274285,0.569625929922637,0.559546977596535,0.578242883171755,0.582033779012197,0.599903213585578,0.507106089229949,0.584214842001278,0.546557331072333,0.575701177305666,0.547946090652957,0.590300656681229,0.582033779012197,0.604565152744363,0.584348965385289,0.582033779012197,0.589977749892488,0.605556695762377,0.553867841274285,0.604331661544962,0.640877817985304,0.59351148920755,0.55260653955192,0.595152129793784,0.605418665188069,0.597185657060453,0.555020760464116,0.496240604865248,0.5835159101446,0.599927599655398,0.575087677980257,0.496172323869751,0.592074951897021,0.595543526214397,0.582033779012197,0.576348979702622,0.593701158639484,0.582033779012197,0.507824055768904,0.58104574216911,0.582033779012197,0.587799729743007,0.582033779012197,0.565563698411996,0.562175254010485,0.580672223447238,0.584008833902564,0.581925261001497,0.591660721986366,0.575802215566839,0.603948591612411,0.602310796067656,0.634108245003229,0.606873700687338,0.594815927177863,0.616798362349688,0.562741661125508,0.56307225494537,0.629852672602363,0.575701177305666,0.50098112136012,0.598472564156129,0.591945361612433,0.581933525169603,0.642258543710704,0.575294959573729,0.549151846327398,0.370949774056357,0.582135252158282,0.575087677980257,0.60076214515591,0.532068727027552,0.513727720055115,0.645525741927851,0.590299166421407,0.576348979702622,0.548157436591399,0.574987424137663,0.516242668983484,0.597245267453347,0.548133050521579,0.562741661125508,0.547946090652957,0.598472564156129,0.599927599655398,0.551368160735187,0.582135252158282,0.598506569175712,0.561917845495717,0.508466222274168,0.543098573502841,0.575010455425827,0.577285513166248
"41",0.593504715299267,0.564894436273598,0.567248288115172,0.548745303447863,0.633908173557734,0.645385244296145,0.519451049355006,0.553867841274285,0.569625929922637,0.559546977596535,0.606861702740987,0.582033779012197,0.599903213585578,0.507106089229949,0.584214842001278,0.546557331072333,0.575701177305666,0.547946090652957,0.590300656681229,0.582033779012197,0.604565152744363,0.584348965385289,0.582033779012197,0.595472581718164,0.605556695762377,0.553867841274285,0.604331661544962,0.640877817985304,0.59351148920755,0.55260653955192,0.595152129793784,0.606385979290935,0.597863047888791,0.555020760464116,0.496240604865248,0.5835159101446,0.599927599655398,0.575087677980257,0.496172323869751,0.616603273791127,0.595543526214397,0.582033779012197,0.576348979702622,0.593701158639484,0.610652598581429,0.507824055768904,0.58104574216911,0.582033779012197,0.587799729743007,0.582033779012197,0.565563698411996,0.563073474248861,0.581823787855412,0.584008833902564,0.582135252158282,0.591660721986366,0.575802215566839,0.603948591612411,0.602310796067656,0.634108245003229,0.606873700687338,0.594815927177863,0.616798362349688,0.562741661125508,0.56468986424344,0.629852672602363,0.575701177305666,0.50098112136012,0.598472564156129,0.591945361612433,0.581933525169603,0.642258543710704,0.575294959573729,0.582030229484256,0.370949774056357,0.582135252158282,0.575087677980257,0.60076214515591,0.532068727027552,0.513727720055115,0.650478004021753,0.590299166421407,0.576348979702622,0.548157436591399,0.574987424137663,0.516242668983484,0.598031040814219,0.548133050521579,0.562741661125508,0.547946090652957,0.605418665188069,0.599927599655398,0.551368160735187,0.582135252158282,0.598506569175712,0.562816065734093,0.508466222274168,0.571754915104836,0.575010455425827,0.580808636412249
"42",0.60611908730457,0.564894436273598,0.567248288115172,0.548745303447863,0.633908173557734,0.645385244296145,0.519451049355006,0.553867841274285,0.569625929922637,0.559546977596535,0.612812377950684,0.582033779012197,0.599903213585578,0.507106089229949,0.584214842001278,0.546557331072333,0.57685274171384,0.547946090652957,0.590300656681229,0.582033779012197,0.604565152744363,0.584348965385289,0.582033779012197,0.595472581718164,0.605556695762377,0.553867841274285,0.604331661544962,0.640877817985304,0.59351148920755,0.55260653955192,0.595152129793784,0.606385979290935,0.605418665188069,0.555020760464116,0.496240604865248,0.5835159101446,0.606873700687338,0.582033779012197,0.496172323869751,0.616603273791127,0.595543526214397,0.582033779012197,0.576348979702622,0.593701158639484,0.616603273791127,0.507824055768904,0.58104574216911,0.582033779012197,0.587799729743007,0.582033779012197,0.565563698411996,0.564723598306691,0.582033779012197,0.584008833902564,0.589081353190222,0.598606823018305,0.575802215566839,0.603948591612411,0.602310796067656,0.634108245003229,0.606873700687338,0.594815927177863,0.622293194175364,0.562741661125508,0.56468986424344,0.629852672602363,0.575701177305666,0.50098112136012,0.599439878258995,0.591945361612433,0.581933525169603,0.642258543710704,0.610261746783042,0.597311651754524,0.370949774056357,0.582135252158282,0.575087677980257,0.60076214515591,0.532068727027552,0.513727720055115,0.650478004021753,0.590299166421407,0.576348979702622,0.548157436591399,0.574987424137663,0.516242668983484,0.598606823018305,0.548133050521579,0.562741661125508,0.547946090652957,0.605418665188069,0.599927599655398,0.551368160735187,0.589081353190222,0.598506569175712,0.562816065734093,0.508466222274168,0.571754915104836,0.575010455425827,0.604929637782149
"43",0.60611908730457,0.564894436273598,0.576087154599653,0.562588462415771,0.633908173557734,0.647648407053621,0.519451049355006,0.553867841274285,0.597555233367704,0.559546977596535,0.612812377950684,0.61005446518957,0.606849314617518,0.507106089229949,0.584214842001278,0.546557331072333,0.57685274171384,0.547946090652957,0.593389558858449,0.582033779012197,0.604565152744363,0.584958617130793,0.584701344094191,0.595472581718164,0.626528715807711,0.553867841274285,0.611188048935597,0.640877817985304,0.59351148920755,0.55260653955192,0.595152129793784,0.606385979290935,0.605418665188069,0.561480359403143,0.496240604865248,0.5835159101446,0.606873700687338,0.582033779012197,0.496172323869751,0.616603273791127,0.595543526214397,0.582033779012197,0.576348979702622,0.594852723047658,0.616603273791127,0.507824055768904,0.58104574216911,0.582033779012197,0.616418549312239,0.582033779012197,0.565563698411996,0.564723598306691,0.582033779012197,0.612627653471796,0.589081353190222,0.598606823018305,0.575802215566839,0.603948591612411,0.602310796067656,0.634108245003229,0.606873700687338,0.594815927177863,0.622293194175364,0.562741661125508,0.566369793497718,0.629852672602363,0.575701177305666,0.50098112136012,0.606385979290935,0.591945361612433,0.581933525169603,0.642258543710704,0.610261746783042,0.597311651754524,0.370949774056357,0.582135252158282,0.582033779012197,0.60076214515591,0.532068727027552,0.513727720055115,0.654226549387608,0.590299166421407,0.576348979702622,0.548157436591399,0.574987424137663,0.516242668983484,0.598606823018305,0.548133050521579,0.562741661125508,0.547946090652957,0.605418665188069,0.606873700687338,0.551368160735187,0.589081353190222,0.598506569175712,0.562816065734093,0.508466222274168,0.583765054491262,0.575010455425827,0.604929637782149
"44",0.60611908730457,0.564894436273598,0.576087154599653,0.562588462415771,0.639681819448354,0.647648407053621,0.519451049355006,0.553867841274285,0.598185145872884,0.559546977596535,0.612812377950684,0.61005446518957,0.606849314617518,0.507106089229949,0.584214842001278,0.546557331072333,0.577062732870625,0.547946090652957,0.593389558858449,0.582033779012197,0.633183972313595,0.584958617130793,0.591160943033218,0.597017032806773,0.626528715807711,0.553867841274285,0.611188048935597,0.640877817985304,0.594297262568422,0.55260653955192,0.623770949363016,0.606385979290935,0.605418665188069,0.561480359403143,0.496240604865248,0.5835159101446,0.606873700687338,0.582033779012197,0.496172323869751,0.622098105616803,0.595543526214397,0.582033779012197,0.576348979702622,0.594852723047658,0.616603273791127,0.507824055768904,0.58104574216911,0.610652598581429,0.617244837418553,0.582033779012197,0.570636000934588,0.564723598306691,0.582033779012197,0.618578328681494,0.589081353190222,0.598606823018305,0.580304500481294,0.603948591612411,0.602310796067656,0.634108245003229,0.606873700687338,0.594815927177863,0.622293194175364,0.562741661125508,0.566579784654502,0.629852672602363,0.57685274171384,0.50098112136012,0.606385979290935,0.591945361612433,0.581933525169603,0.645440722604986,0.616810555384598,0.603419007462816,0.370949774056357,0.589081353190222,0.582033779012197,0.60076214515591,0.532068727027552,0.513727720055115,0.654226549387608,0.597245267453347,0.576348979702622,0.548157436591399,0.574987424137663,0.516242668983484,0.598606823018305,0.548133050521579,0.562741661125508,0.547946090652957,0.606385979290935,0.606873700687338,0.551368160735187,0.589081353190222,0.598506569175712,0.562816065734093,0.508466222274168,0.583765054491262,0.575010455425827,0.611478446383705
"45",0.607270651712744,0.564894436273598,0.576087154599653,0.562588462415771,0.646230628049911,0.647648407053621,0.519451049355006,0.553867841274285,0.602563657935184,0.559546977596535,0.612812377950684,0.616603273791127,0.615052517548687,0.507106089229949,0.584214842001278,0.546557331072333,0.577062732870625,0.547946090652957,0.593389558858449,0.610652598581429,0.639134647523293,0.584958617130793,0.591160943033218,0.597017032806773,0.626528715807711,0.553867841274285,0.611188048935597,0.640877817985304,0.594873044772508,0.585484922708778,0.62459723746933,0.606873700687338,0.606385979290935,0.561480359403143,0.496240604865248,0.5835159101446,0.606873700687338,0.610652598581429,0.496172323869751,0.622098105616803,0.595543526214397,0.582033779012197,0.576348979702622,0.594852723047658,0.616603273791127,0.507824055768904,0.58104574216911,0.616603273791127,0.622369224521937,0.582033779012197,0.570636000934588,0.564723598306691,0.582033779012197,0.618578328681494,0.590342654912586,0.598606823018305,0.580304500481294,0.603948591612411,0.602310796067656,0.635817776236705,0.606873700687338,0.594815927177863,0.622293194175364,0.562741661125508,0.582033779012197,0.629852672602363,0.577062732870625,0.50098112136012,0.606385979290935,0.591945361612433,0.581933525169603,0.645440722604986,0.616810555384598,0.603419007462816,0.370949774056357,0.589081353190222,0.610652598581429,0.60076214515591,0.532068727027552,0.513727720055115,0.654226549387608,0.597245267453347,0.576348979702622,0.548157436591399,0.574987424137663,0.516242668983484,0.627225642587538,0.548133050521579,0.562741661125508,0.547946090652957,0.606385979290935,0.606873700687338,0.551368160735187,0.589081353190222,0.598506569175712,0.562816065734093,0.508466222274168,0.583765054491262,0.575010455425827,0.611478446383705
"46",0.607270651712744,0.564894436273598,0.576087154599653,0.562588462415771,0.646230628049911,0.647648407053621,0.519451049355006,0.553867841274285,0.602563657935184,0.559546977596535,0.61830720977636,0.616603273791127,0.615052517548687,0.507106089229949,0.58912820153991,0.546557331072333,0.577062732870625,0.547946090652957,0.593389558858449,0.611478886687743,0.639134647523293,0.584958617130793,0.619620643496874,0.598278334529138,0.626528715807711,0.553867841274285,0.612405997644948,0.640877817985304,0.594873044772508,0.585484922708778,0.629721624572713,0.606873700687338,0.606385979290935,0.561480359403143,0.496240604865248,0.5835159101446,0.606873700687338,0.616603273791127,0.496172323869751,0.622098105616803,0.595543526214397,0.582033779012197,0.576348979702622,0.595062714204443,0.616603273791127,0.507824055768904,0.58104574216911,0.616603273791127,0.622369224521937,0.583295080734562,0.571897302656953,0.564723598306691,0.582033779012197,0.618578328681494,0.590342654912586,0.598606823018305,0.580304500481294,0.605209893334775,0.602310796067656,0.642277375175732,0.606873700687338,0.594815927177863,0.622293194175364,0.562741661125508,0.582033779012197,0.629852672602363,0.577062732870625,0.50098112136012,0.606385979290935,0.592155352769218,0.581933525169603,0.645440722604986,0.616810555384598,0.603419007462816,0.370949774056357,0.589081353190222,0.616603273791127,0.60076214515591,0.532068727027552,0.513727720055115,0.654226549387608,0.597245267453347,0.576348979702622,0.548157436591399,0.574987424137663,0.516242668983484,0.628051930693852,0.548133050521579,0.562741661125508,0.547946090652957,0.606385979290935,0.606873700687338,0.551368160735187,0.589081353190222,0.598506569175712,0.562816065734093,0.508466222274168,0.583765054491262,0.575010455425827,0.615084197762946
"47",0.607270651712744,0.564894436273598,0.576087154599653,0.562588462415771,0.646230628049911,0.647648407053621,0.519451049355006,0.553867841274285,0.602563657935184,0.559546977596535,0.620016741009836,0.616603273791127,0.615052517548687,0.507106089229949,0.58912820153991,0.546557331072333,0.577062732870625,0.547946090652957,0.594650860580814,0.616603273791127,0.639134647523293,0.619548842778633,0.625353876250675,0.598278334529138,0.626528715807711,0.553867841274285,0.612405997644948,0.640877817985304,0.594873044772508,0.585484922708778,0.629721624572713,0.606873700687338,0.606385979290935,0.561480359403143,0.496240604865248,0.5835159101446,0.606873700687338,0.616603273791127,0.496172323869751,0.622098105616803,0.595543526214397,0.582033779012197,0.576348979702622,0.595062714204443,0.622098105616803,0.507824055768904,0.58104574216911,0.616603273791127,0.622369224521937,0.583295080734562,0.571897302656953,0.564723598306691,0.582033779012197,0.618578328681494,0.590342654912586,0.598606823018305,0.591969170545268,0.605209893334775,0.602310796067656,0.642277375175732,0.606873700687338,0.594815927177863,0.622293194175364,0.562741661125508,0.582033779012197,0.632833192247049,0.577062732870625,0.50098112136012,0.606385979290935,0.592155352769218,0.581933525169603,0.645440722604986,0.622305387210274,0.60406930265802,0.370949774056357,0.589081353190222,0.616603273791127,0.60076214515591,0.532068727027552,0.513727720055115,0.654226549387608,0.598031040814219,0.576348979702622,0.548157436591399,0.574987424137663,0.516242668983484,0.633176317797235,0.548133050521579,0.562741661125508,0.547946090652957,0.606385979290935,0.606873700687338,0.551368160735187,0.589081353190222,0.598506569175712,0.562816065734093,0.508466222274168,0.583765054491262,0.575010455425827,0.615084197762946
"48",0.607270651712744,0.564894436273598,0.578242883171755,0.562588462415771,0.646230628049911,0.647648407053621,0.519451049355006,0.553867841274285,0.610462549810631,0.559546977596535,0.629657584043802,0.616603273791127,0.615950737787062,0.507106089229949,0.59265132478591,0.546557331072333,0.577309519897205,0.547946090652957,0.594650860580814,0.616603273791127,0.639134647523293,0.619548842778633,0.625353876250675,0.598278334529138,0.626528715807711,0.553867841274285,0.612405997644948,0.640877817985304,0.594873044772508,0.585484922708778,0.629721624572713,0.606873700687338,0.606873700687338,0.561480359403143,0.496240604865248,0.5835159101446,0.606873700687338,0.616603273791127,0.496172323869751,0.623359407339167,0.595543526214397,0.582033779012197,0.576348979702622,0.595062714204443,0.622098105616803,0.507824055768904,0.58104574216911,0.616603273791127,0.627864056347613,0.583295080734562,0.571897302656953,0.564723598306691,0.582033779012197,0.62407316050717,0.590342654912586,0.598606823018305,0.591969170545268,0.605209893334775,0.602310796067656,0.642277375175732,0.606873700687338,0.622836613355236,0.623554495897729,0.562741661125508,0.582033779012197,0.632833192247049,0.577062732870625,0.50098112136012,0.606873700687338,0.592155352769218,0.581933525169603,0.645440722604986,0.622305387210274,0.60406930265802,0.370949774056357,0.591748918272215,0.616603273791127,0.60076214515591,0.532068727027552,0.513727720055115,0.654226549387608,0.598031040814219,0.576348979702622,0.548157436591399,0.574987424137663,0.516242668983484,0.633176317797235,0.548133050521579,0.562741661125508,0.547946090652957,0.607036274486139,0.606873700687338,0.551368160735187,0.617700172759454,0.598506569175712,0.562816065734093,0.508466222274168,0.583765054491262,0.575010455425827,0.615084197762946
"49",0.607480642869529,0.566113739764606,0.578242883171755,0.563740026823945,0.646230628049911,0.647648407053621,0.519451049355006,0.553867841274285,0.616897356245341,0.559546977596535,0.629657584043802,0.622098105616803,0.615950737787062,0.507106089229949,0.62371842718775,0.546557331072333,0.577309519897205,0.547946090652957,0.594650860580814,0.616603273791127,0.639134647523293,0.619548842778633,0.625353876250675,0.598278334529138,0.630134467186952,0.553867841274285,0.612405997644948,0.640877817985304,0.594873044772508,0.585484922708778,0.635216456398389,0.606873700687338,0.606873700687338,0.594358742560001,0.496240604865248,0.5835159101446,0.606873700687338,0.616603273791127,0.496172323869751,0.623359407339167,0.595543526214397,0.582033779012197,0.576348979702622,0.595062714204443,0.622098105616803,0.507824055768904,0.58104574216911,0.616603273791127,0.627864056347613,0.583295080734562,0.571897302656953,0.564723598306691,0.582033779012197,0.62407316050717,0.590342654912586,0.598606823018305,0.602459515869236,0.605209893334775,0.629954920683556,0.642277375175732,0.606873700687338,0.622836613355236,0.623554495897729,0.562741661125508,0.582033779012197,0.633442843992553,0.584008833902564,0.50098112136012,0.606873700687338,0.592155352769218,0.581933525169603,0.645440722604986,0.62401491844375,0.605330604380385,0.370949774056357,0.598208517211243,0.616603273791127,0.60770824618785,0.532068727027552,0.513727720055115,0.654226549387608,0.598606823018305,0.576348979702622,0.548157436591399,0.574987424137663,0.516242668983484,0.633176317797235,0.548133050521579,0.562741661125508,0.547946090652957,0.607036274486139,0.606873700687338,0.551368160735187,0.623650847969151,0.598506569175712,0.562816065734093,0.508466222274168,0.583765054491262,0.575010455425827,0.615084197762946
"50",0.607480642869529,0.566113739764606,0.578242883171755,0.56395001798073,0.646230628049911,0.647648407053621,0.519451049355006,0.553867841274285,0.619986258422561,0.559546977596535,0.629657584043802,0.623807636850278,0.615975123856883,0.507106089229949,0.630267235789306,0.546557331072333,0.577309519897205,0.547946090652957,0.594650860580814,0.616603273791127,0.644629479348969,0.625322488669253,0.625353876250675,0.598278334529138,0.630134467186952,0.553867841274285,0.612405997644948,0.640877817985304,0.623491864341741,0.599927599655398,0.635216456398389,0.607523995882542,0.608135002409703,0.608801419506621,0.496240604865248,0.5835159101446,0.606873700687338,0.616603273791127,0.496172323869751,0.623359407339167,0.595543526214397,0.610652598581429,0.576348979702622,0.595062714204443,0.622098105616803,0.507824055768904,0.58104574216911,0.622098105616803,0.627864056347613,0.583295080734562,0.571897302656953,0.564723598306691,0.588493377951225,0.627864056347613,0.590342654912586,0.598606823018305,0.602459515869236,0.605209893334775,0.629954920683556,0.642277375175732,0.606873700687338,0.622836613355236,0.623554495897729,0.562741661125508,0.582033779012197,0.633442843992553,0.584008833902564,0.50098112136012,0.606873700687338,0.619799477385118,0.581933525169603,0.645440722604986,0.636645547828933,0.605330604380385,0.370949774056357,0.598208517211243,0.622098105616803,0.60770824618785,0.532068727027552,0.513727720055115,0.654226549387608,0.598606823018305,0.576348979702622,0.548157436591399,0.574987424137663,0.516242668983484,0.633176317797235,0.548133050521579,0.562741661125508,0.547946090652957,0.607036274486139,0.634517825303238,0.551368160735187,0.623650847969151,0.598506569175712,0.562816065734093,0.508466222274168,0.583765054491262,0.575010455425827,0.615084197762946
"51",0.607480642869529,0.589081353190222,0.58062052497922,0.56395001798073,0.646230628049911,0.647648407053621,0.519451049355006,0.553867841274285,0.619986258422561,0.559546977596535,0.629657584043802,0.630267235789306,0.615975123856883,0.507106089229949,0.630267235789306,0.546557331072333,0.577309519897205,0.547946090652957,0.594650860580814,0.622098105616803,0.644629479348969,0.625322488669253,0.625353876250675,0.598278334529138,0.631239969018799,0.553867841274285,0.612405997644948,0.640877817985304,0.624318152448055,0.599927599655398,0.641676055337417,0.607523995882542,0.608135002409703,0.608801419506621,0.496240604865248,0.5835159101446,0.606873700687338,0.616603273791127,0.496172323869751,0.623359407339167,0.595543526214397,0.616603273791127,0.576348979702622,0.595062714204443,0.622098105616803,0.507824055768904,0.58104574216911,0.623807636850278,0.627864056347613,0.583295080734562,0.571897302656953,0.565875162714865,0.588493377951225,0.627864056347613,0.590342654912586,0.598606823018305,0.602459515869236,0.605209893334775,0.629954920683556,0.642277375175732,0.606873700687338,0.628331445180912,0.623554495897729,0.562741661125508,0.582033779012197,0.633442843992553,0.584008833902564,0.50098112136012,0.606873700687338,0.626348285986675,0.581933525169603,0.645440722604986,0.636645547828933,0.605330604380385,0.370949774056357,0.598208517211243,0.622098105616803,0.60770824618785,0.532068727027552,0.513727720055115,0.654226549387608,0.598606823018305,0.576348979702622,0.548157436591399,0.574987424137663,0.516242668983484,0.638671149622911,0.548133050521579,0.562741661125508,0.547946090652957,0.607036274486139,0.634517825303238,0.551368160735187,0.623650847969151,0.598506569175712,0.569762166766032,0.508466222274168,0.583765054491262,0.575010455425827,0.615084197762946
"52",0.607480642869529,0.589081353190222,0.58062052497922,0.565211319703095,0.646230628049911,0.647648407053621,0.519451049355006,0.553867841274285,0.619986258422561,0.559546977596535,0.629657584043802,0.630267235789306,0.615975123856883,0.507106089229949,0.630267235789306,0.546557331072333,0.577309519897205,0.547946090652957,0.594650860580814,0.622098105616803,0.644629479348969,0.625322488669253,0.625353876250675,0.598278334529138,0.631239969018799,0.553867841274285,0.612405997644948,0.640877817985304,0.629442539551438,0.599927599655398,0.641676055337417,0.607523995882542,0.608135002409703,0.615747520538561,0.496240604865248,0.5835159101446,0.606873700687338,0.616603273791127,0.496172323869751,0.623359407339167,0.595543526214397,0.616603273791127,0.576348979702622,0.595062714204443,0.623807636850278,0.507824055768904,0.58104574216911,0.630267235789306,0.627864056347613,0.583295080734562,0.571897302656953,0.56608515387165,0.588493377951225,0.627864056347613,0.590342654912586,0.598606823018305,0.621989506319204,0.605209893334775,0.635728566574176,0.642277375175732,0.607523995882542,0.628331445180912,0.623554495897729,0.562741661125508,0.583295080734562,0.633442843992553,0.584008833902564,0.50098112136012,0.606873700687338,0.626348285986675,0.581933525169603,0.645440722604986,0.636645547828933,0.605330604380385,0.370949774056357,0.598208517211243,0.622098105616803,0.60770824618785,0.532068727027552,0.513727720055115,0.654226549387608,0.598606823018305,0.576348979702622,0.548157436591399,0.574987424137663,0.516242668983484,0.638671149622911,0.548133050521579,0.562741661125508,0.547946090652957,0.607036274486139,0.640291471193858,0.551368160735187,0.623650847969151,0.598506569175712,0.569762166766032,0.508466222274168,0.583765054491262,0.575010455425827,0.615084197762946
"53",0.607480642869529,0.589081353190222,0.58062052497922,0.565211319703095,0.646230628049911,0.647648407053621,0.519451049355006,0.553867841274285,0.620165496035739,0.559546977596535,0.629657584043802,0.630267235789306,0.615975123856883,0.507106089229949,0.630267235789306,0.546557331072333,0.580776406156637,0.547946090652957,0.594650860580814,0.625187007794022,0.644629479348969,0.631871297270809,0.630267235789306,0.598278334529138,0.631239969018799,0.553867841274285,0.615833595236336,0.640877817985304,0.629442539551438,0.600577894850602,0.641676055337417,0.607733987039327,0.608135002409703,0.615747520538561,0.496240604865248,0.5835159101446,0.606873700687338,0.622098105616803,0.496172323869751,0.623359407339167,0.595543526214397,0.616603273791127,0.576348979702622,0.595062714204443,0.630267235789306,0.507824055768904,0.58104574216911,0.630267235789306,0.627864056347613,0.583295080734562,0.571897302656953,0.56608515387165,0.588493377951225,0.627864056347613,0.590342654912586,0.627225642587538,0.621989506319204,0.605209893334775,0.642277375175732,0.642277375175732,0.607523995882542,0.634880253782469,0.623554495897729,0.562741661125508,0.583295080734562,0.633442843992553,0.584008833902564,0.50098112136012,0.606873700687338,0.626348285986675,0.581933525169603,0.645440722604986,0.640073145420322,0.605330604380385,0.370949774056357,0.598208517211243,0.622098105616803,0.60770824618785,0.532068727027552,0.513727720055115,0.654226549387608,0.598606823018305,0.576348979702622,0.548157436591399,0.574987424137663,0.516242668983484,0.638671149622911,0.548133050521579,0.562741661125508,0.547946090652957,0.607036274486139,0.640291471193858,0.551368160735187,0.629145679794827,0.598506569175712,0.569762166766032,0.508466222274168,0.583765054491262,0.575010455425827,0.615084197762946
"54",0.607480642869529,0.589081353190222,0.58062052497922,0.565211319703095,0.646230628049911,0.647648407053621,0.519451049355006,0.553867841274285,0.620165496035739,0.559546977596535,0.629657584043802,0.630267235789306,0.615975123856883,0.507106089229949,0.630267235789306,0.546557331072333,0.580776406156637,0.547946090652957,0.594650860580814,0.625187007794022,0.644629479348969,0.631871297270809,0.630267235789306,0.598278334529138,0.632899576548226,0.553867841274285,0.615833595236336,0.640877817985304,0.629442539551438,0.600577894850602,0.643385586570893,0.607733987039327,0.608135002409703,0.615747520538561,0.496240604865248,0.5835159101446,0.606873700687338,0.622098105616803,0.496172323869751,0.623359407339167,0.595543526214397,0.616603273791127,0.576348979702622,0.623681533773675,0.633356137966526,0.507824055768904,0.58104574216911,0.630267235789306,0.627864056347613,0.583295080734562,0.571897302656953,0.56608515387165,0.617112197520457,0.627864056347613,0.590342654912586,0.633176317797235,0.621989506319204,0.605209893334775,0.642277375175732,0.642277375175732,0.607523995882542,0.634880253782469,0.623554495897729,0.562741661125508,0.583295080734562,0.633442843992553,0.584008833902564,0.50098112136012,0.607523995882542,0.626348285986675,0.581933525169603,0.645440722604986,0.640073145420322,0.605330604380385,0.370949774056357,0.625852641827143,0.623807636850278,0.60770824618785,0.532068727027552,0.513727720055115,0.654226549387608,0.598606823018305,0.576348979702622,0.548157436591399,0.574987424137663,0.516242668983484,0.638671149622911,0.548133050521579,0.562741661125508,0.547946090652957,0.607036274486139,0.640291471193858,0.551368160735187,0.629145679794827,0.598506569175712,0.569762166766032,0.508466222274168,0.583765054491262,0.575010455425827,0.615084197762946
"55",0.636099462438761,0.617102039367595,0.584411420819662,0.565211319703095,0.646230628049911,0.647648407053621,0.519451049355006,0.553867841274285,0.622141986994662,0.559546977596535,0.630267235789306,0.630267235789306,0.615975123856883,0.507106089229949,0.630267235789306,0.546557331072333,0.580776406156637,0.547946090652957,0.594650860580814,0.625187007794022,0.644629479348969,0.631871297270809,0.633356137966526,0.598278334529138,0.632899576548226,0.553867841274285,0.615833595236336,0.640877817985304,0.634937371377114,0.600787886007387,0.643385586570893,0.607733987039327,0.608135002409703,0.615747520538561,0.496240604865248,0.5835159101446,0.607523995882542,0.622098105616803,0.496172323869751,0.623359407339167,0.595543526214397,0.616603273791127,0.576348979702622,0.629632208983373,0.633356137966526,0.507824055768904,0.58104574216911,0.631528537511671,0.629573587581088,0.583295080734562,0.571897302656953,0.56608515387165,0.617112197520457,0.627864056347613,0.590342654912586,0.633176317797235,0.621989506319204,0.605209893334775,0.643538676898097,0.642277375175732,0.607523995882542,0.634880253782469,0.623554495897729,0.562741661125508,0.583295080734562,0.633442843992553,0.584008833902564,0.50098112136012,0.607523995882542,0.631261645525306,0.581933525169603,0.645440722604986,0.648269574443207,0.605330604380385,0.370949774056357,0.625852641827143,0.630267235789306,0.60770824618785,0.532068727027552,0.513727720055115,0.654226549387608,0.598606823018305,0.576348979702622,0.548157436591399,0.574987424137663,0.516242668983484,0.638671149622911,0.548133050521579,0.562741661125508,0.547946090652957,0.607246265642924,0.646840279795414,0.551368160735187,0.629145679794827,0.598506569175712,0.569762166766032,0.508466222274168,0.583765054491262,0.575010455425827,0.616189699594793
"56",0.642050137648458,0.617102039367595,0.584411420819662,0.565211319703095,0.646230628049911,0.647648407053621,0.519451049355006,0.553867841274285,0.622141986994662,0.559546977596535,0.630267235789306,0.630267235789306,0.616625419052087,0.507106089229949,0.630267235789306,0.546557331072333,0.580776406156637,0.547946090652957,0.594650860580814,0.626448309516387,0.644629479348969,0.631871297270809,0.633356137966526,0.598278334529138,0.632899576548226,0.553867841274285,0.615833595236336,0.640877817985304,0.634937371377114,0.600787886007387,0.643385586570893,0.607733987039327,0.608135002409703,0.617008822260926,0.496240604865248,0.5835159101446,0.607523995882542,0.622098105616803,0.496172323869751,0.623359407339167,0.595543526214397,0.622098105616803,0.576348979702622,0.629632208983373,0.633356137966526,0.507824055768904,0.58104574216911,0.631528537511671,0.636033186520116,0.583295080734562,0.571897302656953,0.56608515387165,0.623062872730154,0.629573587581088,0.590342654912586,0.633176317797235,0.623699037552679,0.605209893334775,0.643538676898097,0.642277375175732,0.607733987039327,0.634880253782469,0.623554495897729,0.562741661125508,0.583295080734562,0.633442843992553,0.587799729743007,0.50098112136012,0.607733987039327,0.631261645525306,0.581933525169603,0.645440722604986,0.648269574443207,0.605330604380385,0.370949774056357,0.630766001365774,0.630267235789306,0.60770824618785,0.532068727027552,0.513727720055115,0.654226549387608,0.598606823018305,0.576348979702622,0.548157436591399,0.574987424137663,0.516242668983484,0.638671149622911,0.548133050521579,0.562741661125508,0.547946090652957,0.607246265642924,0.646840279795414,0.551368160735187,0.629145679794827,0.598506569175712,0.569762166766032,0.508466222274168,0.583765054491262,0.575010455425827,0.616189699594793
"57",0.642050137648458,0.617102039367595,0.584411420819662,0.565211319703095,0.646230628049911,0.647648407053621,0.519451049355006,0.553867841274285,0.622141986994662,0.559546977596535,0.630267235789306,0.630267235789306,0.616625419052087,0.507106089229949,0.630267235789306,0.546557331072333,0.580776406156637,0.547946090652957,0.594650860580814,0.626448309516387,0.646339010582445,0.633971208838656,0.633356137966526,0.598278334529138,0.632899576548226,0.553867841274285,0.617094896958701,0.640877817985304,0.634937371377114,0.600787886007387,0.643385586570893,0.607733987039327,0.608135002409703,0.617008822260926,0.496240604865248,0.5835159101446,0.607733987039327,0.622098105616803,0.496172323869751,0.623359407339167,0.595543526214397,0.622098105616803,0.576348979702622,0.629632208983373,0.633356137966526,0.507824055768904,0.58104574216911,0.631528537511671,0.636033186520116,0.583295080734562,0.571897302656953,0.56608515387165,0.623062872730154,0.629573587581088,0.590342654912586,0.633176317797235,0.623699037552679,0.605209893334775,0.643538676898097,0.642277375175732,0.607733987039327,0.634880253782469,0.623554495897729,0.562741661125508,0.583295080734562,0.633442843992553,0.587799729743007,0.50098112136012,0.607733987039327,0.633361557093152,0.581933525169603,0.645440722604986,0.648269574443207,0.605330604380385,0.370949774056357,0.630766001365774,0.630267235789306,0.60770824618785,0.532068727027552,0.513727720055115,0.655332051219455,0.598606823018305,0.576348979702622,0.548157436591399,0.574987424137663,0.516242668983484,0.640380680856387,0.548133050521579,0.562741661125508,0.547946090652957,0.607246265642924,0.646840279795414,0.551368160735187,0.630855211028303,0.598506569175712,0.571023468488397,0.508466222274168,0.583765054491262,0.575010455425827,0.62458934586618
"58",0.642050137648458,0.623650847969151,0.612340724264729,0.565211319703095,0.646230628049911,0.647648407053621,0.519451049355006,0.553867841274285,0.622141986994662,0.559546977596535,0.630267235789306,0.631528537511671,0.616625419052087,0.507106089229949,0.630267235789306,0.546557331072333,0.580776406156637,0.547946090652957,0.594650860580814,0.626448309516387,0.652798609521472,0.633971208838656,0.633356137966526,0.598278334529138,0.632899576548226,0.553867841274285,0.617094896958701,0.640877817985304,0.634937371377114,0.600787886007387,0.644646888293257,0.607733987039327,0.608135002409703,0.617008822260926,0.496240604865248,0.5835159101446,0.636193687502982,0.622098105616803,0.496172323869751,0.623359407339167,0.595543526214397,0.622098105616803,0.576348979702622,0.629632208983373,0.633356137966526,0.507824055768904,0.58104574216911,0.631528537511671,0.636033186520116,0.583295080734562,0.571897302656953,0.56608515387165,0.623062872730154,0.636033186520116,0.590342654912586,0.638671149622911,0.623699037552679,0.605209893334775,0.643538676898097,0.642277375175732,0.636193687502982,0.634880253782469,0.623554495897729,0.562741661125508,0.583295080734562,0.633442843992553,0.587799729743007,0.50098112136012,0.607733987039327,0.633361557093152,0.581933525169603,0.645440722604986,0.648269574443207,0.605330604380385,0.370949774056357,0.630766001365774,0.630267235789306,0.60770824618785,0.532068727027552,0.513727720055115,0.655332051219455,0.598606823018305,0.576348979702622,0.548157436591399,0.574987424137663,0.516242668983484,0.646840279795414,0.548133050521579,0.562741661125508,0.547946090652957,0.607246265642924,0.646840279795414,0.551368160735187,0.637314809967331,0.598506569175712,0.571023468488397,0.508466222274168,0.583765054491262,0.575010455425827,0.62458934586618
"59",0.642050137648458,0.629145679794827,0.612970636769909,0.565211319703095,0.646230628049911,0.647648407053621,0.519451049355006,0.553867841274285,0.622141986994662,0.559546977596535,0.630267235789306,0.631528537511671,0.616625419052087,0.507106089229949,0.630267235789306,0.546557331072333,0.580776406156637,0.547946090652957,0.594650860580814,0.626448309516387,0.652798609521472,0.633971208838656,0.633356137966526,0.598278334529138,0.632899576548226,0.553867841274285,0.617094896958701,0.640877817985304,0.636198673099479,0.636193687502982,0.644646888293257,0.635378111655227,0.608135002409703,0.617008822260926,0.496240604865248,0.5835159101446,0.641926920256783,0.625151783470949,0.496172323869751,0.623359407339167,0.595543526214397,0.622098105616803,0.576348979702622,0.635127040809049,0.633356137966526,0.507824055768904,0.58104574216911,0.631528537511671,0.636033186520116,0.583295080734562,0.571897302656953,0.56608515387165,0.62855770455583,0.636033186520116,0.590342654912586,0.638671149622911,0.623699037552679,0.605209893334775,0.643538676898097,0.642277375175732,0.641926920256783,0.634880253782469,0.623554495897729,0.562741661125508,0.583295080734562,0.634704145714918,0.587799729743007,0.50098112136012,0.607733987039327,0.633361557093152,0.581933525169603,0.645440722604986,0.648269574443207,0.605330604380385,0.370949774056357,0.637314809967331,0.630267235789306,0.60770824618785,0.532068727027552,0.513727720055115,0.655332051219455,0.598606823018305,0.576348979702622,0.548157436591399,0.574987424137663,0.516242668983484,0.646840279795414,0.548133050521579,0.562741661125508,0.547946090652957,0.607246265642924,0.648101581517779,0.551368160735187,0.637314809967331,0.598506569175712,0.571023468488397,0.508466222274168,0.583765054491262,0.575010455425827,0.62458934586618
"60",0.647544969474134,0.629145679794827,0.617349148832209,0.565211319703095,0.646230628049911,0.647648407053621,0.519451049355006,0.553867841274285,0.623679393218658,0.559546977596535,0.633356137966526,0.631528537511671,0.616625419052087,0.507106089229949,0.631528537511671,0.546557331072333,0.580776406156637,0.547946090652957,0.594650860580814,0.626448309516387,0.654059911243837,0.633971208838656,0.635319216587048,0.598278334529138,0.632899576548226,0.553867841274285,0.617094896958701,0.640877817985304,0.636198673099479,0.636193687502982,0.644646888293257,0.635378111655227,0.608135002409703,0.617008822260926,0.496240604865248,0.5835159101446,0.641926920256783,0.625151783470949,0.496172323869751,0.623359407339167,0.595543526214397,0.623807636850278,0.576348979702622,0.635127040809049,0.633356137966526,0.507824055768904,0.58104574216911,0.631528537511671,0.637294488242481,0.583295080734562,0.571897302656953,0.56608515387165,0.630267235789306,0.636033186520116,0.590342654912586,0.640380680856387,0.633339880586646,0.605209893334775,0.643538676898097,0.643538676898097,0.641926920256783,0.634880253782469,0.623554495897729,0.562741661125508,0.583295080734562,0.634704145714918,0.587799729743007,0.50098112136012,0.607733987039327,0.633361557093152,0.581933525169603,0.645440722604986,0.648269574443207,0.605330604380385,0.370949774056357,0.637314809967331,0.630267235789306,0.636327065757082,0.532068727027552,0.513727720055115,0.655332051219455,0.598606823018305,0.576348979702622,0.548157436591399,0.574987424137663,0.516242668983484,0.646840279795414,0.548133050521579,0.562741661125508,0.547946090652957,0.607246265642924,0.648101581517779,0.551368160735187,0.637314809967331,0.598506569175712,0.571023468488397,0.508466222274168,0.583765054491262,0.575010455425827,0.625198997611684
"61",0.647544969474134,0.629145679794827,0.617349148832209,0.565211319703095,0.646230628049911,0.647648407053621,0.519451049355006,0.553867841274285,0.623679393218658,0.559546977596535,0.633356137966526,0.631528537511671,0.616835410208871,0.507106089229949,0.631528537511671,0.546557331072333,0.580776406156637,0.547946090652957,0.594650860580814,0.626448309516387,0.654059911243837,0.633971208838656,0.635319216587048,0.598278334529138,0.632899576548226,0.553867841274285,0.617094896958701,0.640877817985304,0.636198673099479,0.641107047041613,0.644646888293257,0.640291471193858,0.608135002409703,0.617008822260926,0.496240604865248,0.5835159101446,0.641926920256783,0.627150086414545,0.496172323869751,0.623359407339167,0.595543526214397,0.630267235789306,0.576348979702622,0.635127040809049,0.63461743968889,0.507824055768904,0.58104574216911,0.631528537511671,0.637294488242481,0.583295080734562,0.571897302656953,0.567346455594015,0.630267235789306,0.636033186520116,0.590342654912586,0.646840279795414,0.633339880586646,0.605209893334775,0.643538676898097,0.643538676898097,0.641926920256783,0.635127040809049,0.623554495897729,0.562741661125508,0.583295080734562,0.634704145714918,0.587799729743007,0.50098112136012,0.607733987039327,0.633971208838656,0.581933525169603,0.645440722604986,0.648269574443207,0.605330604380385,0.370949774056357,0.637314809967331,0.630267235789306,0.64227774096678,0.532068727027552,0.513727720055115,0.655332051219455,0.598606823018305,0.576348979702622,0.548157436591399,0.574987424137663,0.516242668983484,0.646840279795414,0.548133050521579,0.562741661125508,0.547946090652957,0.607246265642924,0.648101581517779,0.551368160735187,0.637314809967331,0.598506569175712,0.571023468488397,0.508466222274168,0.583765054491262,0.575010455425827,0.625198997611684
"62",0.64925450070761,0.629145679794827,0.617349148832209,0.565211319703095,0.646840279795414,0.647648407053621,0.519451049355006,0.553867841274285,0.623679393218658,0.559546977596535,0.633356137966526,0.631528537511671,0.616835410208871,0.507106089229949,0.631528537511671,0.546557331072333,0.580776406156637,0.547946090652957,0.594650860580814,0.626448309516387,0.654059911243837,0.633971208838656,0.635319216587048,0.598278334529138,0.632899576548226,0.553867841274285,0.617094896958701,0.640877817985304,0.636198673099479,0.641888017701512,0.644646888293257,0.640291471193858,0.608135002409703,0.617008822260926,0.496240604865248,0.5835159101446,0.641926920256783,0.627150086414545,0.496172323869751,0.623359407339167,0.595543526214397,0.630267235789306,0.576348979702622,0.635127040809049,0.63461743968889,0.507824055768904,0.58104574216911,0.631528537511671,0.637294488242481,0.583295080734562,0.571897302656953,0.567346455594015,0.630267235789306,0.636033186520116,0.590342654912586,0.646840279795414,0.634999488116073,0.605209893334775,0.643538676898097,0.643538676898097,0.641926920256783,0.635127040809049,0.623554495897729,0.562741661125508,0.583295080734562,0.634704145714918,0.61582041592038,0.50098112136012,0.607733987039327,0.633971208838656,0.581933525169603,0.645440722604986,0.648269574443207,0.605330604380385,0.370949774056357,0.637314809967331,0.630267235789306,0.64227774096678,0.532068727027552,0.513727720055115,0.655332051219455,0.598606823018305,0.576348979702622,0.548157436591399,0.574987424137663,0.516242668983484,0.646840279795414,0.548133050521579,0.562741661125508,0.547946090652957,0.607246265642924,0.648101581517779,0.551368160735187,0.637314809967331,0.598506569175712,0.571023468488397,0.508466222274168,0.583765054491262,0.575010455425827,0.625198997611684
"63",0.655714099646638,0.629145679794827,0.622843980657885,0.565211319703095,0.646840279795414,0.647648407053621,0.519451049355006,0.553867841274285,0.633320236252624,0.559546977596535,0.633356137966526,0.631528537511671,0.616835410208871,0.507106089229949,0.631528537511671,0.546557331072333,0.580776406156637,0.547946090652957,0.594650860580814,0.626448309516387,0.654059911243837,0.633971208838656,0.635319216587048,0.598278334529138,0.632899576548226,0.553867841274285,0.617094896958701,0.640877817985304,0.636198673099479,0.641888017701512,0.644646888293257,0.640291471193858,0.608135002409703,0.617008822260926,0.496240604865248,0.5835159101446,0.646840279795414,0.627150086414545,0.496172323869751,0.623359407339167,0.595543526214397,0.630267235789306,0.576348979702622,0.635127040809049,0.63461743968889,0.507824055768904,0.58104574216911,0.631528537511671,0.637294488242481,0.583295080734562,0.571897302656953,0.567346455594015,0.630267235789306,0.637294488242481,0.590342654912586,0.646840279795414,0.634999488116073,0.605209893334775,0.643538676898097,0.643538676898097,0.646840279795414,0.638671149622911,0.623554495897729,0.562741661125508,0.583295080734562,0.634704145714918,0.61582041592038,0.50098112136012,0.607733987039327,0.633971208838656,0.581933525169603,0.645440722604986,0.648269574443207,0.605330604380385,0.370949774056357,0.637314809967331,0.630267235789306,0.64227774096678,0.532068727027552,0.513727720055115,0.655332051219455,0.598606823018305,0.576348979702622,0.548157436591399,0.574987424137663,0.516242668983484,0.648101581517779,0.548133050521579,0.562741661125508,0.547946090652957,0.635705966106579,0.648101581517779,0.551368160735187,0.637314809967331,0.598506569175712,0.571023468488397,0.508466222274168,0.583765054491262,0.575010455425827,0.625198997611684
"64",0.655714099646638,0.629145679794827,0.622843980657885,0.565211319703095,0.646840279795414,0.647648407053621,0.519451049355006,0.553867841274285,0.633320236252624,0.559546977596535,0.633356137966526,0.631528537511671,0.616835410208871,0.507106089229949,0.631528537511671,0.546557331072333,0.580776406156637,0.547946090652957,0.594650860580814,0.626448309516387,0.654059911243837,0.633971208838656,0.635319216587048,0.598278334529138,0.632899576548226,0.553867841274285,0.617094896958701,0.640877817985304,0.636198673099479,0.646840279795414,0.644646888293257,0.646840279795414,0.608135002409703,0.617008822260926,0.496240604865248,0.5835159101446,0.646840279795414,0.627150086414545,0.496172323869751,0.623359407339167,0.595543526214397,0.630267235789306,0.576348979702622,0.638671149622911,0.63461743968889,0.507824055768904,0.58104574216911,0.631528537511671,0.637294488242481,0.583295080734562,0.571897302656953,0.567346455594015,0.630267235789306,0.637294488242481,0.590342654912586,0.646840279795414,0.634999488116073,0.605209893334775,0.643538676898097,0.643538676898097,0.646840279795414,0.638671149622911,0.623554495897729,0.562741661125508,0.583295080734562,0.634704145714918,0.61582041592038,0.50098112136012,0.635378111655227,0.633971208838656,0.581933525169603,0.645440722604986,0.648269574443207,0.605330604380385,0.370949774056357,0.637314809967331,0.630267235789306,0.64227774096678,0.532068727027552,0.513727720055115,0.655332051219455,0.598606823018305,0.576348979702622,0.548157436591399,0.574987424137663,0.516242668983484,0.648101581517779,0.548133050521579,0.562741661125508,0.547946090652957,0.64143919886038,0.648101581517779,0.551368160735187,0.637314809967331,0.598506569175712,0.571023468488397,0.508466222274168,0.583765054491262,0.575010455425827,0.633971208838656
"65",0.655714099646638,0.635605278733855,0.62410528238025,0.565211319703095,0.646840279795414,0.647648407053621,0.519451049355006,0.553867841274285,0.633320236252624,0.559546977596535,0.633356137966526,0.631528537511671,0.616835410208871,0.507106089229949,0.631528537511671,0.546557331072333,0.580776406156637,0.547946090652957,0.594650860580814,0.626448309516387,0.654059911243837,0.633971208838656,0.636580518309413,0.598278334529138,0.632899576548226,0.553867841274285,0.617094896958701,0.640877817985304,0.636198673099479,0.646840279795414,0.644646888293257,0.646840279795414,0.608135002409703,0.617008822260926,0.496240604865248,0.5835159101446,0.648101581517779,0.627150086414545,0.496172323869751,0.623359407339167,0.595543526214397,0.630267235789306,0.576348979702622,0.638671149622911,0.63461743968889,0.507824055768904,0.58104574216911,0.631528537511671,0.637294488242481,0.583295080734562,0.571897302656953,0.567346455594015,0.630267235789306,0.637294488242481,0.590342654912586,0.646840279795414,0.634999488116073,0.605209893334775,0.643538676898097,0.643538676898097,0.646840279795414,0.638671149622911,0.623554495897729,0.562741661125508,0.583295080734562,0.634704145714918,0.61582041592038,0.50098112136012,0.635378111655227,0.635232510561021,0.581933525169603,0.645440722604986,0.648269574443207,0.605330604380385,0.370949774056357,0.637314809967331,0.630267235789306,0.647772572792456,0.532068727027552,0.513727720055115,0.655332051219455,0.627225642587538,0.576348979702622,0.548157436591399,0.574987424137663,0.516242668983484,0.648101581517779,0.548133050521579,0.562741661125508,0.547946090652957,0.64143919886038,0.648101581517779,0.551368160735187,0.637314809967331,0.598506569175712,0.571023468488397,0.508466222274168,0.583765054491262,0.575010455425827,0.635232510561021
"66",0.655714099646638,0.637314809967331,0.62410528238025,0.565211319703095,0.646840279795414,0.647648407053621,0.519451049355006,0.553867841274285,0.633320236252624,0.559546977596535,0.633356137966526,0.631528537511671,0.616835410208871,0.507106089229949,0.631528537511671,0.546557331072333,0.580776406156637,0.547946090652957,0.594650860580814,0.626448309516387,0.654059911243837,0.635232510561021,0.636580518309413,0.598278334529138,0.632899576548226,0.553867841274285,0.617094896958701,0.640877817985304,0.636198673099479,0.646840279795414,0.644646888293257,0.646840279795414,0.608135002409703,0.617008822260926,0.496240604865248,0.5835159101446,0.648101581517779,0.627150086414545,0.496172323869751,0.623359407339167,0.595543526214397,0.630267235789306,0.576348979702622,0.638671149622911,0.63461743968889,0.507824055768904,0.58104574216911,0.631528537511671,0.637294488242481,0.583295080734562,0.571897302656953,0.567346455594015,0.630267235789306,0.637294488242481,0.590342654912586,0.646840279795414,0.634999488116073,0.605209893334775,0.643538676898097,0.643538676898097,0.646840279795414,0.638671149622911,0.623554495897729,0.562741661125508,0.583295080734562,0.634704145714918,0.621315247746056,0.50098112136012,0.640291471193858,0.635232510561021,0.581933525169603,0.645440722604986,0.648269574443207,0.605330604380385,0.370949774056357,0.638330896209837,0.630267235789306,0.64903387451482,0.532068727027552,0.513727720055115,0.655332051219455,0.633176317797235,0.576348979702622,0.548157436591399,0.574987424137663,0.516242668983484,0.648101581517779,0.548133050521579,0.562741661125508,0.547946090652957,0.64143919886038,0.648101581517779,0.551368160735187,0.637314809967331,0.598506569175712,0.571023468488397,0.508466222274168,0.583765054491262,0.575010455425827,0.635232510561021
"67",0.655714099646638,0.637314809967331,0.62410528238025,0.565211319703095,0.646840279795414,0.647648407053621,0.519451049355006,0.553867841274285,0.633320236252624,0.559546977596535,0.635319216587048,0.631528537511671,0.616835410208871,0.507106089229949,0.631528537511671,0.546557331072333,0.580776406156637,0.547946090652957,0.594650860580814,0.626448309516387,0.654059911243837,0.635232510561021,0.636580518309413,0.598278334529138,0.632899576548226,0.553867841274285,0.617094896958701,0.640877817985304,0.636198673099479,0.648101581517779,0.644646888293257,0.646840279795414,0.608135002409703,0.617008822260926,0.496240604865248,0.5835159101446,0.648101581517779,0.633060998782619,0.496172323869751,0.623359407339167,0.595543526214397,0.630267235789306,0.576348979702622,0.638671149622911,0.63461743968889,0.507824055768904,0.58104574216911,0.631528537511671,0.637294488242481,0.583295080734562,0.571897302656953,0.567346455594015,0.630267235789306,0.637294488242481,0.590342654912586,0.646840279795414,0.634999488116073,0.605209893334775,0.643538676898097,0.643538676898097,0.646840279795414,0.638671149622911,0.623554495897729,0.562741661125508,0.583295080734562,0.634704145714918,0.627864056347613,0.50098112136012,0.640291471193858,0.635232510561021,0.581933525169603,0.645440722604986,0.648269574443207,0.605330604380385,0.370949774056357,0.638330896209837,0.630267235789306,0.64903387451482,0.532068727027552,0.513727720055115,0.655332051219455,0.633176317797235,0.576348979702622,0.548157436591399,0.574987424137663,0.516242668983484,0.648101581517779,0.548133050521579,0.562741661125508,0.547946090652957,0.64143919886038,0.648101581517779,0.551368160735187,0.637314809967331,0.598506569175712,0.571023468488397,0.508466222274168,0.588327959110945,0.575010455425827,0.635232510561021
"68",0.655714099646638,0.637314809967331,0.62410528238025,0.565211319703095,0.646840279795414,0.647648407053621,0.519451049355006,0.553867841274285,0.633320236252624,0.559546977596535,0.635319216587048,0.631528537511671,0.645295110672527,0.507106089229949,0.631528537511671,0.546557331072333,0.580776406156637,0.547946090652957,0.594650860580814,0.626448309516387,0.654059911243837,0.635232510561021,0.636580518309413,0.598278334529138,0.632899576548226,0.553867841274285,0.617094896958701,0.640877817985304,0.636198673099479,0.648101581517779,0.644646888293257,0.646840279795414,0.608135002409703,0.617008822260926,0.496240604865248,0.5835159101446,0.648101581517779,0.633336019458924,0.496172323869751,0.623359407339167,0.595543526214397,0.630267235789306,0.576348979702622,0.638671149622911,0.63461743968889,0.507824055768904,0.58104574216911,0.631528537511671,0.637294488242481,0.583295080734562,0.571897302656953,0.567346455594015,0.633356137966526,0.637294488242481,0.590342654912586,0.646840279795414,0.634999488116073,0.605209893334775,0.643538676898097,0.643538676898097,0.646840279795414,0.638671149622911,0.623554495897729,0.562741661125508,0.583295080734562,0.634704145714918,0.627864056347613,0.50098112136012,0.640291471193858,0.635232510561021,0.581933525169603,0.645440722604986,0.648269574443207,0.605330604380385,0.370949774056357,0.638330896209837,0.633320913643452,0.64903387451482,0.532068727027552,0.513727720055115,0.655941702964959,0.633176317797235,0.576348979702622,0.548157436591399,0.574987424137663,0.516242668983484,0.648101581517779,0.548133050521579,0.562741661125508,0.547946090652957,0.646352558399012,0.648101581517779,0.551368160735187,0.637314809967331,0.598506569175712,0.571023468488397,0.508466222274168,0.588327959110945,0.575010455425827,0.635232510561021
"69",0.655714099646638,0.637314809967331,0.62410528238025,0.565211319703095,0.646840279795414,0.647648407053621,0.519451049355006,0.553867841274285,0.633320236252624,0.559546977596535,0.635319216587048,0.631528537511671,0.651028343426328,0.507106089229949,0.631528537511671,0.546557331072333,0.580776406156637,0.547946090652957,0.594650860580814,0.626448309516387,0.654059911243837,0.635232510561021,0.636580518309413,0.598278334529138,0.632899576548226,0.553867841274285,0.617094896958701,0.640877817985304,0.636198673099479,0.648101581517779,0.644646888293257,0.648101581517779,0.608135002409703,0.617008822260926,0.496240604865248,0.5835159101446,0.648101581517779,0.633336019458924,0.496172323869751,0.623359407339167,0.595543526214397,0.630840985820908,0.576348979702622,0.638671149622911,0.63461743968889,0.507824055768904,0.58104574216911,0.631528537511671,0.637294488242481,0.583295080734562,0.571897302656953,0.567346455594015,0.633356137966526,0.637294488242481,0.590342654912586,0.646840279795414,0.634999488116073,0.605209893334775,0.643538676898097,0.643538676898097,0.646840279795414,0.638671149622911,0.623554495897729,0.562741661125508,0.583295080734562,0.634704145714918,0.627864056347613,0.50098112136012,0.646840279795414,0.635232510561021,0.581933525169603,0.645440722604986,0.648269574443207,0.605330604380385,0.370949774056357,0.638330896209837,0.633320913643452,0.64903387451482,0.532068727027552,0.513727720055115,0.655941702964959,0.633176317797235,0.576348979702622,0.548157436591399,0.574987424137663,0.516242668983484,0.648101581517779,0.548133050521579,0.562741661125508,0.547946090652957,0.646352558399012,0.648101581517779,0.551368160735187,0.637314809967331,0.598506569175712,0.571023468488397,0.508466222274168,0.588327959110945,0.575010455425827,0.635232510561021
"70",0.655714099646638,0.637314809967331,0.62410528238025,0.565211319703095,0.646840279795414,0.647648407053621,0.519451049355006,0.553867841274285,0.633320236252624,0.559546977596535,0.641230128955122,0.631528537511671,0.651028343426328,0.507106089229949,0.631528537511671,0.546557331072333,0.580776406156637,0.547946090652957,0.594650860580814,0.626448309516387,0.654059911243837,0.635232510561021,0.636580518309413,0.598278334529138,0.632899576548226,0.553867841274285,0.617094896958701,0.640877817985304,0.636198673099479,0.648101581517779,0.644646888293257,0.648101581517779,0.608135002409703,0.617008822260926,0.496240604865248,0.5835159101446,0.648101581517779,0.633336019458924,0.496172323869751,0.623359407339167,0.595543526214397,0.630840985820908,0.576348979702622,0.638671149622911,0.63461743968889,0.507824055768904,0.58104574216911,0.631528537511671,0.637294488242481,0.583295080734562,0.571897302656953,0.567346455594015,0.633356137966526,0.637294488242481,0.590342654912586,0.646840279795414,0.634999488116073,0.605209893334775,0.643538676898097,0.643538676898097,0.646840279795414,0.638671149622911,0.623554495897729,0.562741661125508,0.583295080734562,0.634704145714918,0.629125358069977,0.50098112136012,0.646840279795414,0.635232510561021,0.581933525169603,0.645440722604986,0.648269574443207,0.605330604380385,0.370949774056357,0.638330896209837,0.633320913643452,0.64903387451482,0.532068727027552,0.513727720055115,0.656090728947193,0.633176317797235,0.576348979702622,0.548157436591399,0.574987424137663,0.516242668983484,0.648101581517779,0.548133050521579,0.562741661125508,0.547946090652957,0.646352558399012,0.648101581517779,0.551368160735187,0.637314809967331,0.598506569175712,0.571023468488397,0.508466222274168,0.598988573393524,0.575010455425827,0.635232510561021
"71",0.655714099646638,0.638330896209837,0.62410528238025,0.565211319703095,0.646840279795414,0.647648407053621,0.519451049355006,0.553867841274285,0.635283314873146,0.559546977596535,0.641230128955122,0.631528537511671,0.651028343426328,0.507106089229949,0.631528537511671,0.546557331072333,0.580776406156637,0.547946090652957,0.594650860580814,0.626448309516387,0.654059911243837,0.635232510561021,0.636580518309413,0.598278334529138,0.632899576548226,0.553867841274285,0.617094896958701,0.640877817985304,0.636198673099479,0.648101581517779,0.644646888293257,0.648101581517779,0.608135002409703,0.617008822260926,0.496240604865248,0.5835159101446,0.648101581517779,0.633336019458924,0.496172323869751,0.623359407339167,0.595543526214397,0.630840985820908,0.576348979702622,0.638671149622911,0.63461743968889,0.507824055768904,0.58104574216911,0.631528537511671,0.637294488242481,0.583295080734562,0.571897302656953,0.567346455594015,0.633356137966526,0.637294488242481,0.590342654912586,0.646840279795414,0.634999488116073,0.605209893334775,0.643538676898097,0.643538676898097,0.646840279795414,0.638671149622911,0.623554495897729,0.562741661125508,0.583295080734562,0.634704145714918,0.629125358069977,0.50098112136012,0.646840279795414,0.635232510561021,0.581933525169603,0.645440722604986,0.648269574443207,0.605330604380385,0.370949774056357,0.638330896209837,0.633320913643452,0.64903387451482,0.532068727027552,0.513727720055115,0.656090728947193,0.638671149622911,0.576348979702622,0.548157436591399,0.574987424137663,0.516242668983484,0.648101581517779,0.548133050521579,0.562741661125508,0.547946090652957,0.646840279795414,0.648101581517779,0.551368160735187,0.637314809967331,0.598506569175712,0.571023468488397,0.508466222274168,0.598988573393524,0.575010455425827,0.635232510561021
"72",0.655714099646638,0.638330896209837,0.62410528238025,0.565211319703095,0.646840279795414,0.647648407053621,0.519451049355006,0.553867841274285,0.635283314873146,0.559546977596535,0.641230128955122,0.631528537511671,0.651028343426328,0.507106089229949,0.631528537511671,0.546557331072333,0.580776406156637,0.547946090652957,0.594650860580814,0.626448309516387,0.654059911243837,0.635232510561021,0.636580518309413,0.598278334529138,0.632899576548226,0.553867841274285,0.617094896958701,0.640877817985304,0.636198673099479,0.648101581517779,0.644646888293257,0.648101581517779,0.608135002409703,0.617008822260926,0.496240604865248,0.5835159101446,0.648101581517779,0.633336019458924,0.496172323869751,0.623359407339167,0.595543526214397,0.630840985820908,0.576348979702622,0.640380680856387,0.63461743968889,0.507824055768904,0.58104574216911,0.631528537511671,0.637294488242481,0.583295080734562,0.571897302656953,0.567346455594015,0.633356137966526,0.637294488242481,0.590342654912586,0.646840279795414,0.634999488116073,0.605209893334775,0.643538676898097,0.643538676898097,0.648101581517779,0.638671149622911,0.623554495897729,0.562741661125508,0.583295080734562,0.634704145714918,0.629125358069977,0.50098112136012,0.646840279795414,0.635232510561021,0.581933525169603,0.645440722604986,0.648269574443207,0.605330604380385,0.370949774056357,0.638330896209837,0.633320913643452,0.64903387451482,0.532068727027552,0.513727720055115,0.656090728947193,0.638671149622911,0.576348979702622,0.548157436591399,0.574987424137663,0.516242668983484,0.648101581517779,0.548133050521579,0.562741661125508,0.547946090652957,0.646840279795414,0.648101581517779,0.551368160735187,0.637314809967331,0.598506569175712,0.571023468488397,0.508466222274168,0.602511696639524,0.575010455425827,0.635232510561021
"73",0.655714099646638,0.638330896209837,0.62410528238025,0.565211319703095,0.646840279795414,0.647648407053621,0.519451049355006,0.553867841274285,0.63589296661865,0.559546977596535,0.641230128955122,0.631528537511671,0.655941702964959,0.507106089229949,0.631528537511671,0.546557331072333,0.580776406156637,0.547946090652957,0.594650860580814,0.626448309516387,0.654059911243837,0.635232510561021,0.636580518309413,0.598278334529138,0.632899576548226,0.553867841274285,0.617094896958701,0.640877817985304,0.636198673099479,0.648101581517779,0.644646888293257,0.648101581517779,0.608135002409703,0.617008822260926,0.496240604865248,0.5835159101446,0.648101581517779,0.634597321181289,0.496172323869751,0.623359407339167,0.595543526214397,0.630840985820908,0.576348979702622,0.646840279795414,0.63461743968889,0.507824055768904,0.58104574216911,0.631528537511671,0.637294488242481,0.583295080734562,0.571897302656953,0.567346455594015,0.633356137966526,0.637294488242481,0.590342654912586,0.646840279795414,0.634999488116073,0.605209893334775,0.643538676898097,0.643538676898097,0.648101581517779,0.640380680856387,0.623554495897729,0.562741661125508,0.583295080734562,0.634704145714918,0.629125358069977,0.50098112136012,0.646840279795414,0.635232510561021,0.581933525169603,0.645440722604986,0.648269574443207,0.605330604380385,0.370949774056357,0.638330896209837,0.633320913643452,0.64903387451482,0.532068727027552,0.513727720055115,0.656090728947193,0.638671149622911,0.576348979702622,0.548157436591399,0.574987424137663,0.516242668983484,0.648101581517779,0.548133050521579,0.562741661125508,0.547946090652957,0.646840279795414,0.648101581517779,0.551368160735187,0.637314809967331,0.598506569175712,0.571023468488397,0.508466222274168,0.633578799041363,0.575010455425827,0.635232510561021
"74",0.655714099646638,0.638330896209837,0.62410528238025,0.565211319703095,0.646840279795414,0.647648407053621,0.519451049355006,0.553867841274285,0.63589296661865,0.559546977596535,0.641230128955122,0.631528537511671,0.655941702964959,0.507106089229949,0.631528537511671,0.546557331072333,0.580776406156637,0.547946090652957,0.594650860580814,0.626448309516387,0.654059911243837,0.635232510561021,0.636580518309413,0.598278334529138,0.632899576548226,0.553867841274285,0.617094896958701,0.640877817985304,0.636198673099479,0.648101581517779,0.644646888293257,0.648101581517779,0.608135002409703,0.617008822260926,0.496240604865248,0.5835159101446,0.648101581517779,0.634597321181289,0.496172323869751,0.623359407339167,0.595543526214397,0.630840985820908,0.576348979702622,0.646840279795414,0.63461743968889,0.507824055768904,0.58104574216911,0.631528537511671,0.637294488242481,0.583295080734562,0.571897302656953,0.567346455594015,0.633356137966526,0.637294488242481,0.590342654912586,0.648101581517779,0.634999488116073,0.605209893334775,0.643538676898097,0.643538676898097,0.648101581517779,0.646840279795414,0.623554495897729,0.562741661125508,0.583295080734562,0.634704145714918,0.629125358069977,0.50098112136012,0.646840279795414,0.635232510561021,0.581933525169603,0.645440722604986,0.649530876165572,0.605330604380385,0.370949774056357,0.638330896209837,0.633320913643452,0.64903387451482,0.532068727027552,0.513727720055115,0.656090728947193,0.638671149622911,0.576348979702622,0.548157436591399,0.574987424137663,0.516242668983484,0.648101581517779,0.548133050521579,0.562741661125508,0.547946090652957,0.648101581517779,0.648101581517779,0.551368160735187,0.637314809967331,0.598506569175712,0.571023468488397,0.508466222274168,0.638576317616507,0.575010455425827,0.635232510561021
"75",0.655714099646638,0.638330896209837,0.62410528238025,0.565211319703095,0.646840279795414,0.647648407053621,0.519451049355006,0.553867841274285,0.63589296661865,0.559546977596535,0.641230128955122,0.631528537511671,0.655941702964959,0.507106089229949,0.631528537511671,0.546557331072333,0.580776406156637,0.547946090652957,0.594650860580814,0.626448309516387,0.654059911243837,0.635232510561021,0.636580518309413,0.598278334529138,0.632899576548226,0.553867841274285,0.617094896958701,0.640877817985304,0.636198673099479,0.648101581517779,0.644646888293257,0.648101581517779,0.608135002409703,0.617008822260926,0.496240604865248,0.5835159101446,0.648101581517779,0.634597321181289,0.496172323869751,0.623359407339167,0.595543526214397,0.630840985820908,0.576348979702622,0.646840279795414,0.63461743968889,0.507824055768904,0.58104574216911,0.631528537511671,0.637294488242481,0.583295080734562,0.571897302656953,0.567346455594015,0.63461743968889,0.637294488242481,0.590342654912586,0.648101581517779,0.634999488116073,0.605209893334775,0.643538676898097,0.643538676898097,0.648101581517779,0.646840279795414,0.623554495897729,0.562741661125508,0.583295080734562,0.634704145714918,0.629125358069977,0.50098112136012,0.646840279795414,0.635232510561021,0.581933525169603,0.645440722604986,0.649530876165572,0.605330604380385,0.370949774056357,0.638330896209837,0.633320913643452,0.64903387451482,0.532068727027552,0.513727720055115,0.656090728947193,0.638671149622911,0.576348979702622,0.548157436591399,0.574987424137663,0.516242668983484,0.648101581517779,0.548133050521579,0.562741661125508,0.547946090652957,0.648101581517779,0.648101581517779,0.551368160735187,0.637314809967331,0.598506569175712,0.571023468488397,0.508466222274168,0.638576317616507,0.575010455425827,0.635232510561021
"76",0.655714099646638,0.638330896209837,0.62410528238025,0.565211319703095,0.646840279795414,0.647648407053621,0.519451049355006,0.553867841274285,0.637154268341015,0.559546977596535,0.641230128955122,0.631528537511671,0.657203004687324,0.507106089229949,0.631528537511671,0.546557331072333,0.580776406156637,0.547946090652957,0.594650860580814,0.626448309516387,0.654059911243837,0.635232510561021,0.636580518309413,0.598278334529138,0.632899576548226,0.553867841274285,0.617094896958701,0.640877817985304,0.636198673099479,0.648101581517779,0.644646888293257,0.648101581517779,0.608135002409703,0.617008822260926,0.496240604865248,0.5835159101446,0.648101581517779,0.634597321181289,0.496172323869751,0.623359407339167,0.595543526214397,0.633894663675054,0.576348979702622,0.646989305777649,0.63461743968889,0.507824055768904,0.58104574216911,0.631528537511671,0.637294488242481,0.583295080734562,0.571897302656953,0.567346455594015,0.63461743968889,0.637294488242481,0.590342654912586,0.648101581517779,0.634999488116073,0.605209893334775,0.643538676898097,0.643538676898097,0.648101581517779,0.646840279795414,0.623554495897729,0.562741661125508,0.583295080734562,0.634704145714918,0.629125358069977,0.50098112136012,0.646840279795414,0.635232510561021,0.581933525169603,0.645440722604986,0.649530876165572,0.605330604380385,0.370949774056357,0.638330896209837,0.633320913643452,0.64903387451482,0.532068727027552,0.513727720055115,0.656090728947193,0.638671149622911,0.576348979702622,0.548157436591399,0.574987424137663,0.516242668983484,0.648101581517779,0.548133050521579,0.562741661125508,0.547946090652957,0.648101581517779,0.648101581517779,0.551368160735187,0.638576111689695,0.598506569175712,0.571023468488397,0.508466222274168,0.645125126218064,0.575010455425827,0.635232510561021
"77",0.655714099646638,0.638330896209837,0.62410528238025,0.565211319703095,0.646840279795414,0.647648407053621,0.519451049355006,0.553867841274285,0.637154268341015,0.559546977596535,0.641803878986724,0.631528537511671,0.657203004687324,0.507106089229949,0.631528537511671,0.546557331072333,0.580776406156637,0.547946090652957,0.594650860580814,0.626448309516387,0.654059911243837,0.635232510561021,0.636580518309413,0.598278334529138,0.632899576548226,0.553867841274285,0.617094896958701,0.640877817985304,0.636198673099479,0.648101581517779,0.644646888293257,0.648101581517779,0.608135002409703,0.617008822260926,0.496240604865248,0.5835159101446,0.648101581517779,0.634597321181289,0.496172323869751,0.623359407339167,0.595543526214397,0.633894663675054,0.576348979702622,0.646989305777649,0.63461743968889,0.507824055768904,0.58104574216911,0.631528537511671,0.637294488242481,0.583295080734562,0.571897302656953,0.567346455594015,0.63461743968889,0.637294488242481,0.590342654912586,0.648101581517779,0.634999488116073,0.605209893334775,0.643538676898097,0.643538676898097,0.648101581517779,0.646840279795414,0.623554495897729,0.562741661125508,0.583295080734562,0.634704145714918,0.629125358069977,0.50098112136012,0.646840279795414,0.635232510561021,0.581933525169603,0.645440722604986,0.649530876165572,0.605330604380385,0.370949774056357,0.638330896209837,0.634582215365817,0.64903387451482,0.532068727027552,0.513727720055115,0.656090728947193,0.638671149622911,0.576348979702622,0.548157436591399,0.574987424137663,0.516242668983484,0.648101581517779,0.548133050521579,0.562741661125508,0.547946090652957,0.648101581517779,0.648101581517779,0.551368160735187,0.638576111689695,0.598506569175712,0.571023468488397,0.508466222274168,0.645125126218064,0.575010455425827,0.635232510561021
"78",0.655714099646638,0.638330896209837,0.62410528238025,0.565211319703095,0.646840279795414,0.647648407053621,0.519451049355006,0.553867841274285,0.637154268341015,0.559546977596535,0.641803878986724,0.631528537511671,0.657203004687324,0.507106089229949,0.631528537511671,0.546557331072333,0.580776406156637,0.547946090652957,0.594650860580814,0.626448309516387,0.654059911243837,0.635232510561021,0.636580518309413,0.598278334529138,0.632899576548226,0.553867841274285,0.617094896958701,0.640877817985304,0.636198673099479,0.648101581517779,0.644646888293257,0.648101581517779,0.608135002409703,0.617008822260926,0.496240604865248,0.5835159101446,0.648101581517779,0.634597321181289,0.496172323869751,0.623359407339167,0.595543526214397,0.633894663675054,0.576348979702622,0.646989305777649,0.63461743968889,0.507824055768904,0.58104574216911,0.631528537511671,0.637294488242481,0.583295080734562,0.571897302656953,0.567346455594015,0.63461743968889,0.637294488242481,0.590342654912586,0.648101581517779,0.634999488116073,0.605209893334775,0.643538676898097,0.643538676898097,0.648101581517779,0.646840279795414,0.623554495897729,0.562741661125508,0.583295080734562,0.634704145714918,0.629125358069977,0.50098112136012,0.646840279795414,0.635232510561021,0.581933525169603,0.645440722604986,0.649530876165572,0.605330604380385,0.370949774056357,0.638330896209837,0.634582215365817,0.64903387451482,0.532068727027552,0.513727720055115,0.656090728947193,0.638671149622911,0.576348979702622,0.548157436591399,0.574987424137663,0.516242668983484,0.648101581517779,0.548133050521579,0.562741661125508,0.547946090652957,0.648101581517779,0.648101581517779,0.551368160735187,0.638576111689695,0.598506569175712,0.571023468488397,0.508466222274168,0.645125126218064,0.575010455425827,0.635232510561021
"79",0.655714099646638,0.638330896209837,0.62410528238025,0.565211319703095,0.646840279795414,0.647648407053621,0.519451049355006,0.553867841274285,0.637154268341015,0.559546977596535,0.641803878986724,0.631528537511671,0.657203004687324,0.507106089229949,0.631528537511671,0.546557331072333,0.580776406156637,0.547946090652957,0.594650860580814,0.626448309516387,0.654059911243837,0.635232510561021,0.636580518309413,0.598278334529138,0.632899576548226,0.553867841274285,0.617094896958701,0.640877817985304,0.636198673099479,0.648101581517779,0.644646888293257,0.648101581517779,0.608135002409703,0.617008822260926,0.496240604865248,0.5835159101446,0.648101581517779,0.634597321181289,0.496172323869751,0.623359407339167,0.595543526214397,0.633894663675054,0.576348979702622,0.646989305777649,0.63461743968889,0.507824055768904,0.58104574216911,0.631528537511671,0.637294488242481,0.583295080734562,0.571897302656953,0.567346455594015,0.63461743968889,0.637294488242481,0.590342654912586,0.648101581517779,0.634999488116073,0.605209893334775,0.643538676898097,0.643538676898097,0.648101581517779,0.646840279795414,0.623554495897729,0.562741661125508,0.583295080734562,0.634704145714918,0.629125358069977,0.50098112136012,0.646840279795414,0.635232510561021,0.581933525169603,0.645440722604986,0.649530876165572,0.605330604380385,0.370949774056357,0.638330896209837,0.634582215365817,0.64903387451482,0.532068727027552,0.513727720055115,0.656090728947193,0.638671149622911,0.576348979702622,0.548157436591399,0.574987424137663,0.516242668983484,0.648101581517779,0.548133050521579,0.562741661125508,0.547946090652957,0.648101581517779,0.648101581517779,0.551368160735187,0.638576111689695,0.598506569175712,0.571023468488397,0.508466222274168,0.646230628049911,0.575010455425827,0.635232510561021
"80",0.655714099646638,0.638330896209837,0.62410528238025,0.565211319703095,0.647414029827017,0.647648407053621,0.519451049355006,0.553867841274285,0.637154268341015,0.559546977596535,0.641803878986724,0.631528537511671,0.657203004687324,0.507106089229949,0.631528537511671,0.546557331072333,0.580776406156637,0.547946090652957,0.594650860580814,0.626448309516387,0.654059911243837,0.635232510561021,0.636580518309413,0.598278334529138,0.632899576548226,0.553867841274285,0.617094896958701,0.640877817985304,0.636198673099479,0.648101581517779,0.644646888293257,0.648101581517779,0.608135002409703,0.617008822260926,0.496240604865248,0.5835159101446,0.648101581517779,0.634597321181289,0.496172323869751,0.623359407339167,0.595543526214397,0.633894663675054,0.576348979702622,0.646989305777649,0.63461743968889,0.507824055768904,0.58104574216911,0.631528537511671,0.637294488242481,0.583295080734562,0.571897302656953,0.567346455594015,0.63461743968889,0.637294488242481,0.590342654912586,0.648101581517779,0.634999488116073,0.605209893334775,0.643538676898097,0.643538676898097,0.648101581517779,0.646840279795414,0.623554495897729,0.562741661125508,0.583295080734562,0.634704145714918,0.629125358069977,0.50098112136012,0.646840279795414,0.635232510561021,0.581933525169603,0.645440722604986,0.649530876165572,0.605330604380385,0.370949774056357,0.638330896209837,0.634582215365817,0.64903387451482,0.532068727027552,0.513727720055115,0.656090728947193,0.640380680856387,0.576348979702622,0.548157436591399,0.574987424137663,0.516242668983484,0.648101581517779,0.548133050521579,0.562741661125508,0.547946090652957,0.648101581517779,0.648101581517779,0.551368160735187,0.638576111689695,0.598506569175712,0.571023468488397,0.508466222274168,0.646230628049911,0.575010455425827,0.635232510561021
"81",0.655714099646638,0.638330896209837,0.62410528238025,0.565211319703095,0.647414029827017,0.647648407053621,0.519451049355006,0.553867841274285,0.637154268341015,0.559546977596535,0.641803878986724,0.631528537511671,0.657203004687324,0.507106089229949,0.631528537511671,0.546557331072333,0.580776406156637,0.547946090652957,0.594650860580814,0.626448309516387,0.654059911243837,0.635232510561021,0.636580518309413,0.598278334529138,0.632899576548226,0.553867841274285,0.617094896958701,0.640877817985304,0.636198673099479,0.648101581517779,0.644646888293257,0.648101581517779,0.608135002409703,0.617008822260926,0.496240604865248,0.5835159101446,0.648101581517779,0.634597321181289,0.496172323869751,0.623359407339167,0.595543526214397,0.633894663675054,0.576348979702622,0.646989305777649,0.63461743968889,0.507824055768904,0.58104574216911,0.631528537511671,0.637294488242481,0.583295080734562,0.571897302656953,0.567346455594015,0.63461743968889,0.637294488242481,0.590342654912586,0.648101581517779,0.634999488116073,0.605209893334775,0.643538676898097,0.643538676898097,0.648101581517779,0.646840279795414,0.623554495897729,0.562741661125508,0.583295080734562,0.634704145714918,0.629125358069977,0.50098112136012,0.646989305777649,0.635232510561021,0.581933525169603,0.645440722604986,0.649530876165572,0.605330604380385,0.370949774056357,0.641230128955122,0.634582215365817,0.64903387451482,0.532068727027552,0.513727720055115,0.656090728947193,0.646840279795414,0.576348979702622,0.548157436591399,0.574987424137663,0.516242668983484,0.648101581517779,0.548133050521579,0.562741661125508,0.547946090652957,0.648101581517779,0.648101581517779,0.551368160735187,0.638576111689695,0.598506569175712,0.571023468488397,0.508466222274168,0.646230628049911,0.575010455425827,0.635232510561021
"82",0.655714099646638,0.641230128955122,0.62410528238025,0.565211319703095,0.647414029827017,0.647648407053621,0.519451049355006,0.553867841274285,0.637154268341015,0.559546977596535,0.641803878986724,0.631528537511671,0.657203004687324,0.507106089229949,0.631528537511671,0.546557331072333,0.580776406156637,0.547946090652957,0.594650860580814,0.626448309516387,0.654059911243837,0.635232510561021,0.636580518309413,0.598278334529138,0.632899576548226,0.553867841274285,0.617094896958701,0.640877817985304,0.636198673099479,0.648101581517779,0.644646888293257,0.648101581517779,0.608135002409703,0.617008822260926,0.496240604865248,0.5835159101446,0.648101581517779,0.634597321181289,0.496172323869751,0.623359407339167,0.595543526214397,0.633894663675054,0.576348979702622,0.646989305777649,0.63461743968889,0.507824055768904,0.58104574216911,0.631528537511671,0.637294488242481,0.583295080734562,0.571897302656953,0.567346455594015,0.63461743968889,0.637294488242481,0.590342654912586,0.648101581517779,0.634999488116073,0.605209893334775,0.643538676898097,0.643538676898097,0.648101581517779,0.646989305777649,0.623554495897729,0.562741661125508,0.583295080734562,0.634704145714918,0.629125358069977,0.50098112136012,0.646989305777649,0.635232510561021,0.581933525169603,0.645440722604986,0.649530876165572,0.605330604380385,0.370949774056357,0.641230128955122,0.634582215365817,0.64903387451482,0.532068727027552,0.513727720055115,0.656090728947193,0.646840279795414,0.576348979702622,0.548157436591399,0.574987424137663,0.516242668983484,0.648101581517779,0.548133050521579,0.562741661125508,0.547946090652957,0.648101581517779,0.648101581517779,0.551368160735187,0.638576111689695,0.598506569175712,0.571023468488397,0.508466222274168,0.646230628049911,0.575010455425827,0.635232510561021
"83",0.655863125628872,0.641230128955122,0.62410528238025,0.565211319703095,0.647414029827017,0.647648407053621,0.519451049355006,0.553867841274285,0.637154268341015,0.559546977596535,0.641803878986724,0.631528537511671,0.657203004687324,0.507106089229949,0.631528537511671,0.546557331072333,0.580776406156637,0.547946090652957,0.594650860580814,0.626448309516387,0.654059911243837,0.635232510561021,0.636580518309413,0.598278334529138,0.632899576548226,0.553867841274285,0.617094896958701,0.640877817985304,0.636198673099479,0.648101581517779,0.644646888293257,0.648101581517779,0.608135002409703,0.617008822260926,0.496240604865248,0.5835159101446,0.648101581517779,0.634597321181289,0.496172323869751,0.623359407339167,0.595543526214397,0.633894663675054,0.576348979702622,0.648250607500014,0.63461743968889,0.507824055768904,0.58104574216911,0.631528537511671,0.637294488242481,0.583295080734562,0.571897302656953,0.567346455594015,0.63461743968889,0.637294488242481,0.590342654912586,0.648101581517779,0.634999488116073,0.605209893334775,0.643538676898097,0.643538676898097,0.648101581517779,0.646989305777649,0.623554495897729,0.562741661125508,0.583295080734562,0.634704145714918,0.629125358069977,0.50098112136012,0.646989305777649,0.635232510561021,0.581933525169603,0.645440722604986,0.649530876165572,0.605330604380385,0.370949774056357,0.641230128955122,0.634582215365817,0.64903387451482,0.532068727027552,0.513727720055115,0.657352030669558,0.646840279795414,0.576348979702622,0.548157436591399,0.574987424137663,0.516242668983484,0.648101581517779,0.548133050521579,0.562741661125508,0.547946090652957,0.648101581517779,0.648101581517779,0.551368160735187,0.638576111689695,0.598506569175712,0.571023468488397,0.508466222274168,0.646840279795414,0.575010455425827,0.635232510561021
"84",0.655863125628872,0.641230128955122,0.62410528238025,0.565211319703095,0.647414029827017,0.647648407053621,0.519451049355006,0.553867841274285,0.637154268341015,0.559546977596535,0.641803878986724,0.631528537511671,0.657203004687324,0.507106089229949,0.631528537511671,0.546557331072333,0.580776406156637,0.547946090652957,0.594650860580814,0.626448309516387,0.654059911243837,0.635232510561021,0.636580518309413,0.598278334529138,0.632899576548226,0.553867841274285,0.617094896958701,0.640877817985304,0.636198673099479,0.648101581517779,0.644646888293257,0.648101581517779,0.608135002409703,0.617008822260926,0.496240604865248,0.5835159101446,0.648101581517779,0.634597321181289,0.496172323869751,0.623359407339167,0.595543526214397,0.633894663675054,0.576348979702622,0.648250607500014,0.63461743968889,0.507824055768904,0.58104574216911,0.631528537511671,0.637294488242481,0.583295080734562,0.571897302656953,0.567346455594015,0.63461743968889,0.637294488242481,0.590342654912586,0.648101581517779,0.634999488116073,0.605209893334775,0.643538676898097,0.643538676898097,0.648101581517779,0.646989305777649,0.623554495897729,0.562741661125508,0.583295080734562,0.634704145714918,0.629125358069977,0.50098112136012,0.646989305777649,0.635232510561021,0.581933525169603,0.645440722604986,0.649530876165572,0.605330604380385,0.370949774056357,0.641230128955122,0.634582215365817,0.64903387451482,0.532068727027552,0.513727720055115,0.657352030669558,0.646840279795414,0.576348979702622,0.548157436591399,0.574987424137663,0.516242668983484,0.648101581517779,0.548133050521579,0.562741661125508,0.547946090652957,0.648101581517779,0.648101581517779,0.551368160735187,0.638576111689695,0.598506569175712,0.571023468488397,0.508466222274168,0.646840279795414,0.575010455425827,0.635232510561021
"85",0.655863125628872,0.641230128955122,0.62410528238025,0.565211319703095,0.647414029827017,0.647648407053621,0.519451049355006,0.553867841274285,0.637154268341015,0.559546977596535,0.641803878986724,0.631528537511671,0.657203004687324,0.507106089229949,0.631528537511671,0.546557331072333,0.580776406156637,0.547946090652957,0.594650860580814,0.626448309516387,0.654059911243837,0.635232510561021,0.636580518309413,0.598278334529138,0.632899576548226,0.553867841274285,0.617094896958701,0.640877817985304,0.636198673099479,0.648101581517779,0.644646888293257,0.648101581517779,0.608135002409703,0.617008822260926,0.496240604865248,0.5835159101446,0.648101581517779,0.634597321181289,0.496172323869751,0.623359407339167,0.595543526214397,0.633894663675054,0.576348979702622,0.648250607500014,0.63461743968889,0.507824055768904,0.58104574216911,0.631528537511671,0.637294488242481,0.583295080734562,0.571897302656953,0.567346455594015,0.63461743968889,0.637294488242481,0.590342654912586,0.648101581517779,0.634999488116073,0.605209893334775,0.643538676898097,0.643538676898097,0.648101581517779,0.646989305777649,0.623554495897729,0.562741661125508,0.583295080734562,0.634704145714918,0.629125358069977,0.50098112136012,0.646989305777649,0.635232510561021,0.581933525169603,0.645440722604986,0.649530876165572,0.605330604380385,0.370949774056357,0.641230128955122,0.634582215365817,0.64903387451482,0.532068727027552,0.513727720055115,0.657352030669558,0.646840279795414,0.576348979702622,0.548157436591399,0.574987424137663,0.516242668983484,0.648101581517779,0.548133050521579,0.562741661125508,0.547946090652957,0.648101581517779,0.648101581517779,0.551368160735187,0.638576111689695,0.598506569175712,0.571023468488397,0.508466222274168,0.646840279795414,0.575010455425827,0.635232510561021
"86",0.655863125628872,0.641230128955122,0.62410528238025,0.565211319703095,0.647414029827017,0.647648407053621,0.519451049355006,0.553867841274285,0.637154268341015,0.559546977596535,0.641803878986724,0.631528537511671,0.657203004687324,0.507106089229949,0.631528537511671,0.546557331072333,0.580776406156637,0.547946090652957,0.594650860580814,0.626448309516387,0.654059911243837,0.635232510561021,0.636580518309413,0.598278334529138,0.632899576548226,0.553867841274285,0.617094896958701,0.640877817985304,0.636198673099479,0.648101581517779,0.644646888293257,0.648101581517779,0.608135002409703,0.617008822260926,0.496240604865248,0.5835159101446,0.648101581517779,0.634597321181289,0.496172323869751,0.623359407339167,0.595543526214397,0.633894663675054,0.576348979702622,0.648250607500014,0.63461743968889,0.507824055768904,0.58104574216911,0.631528537511671,0.637294488242481,0.583295080734562,0.571897302656953,0.567346455594015,0.63461743968889,0.637294488242481,0.590342654912586,0.648101581517779,0.634999488116073,0.605209893334775,0.643538676898097,0.643538676898097,0.648101581517779,0.646989305777649,0.623554495897729,0.562741661125508,0.583295080734562,0.634704145714918,0.629125358069977,0.50098112136012,0.646989305777649,0.635232510561021,0.581933525169603,0.645440722604986,0.649530876165572,0.605330604380385,0.370949774056357,0.641230128955122,0.634582215365817,0.64903387451482,0.532068727027552,0.513727720055115,0.657352030669558,0.646840279795414,0.576348979702622,0.548157436591399,0.574987424137663,0.516242668983484,0.648101581517779,0.548133050521579,0.562741661125508,0.547946090652957,0.648101581517779,0.648101581517779,0.551368160735187,0.638576111689695,0.598506569175712,0.571023468488397,0.508466222274168,0.646840279795414,0.575010455425827,0.635232510561021
"87",0.655863125628872,0.641230128955122,0.62410528238025,0.565211319703095,0.647563055809251,0.647648407053621,0.519451049355006,0.553867841274285,0.637154268341015,0.559546977596535,0.641803878986724,0.631528537511671,0.657203004687324,0.507106089229949,0.631528537511671,0.546557331072333,0.580776406156637,0.547946090652957,0.594650860580814,0.626448309516387,0.654059911243837,0.635232510561021,0.636580518309413,0.598278334529138,0.632899576548226,0.553867841274285,0.617094896958701,0.640877817985304,0.636198673099479,0.648101581517779,0.644646888293257,0.648101581517779,0.608135002409703,0.617008822260926,0.496240604865248,0.5835159101446,0.648101581517779,0.634597321181289,0.496172323869751,0.623359407339167,0.595543526214397,0.633894663675054,0.576348979702622,0.648250607500014,0.63461743968889,0.507824055768904,0.58104574216911,0.631528537511671,0.637294488242481,0.583295080734562,0.571897302656953,0.567346455594015,0.63461743968889,0.637294488242481,0.590342654912586,0.648101581517779,0.634999488116073,0.605209893334775,0.643538676898097,0.643538676898097,0.648101581517779,0.646989305777649,0.623554495897729,0.562741661125508,0.583295080734562,0.634704145714918,0.629125358069977,0.50098112136012,0.646989305777649,0.635232510561021,0.581933525169603,0.645440722604986,0.649530876165572,0.605330604380385,0.370949774056357,0.641230128955122,0.634582215365817,0.64903387451482,0.532068727027552,0.513727720055115,0.657352030669558,0.646840279795414,0.576348979702622,0.548157436591399,0.574987424137663,0.516242668983484,0.648101581517779,0.548133050521579,0.562741661125508,0.547946090652957,0.648101581517779,0.648101581517779,0.551368160735187,0.638576111689695,0.598506569175712,0.571023468488397,0.508466222274168,0.646840279795414,0.575010455425827,0.635232510561021
"88",0.655863125628872,0.641230128955122,0.62410528238025,0.565211319703095,0.647563055809251,0.647648407053621,0.519451049355006,0.553867841274285,0.637154268341015,0.559546977596535,0.642097866606223,0.631528537511671,0.657203004687324,0.507106089229949,0.631528537511671,0.546557331072333,0.580776406156637,0.547946090652957,0.594650860580814,0.626448309516387,0.654059911243837,0.635232510561021,0.636580518309413,0.598278334529138,0.632899576548226,0.553867841274285,0.617094896958701,0.640877817985304,0.636198673099479,0.648101581517779,0.644646888293257,0.648101581517779,0.608135002409703,0.617008822260926,0.496240604865248,0.5835159101446,0.648101581517779,0.634597321181289,0.496172323869751,0.623359407339167,0.595543526214397,0.633894663675054,0.576348979702622,0.648250607500014,0.63461743968889,0.507824055768904,0.58104574216911,0.631528537511671,0.637294488242481,0.583295080734562,0.571897302656953,0.567346455594015,0.63461743968889,0.637294488242481,0.590342654912586,0.648101581517779,0.634999488116073,0.605209893334775,0.643538676898097,0.643538676898097,0.648101581517779,0.646989305777649,0.623554495897729,0.562741661125508,0.583295080734562,0.634704145714918,0.629125358069977,0.50098112136012,0.646989305777649,0.635232510561021,0.581933525169603,0.645440722604986,0.649530876165572,0.605330604380385,0.370949774056357,0.641524116574621,0.634582215365817,0.64903387451482,0.532068727027552,0.513727720055115,0.657352030669558,0.646840279795414,0.576348979702622,0.548157436591399,0.574987424137663,0.516242668983484,0.648101581517779,0.548133050521579,0.562741661125508,0.547946090652957,0.648101581517779,0.648101581517779,0.551368160735187,0.638576111689695,0.598506569175712,0.571023468488397,0.508466222274168,0.646840279795414,0.575010455425827,0.635232510561021
"89",0.655863125628872,0.641230128955122,0.62410528238025,0.565211319703095,0.647563055809251,0.647648407053621,0.519451049355006,0.553867841274285,0.637154268341015,0.559546977596535,0.642097866606223,0.631528537511671,0.657203004687324,0.507106089229949,0.631528537511671,0.546557331072333,0.580776406156637,0.547946090652957,0.594650860580814,0.626448309516387,0.654059911243837,0.635232510561021,0.636580518309413,0.598278334529138,0.632899576548226,0.553867841274285,0.617094896958701,0.640877817985304,0.636198673099479,0.648101581517779,0.644646888293257,0.648101581517779,0.608135002409703,0.617008822260926,0.496240604865248,0.5835159101446,0.648101581517779,0.634597321181289,0.496172323869751,0.623359407339167,0.595543526214397,0.633894663675054,0.576348979702622,0.648250607500014,0.63461743968889,0.507824055768904,0.58104574216911,0.631528537511671,0.637294488242481,0.583295080734562,0.571897302656953,0.567346455594015,0.63461743968889,0.637294488242481,0.590342654912586,0.648101581517779,0.634999488116073,0.605209893334775,0.643538676898097,0.643538676898097,0.648101581517779,0.646989305777649,0.623554495897729,0.562741661125508,0.583295080734562,0.634704145714918,0.629125358069977,0.50098112136012,0.646989305777649,0.635232510561021,0.581933525169603,0.645440722604986,0.649530876165572,0.605330604380385,0.370949774056357,0.641524116574621,0.634582215365817,0.64903387451482,0.532068727027552,0.513727720055115,0.657352030669558,0.646840279795414,0.576348979702622,0.548157436591399,0.574987424137663,0.516242668983484,0.648101581517779,0.548133050521579,0.562741661125508,0.547946090652957,0.648101581517779,0.648101581517779,0.551368160735187,0.638576111689695,0.598506569175712,0.571023468488397,0.508466222274168,0.646840279795414,0.575010455425827,0.635232510561021
"90",0.655863125628872,0.641230128955122,0.62410528238025,0.565211319703095,0.647605054040608,0.647648407053621,0.519451049355006,0.553867841274285,0.637154268341015,0.559546977596535,0.642097866606223,0.631528537511671,0.657203004687324,0.507106089229949,0.631528537511671,0.546557331072333,0.580776406156637,0.547946090652957,0.594650860580814,0.626448309516387,0.654059911243837,0.635232510561021,0.636580518309413,0.598278334529138,0.632899576548226,0.553867841274285,0.617094896958701,0.640877817985304,0.636198673099479,0.648101581517779,0.644646888293257,0.648101581517779,0.608135002409703,0.617008822260926,0.496240604865248,0.5835159101446,0.648101581517779,0.634597321181289,0.496172323869751,0.623359407339167,0.595543526214397,0.633894663675054,0.576348979702622,0.648250607500014,0.63461743968889,0.507824055768904,0.58104574216911,0.631528537511671,0.637294488242481,0.583295080734562,0.571897302656953,0.567346455594015,0.63461743968889,0.637294488242481,0.590342654912586,0.648101581517779,0.634999488116073,0.605209893334775,0.643538676898097,0.643538676898097,0.648101581517779,0.646989305777649,0.623554495897729,0.562741661125508,0.583295080734562,0.634704145714918,0.629125358069977,0.50098112136012,0.646989305777649,0.635232510561021,0.581933525169603,0.645440722604986,0.649530876165572,0.605330604380385,0.370949774056357,0.641524116574621,0.634582215365817,0.64903387451482,0.532068727027552,0.513727720055115,0.657352030669558,0.648101581517779,0.576348979702622,0.548157436591399,0.574987424137663,0.516242668983484,0.648101581517779,0.548133050521579,0.562741661125508,0.547946090652957,0.648101581517779,0.648101581517779,0.551368160735187,0.638576111689695,0.598506569175712,0.571023468488397,0.508466222274168,0.646840279795414,0.575010455425827,0.635232510561021
"91",0.655863125628872,0.641524116574621,0.62410528238025,0.565211319703095,0.647605054040608,0.647648407053621,0.519451049355006,0.553867841274285,0.637154268341015,0.559546977596535,0.642097866606223,0.631528537511671,0.657203004687324,0.507106089229949,0.631528537511671,0.546557331072333,0.580776406156637,0.547946090652957,0.594650860580814,0.626448309516387,0.654059911243837,0.635232510561021,0.636580518309413,0.598278334529138,0.632899576548226,0.553867841274285,0.617094896958701,0.640877817985304,0.636198673099479,0.648101581517779,0.644646888293257,0.648101581517779,0.608135002409703,0.617008822260926,0.496240604865248,0.5835159101446,0.648101581517779,0.634597321181289,0.496172323869751,0.623359407339167,0.595543526214397,0.641803878986724,0.576348979702622,0.648250607500014,0.63461743968889,0.507824055768904,0.58104574216911,0.631528537511671,0.637294488242481,0.583295080734562,0.571897302656953,0.567346455594015,0.63461743968889,0.637294488242481,0.590342654912586,0.648101581517779,0.634999488116073,0.605209893334775,0.643538676898097,0.643538676898097,0.648101581517779,0.648250607500014,0.623554495897729,0.562741661125508,0.583295080734562,0.634704145714918,0.629125358069977,0.50098112136012,0.646989305777649,0.635232510561021,0.581933525169603,0.645440722604986,0.649530876165572,0.605330604380385,0.370949774056357,0.641524116574621,0.634582215365817,0.64903387451482,0.532068727027552,0.513727720055115,0.657352030669558,0.648101581517779,0.576348979702622,0.548157436591399,0.574987424137663,0.516242668983484,0.648101581517779,0.548133050521579,0.562741661125508,0.547946090652957,0.648101581517779,0.648101581517779,0.551368160735187,0.638576111689695,0.598506569175712,0.571023468488397,0.508466222274168,0.646840279795414,0.575010455425827,0.635232510561021
"92",0.655863125628872,0.641524116574621,0.62410528238025,0.565211319703095,0.647605054040608,0.647648407053621,0.519451049355006,0.553867841274285,0.637154268341015,0.559546977596535,0.643359168328588,0.631528537511671,0.657203004687324,0.507106089229949,0.631528537511671,0.546557331072333,0.580776406156637,0.547946090652957,0.594650860580814,0.626448309516387,0.654059911243837,0.635232510561021,0.636580518309413,0.598278334529138,0.632899576548226,0.553867841274285,0.617094896958701,0.640877817985304,0.636198673099479,0.648101581517779,0.644646888293257,0.648101581517779,0.608135002409703,0.617008822260926,0.496240604865248,0.5835159101446,0.648101581517779,0.634597321181289,0.496172323869751,0.623359407339167,0.595543526214397,0.641803878986724,0.576348979702622,0.648250607500014,0.63461743968889,0.507824055768904,0.58104574216911,0.631528537511671,0.637294488242481,0.583295080734562,0.571897302656953,0.567346455594015,0.63461743968889,0.637294488242481,0.590342654912586,0.648101581517779,0.634999488116073,0.605209893334775,0.643538676898097,0.643538676898097,0.648101581517779,0.648250607500014,0.623554495897729,0.562741661125508,0.583295080734562,0.634704145714918,0.629125358069977,0.50098112136012,0.648250607500014,0.635232510561021,0.581933525169603,0.645440722604986,0.649530876165572,0.605330604380385,0.370949774056357,0.641524116574621,0.634582215365817,0.64903387451482,0.532068727027552,0.513727720055115,0.657352030669558,0.648101581517779,0.576348979702622,0.548157436591399,0.574987424137663,0.516242668983484,0.648101581517779,0.548133050521579,0.562741661125508,0.547946090652957,0.648101581517779,0.648101581517779,0.551368160735187,0.638576111689695,0.598506569175712,0.571023468488397,0.508466222274168,0.646840279795414,0.575010455425827,0.635232510561021
"93",0.655863125628872,0.641524116574621,0.62410528238025,0.565211319703095,0.647605054040608,0.647648407053621,0.519451049355006,0.553867841274285,0.637154268341015,0.559546977596535,0.643359168328588,0.631528537511671,0.657203004687324,0.507106089229949,0.631528537511671,0.546557331072333,0.580776406156637,0.547946090652957,0.594650860580814,0.626448309516387,0.654059911243837,0.635232510561021,0.636580518309413,0.598278334529138,0.632899576548226,0.553867841274285,0.617094896958701,0.640877817985304,0.636198673099479,0.648101581517779,0.644646888293257,0.648101581517779,0.608135002409703,0.617008822260926,0.496240604865248,0.5835159101446,0.648101581517779,0.634597321181289,0.496172323869751,0.623359407339167,0.595543526214397,0.641803878986724,0.576348979702622,0.648250607500014,0.63461743968889,0.507824055768904,0.58104574216911,0.631528537511671,0.637294488242481,0.583295080734562,0.571897302656953,0.567346455594015,0.63461743968889,0.637294488242481,0.590342654912586,0.648101581517779,0.634999488116073,0.605209893334775,0.643538676898097,0.643538676898097,0.648101581517779,0.648250607500014,0.623554495897729,0.562741661125508,0.583295080734562,0.634704145714918,0.629125358069977,0.50098112136012,0.648250607500014,0.635232510561021,0.581933525169603,0.645440722604986,0.649530876165572,0.605330604380385,0.370949774056357,0.641524116574621,0.634582215365817,0.64903387451482,0.532068727027552,0.513727720055115,0.657352030669558,0.648101581517779,0.576348979702622,0.548157436591399,0.574987424137663,0.516242668983484,0.648101581517779,0.548133050521579,0.562741661125508,0.547946090652957,0.648101581517779,0.648101581517779,0.551368160735187,0.638576111689695,0.598506569175712,0.571023468488397,0.508466222274168,0.648101581517779,0.575010455425827,0.635232510561021
"94",0.655863125628872,0.641524116574621,0.62410528238025,0.565211319703095,0.647605054040608,0.647648407053621,0.519451049355006,0.553867841274285,0.637154268341015,0.559546977596535,0.643359168328588,0.631528537511671,0.657203004687324,0.507106089229949,0.631528537511671,0.546557331072333,0.580776406156637,0.547946090652957,0.594650860580814,0.626448309516387,0.654059911243837,0.635232510561021,0.636580518309413,0.598278334529138,0.632899576548226,0.553867841274285,0.617094896958701,0.640877817985304,0.636198673099479,0.648101581517779,0.644646888293257,0.648101581517779,0.608135002409703,0.617008822260926,0.496240604865248,0.5835159101446,0.648101581517779,0.634597321181289,0.496172323869751,0.623359407339167,0.595543526214397,0.642097866606223,0.576348979702622,0.648250607500014,0.63461743968889,0.507824055768904,0.58104574216911,0.631528537511671,0.637294488242481,0.583295080734562,0.571897302656953,0.567346455594015,0.63461743968889,0.637294488242481,0.590342654912586,0.648101581517779,0.634999488116073,0.605209893334775,0.643538676898097,0.643538676898097,0.648101581517779,0.648250607500014,0.623554495897729,0.562741661125508,0.583295080734562,0.634704145714918,0.629125358069977,0.50098112136012,0.648250607500014,0.635232510561021,0.581933525169603,0.645440722604986,0.649530876165572,0.605330604380385,0.370949774056357,0.641524116574621,0.634582215365817,0.64903387451482,0.532068727027552,0.513727720055115,0.657352030669558,0.648101581517779,0.576348979702622,0.548157436591399,0.574987424137663,0.516242668983484,0.648101581517779,0.548133050521579,0.562741661125508,0.547946090652957,0.648101581517779,0.648101581517779,0.551368160735187,0.638576111689695,0.598506569175712,0.571023468488397,0.508466222274168,0.648101581517779,0.575010455425827,0.635232510561021
"95",0.655863125628872,0.642785418296986,0.62410528238025,0.565211319703095,0.647605054040608,0.647648407053621,0.519451049355006,0.553867841274285,0.637154268341015,0.559546977596535,0.643359168328588,0.631528537511671,0.657203004687324,0.507106089229949,0.631528537511671,0.546557331072333,0.580776406156637,0.547946090652957,0.594650860580814,0.626448309516387,0.654059911243837,0.635232510561021,0.636580518309413,0.598278334529138,0.632899576548226,0.553867841274285,0.617094896958701,0.640877817985304,0.636198673099479,0.648101581517779,0.644646888293257,0.648101581517779,0.608135002409703,0.617008822260926,0.496240604865248,0.5835159101446,0.648101581517779,0.634597321181289,0.496172323869751,0.623359407339167,0.595543526214397,0.643359168328588,0.576348979702622,0.648250607500014,0.63461743968889,0.507824055768904,0.58104574216911,0.631528537511671,0.637294488242481,0.583295080734562,0.571897302656953,0.567346455594015,0.63461743968889,0.637294488242481,0.590342654912586,0.648101581517779,0.634999488116073,0.605209893334775,0.643538676898097,0.643538676898097,0.648101581517779,0.648250607500014,0.623554495897729,0.562741661125508,0.583295080734562,0.634704145714918,0.629125358069977,0.50098112136012,0.648250607500014,0.635232510561021,0.581933525169603,0.645440722604986,0.649530876165572,0.605330604380385,0.370949774056357,0.641524116574621,0.634582215365817,0.64903387451482,0.532068727027552,0.513727720055115,0.657352030669558,0.648101581517779,0.576348979702622,0.548157436591399,0.574987424137663,0.516242668983484,0.648101581517779,0.548133050521579,0.562741661125508,0.547946090652957,0.648101581517779,0.648101581517779,0.551368160735187,0.638576111689695,0.598506569175712,0.571023468488397,0.508466222274168,0.648101581517779,0.575010455425827,0.635232510561021
"96",0.655863125628872,0.642785418296986,0.62410528238025,0.565211319703095,0.647605054040608,0.647648407053621,0.519451049355006,0.553867841274285,0.637154268341015,0.559546977596535,0.643359168328588,0.631528537511671,0.657203004687324,0.507106089229949,0.631528537511671,0.546557331072333,0.580776406156637,0.547946090652957,0.594650860580814,0.626448309516387,0.654059911243837,0.635232510561021,0.636580518309413,0.598278334529138,0.632899576548226,0.553867841274285,0.617094896958701,0.640877817985304,0.636198673099479,0.648101581517779,0.644646888293257,0.648101581517779,0.608135002409703,0.617008822260926,0.496240604865248,0.5835159101446,0.648101581517779,0.634597321181289,0.496172323869751,0.623359407339167,0.595543526214397,0.643359168328588,0.576348979702622,0.648250607500014,0.63461743968889,0.507824055768904,0.58104574216911,0.631528537511671,0.637294488242481,0.583295080734562,0.571897302656953,0.567346455594015,0.63461743968889,0.637294488242481,0.590342654912586,0.648101581517779,0.634999488116073,0.605209893334775,0.643538676898097,0.643538676898097,0.648101581517779,0.648250607500014,0.623554495897729,0.562741661125508,0.583295080734562,0.634704145714918,0.629125358069977,0.50098112136012,0.648250607500014,0.635232510561021,0.581933525169603,0.645440722604986,0.649530876165572,0.605330604380385,0.370949774056357,0.641524116574621,0.634582215365817,0.64903387451482,0.532068727027552,0.513727720055115,0.657352030669558,0.648101581517779,0.576348979702622,0.548157436591399,0.574987424137663,0.516242668983484,0.648101581517779,0.548133050521579,0.562741661125508,0.547946090652957,0.648101581517779,0.648101581517779,0.551368160735187,0.638576111689695,0.598506569175712,0.571023468488397,0.508466222274168,0.648101581517779,0.575010455425827,0.635232510561021
"97",0.655863125628872,0.642785418296986,0.62410528238025,0.565211319703095,0.647605054040608,0.647648407053621,0.519451049355006,0.553867841274285,0.637154268341015,0.559546977596535,0.643359168328588,0.631528537511671,0.657203004687324,0.507106089229949,0.631528537511671,0.546557331072333,0.580776406156637,0.547946090652957,0.594650860580814,0.626448309516387,0.654059911243837,0.635232510561021,0.636580518309413,0.598278334529138,0.632899576548226,0.553867841274285,0.617094896958701,0.640877817985304,0.636198673099479,0.648101581517779,0.644646888293257,0.648101581517779,0.608135002409703,0.617008822260926,0.496240604865248,0.5835159101446,0.648101581517779,0.634597321181289,0.496172323869751,0.623359407339167,0.595543526214397,0.643359168328588,0.576348979702622,0.648250607500014,0.63461743968889,0.507824055768904,0.58104574216911,0.631528537511671,0.637294488242481,0.583295080734562,0.571897302656953,0.567346455594015,0.63461743968889,0.637294488242481,0.590342654912586,0.648101581517779,0.634999488116073,0.605209893334775,0.643538676898097,0.643538676898097,0.648101581517779,0.648250607500014,0.623554495897729,0.562741661125508,0.583295080734562,0.634704145714918,0.629125358069977,0.50098112136012,0.648250607500014,0.635232510561021,0.581933525169603,0.645440722604986,0.649530876165572,0.605330604380385,0.370949774056357,0.641524116574621,0.634582215365817,0.64903387451482,0.532068727027552,0.513727720055115,0.657352030669558,0.648101581517779,0.576348979702622,0.548157436591399,0.574987424137663,0.516242668983484,0.648101581517779,0.548133050521579,0.562741661125508,0.547946090652957,0.648101581517779,0.648101581517779,0.551368160735187,0.638576111689695,0.598506569175712,0.571023468488397,0.508466222274168,0.648101581517779,0.575010455425827,0.635232510561021
"98",0.655863125628872,0.642785418296986,0.62410528238025,0.565211319703095,0.647605054040608,0.647648407053621,0.519451049355006,0.553867841274285,0.637154268341015,0.559546977596535,0.643359168328588,0.631528537511671,0.657203004687324,0.507106089229949,0.631528537511671,0.546557331072333,0.580776406156637,0.547946090652957,0.594650860580814,0.626448309516387,0.654059911243837,0.635232510561021,0.636580518309413,0.598278334529138,0.632899576548226,0.553867841274285,0.617094896958701,0.640877817985304,0.636198673099479,0.648101581517779,0.644646888293257,0.648101581517779,0.608135002409703,0.617008822260926,0.496240604865248,0.5835159101446,0.648101581517779,0.634597321181289,0.496172323869751,0.623359407339167,0.595543526214397,0.643359168328588,0.576348979702622,0.648250607500014,0.63461743968889,0.507824055768904,0.58104574216911,0.631528537511671,0.637294488242481,0.583295080734562,0.571897302656953,0.567346455594015,0.63461743968889,0.637294488242481,0.590342654912586,0.648101581517779,0.634999488116073,0.605209893334775,0.643538676898097,0.643538676898097,0.648101581517779,0.648250607500014,0.623554495897729,0.562741661125508,0.583295080734562,0.634704145714918,0.629125358069977,0.50098112136012,0.648250607500014,0.635232510561021,0.581933525169603,0.645440722604986,0.649530876165572,0.605330604380385,0.370949774056357,0.642097866606223,0.634582215365817,0.64903387451482,0.532068727027552,0.513727720055115,0.657352030669558,0.648101581517779,0.576348979702622,0.548157436591399,0.574987424137663,0.516242668983484,0.648101581517779,0.548133050521579,0.562741661125508,0.547946090652957,0.648101581517779,0.648101581517779,0.551368160735187,0.638576111689695,0.598506569175712,0.571023468488397,0.508466222274168,0.648101581517779,0.575010455425827,0.635232510561021
"99",0.657124427351237,0.642785418296986,0.62410528238025,0.565211319703095,0.647605054040608,0.647648407053621,0.519451049355006,0.553867841274285,0.637154268341015,0.559546977596535,0.643359168328588,0.631528537511671,0.657203004687324,0.507106089229949,0.631528537511671,0.546557331072333,0.580776406156637,0.547946090652957,0.594650860580814,0.626448309516387,0.654059911243837,0.635232510561021,0.636580518309413,0.598278334529138,0.632899576548226,0.553867841274285,0.617094896958701,0.640877817985304,0.636198673099479,0.648101581517779,0.644646888293257,0.648101581517779,0.608135002409703,0.617008822260926,0.496240604865248,0.5835159101446,0.648101581517779,0.634597321181289,0.496172323869751,0.623359407339167,0.595543526214397,0.643359168328588,0.576348979702622,0.648250607500014,0.63461743968889,0.507824055768904,0.58104574216911,0.631528537511671,0.637294488242481,0.583295080734562,0.571897302656953,0.567346455594015,0.63461743968889,0.637294488242481,0.590342654912586,0.648101581517779,0.634999488116073,0.605209893334775,0.643538676898097,0.643538676898097,0.648101581517779,0.648250607500014,0.623554495897729,0.562741661125508,0.583295080734562,0.634704145714918,0.629125358069977,0.50098112136012,0.648250607500014,0.635232510561021,0.581933525169603,0.645440722604986,0.649530876165572,0.605330604380385,0.370949774056357,0.642097866606223,0.634582215365817,0.64903387451482,0.532068727027552,0.513727720055115,0.657352030669558,0.648101581517779,0.576348979702622,0.548157436591399,0.574987424137663,0.516242668983484,0.648101581517779,0.548133050521579,0.562741661125508,0.547946090652957,0.648101581517779,0.648101581517779,0.551368160735187,0.638576111689695,0.598506569175712,0.571023468488397,0.508466222274168,0.648101581517779,0.575010455425827,0.635232510561021
"100",0.657124427351237,0.642785418296986,0.62410528238025,0.565211319703095,0.647605054040608,0.647648407053621,0.519451049355006,0.553867841274285,0.637154268341015,0.559546977596535,0.643359168328588,0.631528537511671,0.657203004687324,0.507106089229949,0.631528537511671,0.546557331072333,0.580776406156637,0.547946090652957,0.594650860580814,0.626448309516387,0.654059911243837,0.635232510561021,0.636580518309413,0.598278334529138,0.632899576548226,0.553867841274285,0.617094896958701,0.640877817985304,0.636198673099479,0.648101581517779,0.644646888293257,0.648101581517779,0.608135002409703,0.617008822260926,0.496240604865248,0.5835159101446,0.648101581517779,0.634597321181289,0.496172323869751,0.623359407339167,0.595543526214397,0.643359168328588,0.576348979702622,0.648250607500014,0.63461743968889,0.507824055768904,0.58104574216911,0.631528537511671,0.637294488242481,0.583295080734562,0.571897302656953,0.567346455594015,0.63461743968889,0.637294488242481,0.590342654912586,0.648101581517779,0.634999488116073,0.605209893334775,0.643538676898097,0.643538676898097,0.648101581517779,0.648250607500014,0.623554495897729,0.562741661125508,0.583295080734562,0.634704145714918,0.629125358069977,0.50098112136012,0.648250607500014,0.635232510561021,0.581933525169603,0.645440722604986,0.649530876165572,0.605330604380385,0.370949774056357,0.642097866606223,0.634582215365817,0.64903387451482,0.532068727027552,0.513727720055115,0.657352030669558,0.648101581517779,0.576348979702622,0.548157436591399,0.574987424137663,0.516242668983484,0.648101581517779,0.548133050521579,0.562741661125508,0.547946090652957,0.648101581517779,0.648101581517779,0.551368160735187,0.638576111689695,0.598506569175712,0.571023468488397,0.508466222274168,0.648101581517779,0.575010455425827,0.635232510561021
"101",0.657124427351237,0.642785418296986,0.62410528238025,0.565211319703095,0.647605054040608,0.647648407053621,0.519451049355006,0.553867841274285,0.637154268341015,0.559546977596535,0.643359168328588,0.631528537511671,0.657203004687324,0.507106089229949,0.631528537511671,0.546557331072333,0.580776406156637,0.547946090652957,0.594650860580814,0.626448309516387,0.654059911243837,0.635232510561021,0.636580518309413,0.598278334529138,0.632899576548226,0.553867841274285,0.617094896958701,0.640877817985304,0.636198673099479,0.648101581517779,0.644646888293257,0.648101581517779,0.608135002409703,0.617008822260926,0.496240604865248,0.5835159101446,0.648101581517779,0.634597321181289,0.496172323869751,0.623359407339167,0.595543526214397,0.643359168328588,0.576348979702622,0.648250607500014,0.63461743968889,0.507824055768904,0.58104574216911,0.631528537511671,0.637294488242481,0.583295080734562,0.571897302656953,0.567346455594015,0.63461743968889,0.637294488242481,0.590342654912586,0.648101581517779,0.634999488116073,0.605209893334775,0.643538676898097,0.643538676898097,0.648101581517779,0.648250607500014,0.623554495897729,0.562741661125508,0.583295080734562,0.634704145714918,0.629125358069977,0.50098112136012,0.648250607500014,0.635232510561021,0.581933525169603,0.645440722604986,0.649530876165572,0.605330604380385,0.370949774056357,0.642097866606223,0.634582215365817,0.64903387451482,0.532068727027552,0.513727720055115,0.657352030669558,0.648101581517779,0.576348979702622,0.548157436591399,0.574987424137663,0.516242668983484,0.648101581517779,0.548133050521579,0.562741661125508,0.547946090652957,0.648101581517779,0.648101581517779,0.551368160735187,0.638576111689695,0.598506569175712,0.571023468488397,0.508466222274168,0.648101581517779,0.575010455425827,0.635232510561021
