"","V1","V2","V3","V4","V5","V6","V7","V8","V9","V10","V11","V12","V13","V14","V15","V16","V17","V18","V19","V20","V21","V22","V23","V24","V25","V26","V27","V28","V29","V30","V31","V32","V33","V34","V35","V36","V37","V38","V39","V40","V41","V42","V43","V44","V45","V46","V47","V48","V49","V50","V51","V52","V53","V54","V55","V56","V57","V58","V59","V60","V61","V62","V63","V64","V65","V66","V67","V68","V69","V70","V71","V72","V73","V74","V75","V76","V77","V78","V79","V80","V81","V82","V83","V84","V85","V86","V87","V88","V89","V90","V91","V92","V93","V94","V95","V96","V97","V98","V99","V100"
"1",0.100447398728772,0.119625187648883,0.171311685127966,0.141209046518513,0.119625187648883,0.125022139294205,0.100447398728772,0.141209046518513,0.119625187648883,0.119625187648883,0.100447398728772,0.119625187648883,0.141209046518513,0.100447398728772,0.100447398728772,0.137974477224539,0.100447398728772,0.119625187648883,0.125022139294205,0.100447398728772,0.146139372495595,0.100447398728772,0.100447398728772,0.141209046518513,0.141209046518513,0.141209046518513,0.125022139294205,0.137974477224539,0.119625187648883,0.119625187648883,0.119625187648883,0.119625187648883,0.119625187648883,0.119625187648883,0.100447398728772,0.125022139294205,0.119625187648883,0.100447398728772,0.100447398728772,0.119625187648883,0.141209046518513,0.100447398728772,0.100447398728772,0.125022139294205,0.137974477224539,0.151771166365559,0.146139372495595,0.125022139294205,0.151771166365559,0.141209046518513,0.141209046518513,0.137974477224539,0.100447398728772,0.119625187648883,0.100447398728772,0.119625187648883,0.100447398728772,0.100447398728772,0.100447398728772,0.125022139294205,0.125022139294205,0.171311685127966,0.119625187648883,0.146139372495595,0.146139372495595,0.137974477224539,0.119625187648883,0.146139372495595,0.141209046518513,0.100447398728772,0.146139372495595,0.141209046518513,0.137974477224539,0.100447398728772,0.119625187648883,0.125022139294205,0.100447398728772,0.100447398728772,0.119625187648883,0.163071671956567,0.151771166365559,0.125022139294205,0.119625187648883,0.119625187648883,0.100447398728772,0.100447398728772,0.100447398728772,0.100447398728772,0.151771166365559,0.163071671956567,0.151771166365559,0.125022139294205,0.151771166365559,0.125022139294205,0.137974477224539,0.100447398728772,0.119625187648883,0.100447398728772,0.100447398728772,0.119625187648883
"2",0.227663967622928,0.272801402088068,0.272801402088068,0.224631511331857,0.227663967622928,0.426659292543658,0.227663967622928,0.227663967622928,0.491468536746683,0.508861851240609,0.49665561277519,0.508861851240609,0.227663967622928,0.508861851240609,0.508861851240609,0.224631511331857,0.49665561277519,0.227663967622928,0.508861851240609,0.426659292543658,0.227663967622928,0.508861851240609,0.508861851240609,0.210005014228952,0.224631511331857,0.227663967622928,0.210005014228952,0.227663967622928,0.508861851240609,0.227663967622928,0.491468536746683,0.508861851240609,0.227663967622928,0.227663967622928,0.508861851240609,0.508861851240609,0.227663967622928,0.227663967622928,0.491468536746683,0.508861851240609,0.227663967622928,0.491468536746683,0.491468536746683,0.227663967622928,0.195014596535739,0.210005014228952,0.227663967622928,0.508861851240609,0.508861851240609,0.224631511331857,0.224631511331857,0.224631511331857,0.491468536746683,0.227663967622928,0.210005014228952,0.227663967622928,0.15196123929345,0.508861851240609,0.508861851240609,0.227663967622928,0.508861851240609,0.238550627841299,0.508861851240609,0.227663967622928,0.227663967622928,0.508861851240609,0.224631511331857,0.0721723491234661,0.227663967622928,0.491468536746683,0.210005014228952,0.227663967622928,0.272801402088068,0.227663967622928,0.224631511331857,0.491468536746683,0.508861851240609,0.227663967622928,0.224631511331857,0.224631511331857,0.238550627841299,0.227663967622928,0.224631511331857,0.227663967622928,0.508861851240609,0.15196123929345,0.227663967622928,0.227663967622928,0.227663967622928,0.227663967622928,0.227663967622928,0.227663967622928,0.508861851240609,0.224631511331857,0.227663967622928,0.49665561277519,0.224631511331857,0.508861851240609,0.508861851240609,0.224631511331857
"3",0.224631511331857,0.508861851240609,0.227663967622928,0.0647333284560729,0.15196123929345,0.49665561277519,0.224631511331857,0.0721723491234661,0.426659292543658,0.491468536746683,0.227663967622928,0.491468536746683,0.224631511331857,0.491468536746683,0.491468536746683,0.219466699129676,0.6935252144634,0.224631511331857,0.491468536746683,0.49665561277519,0.343241902942827,0.491468536746683,0.491468536746683,0.272801402088068,0.287211947369145,0.224631511331857,0.491468536746683,0.195014596535739,0.49665561277519,0.15196123929345,0.426659292543658,0.426659292543658,0.524576318910491,0.224631511331857,0.491468536746683,0.491468536746683,0.217281750593915,0.15196123929345,0.426659292543658,0.491468536746683,0.524576318910491,0.426659292543658,0.49665561277519,0.224631511331857,0.224631511331857,0.224631511331857,0.217281750593915,0.491468536746683,0.49665561277519,0.287211947369145,0.524576318910491,0.195014596535739,0.49665561277519,0.287211947369145,0.272801402088068,0.224631511331857,0.309405946447854,0.491468536746683,0.491468536746683,0.195014596535739,0.426659292543658,0.227663967622928,0.426659292543658,0.428488102264858,0.224631511331857,0.49665561277519,0.195014596535739,0.508861851240609,0.15196123929345,0.49665561277519,0.0536060385757388,0.524576318910491,0.224631511331857,0.343241902942827,0.195014596535739,0.49665561277519,0.49665561277519,0.272801402088068,0.232975123859254,0.195014596535739,0.180496684890759,0.343241902942827,0.210005014228952,0.224631511331857,0.426659292543658,0.175331220965157,0.15196123929345,0.433774583917568,0.428488102264858,0.0721723491234661,0.219466699129676,0.210005014228952,0.491468536746683,0.287211947369145,0.224631511331857,0.6935252144634,0.0647333284560729,0.491468536746683,0.491468536746683,0.470389582290251
"4",0.15196123929345,0.491468536746683,0.343241902942827,0.0729826923067274,0.217281750593915,0.227663967622928,0.195014596535739,0.275784923749816,0.49665561277519,0.426659292543658,0.272801402088068,0.426659292543658,0.602303146779177,0.49665561277519,0.49665561277519,0.326090335563201,0.749615416706398,0.275784923749816,0.49665561277519,0.224631511331857,0.272801402088068,0.49665561277519,0.426659292543658,0.15196123929345,0.195014596535739,0.428488102264858,0.426659292543658,0.217281750593915,0.227663967622928,0.0519255563954948,0.49665561277519,0.49665561277519,0.275784923749816,0.524576318910491,0.426659292543658,0.49665561277519,0.0519255563954948,0.224631511331857,0.49665561277519,0.426659292543658,0.275784923749816,0.49665561277519,0.224631511331857,0.15196123929345,0.281589348869028,0.0647333284560729,0.435959937978303,0.426659292543658,0.227663967622928,0.281589348869028,0.0309034805900011,0.0647333284560729,0.15196123929345,0.602303146779177,0.491468536746683,0.195014596535739,0.238550627841299,0.426659292543658,0.426659292543658,0.280971171961201,0.49665561277519,0.418840669793383,0.49665561277519,0.15196123929345,0.195014596535739,0.15196123929345,0.0519255563954948,0.491468536746683,0.428488102264858,0.227663967622928,0.508861851240609,0.275784923749816,0.524576318910491,0.217281750593915,0.177030476701117,0.272801402088068,0.343241902942827,0.524576318910491,0.195014596535739,0.0721723491234661,0.467467763707502,0.15196123929345,0.272801402088068,0.0721723491234661,0.49665561277519,0.160998035064334,0.217281750593915,0.275784923749816,0.363666032354226,0.433774583917568,0.15196123929345,0.287211947369145,0.49665561277519,0.195014596535739,0.428488102264858,0.749615416706398,0.270014347073063,0.49665561277519,0.49665561277519,0.15196123929345
"5",0.217281750593915,0.49665561277519,0.428488102264858,0.491468536746683,0.0519255563954948,0.15196123929345,0.428488102264858,0.0904459172675018,0.227663967622928,0.49665561277519,0.15196123929345,0.49665561277519,0.433774583917568,0.224631511331857,0.227663967622928,0.281589348869028,0.708529196979561,0.0904459172675018,0.227663967622928,0.227663967622928,0.602303146779177,0.227663967622928,0.49665561277519,0.508861851240609,0.467467763707502,0.15196123929345,0.49665561277519,0.467467763707502,0.238550627841299,0.524576318910491,0.227663967622928,0.227663967622928,0.383311417315472,0.428488102264858,0.49665561277519,0.227663967622928,0.407517506436096,0.217281750593915,0.15196123929345,0.49665561277519,0.491468536746683,0.15196123929345,0.227663967622928,0.467467763707502,0.232975123859254,0.287211947369145,0.287211947369145,0.49665561277519,0.238550627841299,0.15196123929345,0.407517506436096,0.287211947369145,0.26939168617855,0.224631511331857,0.426659292543658,0.15196123929345,0.171311685127966,0.49665561277519,0.49665561277519,0.15196123929345,0.227663967622928,0.15196123929345,0.227663967622928,0.195014596535739,0.428488102264858,0.227663967622928,0.0647333284560729,0.426659292543658,0.467467763707502,0.15196123929345,0.491468536746683,0.543017132495606,0.238550627841299,0.275784923749816,0.232975123859254,0.15196123929345,0.272801402088068,0.564980985955098,0.278327991322717,0.508861851240609,0.0721723491234661,0.175331220965157,0.0519255563954948,0.543017132495606,0.227663967622928,0.224631511331857,0.238550627841299,0.383311417315472,0.280971171961201,0.219722032014749,0.428488102264858,0.272801402088068,0.224631511331857,0.22589830065098,0.470389582290251,0.638741772566106,0.210005014228952,0.6935252144634,0.227663967622928,0.287211947369145
"6",0.238550627841299,0.26939168617855,0.270014347073063,0.426659292543658,0.0721723491234661,0.195014596535739,0.0647333284560729,0.217281750593915,0.306783711178725,0.227663967622928,0.524576318910491,0.15196123929345,0.275784923749816,0.180496684890759,0.270014347073063,0.0647333284560729,0.638741772566106,0.0589931240374988,0.272801402088068,0.272801402088068,0.217281750593915,0.180496684890759,0.15196123929345,0.491468536746683,0.0721723491234661,0.0721723491234661,0.272801402088068,0.428488102264858,0.15196123929345,0.428488102264858,0.15196123929345,0.15196123929345,0.217281750593915,0.0721723491234661,0.224631511331857,0.224631511331857,0.0721723491234661,0.175331220965157,0.160998035064334,0.210005014228952,0.426659292543658,0.343241902942827,0.287211947369145,0.217281750593915,0.15196123929345,0.0536060385757388,0.32960623251143,0.227663967622928,0.15196123929345,0.0729826923067274,0.0536060385757388,0.0729826923067274,0.175331220965157,0.195014596535739,0.49665561277519,0.217281750593915,0.175331220965157,0.227663967622928,0.227663967622928,0.487062647761958,0.275784923749816,0.175331220965157,0.238550627841299,0.0519255563954948,0.0519255563954948,0.418840669793383,0.0729826923067274,0.49665561277519,0.219466699129676,0.175331220965157,0.49665561277519,0.0721723491234661,0.0729826923067274,0.383311417315472,0.116824880044391,0.499922941071156,0.15196123929345,0.428488102264858,0.177030476701117,0.491468536746683,0.110369573535718,0.428488102264858,0.508861851240609,0.217281750593915,0.210005014228952,0.0647333284560729,0.428488102264858,0.0904459172675018,0.564980985955098,0.177030476701117,0.0721723491234661,0.217281750593915,0.210005014228952,0.0519255563954948,0.15196123929345,0.710161007937701,0.0536060385757388,0.749615416706398,0.272801402088068,0.499922941071156
"7",0.564980985955098,0.15196123929345,0.224631511331857,0.49665561277519,0.467467763707502,0.175331220965157,0.0904459172675018,0.110369573535718,0.467467763707502,0.15196123929345,0.26939168617855,0.499922941071156,0.383311417315472,0.175331220965157,0.15196123929345,0.141209046518513,0.708619582943448,0.110369573535718,0.224631511331857,0.210005014228952,0.0309034805900011,0.26939168617855,0.26939168617855,0.426659292543658,0.0519255563954948,0.0519255563954948,0.287211947369145,0.232975123859254,0.175331220965157,0.280971171961201,0.180496684890759,0.180496684890759,0.543017132495606,0.15196123929345,0.499922941071156,0.15196123929345,0.275784923749816,0.309405946447854,0.0721723491234661,0.15196123929345,0.49665561277519,0.224631511331857,0.428488102264858,0.0721723491234661,0.499922941071156,0.326090335563201,0.53524101678661,0.15196123929345,0.180496684890759,0.508861851240609,0.0647333284560729,0.508861851240609,0.180496684890759,0.15196123929345,0.175331220965157,0.0519255563954948,0.180496684890759,0.15196123929345,0.15196123929345,0.175331220965157,0.110369573535718,0.272801402088068,0.26939168617855,0.467467763707502,0.238550627841299,0.354450240299908,0.508861851240609,0.15196123929345,0.232975123859254,0.275784923749816,0.15196123929345,0.219466699129676,0.0309034805900011,0.0721723491234661,0.24852813827762,0.26939168617855,0.224631511331857,0.0309034805900011,0.287211947369145,0.426659292543658,0.469667158654595,0.180496684890759,0.491468536746683,0.280971171961201,0.309405946447854,0.210005014228952,0.175331220965157,0.110369573535718,0.0904459172675018,0.275784923749816,0.232975123859254,0.0536060385757388,0.272801402088068,0.238550627841299,0.210005014228952,0.77677406092768,0.0729826923067274,0.708529196979561,0.15196123929345,0.354450240299908
"8",0.428488102264858,0.524576318910491,0.15196123929345,0.6935252144634,0.428488102264858,0.499922941071156,0.171311685127966,0.219722032014749,0.217281750593915,0.177030476701117,0.175331220965157,0.354450240299908,0.110369573535718,0.470389582290251,0.499922941071156,0.0729826923067274,0.599442040055105,0.280971171961201,0.210005014228952,0.287211947369145,0.0536060385757388,0.15196123929345,0.272801402088068,0.49665561277519,0.238550627841299,0.219466699129676,0.15196123929345,0.53524101678661,0.0721723491234661,0.0721723491234661,0.26939168617855,0.26939168617855,0.0721723491234661,0.0519255563954948,0.26939168617855,0.175331220965157,0.363666032354226,0.180496684890759,0.224631511331857,0.287211947369145,0.110369573535718,0.227663967622928,0.467467763707502,0.280971171961201,0.175331220965157,0.0729826923067274,0.306783711178725,0.224631511331857,0.160998035064334,0.491468536746683,0.0729826923067274,0.491468536746683,0.354450240299908,0.160998035064334,0.160998035064334,0.287211947369145,0.287211947369145,0.175331220965157,0.224631511331857,0.428488102264858,0.270014347073063,0.524576318910491,0.217281750593915,0.224631511331857,0.287211947369145,0.499922941071156,0.491468536746683,0.189404748776706,0.275784923749816,0.110369573535718,0.227663967622928,0.280971171961201,0.467467763707502,0.0519255563954948,0,0.210005014228952,0.227663967622928,0.238550627841299,0.186213128951974,0.49665561277519,0.275784923749816,0.219722032014749,0.426659292543658,0.0519255563954948,0.0647333284560729,0.272801402088068,0.0721723491234661,0.163071671956567,0.275784923749816,0.0904459172675018,0.0519255563954948,0.524576318910491,0.175331220965157,0.15196123929345,0.0536060385757388,0.704651901404909,0.0309034805900011,0.638741772566106,0.210005014228952,0.26939168617855
"9",0.0536060385757388,0.0519255563954948,0.175331220965157,0.749615416706398,0.238550627841299,0.428488102264858,0.383311417315472,0.32960623251143,0.180496684890759,0.26939168617855,0.210005014228952,0.26939168617855,0.139775303094194,0.26939168617855,0.217281750593915,0.508861851240609,0.612208731438254,0.0721723491234661,0.326090335563201,0.15196123929345,0.524576318910491,0.238550627841299,0.180496684890759,0.326090335563201,0.232975123859254,0.280971171961201,0.326090335563201,0.287211947369145,0.26939168617855,0.195014596535739,0.354450240299908,0.160998035064334,0.0904459172675018,0.238550627841299,0.270014347073063,0.499922941071156,0.139775303094194,0.272801402088068,0.26939168617855,0.326090335563201,0.163071671956567,0.26939168617855,0.15196123929345,0.175331220965157,0.354450240299908,0.0309034805900011,0.48401896973147,0.175331220965157,0.26939168617855,0.426659292543658,0.0519255563954948,0.426659292543658,0.499922941071156,0.499922941071156,0.372642386071627,0.238550627841299,0.160998035064334,0.275784923749816,0.0721723491234661,0.543017132495606,0.383311417315472,0.270014347073063,0.15196123929345,0.383311417315472,0.232975123859254,0.26939168617855,0.426659292543658,0.177030476701117,0.383311417315472,0.383311417315472,0.272801402088068,0.383311417315472,0.407517506436096,0.219466699129676,0,0.175331220965157,0.26939168617855,0.467467763707502,0.139775303094194,0.15196123929345,0.235099405786876,0.0729826923067274,0.49665561277519,0.177030476701117,0.326090335563201,0.356675109580834,0.171311685127966,0.219722032014749,0.383311417315472,0.110369573535718,0.238550627841299,0.0647333284560729,0.0536060385757388,0.272801402088068,0.175331220965157,0.708619582943448,0.15196123929345,0.710161007937701,0.455139640092476,0.49665561277519
"10",0.180496684890759,0.543017132495606,0.160998035064334,0.710161007937701,0.175331220965157,0.160998035064334,0.0519255563954948,0.383311417315472,0.15196123929345,0.0647333284560729,0.287211947369145,0.160998035064334,0.195014596535739,0.0647333284560729,0.354450240299908,0.491468536746683,0.521562982793001,0.383311417315472,0.499922941071156,0.467467763707502,0.564980985955098,0.543017132495606,0.160998035064334,0.499922941071156,0.15196123929345,0.238550627841299,0.26939168617855,0.281589348869028,0.177030476701117,0.238550627841299,0.175331220965157,0.499922941071156,0.280971171961201,0.487062647761958,0.0647333284560729,0.26939168617855,0.280971171961201,0.467467763707502,0.499922941071156,0.180496684890759,0.32960623251143,0.189404748776706,0.175331220965157,0.428488102264858,0.26939168617855,0.15196123929345,0.278327991322717,0.180496684890759,0.354450240299908,0.49665561277519,0.343241902942827,0.49665561277519,0.0729826923067274,0.572335692672378,0.0536060385757388,0.0729826923067274,0.467467763707502,0.110369573535718,0.26939168617855,0.287211947369145,0.363666032354226,0.160998035064334,0.175331220965157,0.238550627841299,0.281589348869028,0.160998035064334,0.49665561277519,0.175331220965157,0.186213128951974,0.270014347073063,0.491039825946199,0.217281750593915,0.285395417292465,0.110369573535718,0,0.270014347073063,0.175331220965157,0.0536060385757388,0.163071671956567,0.499922941071156,0.32960623251143,0.407517506436096,0.15196123929345,0.238550627841299,0.15196123929345,0.0519255563954948,0.180496684890759,0.32960623251143,0.0589931240374988,0.383311417315472,0.275784923749816,0.0729826923067274,0.22589830065098,0.210005014228952,0.180496684890759,0.599442040055105,0.524576318910491,0.77677406092768,0.524576318910491,0.180496684890759
"11",0.0309034805900011,0.175331220965157,0.180496684890759,0.77677406092768,0.524576318910491,0.275784923749816,0.0729826923067274,0.177030476701117,0.26939168617855,0.0729826923067274,0.180496684890759,0.232975123859254,0.163071671956567,0.15196123929345,0.0729826923067274,0.426659292543658,0.484699931672295,0.433774583917568,0.354450240299908,0.175331220965157,0.372642386071627,0.175331220965157,0.175331220965157,0.26939168617855,0.163071671956567,0.0904459172675018,0.270014347073063,0.235099405786876,0.160998035064334,0.543017132495606,0.363666032354226,0.354450240299908,0.433774583917568,0.195014596535739,0.354450240299908,0.0647333284560729,0.0904459172675018,0.210005014228952,0.175331220965157,0.160998035064334,0.0647333284560729,0.160998035064334,0.26939168617855,0.287211947369145,0.49665561277519,0.272801402088068,0.0532695260812023,0.499922941071156,0.499922941071156,0.175331220965157,0.543017132495606,0.749615416706398,0.0647333284560729,0.232975123859254,0.524576318910491,0.467467763707502,0.0721723491234661,0.383311417315472,0.180496684890759,0.232975123859254,0.15196123929345,0.428488102264858,0.160998035064334,0.217281750593915,0.15196123929345,0.287211947369145,0.6935252144634,0.499922941071156,0.110369573535718,0.26939168617855,0.372642386071627,0.0904459172675018,0.372642386071627,0.418840669793383,0,0.524576318910491,0.210005014228952,0.602303146779177,0.281589348869028,0.354450240299908,0.0519255563954948,0.280971171961201,0.0536060385757388,0.15196123929345,0.26939168617855,0.0309034805900011,0.280971171961201,0.270014347073063,0.123385091677475,0.139775303094194,0.110369573535718,0.0309034805900011,0.15196123929345,0.175331220965157,0.524576318910491,0.612208731438254,0.0519255563954948,0.704651901404909,0.175331220965157,0.175331220965157
"12",0.407517506436096,0.238550627841299,0.433774583917568,0.704651901404909,0.180496684890759,0.110369573535718,0.564980985955098,0.0589931240374988,0.287211947369145,0.407517506436096,0.467467763707502,0.224631511331857,0.0904459172675018,0.354450240299908,0.0309034805900011,0.49665561277519,0.401758878463971,0.0519255563954948,0.15196123929345,0.524576318910491,0.238550627841299,0.0721723491234661,0.210005014228952,0.354450240299908,0.32960623251143,0.177030476701117,0.175331220965157,0.48401896973147,0.180496684890759,0.487062647761958,0.499922941071156,0.189404748776706,0.0519255563954948,0.0729826923067274,0.15196123929345,0.180496684890759,0.177030476701117,0.455139640092476,0.354450240299908,0.0647333284560729,0.280971171961201,0.180496684890759,0.180496684890759,0.119625187648883,0.180496684890759,0.175331220965157,0.281589348869028,0.0721723491234661,0.0729826923067274,0.0647333284560729,0.372642386071627,0.708529196979561,0.0309034805900011,0.49665561277519,0.467467763707502,0.428488102264858,0.195014596535739,0.32960623251143,0.175331220965157,0.281589348869028,0.26939168617855,0.543017132495606,0.180496684890759,0.219466699129676,0.175331220965157,0.180496684890759,0.749615416706398,0.0647333284560729,0.139775303094194,0.0721723491234661,0.326090335563201,0.195014596535739,0.22589830065098,0.543017132495606,0,0.0519255563954948,0.287211947369145,0.280971171961201,0.15196123929345,0.160998035064334,0.248873660658832,0.160998035064334,0.175331220965157,0.428488102264858,0.287211947369145,0.0729826923067274,0.467467763707502,0.0589931240374988,0.217281750593915,0.32960623251143,0.32960623251143,0.467467763707502,0.160998035064334,0.524576318910491,0.0519255563954948,0.477906978078651,0.407517506436096,0.729303993684422,0.372642386071627,0.163071671956567
"13",0.467467763707502,0.0721723491234661,0.210005014228952,0.729303993684422,0.160998035064334,0.32960623251143,0.280971171961201,0.280971171961201,0.160998035064334,0.224631511331857,0.499922941071156,0.180496684890759,0.32960623251143,0.320915811256781,0.26939168617855,0.15196123929345,0.65612695746761,0.238550627841299,0.428488102264858,0.499922941071156,0.280971171961201,0.354450240299908,0.524576318910491,0.180496684890759,0.343241902942827,0.195014596535739,0.160998035064334,0.196166725598038,0.186213128951974,0.175331220965157,0.160998035064334,0.467467763707502,0.219722032014749,0.280971171961201,0.175331220965157,0.0721723491234661,0.383311417315472,0.137878906624341,0.232975123859254,0.0729826923067274,0.26939168617855,0.354450240299908,0.195014596535739,0.177030476701117,0.272801402088068,0.356675109580834,0.564783885762271,0.26939168617855,0.272801402088068,0.26939168617855,0.467467763707502,0.710161007937701,0.210005014228952,0.175331220965157,0.356675109580834,0.356101185203339,0.0519255563954948,0.280971171961201,0.354450240299908,0.160998035064334,0.219722032014749,0.418069209431795,0.499922941071156,0.0721723491234661,0.467467763707502,0.272801402088068,0.708529196979561,0.26939168617855,0.177030476701117,0.499922941071156,0.175331220965157,0.0519255563954948,0.564980985955098,0.0904459172675018,0,0.0721723491234661,0.326090335563201,0.455139640092476,0.175331220965157,0.189404748776706,0.196166725598038,0.238550627841299,0.26939168617855,0.275784923749816,0.272801402088068,0.491039825946199,0.160998035064334,0.123385091677475,0.589994610222565,0.0589931240374988,0.543017132495606,0.15196123929345,0.26939168617855,0.467467763707502,0.0721723491234661,0.434648367629433,0.372642386071627,0.612208731438254,0.0647333284560729,0.320915811256781
"14",0.280971171961201,0.407517506436096,0.455139640092476,0.708619582943448,0.363666032354226,0.26939168617855,0.602303146779177,0.363666032354226,0.272801402088068,0.180496684890759,0.428488102264858,0.0729826923067274,0.186213128951974,0.0729826923067274,0.0647333284560729,0.26939168617855,0.455182505352632,0.177030476701117,0.524576318910491,0.160998035064334,0.0729826923067274,0.125022139294205,0.354450240299908,0.160998035064334,0.53524101678661,0.275784923749816,0.0536060385757388,0.564783885762271,0.139775303094194,0.180496684890759,0.272801402088068,0.175331220965157,0.180496684890759,0.363666032354226,0.246508922643298,0.354450240299908,0.163071671956567,0.238550627841299,0.180496684890759,0.26939168617855,0.0904459172675018,0.210005014228952,0.160998035064334,0.163071671956567,0.210005014228952,0.491039825946199,0.141209046518513,0.238550627841299,0.210005014228952,0.499922941071156,0.210005014228952,0.77677406092768,0.272801402088068,0.26939168617855,0.407517506436096,0.0309034805900011,0.224631511331857,0.363666032354226,0.287211947369145,0.306783711178725,0.175331220965157,0.280971171961201,0.0729826923067274,0.281589348869028,0.217281750593915,0.210005014228952,0.638741772566106,0.180496684890759,0.418840669793383,0.354450240299908,0.354450240299908,0.110369573535718,0.0536060385757388,0.238550627841299,0,0.467467763707502,0.160998035064334,0.210005014228952,0.275784923749816,0.180496684890759,0.543017132495606,0.26939168617855,0.227663967622928,0.363666032354226,0.224631511331857,0.0536060385757388,0.363666032354226,0.363666032354226,0.219722032014749,0.280971171961201,0.280971171961201,0.428488102264858,0.499922941071156,0.407517506436096,0.238550627841299,0.286351708064432,0.0721723491234661,0.521562982793001,0.26939168617855,0.125022139294205
"15",0.175331220965157,0.160998035064334,0.26939168617855,0.599442040055105,0.280971171961201,0.270014347073063,0.543017132495606,0.123385091677475,0.210005014228952,0.499922941071156,0.238550627841299,0.0519255563954948,0.280971171961201,0.285395417292465,0.180496684890759,0.175331220965157,0.339241234160406,0.543017132495606,0.26939168617855,0.26939168617855,0.428488102264858,0.275784923749816,0.467467763707502,0.0647333284560729,0.48401896973147,0.383311417315472,0.320915811256781,0.248873660658832,0.0647333284560729,0.363666032354226,0.210005014228952,0.275784923749816,0.110369573535718,0.217281750593915,0.572335692672378,0.160998035064334,0.219722032014749,0.356675109580834,0.0647333284560729,0.272801402088068,0.232975123859254,0.455139640092476,0.499922941071156,0.32960623251143,0.0647333284560729,0.407517506436096,0.467467763707502,0.572335692672378,0.602303146779177,0.354450240299908,0.15196123929345,0.729303993684422,0.160998035064334,0.354450240299908,0.15196123929345,0.0536060385757388,0.49665561277519,0.217281750593915,0.275784923749816,0.499922941071156,0.354450240299908,0.455139640092476,0.543017132495606,0.175331220965157,0.0721723491234661,0.0729826923067274,0.710161007937701,0.0729826923067274,0.0904459172675018,0.32960623251143,0.26939168617855,0.32960623251143,0.210005014228952,0.0589931240374988,0,0.224631511331857,0.180496684890759,0.0729826923067274,0.278327991322717,0.119625187648883,0.564980985955098,0.372642386071627,0.524576318910491,0.219722032014749,0.180496684890759,0.407517506436096,0.487062647761958,0.280971171961201,0.0721723491234661,0.123385091677475,0.0904459172675018,0.175331220965157,0.180496684890759,0.0309034805900011,0.0309034805900011,0.682426230055979,0.238550627841299,0.401758878463971,0.160998035064334,0.467467763707502
"16",0.0729826923067274,0.180496684890759,0.49665561277519,0.521562982793001,0.275784923749816,0.219722032014749,0.217281750593915,0.0519255563954948,0.499922941071156,0.354450240299908,0.354450240299908,0.238550627841299,0.564980985955098,0.0309034805900011,0.272801402088068,0.499922941071156,0.227663967622928,0.123385091677475,0.287211947369145,0.326090335563201,0.210005014228952,0.110369573535718,0.287211947369145,0.287211947369145,0.235099405786876,0.110369573535718,0.354450240299908,0.275784923749816,0.499922941071156,0.0729826923067274,0.0729826923067274,0.110369573535718,0.363666032354226,0.564980985955098,0.337888559553962,0.177030476701117,0.110369573535718,0.0647333284560729,0.0729826923067274,0.224631511331857,0.354450240299908,0.272801402088068,0.0729826923067274,0.160998035064334,0.0729826923067274,0.372642386071627,0.470389582290251,0.354450240299908,0.0647333284560729,0.0309034805900011,0.175331220965157,0.599442040055105,0.0536060385757388,0.21257050192965,0.227663967622928,0.0647333284560729,0.354450240299908,0.160998035064334,0.110369573535718,0.354450240299908,0.499922941071156,0.180496684890759,0.354450240299908,0.433774583917568,0.499922941071156,0.0519255563954948,0.704651901404909,0.0519255563954948,0.0721723491234661,0.180496684890759,0.180496684890759,0.363666032354226,0.0647333284560729,0.433774583917568,0,0.180496684890759,0.0729826923067274,0.0647333284560729,0.447793632187165,0.0519255563954948,0.407517506436096,0.233446580618961,0.455139640092476,0.383311417315472,0.160998035064334,0.467467763707502,0.475874076751949,0.217281750593915,0.15196123929345,0.363666032354226,0.177030476701117,0.280971171961201,0.0647333284560729,0.0729826923067274,0.0647333284560729,0.65612695746761,0.467467763707502,0.286351708064432,0.0729826923067274,0.246508922643298
"17",0.0647333284560729,0.270014347073063,0.499922941071156,0.484699931672295,0.219722032014749,0.363666032354226,0.343241902942827,0.238550627841299,0.455139640092476,0.0309034805900011,0.0729826923067274,0.0647333284560729,0.363666032354226,0.160998035064334,0.210005014228952,0.354450240299908,0.15196123929345,0.363666032354226,0.455139640092476,0.0647333284560729,0.15196123929345,0.32960623251143,0.0647333284560729,0.137974477224539,0.564783885762271,0.411829027276659,0.499922941071156,0.280971171961201,0.0729826923067274,0.0647333284560729,0.238550627841299,0.32960623251143,0.186213128951974,0.343241902942827,0.294476637962618,0.0729826923067274,0.32960623251143,0.0729826923067274,0.0519255563954948,0.306783711178725,0.499922941071156,0.326090335563201,0.0647333284560729,0.189404748776706,0.309944620914915,0.467467763707502,0.0536060385757388,0.469667158654595,0.428488102264858,0.210005014228952,0.272801402088068,0.484699931672295,0.436158376850388,0.180496684890759,0.180496684890759,0.272801402088068,0.26939168617855,0.602303146779177,0.499922941071156,0.26939168617855,0.433774583917568,0.0721723491234661,0.272801402088068,0.280971171961201,0.180496684890759,0.524576318910491,0.729303993684422,0.354450240299908,0.281589348869028,0.177030476701117,0.499922941071156,0.177030476701117,0.15196123929345,0.123385091677475,0,0.238550627841299,0.467467763707502,0.383311417315472,0.0721723491234661,0.175331220965157,0.383311417315472,0.0647333284560729,0.0647333284560729,0.139775303094194,0.0536060385757388,0.343241902942827,0.189404748776706,0.0721723491234661,0.0647333284560729,0.0519255563954948,0.418840669793383,0.233446580618961,0.0309034805900011,0.160998035064334,0.0729826923067274,0.693587164514473,0.487062647761958,0.455182505352632,0.0309034805900011,0.275784923749816
"18",0.160998035064334,0.487062647761958,0.354450240299908,0.434648367629433,0.383311417315472,0.235099405786876,0.238550627841299,0.186213128951974,0.175331220965157,0.175331220965157,0.0647333284560729,0.0721723491234661,0.0721723491234661,0.499922941071156,0.160998035064334,0.0309034805900011,0.195014596535739,0.217281750593915,0.160998035064334,0.0729826923067274,0.175331220965157,0.195014596535739,0.499922941071156,0.356675109580834,0.248873660658832,0.186213128951974,0.372642386071627,0.0904459172675018,0.407517506436096,0.0309034805900011,0.372642386071627,0.383311417315472,0.238550627841299,0.0309034805900011,0.320915811256781,0.0519255563954948,0.238550627841299,0.428488102264858,0.238550627841299,0.0536060385757388,0.210005014228952,0.499922941071156,0.354450240299908,0.0519255563954948,0.287211947369145,0.0519255563954948,0,0.195014596535739,0.372642386071627,0.272801402088068,0.22589830065098,0.466206230888631,0.372642386071627,0.163071671956567,0.26939168617855,0.524576318910491,0.499922941071156,0.499922941071156,0.383311417315472,0.309405946447854,0.160998035064334,0.219466699129676,0.210005014228952,0.524576318910491,0.160998035064334,0.0647333284560729,0.708619582943448,0.238550627841299,0.175331220965157,0.160998035064334,0.160998035064334,0.186213128951974,0.343241902942827,0.363666032354226,0,0.160998035064334,0.428488102264858,0.217281750593915,0.219466699129676,0.238550627841299,0.602303146779177,0.0309034805900011,0.160998035064334,0.125022139294205,0.175331220965157,0.524576318910491,0.49665561277519,0.177030476701117,0.177030476701117,0.15196123929345,0.0589931240374988,0.0519255563954948,0.0729826923067274,0.0647333284560729,0.407517506436096,0.455182505352632,0.272801402088068,0.339241234160406,0.180496684890759,0.110369573535718
"19",0.0721723491234661,0.210005014228952,0.326090335563201,0.401758878463971,0.110369573535718,0.248873660658832,0.407517506436096,0.356101185203339,0.309405946447854,0.195014596535739,0.0309034805900011,0.0309034805900011,0.177030476701117,0.287211947369145,0.224631511331857,0.210005014228952,0.26939168617855,0.186213128951974,0.180496684890759,0.354450240299908,0.0647333284560729,0.177030476701117,0.572335692672378,0.491039825946199,0.219466699129676,0.0589931240374988,0.22589830065098,0.110369573535718,0.280971171961201,0.407517506436096,0.455139640092476,0.0721723491234661,0.32960623251143,0.0536060385757388,0.180496684890759,0.238550627841299,0.270014347073063,0.0309034805900011,0.162380445651694,0.0309034805900011,0.455139640092476,0.0729826923067274,0.272801402088068,0.238550627841299,0.188373489159307,0.436158376850388,0,0.177030476701117,0.0309034805900011,0.160998035064334,0.180496684890759,0.477906978078651,0.524576318910491,0.158937571990161,0.455139640092476,0.210005014228952,0.475874076751949,0.26939168617855,0.32960623251143,0.49665561277519,0.32960623251143,0.363666032354226,0.0647333284560729,0.0904459172675018,0.49665561277519,0.455139640092476,0.599442040055105,0.0309034805900011,0.158937571990161,0.219722032014749,0.125022139294205,0.418840669793383,0.219466699129676,0.177030476701117,0,0.543017132495606,0.499922941071156,0.15196123929345,0.110369573535718,0.0647333284560729,0.372642386071627,0.467467763707502,0.0729826923067274,0.0904459172675018,0.499922941071156,0.180496684890759,0.499922941071156,0.0532695260812023,0.110369573535718,0.238550627841299,0.123385091677475,0.238550627841299,0.354450240299908,0.0536060385757388,0.177030476701117,0.339241234160406,0.180496684890759,0.195014596535739,0.0721723491234661,0.32960623251143
"20",0.524576318910491,0.0309034805900011,0.22589830065098,0.286351708064432,0.32960623251143,0.196166725598038,0.363666032354226,0.543017132495606,0.241454459111883,0.163071671956567,0.188373489159307,0.272801402088068,0.487062647761958,0.163071671956567,0.326090335563201,0.0536060385757388,0.160998035064334,0.139775303094194,0.0647333284560729,0.428488102264858,0.26939168617855,0.383311417315472,0.320915811256781,0.0309034805900011,0.278327991322717,0.363666032354226,0.407517506436096,0.32960623251143,0.428488102264858,0.0536060385757388,0.0647333284560729,0.177030476701117,0.139775303094194,0.467467763707502,0.160998035064334,0.0309034805900011,0.0589931240374988,0.326090335563201,0.137878906624341,0.499922941071156,0.270014347073063,0.0647333284560729,0.210005014228952,0.180496684890759,0.160998035064334,0.139775303094194,0,0.232975123859254,0.455139640092476,0.180496684890759,0.160998035064334,0.434648367629433,0.233446580618961,0.270014347073063,0.309405946447854,0.175331220965157,0.270014347073063,0.219722032014749,0.0647333284560729,0.180496684890759,0.543017132495606,0.0519255563954948,0.455139640092476,0.177030476701117,0.354450240299908,0.543017132495606,0.612208731438254,0.309944620914915,0.295169764332265,0.343241902942827,0.287211947369145,0.0589931240374988,0.137878906624341,0.15196123929345,0,0.0729826923067274,0.0647333284560729,0.175331220965157,0.32960623251143,0.26939168617855,0.139775303094194,0.363666032354226,0.467467763707502,0.110369573535718,0.22589830065098,0.0721723491234661,0.26939168617855,0.543017132495606,0.139775303094194,0.0647333284560729,0.281589348869028,0.363666032354226,0.356675109580834,0.180496684890759,0.280971171961201,0.210005014228952,0.22589830065098,0.499922941071156,0.499922941071156,0.383311417315472
"21",0.363666032354226,0.499922941071156,0.137974477224539,0.65612695746761,0.125022139294205,0.543017132495606,0.435959937978303,0.125022139294205,0.224631511331857,0,0.097514383269815,0.210005014228952,0.158937571990161,0.177030476701117,0.524576318910491,0.272801402088068,0.232975123859254,0.15196123929345,0.0729826923067274,0.0309034805900011,0.180496684890759,0.186213128951974,0.0729826923067274,0.0536060385757388,0.177030476701117,0.123385091677475,0.524576318910491,0.418840669793383,0.0309034805900011,0.26939168617855,0.428488102264858,0.280971171961201,0.15196123929345,0.219722032014749,0,0.572335692672378,0.123385091677475,0.162380445651694,0.188373489159307,0.354450240299908,0.177030476701117,0.0309034805900011,0.524576318910491,0.433774583917568,0.097514383269815,0.186213128951974,0,0.0729826923067274,0.0536060385757388,0.0536060385757388,0.26939168617855,0.401758878463971,0.320915811256781,0.0647333284560729,0.0647333284560729,0.180496684890759,0.189404748776706,0.125022139294205,0.217281750593915,0.272801402088068,0.180496684890759,0.217281750593915,0.0309034805900011,0.0589931240374988,0.189404748776706,0.162380445651694,0.484699931672295,0.160998035064334,0.32960623251143,0.195014596535739,0.356675109580834,0.238550627841299,0.162380445651694,0.119625187648883,0,0.407517506436096,0.354450240299908,0.180496684890759,0.295169764332265,0.287211947369145,0.219722032014749,0.0536060385757388,0.195014596535739,0.163071671956567,0.0729826923067274,0.282906011994191,0.572335692672378,0.186213128951974,0.32960623251143,0,0.119625187648883,0.180496684890759,0.383311417315472,0.343241902942827,0.363666032354226,0.272801402088068,0.0532695260812023,0.163071671956567,0.354450240299908,0.0721723491234661
"22",0.0519255563954948,0.0729826923067274,0.320915811256781,0.693587164514473,0.163071671956567,0.0904459172675018,0.0309034805900011,0.119625187648883,0.356675109580834,0,0.160998035064334,0.436158376850388,0.0589931240374988,0.162380445651694,0.467467763707502,0.180496684890759,0.175331220965157,0.0647333284560729,0.238550627841299,0.180496684890759,0.354450240299908,0.139775303094194,0.0309034805900011,0.436158376850388,0.278327991322717,0.139775303094194,0.467467763707502,0.470389582290251,0.354450240299908,0.217281750593915,0.467467763707502,0.572335692672378,0.475874076751949,0.433774583917568,0,0.320915811256781,0.329011873846867,0.097514383269815,0.097514383269815,0.22589830065098,0.139775303094194,0.0536060385757388,0.0309034805900011,0.356101185203339,0.304815039163376,0.524576318910491,0,0.0647333284560729,0.125022139294205,0.356675109580834,0.233446580618961,0.682426230055979,0.238550627841299,0.32960623251143,0.306783711178725,0.280971171961201,0.326090335563201,0.210005014228952,0.0729826923067274,0.210005014228952,0.572335692672378,0.343241902942827,0.287211947369145,0.123385091677475,0.0729826923067274,0.238550627841299,0.434648367629433,0,0.0589931240374988,0.572335692672378,0.487062647761958,0.418069209431795,0.160998035064334,0.400199426704226,0,0.0309034805900011,0.238550627841299,0.343241902942827,0.270014347073063,0.177030476701117,0.363666032354226,0.0721723491234661,0.0309034805900011,0.487062647761958,0.467467763707502,0.524252154596323,0.354450240299908,0,0.175331220965157,0,0.363666032354226,0.275784923749816,0.137974477224539,0.372642386071627,0.186213128951974,0.287211947369145,0.26939168617855,0.15196123929345,0.0519255563954948,0.139775303094194
"23",0.343241902942827,0.354450240299908,0.287211947369145,0.455182505352632,0.49665561277519,0.383311417315472,0.433774583917568,0.475874076751949,0.326090335563201,0,0.162380445651694,0.281589348869028,0.123385091677475,0.171311685127966,0.428488102264858,0.356675109580834,0.499922941071156,0,0.0309034805900011,0.0536060385757388,0.137878906624341,0.499922941071156,0.356675109580834,0.0729826923067274,0.119625187648883,0.433774583917568,0.356675109580834,0.306783711178725,0.163071671956567,0.372642386071627,0.195014596535739,0.186213128951974,0.177030476701117,0.0647333284560729,0,0.189404748776706,0.543017132495606,0.160998035064334,0.287211947369145,0.270014347073063,0.602303146779177,0.125022139294205,0.326090335563201,0.139775303094194,0.572335692672378,0.177030476701117,0,0.320915811256781,0.320915811256781,0.467467763707502,0.238550627841299,0.65612695746761,0.097514383269815,0.0729826923067274,0.326090335563201,0.418840669793383,0.306783711178725,0.180496684890759,0.467467763707502,0.0729826923067274,0.294476637962618,0.119625187648883,0.0536060385757388,0.0647333284560729,0.0647333284560729,0.0309034805900011,0.401758878463971,0,0.280971171961201,0.139775303094194,0.0647333284560729,0.219722032014749,0.180496684890759,0.171311685127966,0,0.0647333284560729,0.356675109580834,0.363666032354226,0.158937571990161,0.572335692672378,0.241454459111883,0.224631511331857,0.180496684890759,0.32960623251143,0.428488102264858,0.238550627841299,0.163071671956567,0,0.0729826923067274,0,0.189404748776706,0.219722032014749,0.188373489159307,0.162380445651694,0.272801402088068,0.15196123929345,0.343241902942827,0.171311685127966,0.304815039163376,0.0519255563954948
"24",0.26939168617855,0.0647333284560729,0.356675109580834,0.339241234160406,0.26939168617855,0.572335692672378,0.0536060385757388,0.139775303094194,0.32960623251143,0,0.455139640092476,0.572335692672378,0.343241902942827,0.137878906624341,0.320915811256781,0.524576318910491,0.309944620914915,0,0.0536060385757388,0.177030476701117,0.097514383269815,0.433774583917568,0.163071671956567,0.188373489159307,0.275784923749816,0.219722032014749,0.180496684890759,0.0589931240374988,0.287211947369145,0.272801402088068,0.0309034805900011,0.294476637962618,0.175331220965157,0.272801402088068,0,0.210005014228952,0.125022139294205,0.26939168617855,0.276076950638014,0.356675109580834,0.180496684890759,0.356675109580834,0.0536060385757388,0.197945328184557,0.0309034805900011,0.238550627841299,0,0.428488102264858,0.524576318910491,0.270014347073063,0.487062647761958,0.693587164514473,0.337888559553962,0.188373489159307,0.287211947369145,0.26939168617855,0.0729826923067274,0.0647333284560729,0.0519255563954948,0.0647333284560729,0.280971171961201,0.137878906624341,0.224631511331857,0.0729826923067274,0.0309034805900011,0.188373489159307,0.286351708064432,0,0.0519255563954948,0.320915811256781,0.0729826923067274,0.139775303094194,0.188373489159307,0.0647333284560729,0,0.326090335563201,0.491039825946199,0.435959937978303,0.160998035064334,0.246508922643298,0.227663967622928,0.177030476701117,0.499922941071156,0.0589931240374988,0.354450240299908,0.119625187648883,0.320915811256781,0,0.0519255563954948,0,0.175331220965157,0.270014347073063,0.097514383269815,0.137878906624341,0.467467763707502,0.354450240299908,0.177030476701117,0.26939168617855,0.137878906624341,0.238550627841299
"25",0.285395417292465,0.224631511331857,0.572335692672378,0.210005014228952,0.268665102470609,0.294476637962618,0.372642386071627,0.15196123929345,0.097514383269815,0,0.320915811256781,0.320915811256781,0.217281750593915,0.188373489159307,0.287211947369145,0,0.171311685127966,0,0.356675109580834,0.32960623251143,0.162380445651694,0.219722032014749,0.276076950638014,0.097514383269815,0.110369573535718,0.418840669793383,0.0647333284560729,0.0721723491234661,0.32960623251143,0.210005014228952,0.326090335563201,0.0519255563954948,0.189404748776706,0.175331220965157,0,0.272801402088068,0.433774583917568,0.0536060385757388,0,0.467467763707502,0.320915811256781,0.137878906624341,0.320915811256781,0.0729826923067274,0.320915811256781,0.160998035064334,0,0.246508922643298,0.287211947369145,0.455139640092476,0.177030476701117,0.455182505352632,0.125022139294205,0.097514383269815,0.354450240299908,0.372642386071627,0.53524101678661,0.272801402088068,0.177030476701117,0.0309034805900011,0.177030476701117,0.491039825946199,0.356675109580834,0.0309034805900011,0.26939168617855,0.309405946447854,0.682426230055979,0,0.363666032354226,0.433774583917568,0.0309034805900011,0.119625187648883,0.356675109580834,0.0729826923067274,0,0.354450240299908,0.0309034805900011,0.26939168617855,0.189404748776706,0.32960623251143,0.280971171961201,0.383311417315472,0.354450240299908,0.123385091677475,0.0309034805900011,0.141209046518513,0.32960623251143,0,0.238550627841299,0,0.197945328184557,0.383311417315472,0.326090335563201,0.26939168617855,0.26939168617855,0.326090335563201,0,0.354450240299908,0.162380445651694,0.370564047815028
"26",0.354450240299908,0.326090335563201,0.294476637962618,0.26939168617855,0.499922941071156,0.48401896973147,0.308282248719514,0.180496684890759,0.188373489159307,0,0.326090335563201,0.287211947369145,0.295169764332265,0.097514383269815,0.0536060385757388,0,0.180496684890759,0,0.467467763707502,0.306783711178725,0.309405946447854,0.158937571990161,0.0536060385757388,0.162380445651694,0.217281750593915,0.0647333284560729,0.0309034805900011,0.177030476701117,0.0536060385757388,0.455139640092476,0.281589348869028,0.217281750593915,0.0589931240374988,0.210005014228952,0,0.326090335563201,0.295169764332265,0.524576318910491,0,0.195014596535739,0.175331220965157,0.162380445651694,0.270014347073063,0.0647333284560729,0.294476637962618,0.195014596535739,0,0.0309034805900011,0.309405946447854,0.188373489159307,0.49665561277519,0.339241234160406,0.158937571990161,0.272801402088068,0.499922941071156,0.343241902942827,0.0309034805900011,0.455139640092476,0.238550627841299,0.326090335563201,0.189404748776706,0.162380445651694,0.524576318910491,0.0536060385757388,0.177030476701117,0.097514383269815,0.693587164514473,0,0.238550627841299,0.475874076751949,0.337888559553962,0.123385091677475,0.455139640092476,0.0309034805900011,0,0.436158376850388,0.309405946447854,0.23055734232141,0.475874076751949,0.326090335563201,0.125022139294205,0.139775303094194,0.177030476701117,0.295169764332265,0.320915811256781,0.549440364572486,0.232975123859254,0,0.0309034805900011,0,0.139775303094194,0.0721723491234661,0.162380445651694,0.354450240299908,0.49665561277519,0.499922941071156,0,0.272801402088068,0.188373489159307,0.177030476701117
"27",0.49665561277519,0.0536060385757388,0.219722032014749,0.272801402088068,0.354450240299908,0.53524101678661,0.0721723491234661,0.469667158654595,0.162380445651694,0,0.137878906624341,0.356675109580834,0.0532695260812023,0,0.275784923749816,0,0.272801402088068,0,0.177030476701117,0.270014347073063,0.499922941071156,0.295169764332265,0.195014596535739,0.224631511331857,0.334484342032354,0.175331220965157,0.0729826923067274,0.0519255563954948,0.224631511331857,0.233446580618961,0.177030476701117,0.475874076751949,0.123385091677475,0.180496684890759,0,0.455139640092476,0.428488102264858,0.0879606933562839,0,0.320915811256781,0.0536060385757388,0.188373489159307,0.189404748776706,0.171311685127966,0.162380445651694,0,0,0.272801402088068,0.306783711178725,0.097514383269815,0.354450240299908,0.210005014228952,0.276076950638014,0.0309034805900011,0.125022139294205,0.411829027276659,0.48401896973147,0.356675109580834,0.189404748776706,0.0536060385757388,0.139775303094194,0.0729826923067274,0.309405946447854,0.564980985955098,0.572335692672378,0.572335692672378,0.455182505352632,0,0.219722032014749,0.294476637962618,0.163071671956567,0.433774583917568,0.097514383269815,0.139775303094194,0,0.0536060385757388,0.22589830065098,0.487062647761958,0.487062647761958,0.320915811256781,0.177030476701117,0.272801402088068,0.232975123859254,0.475874076751949,0.177030476701117,0.0532695260812023,0.309405946447854,0,0.0536060385757388,0,0.171311685127966,0.139775303094194,0.137878906624341,0.137974477224539,0.499922941071156,0.0536060385757388,0,0.210005014228952,0.326090335563201,0.158937571990161
"28",0.177030476701117,0.177030476701117,0.125022139294205,0.15196123929345,0.572335692672378,0.177030476701117,0.123385091677475,0.343241902942827,0.137878906624341,0,0.232975123859254,0.0536060385757388,0.475874076751949,0,0.163071671956567,0,0.210005014228952,0,0.572335692672378,0.320915811256781,0.49665561277519,0.320915811256781,0.188373489159307,0.572335692672378,0.196166725598038,0.0729826923067274,0.337888559553962,0.238550627841299,0.309405946447854,0.467467763707502,0.0536060385757388,0.238550627841299,0.459272489383513,0.418840669793383,0,0.467467763707502,0.158937571990161,0.188373489159307,0,0.177030476701117,0.337888559553962,0.097514383269815,0.309405946447854,0.407517506436096,0.356675109580834,0,0,0.210005014228952,0.097514383269815,0.320915811256781,0.499922941071156,0.26939168617855,0.177030476701117,0.320915811256781,0.0309034805900011,0.363666032354226,0.235099405786876,0.295169764332265,0.280971171961201,0.356675109580834,0.320915811256781,0.0647333284560729,0.306783711178725,0.363666032354226,0.320915811256781,0.320915811256781,0.339241234160406,0,0.418069209431795,0.0729826923067274,0.320915811256781,0.487062647761958,0.26939168617855,0.175331220965157,0,0.189404748776706,0.0536060385757388,0.0904459172675018,0.0519255563954948,0.0729826923067274,0.248827453434369,0.210005014228952,0.287211947369145,0.0536060385757388,0.306783711178725,0.487062647761958,0.276076950638014,0,0,0,0.160998035064334,0.163071671956567,0.372642386071627,0.188373489159307,0.354450240299908,0.26939168617855,0,0.160998035064334,0.097514383269815,0.543017132495606
"29",0.572335692672378,0.356675109580834,0.337888559553962,0.175331220965157,0.320915811256781,0.280971171961201,0.15196123929345,0.0647333284560729,0.354450240299908,0,0.246508922643298,0.162380445651694,0.219466699129676,0,0.110369573535718,0,0.455139640092476,0,0.320915811256781,0.572335692672378,0.160998035064334,0.160998035064334,0.177030476701117,0.320915811256781,0.475874076751949,0.407517506436096,0.163071671956567,0.219466699129676,0.210005014228952,0.326090335563201,0.158937571990161,0.139775303094194,0.268665102470609,0.455139640092476,0,0.0536060385757388,0.195014596535739,0.255540974924051,0,0.137974477224539,0.295169764332265,0.337888559553962,0.188373489159307,0.0309034805900011,0.524576318910491,0,0,0.0536060385757388,0.241454459111883,0.162380445651694,0.326090335563201,0.272801402088068,0.287211947369145,0.210005014228952,0.0729826923067274,0.455139640092476,0.564783885762271,0.337888559553962,0.0904459172675018,0.491039825946199,0.158937571990161,0.0309034805900011,0.097514383269815,0.343241902942827,0.246508922643298,0.189404748776706,0.227663967622928,0,0.543017132495606,0.0647333284560729,0.572335692672378,0.475874076751949,0.326090335563201,0.428488102264858,0,0.232975123859254,0.097514383269815,0.418840669793383,0.407517506436096,0.309944620914915,0.15196123929345,0.455139640092476,0.162380445651694,0.0647333284560729,0.356675109580834,0.146139372495595,0.294476637962618,0,0,0,0.418069209431795,0.177030476701117,0.491039825946199,0.356675109580834,0.356675109580834,0.175331220965157,0,0.175331220965157,0.356675109580834,0.186213128951974
"30",0.294476637962618,0.304815039163376,0.163071671956567,0.0536060385757388,0.177030476701117,0.0589931240374988,0.455139640092476,0.0729826923067274,0.455182505352632,0,0.572335692672378,0.188373489159307,0.119625187648883,0,0.32960623251143,0,0.0729826923067274,0,0.163071671956567,0.356675109580834,0.188373489159307,0.119625187648883,0.162380445651694,0.276076950638014,0.270014347073063,0.418069209431795,0.295169764332265,0.186213128951974,0.272801402088068,0.219722032014749,0.320915811256781,0.320915811256781,0.246508922643298,0.219466699129676,0,0.487062647761958,0.219466699129676,0.372642386071627,0,0.470389582290251,0.287211947369145,0.320915811256781,0.097514383269815,0.363666032354226,0.227663967622928,0,0,0.372642386071627,0.572335692672378,0.0519255563954948,0.436158376850388,0.160998035064334,0.221118733649202,0.137974477224539,0.163071671956567,0.0721723491234661,0.196166725598038,0.158937571990161,0.418840669793383,0.320915811256781,0.233446580618961,0.49665561277519,0.137878906624341,0.455139640092476,0.276076950638014,0.306783711178725,0.272801402088068,0,0.123385091677475,0.543017132495606,0.294476637962618,0.235099405786876,0.282906011994191,0.189404748776706,0,0.281589348869028,0.306783711178725,0.162380445651694,0.467467763707502,0.294476637962618,0.100447398728772,0.524576318910491,0.137878906624341,0.0532695260812023,0.337888559553962,0.177030476701117,0.306783711178725,0,0,0,0.232391599982331,0.110369573535718,0.320915811256781,0.097514383269815,0.160998035064334,0.22589830065098,0,0.22589830065098,0.189404748776706,0.475874076751949
"31",0.320915811256781,0.320915811256781,0.158937571990161,0.160998035064334,0.475874076751949,0.232975123859254,0.219722032014749,0.0536060385757388,0.246508922643298,0,0.309405946447854,0.097514383269815,0.309944620914915,0,0.418840669793383,0,0.0519255563954948,0,0.275784923749816,0.139775303094194,0.306783711178725,0.189404748776706,0.232975123859254,0.337888559553962,0.186213128951974,0.0309034805900011,0.276076950638014,0.139775303094194,0.306783711178725,0.383311417315472,0.572335692672378,0.158937571990161,0.49665561277519,0.26939168617855,0,0.428488102264858,0.15196123929345,0.499922941071156,0,0.278327991322717,0.151306445973746,0.246508922643298,0.137974477224539,0.499922941071156,0.0519255563954948,0,0,0.162380445651694,0.137878906624341,0.137878906624341,0.309944620914915,0.175331220965157,0.241454459111883,0.137878906624341,0.337888559553962,0.160998035064334,0.248873660658832,0.0729826923067274,0.0309034805900011,0.188373489159307,0.0647333284560729,0.499922941071156,0.162380445651694,0.418840669793383,0.163071671956567,0.564783885762271,0.210005014228952,0,0.49665561277519,0.0519255563954948,0.139775303094194,0.248873660658832,0.232975123859254,0.139163995661358,0,0.320915811256781,0.137878906624341,0.137878906624341,0.238550627841299,0.278327991322717,0.119625187648883,0.217281750593915,0.188373489159307,0,0.470389582290251,0.26939168617855,0.272801402088068,0,0,0,0.219722032014749,0.32960623251143,0.337888559553962,0.49665561277519,0.326090335563201,0.372642386071627,0,0.287211947369145,0.177030476701117,0.295169764332265
"32",0.326090335563201,0.125022139294205,0.295169764332265,0.22589830065098,0.158937571990161,0.233446580618961,0.175331220965157,0.175331220965157,0.572335692672378,0,0.356675109580834,0.137878906624341,0.0519255563954948,0,0.189404748776706,0,0.602303146779177,0,0.110369573535718,0.162380445651694,0.287211947369145,0.475874076751949,0.137878906624341,0.294476637962618,0.139775303094194,0.0536060385757388,0.32960623251143,0.151306445973746,0.356675109580834,0.125022139294205,0.139775303094194,0.433774583917568,0.499922941071156,0.354450240299908,0,0.475874076751949,0.0647333284560729,0.354450240299908,0,0.309405946447854,0.0532695260812023,0.572335692672378,0.162380445651694,0.309944620914915,0.418840669793383,0,0,0.188373489159307,0.162380445651694,0.572335692672378,0.287211947369145,0.163071671956567,0.270014347073063,0.22589830065098,0.320915811256781,0.499922941071156,0.163071671956567,0.467467763707502,0.572335692672378,0.097514383269815,0.295169764332265,0.26939168617855,0.188373489159307,0.275784923749816,0.32960623251143,0.53524101678661,0.175331220965157,0,0.26939168617855,0.238550627841299,0.295169764332265,0.196166725598038,0.175331220965157,0.224631511331857,0,0.177030476701117,0.162380445651694,0.160998035064334,0.0647333284560729,0,0.158937571990161,0.354450240299908,0.097514383269815,0,0.125022139294205,0.354450240299908,0.210005014228952,0,0,0,0.499922941071156,0.455139640092476,0.207566943217479,0.499922941071156,0.572335692672378,0.0647333284560729,0,0.232975123859254,0,0.270014347073063
"33",0.221118733649202,0.309405946447854,0.246508922643298,0.372642386071627,0.139775303094194,0.186213128951974,0.180496684890759,0.433774583917568,0.320915811256781,0,0.241454459111883,0.309405946447854,0.238550627841299,0,0.248827453434369,0,0.224631511331857,0,0.270014347073063,0.188373489159307,0.455139640092476,0.232975123859254,0.337888559553962,0.470389582290251,0.21257050192965,0.160998035064334,0.306783711178725,0.0532695260812023,0.572335692672378,0.0904459172675018,0.294476637962618,0.363666032354226,0.26939168617855,0.407517506436096,0,0.221118733649202,0.0729826923067274,0.49665561277519,0,0.162380445651694,0.309944620914915,0.309405946447854,0.306783711178725,0.354450240299908,0.309405946447854,0,0,0.137878906624341,0.337888559553962,0.337888559553962,0.188373489159307,0.499922941071156,0.309405946447854,0.281589348869028,0.295169764332265,0.354450240299908,0.0647333284560729,0.0536060385757388,0.320915811256781,0.137974477224539,0.0729826923067274,0.354450240299908,0.572335692672378,0.270014347073063,0.337888559553962,0.48401896973147,0.26939168617855,0,0.499922941071156,0.0309034805900011,0,0.53524101678661,0.354450240299908,0.0536060385757388,0,0.287211947369145,0.0879606933562839,0.097514383269815,0.0729826923067274,0,0.475874076751949,0.119625187648883,0.337888559553962,0,0.246508922643298,0,0.455139640092476,0,0,0,0.354450240299908,0.26939168617855,0.246508922643298,0.320915811256781,0.320915811256781,0.160998035064334,0,0.158937571990161,0,0.160998035064334
"34",0.163071671956567,0.306783711178725,0.495800852649744,0.499922941071156,0.252049951654709,0.123385091677475,0.26939168617855,0.295169764332265,0.137974477224539,0,0.337888559553962,0.306783711178725,0.219722032014749,0,0.219722032014749,0,0.0647333284560729,0,0.295169764332265,0.097514383269815,0.326090335563201,0.281589348869028,0.246508922643298,0.137878906624341,0.306783711178725,0,0.232975123859254,0.0647333284560729,0.320915811256781,0.418840669793383,0.475874076751949,0.219722032014749,0.572335692672378,0.475874076751949,0,0.337888559553962,0.0309034805900011,0.306783711178725,0,0.137878906624341,0.125022139294205,0.287211947369145,0.294476637962618,0.26939168617855,0.0536060385757388,0,0,0.097514383269815,0.188373489159307,0.294476637962618,0.097514383269815,0.356675109580834,0.306783711178725,0.162380445651694,0.158937571990161,0.49665561277519,0.32960623251143,0.177030476701117,0.475874076751949,0.162380445651694,0.0309034805900011,0.188373489159307,0.320915811256781,0.141209046518513,0.294476637962618,0.235099405786876,0.15196123929345,0,0.160998035064334,0.272801402088068,0,0.48401896973147,0.287211947369145,0.466491201789823,0,0.227663967622928,0.320915811256781,0.188373489159307,0,0,0.505917953353726,0.326090335563201,0,0,0.278327991322717,0,0.125022139294205,0,0,0,0.26939168617855,0.491039825946199,0,0.227663967622928,0.337888559553962,0.295169764332265,0,0.275784923749816,0,0.572335692672378
"35",0.32960623251143,0.21257050192965,0.32960623251143,0.0309034805900011,0.0729826923067274,0.180496684890759,0.177030476701117,0.0309034805900011,0.232975123859254,0,0.125022139294205,0.246508922643298,0.15196123929345,0,0.241454459111883,0,0.287211947369145,0,0.337888559553962,0.207566943217479,0.320915811256781,0.0647333284560729,0.455182505352632,0.564783885762271,0.0647333284560729,0,0.309405946447854,0,0.467467763707502,0.475874076751949,0.491039825946199,0.268665102470609,0.354450240299908,0.189404748776706,0,0.287211947369145,0.0536060385757388,0.287211947369145,0,0.188373489159307,0.146139372495595,0.276076950638014,0.137878906624341,0.49665561277519,0.326090335563201,0,0,0.337888559553962,0.32960623251143,0.227663967622928,0.162380445651694,0.354450240299908,0.326090335563201,0.309405946447854,0.146139372495595,0.189404748776706,0.572335692672378,0.354450240299908,0.272801402088068,0.137878906624341,0.21257050192965,0.097514383269815,0.125022139294205,0.110369573535718,0.326090335563201,0.248873660658832,0.602303146779177,0,0.354450240299908,0.210005014228952,0,0.564783885762271,0.499922941071156,0.487062647761958,0,0.162380445651694,0.188373489159307,0.233446580618961,0,0,0.217281750593915,0.475874076751949,0,0,0.491039825946199,0,0.0729826923067274,0,0,0,0.246508922643298,0.224631511331857,0,0.309405946447854,0.189404748776706,0.281589348869028,0,0.110369573535718,0,0.469667158654595
"36",0.499922941071156,0.287211947369145,0.188373489159307,0.356675109580834,0.0647333284560729,0.139775303094194,0.354450240299908,0,0.309944620914915,0,0.137974477224539,0.337888559553962,0.270014347073063,0,0.436158376850388,0,0.428488102264858,0,0.32960623251143,0.304815039163376,0.351689795193667,0.0729826923067274,0.137974477224539,0.53524101678661,0.499922941071156,0,0.572335692672378,0,0.491039825946199,0.141209046518513,0.137878906624341,0.0904459172675018,0.125022139294205,0.0532695260812023,0,0.119625187648883,0.180496684890759,0.455182505352632,0,0.097514383269815,0.21257050192965,0.294476637962618,0.356675109580834,0.572335692672378,0.137878906624341,0,0,0.436158376850388,0.246508922643298,0.246508922643298,0.137878906624341,0.401282255666242,0.356675109580834,0.306783711178725,0.32960623251143,0.188373489159307,0.320915811256781,0.0309034805900011,0.210005014228952,0.53524101678661,0.246508922643298,0.210005014228952,0.455182505352632,0.163071671956567,0.309944620914915,0.196166725598038,0.418840669793383,0,0.0647333284560729,0.276076950638014,0,0.509277177167143,0.49665561277519,0.0532695260812023,0,0.188373489159307,0.241454459111883,0.177030476701117,0,0,0.160998035064334,0.49665561277519,0,0,0.32960623251143,0,0.0647333284560729,0,0,0,0.0647333284560729,0.487062647761958,0,0.455139640092476,0,0.356675109580834,0,0.401282255666242,0,0.294476637962618
"37",0.189404748776706,0.436158376850388,0.097514383269815,0.354450240299908,0.0309034805900011,0.320915811256781,0,0,0.0647333284560729,0,0.306783711178725,0.137974477224539,0.189404748776706,0,0.246508922643298,0,0.354450240299908,0,0.246508922643298,0.309405946447854,0.207566943217479,0.272801402088068,0.227663967622928,0.48401896973147,0.354450240299908,0,0.294476637962618,0,0.189404748776706,0.491039825946199,0.097514383269815,0.295169764332265,0.295169764332265,0.177030476701117,0,0.195014596535739,0.175331220965157,0.137974477224539,0,0.175331220965157,0,0.0879606933562839,0.337888559553962,0.276076950638014,0.337888559553962,0,0,0.158937571990161,0.189404748776706,0.189404748776706,0.572335692672378,0.15196123929345,0.572335692672378,0.356675109580834,0.207566943217479,0.162380445651694,0.278327991322717,0.309944620914915,0.270014347073063,0.235099405786876,0.0536060385757388,0.309405946447854,0.564783885762271,0.0532695260812023,0.306783711178725,0.455182505352632,0.180496684890759,0,0.0729826923067274,0.436158376850388,0,0.270014347073063,0.276076950638014,0.270014347073063,0,0.097514383269815,0.337888559553962,0.189404748776706,0,0,0.195014596535739,0.499922941071156,0,0,0,0,0.0309034805900011,0,0,0,0.0729826923067274,0.295169764332265,0,0.306783711178725,0,0.158937571990161,0,0.320915811256781,0,0.0647333284560729
"38",0.337888559553962,0.32960623251143,0.162380445651694,0.137974477224539,0.306783711178725,0.0647333284560729,0,0,0.32126942677367,0,0.158937571990161,0.276076950638014,0.499922941071156,0,0.162380445651694,0,0.524576318910491,0,0.383311417315472,0.137878906624341,0.572335692672378,0.210005014228952,0.189404748776706,0.278327991322717,0.180496684890759,0,0.564783885762271,0,0.221118733649202,0.275784923749816,0.162380445651694,0.0589931240374988,0.158937571990161,0.275784923749816,0,0.276076950638014,0.499922941071156,0.18387485808606,0,0.53524101678661,0,0.306783711178725,0.276076950638014,0.320915811256781,0.246508922643298,0,0,0.22589830065098,0.356675109580834,0.125022139294205,0.320915811256781,0.407517506436096,0.227663967622928,0.246508922643298,0.188373489159307,0.097514383269815,0.162380445651694,0.320915811256781,0.455139640092476,0.48401896973147,0.272801402088068,0.572335692672378,0.53524101678661,0.32960623251143,0.309405946447854,0.232975123859254,0.499922941071156,0,0.180496684890759,0.158937571990161,0,0.295169764332265,0.281589348869028,0.475874076751949,0,0.137878906624341,0.125022139294205,0.354450240299908,0,0,0.49665561277519,0.320915811256781,0,0,0,0,0.0536060385757388,0,0,0,0.49665561277519,0.49665561277519,0,0.281589348869028,0,0.180496684890759,0,0.137974477224539,0,0.235099405786876
"39",0.309405946447854,0.572335692672378,0.137878906624341,0.232975123859254,0.287211947369145,0.564783885762271,0,0,0.339241234160406,0,0.455182505352632,0.278327991322717,0.354450240299908,0,0.188373489159307,0,0.0309034805900011,0,0.219722032014749,0.337888559553962,0.337888559553962,0.455139640092476,0.326090335563201,0.235099405786876,0.572335692672378,0,0.53524101678661,0,0.278327991322717,0.110369573535718,0.337888559553962,0.0729826923067274,0.252049951654709,0.0904459172675018,0,0,0.26939168617855,0.320915811256781,0,0.564783885762271,0,0.467467763707502,0.0519255563954948,0.294476637962618,0.455182505352632,0,0,0.455182505352632,0.137974477224539,0.309405946447854,0.337888559553962,0.282906011994191,0.294476637962618,0.309944620914915,0.097514383269815,0.326090335563201,0.188373489159307,0.326090335563201,0.0536060385757388,0.196166725598038,0.210005014228952,0.320915811256781,0.48401896973147,0.475874076751949,0.125022139294205,0.275784923749816,0.354450240299908,0,0.272801402088068,0.233446580618961,0,0.158937571990161,0.189404748776706,0.180496684890759,0,0.119625187648883,0.246508922643298,0.499922941071156,0,0,0.48401896973147,0.309405946447854,0,0,0,0,0.287211947369145,0,0,0,0.180496684890759,0.160998035064334,0,0.337888559553962,0,0.0729826923067274,0,0.180496684890759,0,0.196166725598038
"40",0.306783711178725,0.162380445651694,0.0647333284560729,0.281589348869028,0.294476637962618,0.0729826923067274,0,0,0.369032217396421,0,0.281589348869028,0.227663967622928,0.49665561277519,0,0.137878906624341,0,0.177030476701117,0,0.0721723491234661,0.351689795193667,0.137974477224539,0.0309034805900011,0.158937571990161,0.248873660658832,0.49665561277519,0,0.48401896973147,0,0.337888559553962,0.270014347073063,0.276076950638014,0.0647333284560729,0.320915811256781,0.163071671956567,0,0,0.354450240299908,0.246508922643298,0,0.48401896973147,0,0.24852813827762,0,0.272801402088068,0.306783711178725,0,0,0.306783711178725,0.455182505352632,0.306783711178725,0.276076950638014,0.0536060385757388,0.188373489159307,0.337888559553962,0.162380445651694,0.137878906624341,0.137878906624341,0.246508922643298,0.337888559553962,0.564783885762271,0.436158376850388,0.287211947369145,0.235099405786876,0,0.0536060385757388,0.110369573535718,0.0309034805900011,0,0.210005014228952,0.162380445651694,0,0.0532695260812023,0.309405946447854,0.26939168617855,0,0.309405946447854,0.294476637962618,0.309944620914915,0,0,0.564783885762271,0.306783711178725,0,0,0,0,0.177030476701117,0,0,0,0.276076950638014,0.499922941071156,0,0.246508922643298,0,0.407517506436096,0,0.224631511331857,0,0.248873660658832
"41",0.210005014228952,0.137878906624341,0.455182505352632,0.180496684890759,0.53524101678661,0.337888559553962,0,0,0.18387485808606,0,0.564783885762271,0.125022139294205,0.26939168617855,0,0.097514383269815,0,0.186213128951974,0,0.219466699129676,0.246508922643298,0.455182505352632,0.356675109580834,0.13882254444397,0.196166725598038,0.294476637962618,0,0.235099405786876,0,0.295169764332265,0.177030476701117,0.309405946447854,0.0309034805900011,0.0647333284560729,0.383311417315472,0,0,0.49665561277519,0.294476637962618,0,0.227663967622928,0,0.221118733649202,0,0.306783711178725,0.564783885762271,0,0,0.287211947369145,0.232975123859254,0.137974477224539,0.137974477224539,0.0309034805900011,0.162380445651694,0.276076950638014,0.137878906624341,0.320915811256781,0.278327991322717,0.384253306197004,0.356675109580834,0.248873660658832,0.224631511331857,0.306783711178725,0.248873660658832,0,0.188373489159307,0.217281750593915,0.356675109580834,0,0.356675109580834,0.188373489159307,0,0.287211947369145,0.306783711178725,0.49665561277519,0,0.306783711178725,0.221118733649202,0.320915811256781,0,0,0.53524101678661,0.287211947369145,0,0,0,0,0.137878906624341,0,0,0,0.572335692672378,0.354450240299908,0,0.278327991322717,0,0.0309034805900011,0,0.227663967622928,0,0.48401896973147
"42",0.272801402088068,0.188373489159307,0.232975123859254,0.271654612242222,0.48401896973147,0.295169764332265,0,0,0.13882254444397,0,0.53524101678661,0.455182505352632,0.180496684890759,0,0.0519255563954948,0,0.162380445651694,0,0.232975123859254,0.125022139294205,0.246508922643298,0.287211947369145,0.097514383269815,0.146139372495595,0.320915811256781,0,0.248873660658832,0,0.276076950638014,0.32960623251143,0.306783711178725,0.270014347073063,0.0729826923067274,0.356101185203339,0,0,0.572335692672378,0.572335692672378,0,0.235099405786876,0,0.278327991322717,0,0.210005014228952,0.53524101678661,0,0,0.309405946447854,0.195014596535739,0.177030476701117,0.309405946447854,0.13962472554813,0.137878906624341,0.278327991322717,0.572335692672378,0.572335692672378,0.276076950638014,0.287211947369145,0.470389582290251,0.163071671956567,0.287211947369145,0.163071671956567,0.196166725598038,0,0.097514383269815,0.13882254444397,0.287211947369145,0,0.0309034805900011,0.097514383269815,0,0.151306445973746,0.53524101678661,0.572335692672378,0,0.246508922643298,0.24852813827762,0.49665561277519,0,0,0.499922941071156,0.337888559553962,0,0,0,0,0.162380445651694,0,0,0,0.294476637962618,0.195014596535739,0,0.572335692672378,0,0.320915811256781,0,0.383311417315472,0,0.53524101678661
"43",0.356675109580834,0.097514383269815,0.0729826923067274,0.564980985955098,0.235099405786876,0,0,0,0.564783885762271,0,0.48401896973147,0.53524101678661,0.572335692672378,0,0.337888559553962,0,0.188373489159307,0,0.322113292546016,0.21257050192965,0.13882254444397,0.0536060385757388,0.275784923749816,0.467467763707502,0.227663967622928,0,0.196166725598038,0,0.475874076751949,0.0589931240374988,0.137974477224539,0.337888559553962,0.195014596535739,0.110369573535718,0,0,0.210005014228952,0.337888559553962,0,0.248873660658832,0,0.207566943217479,0,0.162380445651694,0.48401896973147,0,0,0.160998035064334,0.564783885762271,0.163071671956567,0.306783711178725,0.180496684890759,0.304815039163376,0.564783885762271,0.276076950638014,0.232975123859254,0.097514383269815,0.276076950638014,0.306783711178725,0.177030476701117,0.195014596535739,0.455182505352632,0.195014596535739,0,0.162380445651694,0.246508922643298,0.304815039163376,0,0.572335692672378,0.306783711178725,0,0.252049951654709,0.48401896973147,0.320915811256781,0,0.278327991322717,0.572335692672378,0.287211947369145,0,0,0.0729826923067274,0.268665102470609,0,0,0,0,0.097514383269815,0,0,0,0.320915811256781,0.572335692672378,0,0.294476637962618,0,0.137974477224539,0,0.280971171961201,0,0.278327991322717
"44",0.125022139294205,0.337888559553962,0.372642386071627,0.436158376850388,0.196166725598038,0,0,0,0.48401896973147,0,0.235099405786876,0.48401896973147,0.320915811256781,0,0.177030476701117,0,0.137878906624341,0,0.455182505352632,0.455182505352632,0.564783885762271,0.309405946447854,0.110369573535718,0.22589830065098,0.26939168617855,0,0.278327991322717,0,0.137878906624341,0.163071671956567,0.564783885762271,0.309944620914915,0.428488102264858,0.32960623251143,0,0,0.272801402088068,0.13882254444397,0,0.196166725598038,0,0.163071671956567,0,0.188373489159307,0.278327991322717,0,0,0.564783885762271,0.48401896973147,0.32960623251143,0.24852813827762,0.281589348869028,0.246508922643298,0.53524101678661,0.294476637962618,0.246508922643298,0.272801402088068,0.224631511331857,0.309944620914915,0.372642386071627,0.217281750593915,0.232975123859254,0.137974477224539,0,0.137878906624341,0.32960623251143,0.162380445651694,0,0.125022139294205,0.356675109580834,0,0,0.564783885762271,0.499922941071156,0,0.572335692672378,0.232975123859254,0.276076950638014,0,0,0.26939168617855,0.572335692672378,0,0,0,0,0.455182505352632,0,0,0,0.0309034805900011,0.320915811256781,0,0.207566943217479,0,0.337888559553962,0,0.295169764332265,0,0.564783885762271
"45",0.162380445651694,0.276076950638014,0.281919839771965,0.326090335563201,0.564783885762271,0,0,0,0.53524101678661,0,0.248873660658832,0.564783885762271,0.0729826923067274,0,0.235099405786876,0,0.097514383269815,0,0.13962472554813,0.564783885762271,0.53524101678661,0.306783711178725,0.418840669793383,0.270014347073063,0.160998035064334,0,0.137974477224539,0,0.162380445651694,0.49665561277519,0.48401896973147,0.0536060385757388,0.0309034805900011,0.270014347073063,0,0,0.294476637962618,0.564783885762271,0,0.428488102264858,0,0.32960623251143,0,0.097514383269815,0.235099405786876,0,0,0.53524101678661,0.53524101678661,0.21257050192965,0.246508922643298,0.337888559553962,0.137974477224539,0.48401896973147,0,0.294476637962618,0.210005014228952,0.491039825946199,0.309405946447854,0.275784923749816,0.0519255563954948,0.32960623251143,0.163071671956567,0,0.272801402088068,0.270014347073063,0.137878906624341,0,0.294476637962618,0.309405946447854,0,0,0.235099405786876,0.294476637962618,0,0.337888559553962,0.564783885762271,0.326090335563201,0,0,0.0647333284560729,0.246508922643298,0,0,0,0,0.564783885762271,0,0,0,0.383311417315472,0.306783711178725,0,0.384253306197004,0,0.163071671956567,0,0.455139640092476,0,0.151306445973746
"46",0.188373489159307,0.246508922643298,0.309405946447854,0.188373489159307,0.248873660658832,0,0,0,0.235099405786876,0,0.196166725598038,0.467467763707502,0.0647333284560729,0,0.196166725598038,0,0.356675109580834,0,0.306783711178725,0.48401896973147,0.48401896973147,0.224631511331857,0.564783885762271,0,0.125022139294205,0,0.13962472554813,0,0.188373489159307,0.320915811256781,0.53524101678661,0.272801402088068,0.436158376850388,0.304815039163376,0,0,0.455139640092476,0.53524101678661,0,0.282906011994191,0,0.455182505352632,0,0.137878906624341,0.248873660658832,0,0,0.48401896973147,0.235099405786876,0,0,0.32960623251143,0.207566943217479,0.235099405786876,0,0.276076950638014,0.119625187648883,0,0.276076950638014,0.110369573535718,0.238550627841299,0.281589348869028,0.418840669793383,0,0.210005014228952,0.337888559553962,0.188373489159307,0,0.320915811256781,0.137878906624341,0,0,0.248873660658832,0.354450240299908,0,0.163071671956567,0.53524101678661,0.337888559553962,0,0,0.287211947369145,0.356675109580834,0,0,0,0,0.48401896973147,0,0,0,0.125022139294205,0.337888559553962,0,0.455182505352632,0,0.188373489159307,0,0.32960623251143,0,0.0729826923067274
"47",0.097514383269815,0.137974477224539,0.306783711178725,0.097514383269815,0.309405946447854,0,0,0,0.248873660658832,0,0.275784923749816,0.235099405786876,0.125022139294205,0,0.248873660658832,0,0.32126942677367,0,0,0.53524101678661,0.248873660658832,0.53524101678661,0.53524101678661,0,0.158937571990161,0,0.13882254444397,0,0.097514383269815,0.294476637962618,0.248873660658832,0.210005014228952,0.337888559553962,0.0589931240374988,0,0,0.320915811256781,0.48401896973147,0,0.0519255563954948,0,0.281919839771965,0,0.137974477224539,0.196166725598038,0,0,0.163071671956567,0.248873660658832,0,0,0.189404748776706,0.195014596535739,0.248873660658832,0,0.337888559553962,0.356675109580834,0,0.158937571990161,0.13882254444397,0.337888559553962,0.246508922643298,0.177030476701117,0,0.270014347073063,0.322113292546016,0.097514383269815,0,0.21257050192965,0.241454459111883,0,0,0.196166725598038,0.162380445651694,0,0.276076950638014,0.48401896973147,0.356675109580834,0,0,0.272801402088068,0.137878906624341,0,0,0,0,0.53524101678661,0,0,0,0.287211947369145,0.294476637962618,0,0.241454459111883,0,0.097514383269815,0,0.436158376850388,0,0.447793632187165
"48",0.246508922643298,0.233446580618961,0.0309034805900011,0.304815039163376,0.272801402088068,0,0,0,0.196166725598038,0,0.110369573535718,0.248873660658832,0.0309034805900011,0,0.48401896973147,0,0.139775303094194,0,0,0.13882254444397,0.235099405786876,0.48401896973147,0.48401896973147,0,0.151306445973746,0,0.455182505352632,0,0.232975123859254,0.246508922643298,0.235099405786876,0.455139640092476,0.0536060385757388,0.295169764332265,0,0,0.356675109580834,0.278327991322717,0,0,0,0.384253306197004,0,0.309405946447854,0.527020682520115,0,0,0.235099405786876,0.196166725598038,0,0,0.188373489159307,0.467467763707502,0.196166725598038,0,0.309405946447854,0.137974477224539,0,0.160998035064334,0.309944620914915,0.309405946447854,0.53524101678661,0,0,0.356675109580834,0.309944620914915,0.160998035064334,0,0.0536060385757388,0.287211947369145,0,0,0.278327991322717,0.188373489159307,0,0.275784923749816,0.235099405786876,0.232734483791117,0,0,0.210005014228952,0.097514383269815,0,0,0,0,0.356675109580834,0,0,0,0.162380445651694,0.326090335563201,0,0.564783885762271,0,0.491039825946199,0,0.139775303094194,0,0.162380445651694
"49",0.137878906624341,0.278327991322717,0.339241234160406,0.162380445651694,0.210005014228952,0,0,0,0.0729826923067274,0,0.32960623251143,0.196166725598038,0.151306445973746,0,0.53524101678661,0,0.189404748776706,0,0,0.278327991322717,0.232975123859254,0.235099405786876,0.248873660658832,0,0.0729826923067274,0,0.281589348869028,0,0.137974477224539,0.354450240299908,0.196166725598038,0.224631511331857,0.287211947369145,0.49665561277519,0,0,0.337888559553962,0.32960623251143,0,0,0,0.241454459111883,0,0.356675109580834,0.467467763707502,0,0,0.248873660658832,0.177030476701117,0,0,0.097514383269815,0.281589348869028,0.467467763707502,0,0.163071671956567,0.322113292546016,0,0.53524101678661,0.32960623251143,0.306783711178725,0.48401896973147,0,0,0.137974477224539,0.0536060385757388,0.572335692672378,0,0.233446580618961,0.455182505352632,0,0,0.275784923749816,0,0,0.110369573535718,0.248873660658832,0.572335692672378,0,0,0.418840669793383,0.162380445651694,0,0,0,0,0.235099405786876,0,0,0,0.188373489159307,0.309405946447854,0,0.53524101678661,0,0.146139372495595,0,0.270014347073063,0,0.188373489159307
"50",0.287211947369145,0.158937571990161,0.32126942677367,0.137878906624341,0.455139640092476,0,0,0,0.322113292546016,0,0.270014347073063,0.275784923749816,0.0536060385757388,0,0.564783885762271,0,0.158937571990161,0,0,0.235099405786876,0.196166725598038,0.196166725598038,0.235099405786876,0,0.418840669793383,0,0.188373489159307,0,0.564783885762271,0.499922941071156,0.163071671956567,0.162380445651694,0,0.499922941071156,0,0,0.287211947369145,0.232975123859254,0,0,0,0.564783885762271,0,0.281589348869028,0.356101185203339,0,0,0.196166725598038,0.158937571990161,0,0,0.304815039163376,0.110369573535718,0.0536060385757388,0,0.306783711178725,0.217281750593915,0,0.235099405786876,0.158937571990161,0.326090335563201,0.235099405786876,0,0,0.241454459111883,0.281919839771965,0.320915811256781,0,0.475874076751949,0.53524101678661,0,0,0.110369573535718,0,0,0.241454459111883,0.196166725598038,0.309405946447854,0,0,0.224631511331857,0.294476637962618,0,0,0,0,0.248873660658832,0,0,0,0.272801402088068,0.53524101678661,0,0.48401896973147,0,0.232975123859254,0,0.384253306197004,0,0.337888559553962
"51",0.241454459111883,0.227663967622928,0.369032217396421,0.287211947369145,0.326090335563201,0,0,0,0.195014596535739,0,0.295169764332265,0.110369573535718,0.272801402088068,0,0.13882254444397,0,0.326090335563201,0,0,0.196166725598038,0.384253306197004,0.248873660658832,0.32960623251143,0,0.0309034805900011,0,0.097514383269815,0,0.48401896973147,0.151306445973746,0.110369573535718,0.188373489159307,0,0.151306445973746,0,0,0.160998035064334,0.235099405786876,0,0,0,0.53524101678661,0,0.246508922643298,0.177030476701117,0,0,0.275784923749816,0.13882254444397,0,0,0.162380445651694,0.428488102264858,0.428488102264858,0,0.177030476701117,0.455182505352632,0,0.48401896973147,0.455182505352632,0.491039825946199,0.196166725598038,0,0,0.278327991322717,0.278327991322717,0.163071671956567,0,0.276076950638014,0.564783885762271,0,0,0.163071671956567,0,0,0.455182505352632,0.278327991322717,0.246508922643298,0,0,0.309405946447854,0.188373489159307,0,0,0,0,0.196166725598038,0,0,0,0.210005014228952,0.235099405786876,0,0.248873660658832,0,0.572335692672378,0,0.527020682520115,0,0.137878906624341
"52",0.278327991322717,0.221118733649202,0.18387485808606,0,0.455182505352632,0,0,0,0.248827453434369,0,0.418840669793383,0.418840669793383,0.210005014228952,0,0.238550627841299,0,0.270014347073063,0,0,0.248873660658832,0.418840669793383,0.241454459111883,0.278327991322717,0,0.13882254444397,0,0.162380445651694,0,0.53524101678661,0.281589348869028,0.188373489159307,0.097514383269815,0,0.572335692672378,0,0,0.475874076751949,0.248873660658832,0,0,0,0.48401896973147,0,0.455182505352632,0.275784923749816,0,0,0.110369573535718,0.219722032014749,0,0,0.137878906624341,0.32960623251143,0.0519255563954948,0,0.455182505352632,0.227663967622928,0,0.196166725598038,0.241454459111883,0.162380445651694,0.248873660658832,0,0,0,0.137878906624341,0.281589348869028,0,0.246508922643298,0.48401896973147,0,0,0.177030476701117,0,0,0.356675109580834,0.163071671956567,0.294476637962618,0,0,0.354450240299908,0.189404748776706,0,0,0,0,0.337888559553962,0,0,0,0.270014347073063,0.196166725598038,0,0.235099405786876,0,0.294476637962618,0,0.217281750593915,0,0.097514383269815
"53",0.384253306197004,0.241454459111883,0.13882254444397,0,0.13882254444397,0,0,0,0.139163995661358,0,0.139775303094194,0.32960623251143,0.160998035064334,0,0.0904459172675018,0,0,0,0,0.322113292546016,0.278327991322717,0.564783885762271,0.196166725598038,0,0.337888559553962,0,0.322113292546016,0,0.235099405786876,0.162380445651694,0.32960623251143,0.137878906624341,0,0.320915811256781,0,0,0.246508922643298,0.196166725598038,0,0,0,0.232975123859254,0,0.322113292546016,0.110369573535718,0,0,0.383311417315472,0.401282255666242,0,0,0.276076950638014,0.455182505352632,0.139775303094194,0,0.564783885762271,0.22589830065098,0,0.564783885762271,0.322113292546016,0.188373489159307,0.564783885762271,0,0,0,0.276076950638014,0.276076950638014,0,0.436158376850388,0.235099405786876,0,0,0.322113292546016,0,0,0.418840669793383,0.177030476701117,0.221118733649202,0,0,0.162380445651694,0.137974477224539,0,0,0,0,0.322113292546016,0,0,0,0.436158376850388,0.48401896973147,0,0.196166725598038,0,0.139775303094194,0,0.177030476701117,0,0.272801402088068
"54",0.0879606933562839,0.195014596535739,0.309944620914915,0,0.322113292546016,0,0,0,0.281919839771965,0,0.13882254444397,0.383311417315472,0.455139640092476,0,0.383311417315472,0,0,0,0,0.158937571990161,0.285395417292465,0.467467763707502,0.470389582290251,0,0,0,0.137878906624341,0,0.248873660658832,0.188373489159307,0.275784923749816,0.306783711178725,0,0.294476637962618,0,0,0.224631511331857,0.125022139294205,0,0,0,0.235099405786876,0,0.564783885762271,0.322113292546016,0,0,0.278327991322717,0.163071671956567,0,0,0.306783711178725,0.564783885762271,0.238550627841299,0,0.53524101678661,0.13882254444397,0,0.248873660658832,0.337888559553962,0.097514383269815,0.177030476701117,0,0,0,0.356101185203339,0.177030476701117,0,0.162380445651694,0.248873660658832,0,0,0.455182505352632,0,0,0.53524101678661,0.275784923749816,0.137974477224539,0,0,0.188373489159307,0.278327991322717,0,0,0,0,0.278327991322717,0,0,0,0.097514383269815,0.248873660658832,0,0.428488102264858,0,0.186213128951974,0,0.186213128951974,0,0.210005014228952
"55",0.564783885762271,0.53524101678661,0.0536060385757388,0,0.248827453434369,0,0,0,0.0309034805900011,0,0.0536060385757388,0.177030476701117,0.337888559553962,0,0.221118733649202,0,0,0,0,0.281919839771965,0.163071671956567,0.278327991322717,0.322113292546016,0,0,0,0.281919839771965,0,0.196166725598038,0.137878906624341,0.217281750593915,0.287211947369145,0,0.287211947369145,0,0,0.162380445651694,0.158937571990161,0,0,0,0.248873660658832,0,0.53524101678661,0.13882254444397,0,0,0,0.275784923749816,0,0,0.271654612242222,0.248873660658832,0.455182505352632,0,0.48401896973147,0.337888559553962,0,0,0.246508922643298,0.276076950638014,0.309944620914915,0,0,0,0.158937571990161,0.137974477224539,0,0.188373489159307,0.196166725598038,0,0,0.227663967622928,0,0,0.235099405786876,0.110369573535718,0.125022139294205,0,0,0.137878906624341,0.221118733649202,0,0,0,0,0.137974477224539,0,0,0,0.137878906624341,0.564783885762271,0,0.163071671956567,0,0.171311685127966,0,0.246508922643298,0,0.0309034805900011
"56",0.53524101678661,0.48401896973147,0.0920291930434306,0,0.337888559553962,0,0,0,0.158937571990161,0,0.294476637962618,0.158937571990161,0.162380445651694,0,0.309944620914915,0,0,0,0,0,0.195014596535739,0.524576318910491,0.18387485808606,0,0,0,0.246508922643298,0,0.195014596535739,0.097514383269815,0.241454459111883,0.276076950638014,0,0,0,0,0.188373489159307,0.32126942677367,0,0,0,0.196166725598038,0,0.48401896973147,0.151306445973746,0,0,0,0.110369573535718,0,0,0.21257050192965,0.53524101678661,0.275784923749816,0,0.235099405786876,0.275784923749816,0,0,0.278327991322717,0.137878906624341,0.125022139294205,0,0,0,0.470389582290251,0.0536060385757388,0,0.137878906624341,0.13882254444397,0,0,0.383311417315472,0,0,0.196166725598038,0.270014347073063,0.306783711178725,0,0,0.572335692672378,0.232975123859254,0,0,0,0,0.188373489159307,0,0,0,0.337888559553962,0.241454459111883,0,0.232975123859254,0,0.304815039163376,0,0.467467763707502,0,0.13882254444397
"57",0.48401896973147,0.235099405786876,0.278327991322717,0,0.356675109580834,0,0,0,0.337888559553962,0,0.372642386071627,0.13882254444397,0.188373489159307,0,0.232975123859254,0,0,0,0,0,0.275784923749816,0.322113292546016,0.151306445973746,0,0,0,0,0,0.241454459111883,0.158937571990161,0.336118822249917,0.309405946447854,0,0,0,0,0.137878906624341,0.309944620914915,0,0,0,0.356101185203339,0,0.232975123859254,0.32126942677367,0,0,0,0.309944620914915,0,0,0.309405946447854,0.48401896973147,0.384253306197004,0,0.248873660658832,0.177030476701117,0,0,0.248827453434369,0.232975123859254,0.158937571990161,0,0,0,0.177030476701117,0.139775303094194,0,0.097514383269815,0.322113292546016,0,0,0.32960623251143,0,0,0.48401896973147,0.13882254444397,0.455182505352632,0,0,0.0309034805900011,0.195014596535739,0,0,0,0,0.275784923749816,0,0,0,0.455182505352632,0.278327991322717,0,0.275784923749816,0,0,0,0.428488102264858,0,0.322113292546016
"58",0.235099405786876,0.564783885762271,0.564783885762271,0,0.188373489159307,0,0,0,0.278327991322717,0,0.278327991322717,0,0.097514383269815,0,0.278327991322717,0,0,0,0,0,0.110369573535718,0.356436965033621,0.32126942677367,0,0,0,0,0,0.22589830065098,0.337888559553962,0,0.137974477224539,0,0,0,0,0.564783885762271,0.339241234160406,0,0,0,0.13882254444397,0,0.235099405786876,0.281919839771965,0,0,0,0.278327991322717,0,0,0.281919839771965,0.235099405786876,0.110369573535718,0,0.196166725598038,0.309944620914915,0,0,0.268665102470609,0.564783885762271,0.186213128951974,0,0,0,0.356675109580834,0.158937571990161,0,0.287211947369145,0.278327991322717,0,0,0.474390958758384,0,0,0.248873660658832,0.32960623251143,0.207566943217479,0,0,0.320915811256781,0.21257050192965,0,0,0,0,0.110369573535718,0,0,0,0.309405946447854,0.281589348869028,0,0.110369573535718,0,0,0,0.356675109580834,0,0.455182505352632
"59",0.248873660658832,0.196166725598038,0.48401896973147,0,0.162380445651694,0,0,0,0.281589348869028,0,0.177030476701117,0,0.276076950638014,0,0.125022139294205,0,0,0,0,0,0.270014347073063,0.337888559553962,0.116824880044391,0,0,0,0,0,0,0.564783885762271,0,0.53524101678661,0,0,0,0,0.53524101678661,0.474390958758384,0,0,0,0.177030476701117,0,0.196166725598038,0.139163995661358,0,0,0,0.383311417315472,0,0,0.467467763707502,0.196166725598038,0.219722032014749,0,0.281589348869028,0.470389582290251,0,0,0.294476637962618,0.53524101678661,0.322113292546016,0,0,0,0,0.337888559553962,0,0.337888559553962,0.232975123859254,0,0,0.418840669793383,0,0,0.564783885762271,0.281919839771965,0.163071671956567,0,0,0.097514383269815,0.281589348869028,0,0,0,0,0.13882254444397,0,0,0,0.326090335563201,0,0,0.418840669793383,0,0,0,0.125022139294205,0,0.356675109580834
"60",0.196166725598038,0.248873660658832,0.53524101678661,0,0.097514383269815,0,0,0,0.275784923749816,0,0.322113292546016,0,0.466491201789823,0,0,0,0,0,0,0,0,0.162380445651694,0.474390958758384,0,0,0,0,0,0,0.235099405786876,0,0.235099405786876,0,0,0,0,0.235099405786876,0.195014596535739,0,0,0,0.275784923749816,0,0.248873660658832,0.18387485808606,0,0,0,0,0,0,0.177030476701117,0.275784923749816,0.418840669793383,0,0.275784923749816,0.110369573535718,0,0,0,0.48401896973147,0.278327991322717,0,0,0,0,0.125022139294205,0,0.455182505352632,0.337888559553962,0,0,0.13882254444397,0,0,0.219722032014749,0.470389582290251,0.564783885762271,0,0,0.356675109580834,0.158937571990161,0,0,0,0,0.158937571990161,0,0,0,0.306783711178725,0,0,0.13882254444397,0,0,0,0.189404748776706,0,0.0536060385757388
"61",0.195014596535739,0.428488102264858,0.248873660658832,0,0.309944620914915,0,0,0,0.270014347073063,0,0.32126942677367,0,0.137878906624341,0,0,0,0,0,0,0,0,0.137878906624341,0.270014347073063,0,0,0,0,0,0,0.196166725598038,0,0.196166725598038,0,0,0,0,0.48401896973147,0.322113292546016,0,0,0,0.110369573535718,0,0.278327991322717,0,0,0,0,0,0,0,0,0.151306445973746,0.221118733649202,0,0.110369573535718,0.294476637962618,0,0,0,0.235099405786876,0.139775303094194,0,0,0,0,0.246508922643298,0,0.151306445973746,0.0536060385757388,0,0,0.125022139294205,0,0,0.475874076751949,0.151306445973746,0.53524101678661,0,0,0.455182505352632,0.32960623251143,0,0,0,0,0.281919839771965,0,0,0,0.322113292546016,0,0,0.32960623251143,0,0,0,0.219722032014749,0,0.309405946447854
"62",0.275784923749816,0.139775303094194,0.235099405786876,0,0.0536060385757388,0,0,0,0.177030476701117,0,0.281919839771965,0,0.137974477224539,0,0,0,0,0,0,0,0,0.188373489159307,0.13962472554813,0,0,0,0,0,0,0.48401896973147,0,0.48401896973147,0,0,0,0,0.248873660658832,0.384253306197004,0,0,0,0.418840669793383,0,0.158937571990161,0,0,0,0,0,0,0,0,0.219722032014749,0.233446580618961,0,0.32960623251143,0,0,0,0,0.248873660658832,0.13882254444397,0,0,0,0,0.53524101678661,0,0.281919839771965,0.224631511331857,0,0,0.158937571990161,0,0,0.158937571990161,0.455182505352632,0.48401896973147,0,0,0.322113292546016,0.414781306432063,0,0,0,0,0.139775303094194,0,0,0,0.158937571990161,0,0,0.270014347073063,0,0,0,0.524576318910491,0,0.326090335563201
"63",0.110369573535718,0.281589348869028,0.196166725598038,0,0.137878906624341,0,0,0,0.110369573535718,0,0.401282255666242,0,0.287211947369145,0,0,0,0,0,0,0,0,0.097514383269815,0.139775303094194,0,0,0,0,0,0,0.248873660658832,0,0.248873660658832,0,0,0,0,0.196166725598038,0.434239016163194,0,0,0,0.428488102264858,0,0.13882254444397,0,0,0,0,0,0,0,0,0.400199426704226,0,0,0.158937571990161,0,0,0,0,0.196166725598038,0.0536060385757388,0,0,0,0,0.48401896973147,0,0.137974477224539,0.326090335563201,0,0,0.270014347073063,0,0,0.32960623251143,0.116824880044391,0.235099405786876,0,0,0.474390958758384,0.351689795193667,0,0,0,0,0,0,0,0,0.564783885762271,0,0,0.309944620914915,0,0,0,0.294476637962618,0,0.306783711178725
"64",0.0904459172675018,0.475874076751949,0.241454459111883,0,0.232975123859254,0,0,0,0.0920291930434306,0,0.268465181291109,0,0.232975123859254,0,0,0,0,0,0,0,0,0.455182505352632,0.401282255666242,0,0,0,0,0,0,0.53524101678661,0,0.564783885762271,0,0,0,0,0.097514383269815,0.177030476701117,0,0,0,0.158937571990161,0,0.0536060385757388,0,0,0,0,0,0,0,0,0.281919839771965,0,0,0.278327991322717,0,0,0,0,0.281589348869028,0.189404748776706,0,0,0,0,0.278327991322717,0,0.53524101678661,0.219466699129676,0,0,0.572335692672378,0,0,0.0904459172675018,0.158937571990161,0.248873660658832,0,0,0.278327991322717,0.527020682520115,0,0,0,0,0,0,0,0,0.53524101678661,0,0,0.158937571990161,0,0,0,0.418840669793383,0,0.227663967622928
"65",0.151306445973746,0.110369573535718,0,0,0.278327991322717,0,0,0,0.428488102264858,0,0.219722032014749,0,0.309405946447854,0,0,0,0,0,0,0,0,0.572335692672378,0,0,0,0,0,0,0,0.306783711178725,0,0.281589348869028,0,0,0,0,0,0.221118733649202,0,0,0,0.195014596535739,0,0.18387485808606,0,0,0,0,0,0,0,0,0.384253306197004,0,0,0.13882254444397,0,0,0,0,0.372642386071627,0.372642386071627,0,0,0,0,0.235099405786876,0,0.235099405786876,0,0,0,0.320915811256781,0,0,0.13882254444397,0.18387485808606,0.196166725598038,0,0,0.326090335563201,0.564783885762271,0,0,0,0,0,0,0,0,0.48401896973147,0,0,0.219722032014749,0,0,0,0.466491201789823,0,0
"66",0.119625187648883,0.275784923749816,0,0,0.137974477224539,0,0,0,0.304815039163376,0,0.119625187648883,0,0.306783711178725,0,0,0,0,0,0,0,0,0,0,0,0,0,0,0,0,0.287211947369145,0,0.151306445973746,0,0,0,0,0,0.189404748776706,0,0,0,0.22589830065098,0,0.241454459111883,0,0,0,0,0,0,0,0,0.470389582290251,0,0,0.322113292546016,0,0,0,0,0.241454459111883,0.693587164514473,0,0,0,0,0.196166725598038,0,0.196166725598038,0,0,0,0.337888559553962,0,0,0.322113292546016,0.195014596535739,0,0,0,0.221118733649202,0.53524101678661,0,0,0,0,0,0,0,0,0.235099405786876,0,0,0.177030476701117,0,0,0,0.276076950638014,0,0
"67",0.158937571990161,0.163071671956567,0,0,0.221118733649202,0,0,0,0.125022139294205,0,0.474390958758384,0,0.356675109580834,0,0,0,0,0,0,0,0,0,0,0,0,0,0,0,0,0,0,0.418840669793383,0,0,0,0,0,0.330825507894121,0,0,0,0.32126942677367,0,0.221118733649202,0,0,0,0,0,0,0,0,0.278327991322717,0,0,0.137974477224539,0,0,0,0,0.278327991322717,0.137974477224539,0,0,0,0,0.564783885762271,0,0.248873660658832,0,0,0,0.475874076751949,0,0,0.281919839771965,0.160168328254874,0,0,0,0.306783711178725,0.48401896973147,0,0,0,0,0,0,0,0,0.248873660658832,0,0,0.470389582290251,0,0,0,0.363666032354226,0,0
"68",0.418840669793383,0.219722032014749,0,0,0.189404748776706,0,0,0,0.295169764332265,0,0.18387485808606,0,0.564783885762271,0,0,0,0,0,0,0,0,0,0,0,0,0,0,0,0,0,0,0.22589830065098,0,0,0,0,0,0.13962472554813,0,0,0,0.18387485808606,0,0.278327991322717,0,0,0,0,0,0,0,0,0.322113292546016,0,0,0.151306445973746,0,0,0,0,0.137974477224539,0.337888559553962,0,0,0,0,0.248873660658832,0,0.48401896973147,0,0,0,0.294476637962618,0,0,0.474390958758384,0.474390958758384,0,0,0,0.0536060385757388,0.22589830065098,0,0,0,0,0,0,0,0,0.196166725598038,0,0,0.18387485808606,0,0,0,0.278327991322717,0,0
"69",0.470389582290251,0.151306445973746,0,0,0.13962472554813,0,0,0,0.417946200376845,0,0.470389582290251,0,0.53524101678661,0,0,0,0,0,0,0,0,0,0,0,0,0,0,0,0,0,0,0,0,0,0,0,0,0.119625187648883,0,0,0,0.369032217396421,0,0.337888559553962,0,0,0,0,0,0,0,0,0.18387485808606,0,0,0.270014347073063,0,0,0,0,0.322113292546016,0.268665102470609,0,0,0,0,0.524576318910491,0,0.564783885762271,0,0,0,0.116824880044391,0,0,0.137974477224539,0.339241234160406,0,0,0,0.337888559553962,0.248873660658832,0,0,0,0,0,0,0,0,0.281919839771965,0,0,0.212506613502818,0,0,0,0.235099405786876,0,0
"70",0.24852813827762,0.248827453434369,0,0,0.18387485808606,0,0,0,0.356436965033621,0,0.330825507894121,0,0.48401896973147,0,0,0,0,0,0,0,0,0,0,0,0,0,0,0,0,0,0,0,0,0,0,0,0,0.268465181291109,0,0,0,0.339241234160406,0,0.268665102470609,0,0,0,0,0,0,0,0,0.13882254444397,0,0,0.125022139294205,0,0,0,0,0.13882254444397,0.207566943217479,0,0,0,0,0,0,0.13962472554813,0,0,0,0.246508922643298,0,0,0.18387485808606,0.13962472554813,0,0,0,0.330825507894121,0.235099405786876,0,0,0,0,0,0,0,0,0.278327991322717,0,0,0.339241234160406,0,0,0,0.196166725598038,0,0
"71",0.186213128951974,0.322113292546016,0,0,0.418840669793383,0,0,0,0.474390958758384,0,0.232734483791117,0,0.235099405786876,0,0,0,0,0,0,0,0,0,0,0,0,0,0,0,0,0,0,0,0,0,0,0,0,0.0721723491234661,0,0,0,0.295169764332265,0,0.281919839771965,0,0,0,0,0,0,0,0,0.32126942677367,0,0,0.281919839771965,0,0,0,0,0.455182505352632,0.527020682520115,0,0,0,0,0,0,0.22589830065098,0,0,0,0.13962472554813,0,0,0.383311417315472,0.384253306197004,0,0,0,0.235230026719524,0.196166725598038,0,0,0,0,0,0,0,0,0.0536060385757388,0,0,0.13962472554813,0,0,0,0.248873660658832,0,0
"72",0.13882254444397,0.455182505352632,0,0,0.32126942677367,0,0,0,0.470389582290251,0,0.194413589367655,0,0.248873660658832,0,0,0,0,0,0,0,0,0,0,0,0,0,0,0,0,0,0,0,0,0,0,0,0,0.163071671956567,0,0,0,0.13962472554813,0,0.275784923749816,0,0,0,0,0,0,0,0,0.116824880044391,0,0,0.400199426704226,0,0,0,0,0,0.295169764332265,0,0,0,0,0,0,0.13882254444397,0,0,0,0.428488102264858,0,0,0.217281750593915,0.401282255666242,0,0,0,0.246508922643298,0.24852813827762,0,0,0,0,0,0,0,0,0.13882254444397,0,0,0.282906011994191,0,0,0,0.48401896973147,0,0
"73",0.322113292546016,0.217281750593915,0,0,0.474390958758384,0,0,0,0.0536060385757388,0,0.276076950638014,0,0.196166725598038,0,0,0,0,0,0,0,0,0,0,0,0,0,0,0,0,0,0,0,0,0,0,0,0,0,0,0,0,0.151306445973746,0,0.110369573535718,0,0,0,0,0,0,0,0,0.339241234160406,0,0,0.383311417315472,0,0,0,0,0,0.275784923749816,0,0,0,0,0,0,0.119625187648883,0,0,0,0.207566943217479,0,0,0.151306445973746,0.194413589367655,0,0,0,0.428488102264858,0.255540974924051,0,0,0,0,0,0,0,0,0.151306445973746,0,0,0.474390958758384,0,0,0,0.53524101678661,0,0
"74",0.455182505352632,0.281919839771965,0,0,0.281589348869028,0,0,0,0.160168328254874,0,0.221118733649202,0,0.278327991322717,0,0,0,0,0,0,0,0,0,0,0,0,0,0,0,0,0,0,0,0,0,0,0,0,0,0,0,0,0.116824880044391,0,0.219466699129676,0,0,0,0,0,0,0,0,0.401282255666242,0,0,0,0,0,0,0,0,0.110369573535718,0,0,0,0,0,0,0.18387485808606,0,0,0,0,0,0,0.428488102264858,0.0904459172675018,0,0,0,0.13962472554813,0.322113292546016,0,0,0,0,0,0,0,0,0,0,0,0.116824880044391,0,0,0,0.0729826923067274,0,0
"75",0.13962472554813,0.13882254444397,0,0,0.281919839771965,0,0,0,0.116824880044391,0,0.13962472554813,0,0.467467763707502,0,0,0,0,0,0,0,0,0,0,0,0,0,0,0,0,0,0,0,0,0,0,0,0,0,0,0,0,0.160168328254874,0,0.13962472554813,0,0,0,0,0,0,0,0,0,0,0,0,0,0,0,0,0,0.281919839771965,0,0,0,0,0,0,0.278327991322717,0,0,0,0,0,0,0.221118733649202,0.139163995661358,0,0,0,0.232975123859254,0.295169764332265,0,0,0,0,0,0,0,0,0,0,0,0.233446580618961,0,0,0,0.0647333284560729,0,0
"76",0.281919839771965,0.401282255666242,0,0,0.505917953353726,0,0,0,0,0,0.160168328254874,0,0,0,0,0,0,0,0,0,0,0,0,0,0,0,0,0,0,0,0,0,0,0,0,0,0,0,0,0,0,0.474390958758384,0,0.330825507894121,0,0,0,0,0,0,0,0,0,0,0,0,0,0,0,0,0,0.233446580618961,0,0,0,0,0,0,0.32126942677367,0,0,0,0,0,0,0.32126942677367,0.0920291930434306,0,0,0,0.276076950638014,0.268465181291109,0,0,0,0,0,0,0,0,0,0,0,0,0,0,0,0.564783885762271,0,0
"77",0.295169764332265,0.474390958758384,0,0,0.224631511331857,0,0,0,0,0,0.369032217396421,0,0,0,0,0,0,0,0,0,0,0,0,0,0,0,0,0,0,0,0,0,0,0,0,0,0,0,0,0,0,0.470389582290251,0,0.151306445973746,0,0,0,0,0,0,0,0,0,0,0,0,0,0,0,0,0,0.18387485808606,0,0,0,0,0,0,0.339241234160406,0,0,0,0,0,0,0.339241234160406,0,0,0,0,0.151306445973746,0.455182505352632,0,0,0,0,0,0,0,0,0,0,0,0,0,0,0,0.13882254444397,0,0
"78",0.232975123859254,0.467467763707502,0,0,0.246508922643298,0,0,0,0,0,0.339241234160406,0,0,0,0,0,0,0,0,0,0,0,0,0,0,0,0,0,0,0,0,0,0,0,0,0,0,0,0,0,0,0.146139372495595,0,0.474390958758384,0,0,0,0,0,0,0,0,0,0,0,0,0,0,0,0,0,0.32126942677367,0,0,0,0,0,0,0.116824880044391,0,0,0,0,0,0,0.139775303094194,0,0,0,0,0.160168328254874,0.367307520555781,0,0,0,0,0,0,0,0,0,0,0,0,0,0,0,0.322113292546016,0,0
"79",0.474390958758384,0.32126942677367,0,0,0.276076950638014,0,0,0,0,0,0.248827453434369,0,0,0,0,0,0,0,0,0,0,0,0,0,0,0,0,0,0,0,0,0,0,0,0,0,0,0,0,0,0,0.194413589367655,0,0.32126942677367,0,0,0,0,0,0,0,0,0,0,0,0,0,0,0,0,0,0.474390958758384,0,0,0,0,0,0,0.474390958758384,0,0,0,0,0,0,0.139163995661358,0,0,0,0,0.22589830065098,0.163071671956567,0,0,0,0,0,0,0,0,0,0,0,0,0,0,0,0.0309034805900011,0,0
"80",0.18387485808606,0.116824880044391,0,0,0.369032217396421,0,0,0,0,0,0.116824880044391,0,0,0,0,0,0,0,0,0,0,0,0,0,0,0,0,0,0,0,0,0,0,0,0,0,0,0,0,0,0,0.0920291930434306,0,0.295169764332265,0,0,0,0,0,0,0,0,0,0,0,0,0,0,0,0,0,0.151306445973746,0,0,0,0,0,0,0.401282255666242,0,0,0,0,0,0,0.116824880044391,0,0,0,0,0.13882254444397,0.275784923749816,0,0,0,0,0,0,0,0,0,0,0,0,0,0,0,0.309405946447854,0,0
"81",0.146139372495595,0.18387485808606,0,0,0.339241234160406,0,0,0,0,0,0.434239016163194,0,0,0,0,0,0,0,0,0,0,0,0,0,0,0,0,0,0,0,0,0,0,0,0,0,0,0,0,0,0,0.219722032014749,0,0.400199426704226,0,0,0,0,0,0,0,0,0,0,0,0,0,0,0,0,0,0.13962472554813,0,0,0,0,0,0,0.330825507894121,0,0,0,0,0,0,0.330825507894121,0,0,0,0,0.268465181291109,0.110369573535718,0,0,0,0,0,0,0,0,0,0,0,0,0,0,0,0.281919839771965,0,0
"82",0.268465181291109,0.330825507894121,0,0,0.116824880044391,0,0,0,0,0,0.233446580618961,0,0,0,0,0,0,0,0,0,0,0,0,0,0,0,0,0,0,0,0,0,0,0,0,0,0,0,0,0,0,0.0519255563954948,0,0.146139372495595,0,0,0,0,0,0,0,0,0,0,0,0,0,0,0,0,0,0.330825507894121,0,0,0,0,0,0,0.235230026719524,0,0,0,0,0,0,0.160168328254874,0,0,0,0,0.401282255666242,0.13962472554813,0,0,0,0,0,0,0,0,0,0,0,0,0,0,0,0.337888559553962,0,0
"83",0.330825507894121,0.194413589367655,0,0,0.295169764332265,0,0,0,0,0,0.422364566051052,0,0,0,0,0,0,0,0,0,0,0,0,0,0,0,0,0,0,0,0,0,0,0,0,0,0,0,0,0,0,0.270014347073063,0,0,0,0,0,0,0,0,0,0,0,0,0,0,0,0,0,0,0,0.339241234160406,0,0,0,0,0,0,0.322113292546016,0,0,0,0,0,0,0.13962472554813,0,0,0,0,0,0.418840669793383,0,0,0,0,0,0,0,0,0,0,0,0,0,0,0,0.0536060385757388,0,0
"84",0.32126942677367,0.207566943217479,0,0,0.434239016163194,0,0,0,0,0,0.336118822249917,0,0,0,0,0,0,0,0,0,0,0,0,0,0,0,0,0,0,0,0,0,0,0,0,0,0,0,0,0,0,0.119625187648883,0,0,0,0,0,0,0,0,0,0,0,0,0,0,0,0,0,0,0,0.116824880044391,0,0,0,0,0,0,0.160168328254874,0,0,0,0,0,0,0.194413589367655,0,0,0,0,0,0.13882254444397,0,0,0,0,0,0,0,0,0,0,0,0,0,0,0,0.188373489159307,0,0
"85",0.139775303094194,0.174026728288624,0,0,0.160168328254874,0,0,0,0,0,0.146139372495595,0,0,0,0,0,0,0,0,0,0,0,0,0,0,0,0,0,0,0,0,0,0,0,0,0,0,0,0,0,0,0.139163995661358,0,0,0,0,0,0,0,0,0,0,0,0,0,0,0,0,0,0,0,0.160168328254874,0,0,0,0,0,0,0.194413589367655,0,0,0,0,0,0,0.434239016163194,0,0,0,0,0,0.32126942677367,0,0,0,0,0,0,0,0,0,0,0,0,0,0,0,0.162380445651694,0,0
"86",0.281589348869028,0.146139372495595,0,0,0.233446580618961,0,0,0,0,0,0.224631511331857,0,0,0,0,0,0,0,0,0,0,0,0,0,0,0,0,0,0,0,0,0,0,0,0,0,0,0,0,0,0,0.0904459172675018,0,0,0,0,0,0,0,0,0,0,0,0,0,0,0,0,0,0,0,0.139163995661358,0,0,0,0,0,0,0.356436965033621,0,0,0,0,0,0,0.233446580618961,0,0,0,0,0,0.116824880044391,0,0,0,0,0,0,0,0,0,0,0,0,0,0,0,0.137878906624341,0,0
"87",0.116824880044391,0.160168328254874,0,0,0.330825507894121,0,0,0,0,0,0.139163995661358,0,0,0,0,0,0,0,0,0,0,0,0,0,0,0,0,0,0,0,0,0,0,0,0,0,0,0,0,0,0,0.0721723491234661,0,0,0,0,0,0,0,0,0,0,0,0,0,0,0,0,0,0,0,0.356436965033621,0,0,0,0,0,0,0.268665102470609,0,0,0,0,0,0,0.235230026719524,0,0,0,0,0,0.474390958758384,0,0,0,0,0,0,0,0,0,0,0,0,0,0,0,0.097514383269815,0,0
"88",0.334484342032354,0.505917953353726,0,0,0.24852813827762,0,0,0,0,0,0.549440364572486,0,0,0,0,0,0,0,0,0,0,0,0,0,0,0,0,0,0,0,0,0,0,0,0,0,0,0,0,0,0,0.383311417315472,0,0,0,0,0,0,0,0,0,0,0,0,0,0,0,0,0,0,0,0.434239016163194,0,0,0,0,0,0,0.434239016163194,0,0,0,0,0,0,0.549440364572486,0,0,0,0,0,0.18387485808606,0,0,0,0,0,0,0,0,0,0,0,0,0,0,0,0.0519255563954948,0,0
"89",0.339241234160406,0.13962472554813,0,0,0.372642386071627,0,0,0,0,0,0.0532695260812023,0,0,0,0,0,0,0,0,0,0,0,0,0,0,0,0,0,0,0,0,0,0,0,0,0,0,0,0,0,0,0.336118822249917,0,0,0,0,0,0,0,0,0,0,0,0,0,0,0,0,0,0,0,0.194413589367655,0,0,0,0,0,0,0.326090335563201,0,0,0,0,0,0,0.0532695260812023,0,0,0,0,0,0.281919839771965,0,0,0,0,0,0,0,0,0,0,0,0,0,0,0,0.372642386071627,0,0
"90",0.268665102470609,0.139163995661358,0,0,0.549440364572486,0,0,0,0,0,0.304815039163376,0,0,0,0,0,0,0,0,0,0,0,0,0,0,0,0,0,0,0,0,0,0,0,0,0,0,0,0,0,0,0.141209046518513,0,0,0,0,0,0,0,0,0,0,0,0,0,0,0,0,0,0,0,0.235230026719524,0,0,0,0,0,0,0.309944620914915,0,0,0,0,0,0,0.401282255666242,0,0,0,0,0,0,0,0,0,0,0,0,0,0,0,0,0,0,0,0,0,0.18387485808606,0,0
"91",0.139163995661358,0.549440364572486,0,0,0.207566943217479,0,0,0,0,0,0.141209046518513,0,0,0,0,0,0,0,0,0,0,0,0,0,0,0,0,0,0,0,0,0,0,0,0,0,0,0,0,0,0,0.330825507894121,0,0,0,0,0,0,0,0,0,0,0,0,0,0,0,0,0,0,0,0,0,0,0,0,0,0,0.139163995661358,0,0,0,0,0,0,0.252049951654709,0,0,0,0,0,0,0,0,0,0,0,0,0,0,0,0,0,0,0,0,0,0.474390958758384,0,0
"92",0.160168328254874,0.0532695260812023,0,0,0.351689795193667,0,0,0,0,0,0,0,0,0,0,0,0,0,0,0,0,0,0,0,0,0,0,0,0,0,0,0,0,0,0,0,0,0,0,0,0,0.219466699129676,0,0,0,0,0,0,0,0,0,0,0,0,0,0,0,0,0,0,0,0,0,0,0,0,0,0,0,0,0,0,0,0,0,0.146139372495595,0,0,0,0,0,0,0,0,0,0,0,0,0,0,0,0,0,0,0,0,0,0.13962472554813,0,0
"93",0.356436965033621,0.0904459172675018,0,0,0.22589830065098,0,0,0,0,0,0,0,0,0,0,0,0,0,0,0,0,0,0,0,0,0,0,0,0,0,0,0,0,0,0,0,0,0,0,0,0,0.589965310221395,0,0,0,0,0,0,0,0,0,0,0,0,0,0,0,0,0,0,0,0,0,0,0,0,0,0,0,0,0,0,0,0,0,0.232734483791117,0,0,0,0,0,0,0,0,0,0,0,0,0,0,0,0,0,0,0,0,0,0,0,0
"94",0.282906011994191,0.268465181291109,0,0,0.146139372495595,0,0,0,0,0,0,0,0,0,0,0,0,0,0,0,0,0,0,0,0,0,0,0,0,0,0,0,0,0,0,0,0,0,0,0,0,0.549440364572486,0,0,0,0,0,0,0,0,0,0,0,0,0,0,0,0,0,0,0,0,0,0,0,0,0,0,0,0,0,0,0,0,0,0.123385091677475,0,0,0,0,0,0,0,0,0,0,0,0,0,0,0,0,0,0,0,0,0,0,0,0
"95",0.219466699129676,0,0,0,0.470389582290251,0,0,0,0,0,0,0,0,0,0,0,0,0,0,0,0,0,0,0,0,0,0,0,0,0,0,0,0,0,0,0,0,0,0,0,0,0,0,0,0,0,0,0,0,0,0,0,0,0,0,0,0,0,0,0,0,0,0,0,0,0,0,0,0,0,0,0,0,0,0,0.278327991322717,0,0,0,0,0,0,0,0,0,0,0,0,0,0,0,0,0,0,0,0,0,0,0,0
"96",0.194413589367655,0,0,0,0.401282255666242,0,0,0,0,0,0,0,0,0,0,0,0,0,0,0,0,0,0,0,0,0,0,0,0,0,0,0,0,0,0,0,0,0,0,0,0,0,0,0,0,0,0,0,0,0,0,0,0,0,0,0,0,0,0,0,0,0,0,0,0,0,0,0,0,0,0,0,0,0,0,0.356101185203339,0,0,0,0,0,0,0,0,0,0,0,0,0,0,0,0,0,0,0,0,0,0,0,0
"97",0.434239016163194,0,0,0,0.358517967473945,0,0,0,0,0,0,0,0,0,0,0,0,0,0,0,0,0,0,0,0,0,0,0,0,0,0,0,0,0,0,0,0,0,0,0,0,0,0,0,0,0,0,0,0,0,0,0,0,0,0,0,0,0,0,0,0,0,0,0,0,0,0,0,0,0,0,0,0,0,0,0.219466699129676,0,0,0,0,0,0,0,0,0,0,0,0,0,0,0,0,0,0,0,0,0,0,0,0
"98",0.235230026719524,0,0,0,0.0904459172675018,0,0,0,0,0,0,0,0,0,0,0,0,0,0,0,0,0,0,0,0,0,0,0,0,0,0,0,0,0,0,0,0,0,0,0,0,0,0,0,0,0,0,0,0,0,0,0,0,0,0,0,0,0,0,0,0,0,0,0,0,0,0,0,0,0,0,0,0,0,0,0.369032217396421,0,0,0,0,0,0,0,0,0,0,0,0,0,0,0,0,0,0,0,0,0,0,0,0
"99",0,0,0,0,0.141209046518513,0,0,0,0,0,0,0,0,0,0,0,0,0,0,0,0,0,0,0,0,0,0,0,0,0,0,0,0,0,0,0,0,0,0,0,0,0,0,0,0,0,0,0,0,0,0,0,0,0,0,0,0,0,0,0,0,0,0,0,0,0,0,0,0,0,0,0,0,0,0,0.21257050192965,0,0,0,0,0,0,0,0,0,0,0,0,0,0,0,0,0,0,0,0,0,0,0,0
"100",0,0,0,0,0.0532695260812023,0,0,0,0,0,0,0,0,0,0,0,0,0,0,0,0,0,0,0,0,0,0,0,0,0,0,0,0,0,0,0,0,0,0,0,0,0,0,0,0,0,0,0,0,0,0,0,0,0,0,0,0,0,0,0,0,0,0,0,0,0,0,0,0,0,0,0,0,0,0,0.248827453434369,0,0,0,0,0,0,0,0,0,0,0,0,0,0,0,0,0,0,0,0,0,0,0,0
"101",0,0,0,0,0.123385091677475,0,0,0,0,0,0,0,0,0,0,0,0,0,0,0,0,0,0,0,0,0,0,0,0,0,0,0,0,0,0,0,0,0,0,0,0,0,0,0,0,0,0,0,0,0,0,0,0,0,0,0,0,0,0,0,0,0,0,0,0,0,0,0,0,0,0,0,0,0,0,0.22589830065098,0,0,0,0,0,0,0,0,0,0,0,0,0,0,0,0,0,0,0,0,0,0,0,0
