"","V1","V2","V3","V4","V5","V6","V7","V8","V9","V10","V11","V12","V13","V14","V15","V16","V17","V18","V19","V20","V21","V22","V23","V24","V25","V26","V27","V28","V29","V30","V31","V32","V33","V34","V35","V36","V37","V38","V39","V40","V41","V42","V43","V44","V45","V46","V47","V48","V49","V50","V51","V52","V53","V54","V55","V56","V57","V58","V59","V60","V61","V62","V63","V64","V65","V66","V67","V68","V69","V70","V71","V72","V73","V74","V75","V76","V77","V78","V79","V80","V81","V82","V83","V84","V85","V86","V87","V88","V89","V90","V91","V92","V93","V94","V95","V96","V97","V98","V99","V100"
"1",0.288083172148524,0.285874905143777,0.269648244937739,0.273650127699484,0.287523457654886,0.289555630139898,0.29073640364059,0.287158479476577,0.290151734068836,0.282088114291754,0.296042866624722,0.290151734068836,0.277848460575355,0.283111143790251,0.286949612788568,0.282713847295523,0.281412836922801,0.291398133192977,0.277227043905944,0.296042866624722,0.275420163481746,0.296042866624722,0.290248682244187,0.28381315100129,0.280367500944327,0.286942290193713,0.285465002405733,0.284387138119682,0.25289957652113,0.274675453552888,0.283070507114459,0.290151734068836,0.291509225288824,0.282199206387601,0.285864318879912,0.289555630139898,0.290327855684203,0.293760059533225,0.285864318879912,0.290151734068836,0.273958069570046,0.287080633722585,0.296042866624722,0.285495566279908,0.280162387001506,0.239956142801606,0.285471098923188,0.255631274257188,0.237732657686922,0.28587201268494,0.286088201967804,0.274841041740876,0.296042866624722,0.284136503513197,0.294762597959164,0.289880777737501,0.293686901323764,0.296042866624722,0.296042866624722,0.261635520243154,0.289555630139898,0.274160704262435,0.283648782116794,0.267008811896846,0.275000072785644,0.279132752942433,0.278657542954629,0.274201293520869,0.286942290193713,0.296042866624722,0.274907730867925,0.286942290193713,0.279371059035842,0.29625963168979,0.283669320606709,0.281708775427885,0.287080633722585,0.295189354181017,0.261424320621131,0.281835847173373,0.284942056686257,0.286726168649932,0.285874905143777,0.290327855684203,0.296042866624722,0.293760059533225,0.294102277379701,0.288083172148524,0.277535682134278,0.280010515977793,0.284795977354126,0.274312649799139,0.267726502060343,0.27650946212498,0.280280523961968,0.281412836922801,0.289991869833348,0.281412836922801,0.290248682244187,0.285869804390839
"2",0.384440120785233,0.400752274487716,0.393074049448509,0.295693509078915,0.386029631911744,0.388061804396757,0.387093352277299,0.387798976755362,0.388657908325694,0.380594288548613,0.392399815261431,0.307165082113364,0.378488957854139,0.298349185951872,0.383306561425277,0.304609286518046,0.389089541761511,0.389904307449836,0.375733218162803,0.311280908786343,0.379836708194017,0.392399815261431,0.324037370291799,0.349023750637934,0.302285158586019,0.387798976755362,0.354529142986624,0.388008290521318,0.351405750777989,0.373181627809747,0.381576681371318,0.388657908325694,0.390015399545683,0.38070538064446,0.301102361041532,0.388061804396757,0.388834029941062,0.390117008169934,0.301102361041532,0.307165082113364,0.377512160279677,0.324862242651282,0.311280908786343,0.384001740536766,0.280162387001506,0.350294908396852,0.386111596201973,0.354137448514046,0.342596957736723,0.304594092641766,0.304207593756841,0.292902313396842,0.329831554672334,0.382642677770056,0.359952875870958,0.388386951994359,0.327475589371375,0.392399815261431,0.392399815261431,0.360141694500012,0.388061804396757,0.305805694199056,0.310302079039395,0.370382716646139,0.378373977534937,0.386504482882409,0.295670890999157,0.310577993871594,0.387798976755362,0.392399815261431,0.347901551122169,0.387798976755362,0.393008207059995,0.392616580326499,0.300682668651237,0.400462351213188,0.324862242651282,0.391546302817726,0.278437668665659,0.300557927130199,0.328256187466318,0.385232342906791,0.302888253188305,0.388834029941062,0.392399815261431,0.327548747580836,0.39045922601641,0.384440120785233,0.378260853266605,0.384620658988802,0.385685517370949,0.372818824055998,0.289991796675138,0.293522810169508,0.387534116941482,0.389089541761511,0.307005217877876,0.281412836922801,0.386605630880896,0.302883152435367
"3",0.384440120785233,0.400752274487716,0.496609173214946,0.309235229128213,0.386459693800839,0.388061804396757,0.387093352277299,0.387798976755362,0.388657908325694,0.380594288548613,0.392803865342718,0.326115659544405,0.378488957854139,0.301102361041532,0.383306561425277,0.315704948286216,0.389089541761511,0.389904307449836,0.453035317243483,0.392399815261431,0.379836708194017,0.392803865342718,0.438977736982773,0.395601157542247,0.312265970528912,0.387798976755362,0.354529142986624,0.388008290521318,0.357420981333627,0.376904962043753,0.382006743260413,0.389087970214789,0.390015399545683,0.38070538064446,0.301102361041532,0.394673138881332,0.388834029941062,0.39052105825122,0.310621056961333,0.326115659544405,0.377512160279677,0.341175764683238,0.392399815261431,0.384001740536766,0.304498871813027,0.350294908396852,0.386111596201973,0.354137448514046,0.342596957736723,0.314574904584658,0.30534730382552,0.307862442423321,0.329831554672334,0.392623489712948,0.405189048935162,0.388386951994359,0.380089212399188,0.392399815261431,0.397813522761506,0.376092838179659,0.506045403575305,0.379507848494675,0.382154956373653,0.370382716646139,0.378373977534937,0.386504482882409,0.296999118935362,0.316285553513001,0.387798976755362,0.392803865342718,0.451275455871462,0.387798976755362,0.414903646282518,0.392616580326499,0.300682668651237,0.436426276688757,0.341175764683238,0.501545997571871,0.295210415616652,0.300557927130199,0.355878695186105,0.385662404795886,0.372104725418673,0.388834029941062,0.392399815261431,0.327793705652179,0.390863276097697,0.384440120785233,0.378260853266605,0.394673138881332,0.385685517370949,0.453311692701445,0.289991796675138,0.340369344449918,0.387534116941482,0.389089541761511,0.307005217877876,0.281412836922801,0.386605630880896,0.424742246794909
"4",0.38484417086652,0.402281484282688,0.496609173214946,0.354241482197463,0.386459693800839,0.388491866285852,0.387093352277299,0.504556498534619,0.389087970214789,0.380594288548613,0.397983466572519,0.326115659544405,0.384254908584949,0.307215135876451,0.508046416082214,0.315704948286216,0.389089541761511,0.506235073007239,0.453035317243483,0.402380627204324,0.389817520136909,0.392998953901279,0.438977736982773,0.434150378983708,0.332849601768909,0.387798976755362,0.400462351213188,0.388008290521318,0.357420981333627,0.376904962043753,0.382006743260413,0.431833092699048,0.390015399545683,0.38070538064446,0.301102361041532,0.394843082692346,0.397757976713582,0.443134681279033,0.320659311646468,0.326115659544405,0.377512160279677,0.341546432944504,0.402380627204324,0.384431802425861,0.304498871813027,0.350294908396852,0.396092408144865,0.354567510403141,0.342596957736723,0.314574904584658,0.30534730382552,0.354241482197463,0.335011155902135,0.392623489712948,0.438977736982773,0.388386951994359,0.380089212399188,0.508046416082214,0.397813522761506,0.376522900068754,0.522953078650612,0.379507848494675,0.382154956373653,0.374106050880145,0.378373977534937,0.386504482882409,0.308850891120031,0.32500845068767,0.497354303126118,0.397983466572519,0.451275455871462,0.504556498534619,0.416043356351196,0.398030287826574,0.300682668651237,0.436426276688757,0.341175764683238,0.501545997571871,0.307165082113364,0.321079123257549,0.362675634757645,0.385662404795886,0.417765622532244,0.506235073007239,0.402380627204324,0.380407328679992,0.390863276097697,0.508046416082214,0.378260853266605,0.394673138881332,0.386192530858143,0.453311692701445,0.414587304765684,0.340369344449918,0.45122736112265,0.389089541761511,0.345629636475191,0.389089541761511,0.39188927934193,0.494486406480551
"5",0.38484417086652,0.437573438056546,0.496609173214946,0.361019590303975,0.439073316828652,0.388491866285852,0.387093352277299,0.522905661292628,0.509210661246695,0.380594288548613,0.397983466572519,0.326115659544405,0.384254908584949,0.307215135876451,0.524433855001358,0.315704948286216,0.389089541761511,0.523142748082547,0.453035317243483,0.402380627204324,0.497354303126118,0.39817855513108,0.439834975076034,0.456395460256186,0.332849601768909,0.387798976755362,0.400462351213188,0.388008290521318,0.38271847238462,0.377335023932848,0.506665134896334,0.4321447060279,0.506235073007239,0.381135442533555,0.319653006927523,0.394843082692346,0.397757976713582,0.443379639350376,0.320659311646468,0.336096471487297,0.504480630761845,0.341546432944504,0.402380627204324,0.384431802425861,0.304498871813027,0.368421074094173,0.411040391553792,0.354567510403141,0.343103971223917,0.314574904584658,0.30534730382552,0.364737002787359,0.335011155902135,0.393053551602043,0.438977736982773,0.388817013883454,0.380089212399188,0.524433855001358,0.397983466572519,0.376522900068754,0.522953078650612,0.380036538488376,0.382585018262748,0.374106050880145,0.378373977534937,0.387041843478713,0.324801981963193,0.32500845068767,0.497855897486685,0.513630067393302,0.497354303126118,0.50475158709318,0.445313888217245,0.398030287826574,0.328618266411882,0.437283514782018,0.383841632440581,0.501545997571871,0.307165082113364,0.331870772021961,0.364106284187094,0.385662404795886,0.456395460256186,0.523142748082547,0.402380627204324,0.380407328679992,0.39110823416904,0.524433855001358,0.378767866753799,0.394673138881332,0.386192530858143,0.453311692701445,0.414587304765684,0.343260922678843,0.451764721718954,0.389089541761511,0.348147498184122,0.389089541761511,0.39188927934193,0.494486406480551
"6",0.38484417086652,0.437573438056546,0.496609173214946,0.378313378151434,0.439073316828652,0.5064754654644,0.508046416082214,0.522905661292628,0.510091269323534,0.389518235321133,0.397983466572519,0.331870772021961,0.384254908584949,0.307215135876451,0.524433855001358,0.329098997134936,0.389089541761511,0.523142748082547,0.453035317243483,0.402380627204324,0.497354303126118,0.39817855513108,0.439834975076034,0.506446581519479,0.334366957224385,0.38830057111593,0.400462351213188,0.552762848840341,0.38271847238462,0.383090136410404,0.523142748082547,0.4321447060279,0.523142748082547,0.381135442533555,0.446509848820308,0.437588205176604,0.397907327843414,0.443379639350376,0.320659311646468,0.350187176159513,0.522905661292628,0.341546432944504,0.402784677285611,0.398404939145911,0.304498871813027,0.38217075312777,0.412232599411666,0.354567510403141,0.343103971223917,0.334238794879664,0.31861468058934,0.364737002787359,0.335011155902135,0.504076038767895,0.457992747829406,0.398797825826347,0.380089212399188,0.524433855001358,0.407964278515411,0.376522900068754,0.522953078650612,0.380036538488376,0.3828966315916,0.374607645240712,0.378373977534937,0.397022655421605,0.340771281071821,0.328775041745192,0.497855897486685,0.525165437095963,0.498042356086093,0.50475158709318,0.445313888217245,0.427583806485069,0.329583507698813,0.437283514782018,0.384212300701847,0.51560863116816,0.317145894056256,0.331870772021961,0.378670186996353,0.385974018124738,0.456395460256186,0.523142748082547,0.402784677285611,0.380407328679992,0.39110823416904,0.524433855001358,0.42948837208584,0.512250303562877,0.386192530858143,0.49901187848306,0.418373445322511,0.344028555513332,0.451764721718954,0.389089541761511,0.377415157913059,0.389089541761511,0.39188927934193,0.494486406480551
"7",0.385089128937864,0.437573438056546,0.497137863208647,0.378313378151434,0.439073316828652,0.522953078650612,0.524433855001358,0.522905661292628,0.536001739463779,0.389518235321133,0.397983466572519,0.331870772021961,0.384254908584949,0.323596396991241,0.524433855001358,0.348242061943758,0.389089541761511,0.523142748082547,0.453035317243483,0.402380627204324,0.497354303126118,0.39817855513108,0.489886096339328,0.506446581519479,0.489140703600515,0.38830057111593,0.436426276688757,0.552762848840341,0.38271847238462,0.387120137665434,0.523142748082547,0.437588205176604,0.523142748082547,0.386890555011112,0.446509848820308,0.437588205176604,0.407888139786306,0.443379639350376,0.322954311772876,0.358025942825036,0.522905661292628,0.341546432944504,0.402784677285611,0.398404939145911,0.325099166867401,0.413290358737932,0.412387044520527,0.354879123731993,0.343612773022898,0.334238794879664,0.334283299457086,0.364737002787359,0.346307758885623,0.508248766270455,0.457992747829406,0.398797825826347,0.394179917071403,0.524433855001358,0.407964278515411,0.376522900068754,0.522953078650612,0.380800242456061,0.435510254619412,0.374607645240712,0.378373977534937,0.397609221687679,0.364737002787359,0.340071644728681,0.497855897486685,0.525165437095963,0.498042356086093,0.50475158709318,0.446099661578116,0.427583806485069,0.332184729123079,0.43759512811087,0.384212300701847,0.51560863116816,0.317145894056256,0.34316737500545,0.382290353252421,0.431738271530897,0.457108414103011,0.523142748082547,0.402784677285611,0.380407328679992,0.39110823416904,0.524433855001358,0.439055433710783,0.523955617076552,0.386192530858143,0.499441940372155,0.419513155391189,0.346333120398236,0.512589730559141,0.389089541761511,0.377415157913059,0.389089541761511,0.39188927934193,0.494486406480551
"8",0.385089128937864,0.437885051385398,0.497137863208647,0.379574679873799,0.552050829792859,0.522953078650612,0.524433855001358,0.522905661292628,0.536001739463779,0.389518235321133,0.397983466572519,0.335246616954065,0.392375469835061,0.323841355062584,0.524433855001358,0.348242061943758,0.389089541761511,0.523142748082547,0.498968525470046,0.402380627204324,0.497354303126118,0.39817855513108,0.489886096339328,0.506446581519479,0.508911059412011,0.38830057111593,0.437283514782018,0.552762848840341,0.387591911926956,0.387120137665434,0.523142748082547,0.439170590151601,0.523142748082547,0.386890555011112,0.451979102368306,0.511564567279535,0.407888139786306,0.443379639350376,0.326720902830398,0.358025942825036,0.522905661292628,0.341791391015847,0.402784677285611,0.398404939145911,0.445221857899307,0.422870019832283,0.412387044520527,0.432014646988859,0.498202125486865,0.334238794879664,0.36559424088062,0.373337671560963,0.348196053558697,0.510050625873833,0.458705701676231,0.398797825826347,0.50715743003561,0.524433855001358,0.407964278515411,0.376834513397606,0.522953078650612,0.380800242456061,0.435510254619412,0.387120137665434,0.378875571895505,0.505492584920298,0.378827707459575,0.341426426385356,0.498350812773685,0.525165437095963,0.498042356086093,0.52310074985119,0.446675443782203,0.427709313457743,0.352137953362593,0.43759512811087,0.384212300701847,0.51981387343048,0.336096471487297,0.34316737500545,0.385239441962672,0.505714633633828,0.511738019975039,0.523142748082547,0.407899248995891,0.380407328679992,0.443721857196852,0.524433855001358,0.451125454446435,0.523955617076552,0.386192530858143,0.499441940372155,0.435578251110761,0.346333120398236,0.512589730559141,0.389089541761511,0.377415157913059,0.389089541761511,0.392124252672464,0.494486406480551
"9",0.390023772096321,0.443532485816882,0.497137863208647,0.379574679873799,0.552050829792859,0.522953078650612,0.524433855001358,0.522905661292628,0.536001739463779,0.398828254222356,0.397983466572519,0.335246616954065,0.392375469835061,0.341207967843217,0.524433855001358,0.348242061943758,0.389089541761511,0.523142748082547,0.499398587359141,0.402784677285611,0.498042356086093,0.513825155951863,0.489886096339328,0.514178320434125,0.508911059412011,0.505058092895186,0.43759512811087,0.552762848840341,0.387591911926956,0.387120137665434,0.535094469283937,0.439170590151601,0.52416425345168,0.403857935314029,0.457093674078586,0.513146952254531,0.40895841729508,0.443379639350376,0.326720902830398,0.358025942825036,0.522905661292628,0.346726034174305,0.402784677285611,0.399935842417954,0.445221857899307,0.467434221194776,0.412387044520527,0.505991009091789,0.498202125486865,0.434883586816301,0.36559424088062,0.373337671560963,0.34861874543558,0.510362239202685,0.48307896880973,0.509820312992199,0.528621127439784,0.524433855001358,0.513630067393302,0.386187309529638,0.522953078650612,0.380800242456061,0.453190155239024,0.387120137665434,0.378875571895505,0.522905661292628,0.378827707459575,0.341426426385356,0.498350812773685,0.525165437095963,0.498042356086093,0.52310074985119,0.446675443782203,0.427709313457743,0.352137953362593,0.43759512811087,0.384212300701847,0.520008961989041,0.34234028080405,0.34316737500545,0.385239441962672,0.505714633633828,0.511738019975039,0.523142748082547,0.407899248995891,0.45502900038163,0.443721857196852,0.524433855001358,0.451125454446435,0.523955617076552,0.386192530858143,0.499441940372155,0.436087052909742,0.346333120398236,0.512589730559141,0.389089541761511,0.378313378151434,0.389089541761511,0.427709313457743,0.49537514324733
"10",0.436870306376732,0.443532485816882,0.497731474339336,0.379574679873799,0.57461311964243,0.522953078650612,0.524433855001358,0.522905661292628,0.54394753388018,0.398828254222356,0.399565851547516,0.335246616954065,0.401685488736284,0.341207967843217,0.535094469283937,0.348242061943758,0.389089541761511,0.523142748082547,0.499398587359141,0.513807164451462,0.503808306816903,0.525360525654524,0.489886096339328,0.514178320434125,0.508911059412011,0.522905661292628,0.467759572009626,0.552762848840341,0.38828285057186,0.387120137665434,0.535094469283937,0.513146952254531,0.52416425345168,0.434755492210662,0.472294866179146,0.513146952254531,0.40895841729508,0.443379639350376,0.326720902830398,0.512799689201166,0.522905661292628,0.346726034174305,0.416400937421658,0.399935842417954,0.445221857899307,0.494346687848298,0.414988225301344,0.505991009091789,0.498202125486865,0.434883586816301,0.385167069526572,0.373337671560963,0.376033605770847,0.510362239202685,0.48307896880973,0.513993040494758,0.528621127439784,0.524433855001358,0.525165437095963,0.427709313457743,0.522953078650612,0.380800242456061,0.453190155239024,0.387120137665434,0.502638344473832,0.522905661292628,0.427709313457743,0.350996549816844,0.498350812773685,0.525165437095963,0.498350812773685,0.52310074985119,0.456974859727296,0.427904402016305,0.352137953362593,0.446015488993787,0.384212300701847,0.520008961989041,0.34234028080405,0.34316737500545,0.385239441962672,0.524560350964642,0.514070953987834,0.523142748082547,0.407899248995891,0.456221208239504,0.502195005724501,0.535094469283937,0.451125454446435,0.524326827250481,0.394843082692346,0.499753553701007,0.444417117595242,0.421134910321129,0.530026474967013,0.389089541761511,0.423768240070659,0.389089541761511,0.427709313457743,0.49537514324733
"11",0.436870306376732,0.452826017025343,0.54778259560263,0.379574679873799,0.57461311964243,0.522953078650612,0.524433855001358,0.522905661292628,0.54394753388018,0.399441970312829,0.399565851547516,0.37756498321647,0.518016254293687,0.344000714750287,0.535094469283937,0.348242061943758,0.389089541761511,0.525953920020148,0.499398587359141,0.513807164451462,0.503808306816903,0.525360525654524,0.495533530770812,0.518383562696445,0.515459868013567,0.522905661292628,0.467759572009626,0.552762848840341,0.395364077526237,0.513976979558219,0.535094469283937,0.513146952254531,0.52416425345168,0.448039126354363,0.472294866179146,0.513146952254531,0.40895841729508,0.455938465307756,0.326720902830398,0.51604791370121,0.522905661292628,0.346726034174305,0.416645895493002,0.399935842417954,0.484415013836094,0.494346687848298,0.432757717631912,0.505991009091789,0.498202125486865,0.44355987950198,0.385167069526572,0.373337671560963,0.399449746759539,0.512689212176191,0.48307896880973,0.52112732069881,0.545314638630804,0.524433855001358,0.525165437095963,0.429865042029845,0.522953078650612,0.380800242456061,0.500000123962522,0.387120137665434,0.503871195781406,0.522905661292628,0.427709313457743,0.350996549816844,0.498350812773685,0.525165437095963,0.498350812773685,0.52310074985119,0.456974859727296,0.427904402016305,0.431008653869694,0.459091814448383,0.384212300701847,0.520079193870123,0.350187176159513,0.346543219937553,0.386418102003979,0.524560350964642,0.514070953987834,0.523337836641108,0.407899248995891,0.456668286186207,0.502195005724501,0.535094469283937,0.54394753388018,0.524326827250481,0.395364077526237,0.499753553701007,0.455613304162337,0.421134910321129,0.544444549078748,0.389089541761511,0.424481193917484,0.389089541761511,0.427709313457743,0.49537514324733
"12",0.436870306376732,0.452826017025343,0.54778259560263,0.379574679873799,0.594196244628973,0.522953078650612,0.524433855001358,0.522953078650612,0.54394753388018,0.408403850971736,0.399565851547516,0.37756498321647,0.518016254293687,0.353564931333752,0.535094469283937,0.348242061943758,0.389089541761511,0.525953920020148,0.549449708622435,0.518921736161743,0.503808306816903,0.525360525654524,0.495778488842156,0.527178805211581,0.51937620986151,0.522905661292628,0.467759572009626,0.572533204651836,0.395364077526237,0.518756649242969,0.535094469283937,0.513146952254531,0.52416425345168,0.448039126354363,0.483657690890012,0.531992669585346,0.514881614687738,0.530560137009394,0.326720902830398,0.527519879622339,0.525124793646263,0.346726034174305,0.51674813801959,0.400247455746806,0.485001580102168,0.495244908086674,0.433655937870288,0.525101816549365,0.548253246750159,0.44355987950198,0.493459495532608,0.373337671560963,0.399449746759539,0.512689212176191,0.513335307548259,0.522929180302188,0.551863447232361,0.524628943559919,0.525165437095963,0.433655937870288,0.522953078650612,0.433413865483873,0.500000123962522,0.387120137665434,0.503871195781406,0.570226721396106,0.427709313457743,0.350996549816844,0.548401934036979,0.525165437095963,0.498350812773685,0.52310074985119,0.456974859727296,0.427904402016305,0.472106632815767,0.494436076342006,0.400181599810475,0.520079193870123,0.380942480982195,0.346543219937553,0.386418102003979,0.524560350964642,0.522776780913629,0.523337836641108,0.418222089115828,0.468780034196884,0.502195005724501,0.535094469283937,0.54394753388018,0.524326827250481,0.512941242207782,0.499753553701007,0.485777748061094,0.436737890017609,0.54593480890109,0.389089541761511,0.425742495639849,0.389089541761511,0.427709313457743,0.507326864448721
"13",0.436870306376732,0.488170278918966,0.54778259560263,0.379574679873799,0.596937774015513,0.535094469283937,0.52633596844733,0.522953078650612,0.54394753388018,0.408403850971736,0.399565851547516,0.470387062650215,0.529721567807362,0.353564931333752,0.585665646517434,0.348242061943758,0.389089541761511,0.531373046646849,0.549761321951287,0.536001739463779,0.553859428080197,0.525360525654524,0.500648102481093,0.527178805211581,0.540514271946685,0.522905661292628,0.51781069327292,0.579082013253393,0.395364077526237,0.518756649242969,0.535094469283937,0.546881015505746,0.52416425345168,0.448039126354363,0.483657690890012,0.534675137265563,0.526025723447952,0.530560137009394,0.340811607502613,0.527519879622339,0.525124793646263,0.351778827841041,0.527715095530376,0.400247455746806,0.485001580102168,0.495244908086674,0.434917239592652,0.525101816549365,0.548253246750159,0.454756066069076,0.493459495532608,0.373337671560963,0.492271826193284,0.527649253141862,0.513335307548259,0.534627719907579,0.5546049766189,0.524628943559919,0.525165437095963,0.479110799789512,0.522953078650612,0.434056438423634,0.500000123962522,0.387120137665434,0.522560408735241,0.570226721396106,0.427709313457743,0.350996549816844,0.548401934036979,0.525165437095963,0.498350812773685,0.52310074985119,0.456974859727296,0.427904402016305,0.47328223105053,0.494436076342006,0.400426557881818,0.520079193870123,0.380942480982195,0.346543219937553,0.391470895670715,0.524560350964642,0.522776780913629,0.524150705635113,0.418222089115828,0.468780034196884,0.502195005724501,0.585665646517434,0.544346327408639,0.524326827250481,0.523955617076552,0.535097815594629,0.485777748061094,0.451777754718491,0.548452670610021,0.389089541761511,0.425742495639849,0.389089541761511,0.428089465190607,0.507326864448721
"14",0.450038784079616,0.488170278918966,0.54778259560263,0.379574679873799,0.603486582617069,0.535094469283937,0.52633596844733,0.522953078650612,0.570948332297718,0.408403850971736,0.40145414622059,0.473069530330432,0.529721567807362,0.353564931333752,0.585665646517434,0.348242061943758,0.389089541761511,0.531373046646849,0.549761321951287,0.536001739463779,0.553859428080197,0.525360525654524,0.500648102481093,0.527178805211581,0.54687838587455,0.525953920020148,0.51781069327292,0.587104352833395,0.398683292585091,0.5333593733206,0.535094469283937,0.558416385208407,0.52416425345168,0.44962151132936,0.492258359663616,0.534675137265563,0.526025723447952,0.531752344867268,0.340811607502613,0.527519879622339,0.527156966131275,0.351778827841041,0.527715095530376,0.431002760569488,0.485001580102168,0.498252523364493,0.434917239592652,0.527257545121467,0.548253246750159,0.456911794641178,0.493459495532608,0.373337671560963,0.494954293873501,0.534595354173801,0.513335307548259,0.546630001560397,0.5546049766189,0.525360525654524,0.525165437095963,0.523675001152005,0.522953078650612,0.443721857196852,0.500000123962522,0.388563325599115,0.531877513144529,0.570226721396106,0.455206192274506,0.350996549816844,0.548401934036979,0.525165437095963,0.498350812773685,0.52310074985119,0.456974859727296,0.427904402016305,0.491395661800279,0.509142935711677,0.51144904504767,0.520079193870123,0.392819987244433,0.388861586199959,0.465447257773646,0.524560350964642,0.523675001152005,0.524150705635113,0.418222089115828,0.473982395758517,0.502195005724501,0.617005755035255,0.571347125826177,0.524326827250481,0.523955617076552,0.535097815594629,0.487933476633195,0.451821107731504,0.564122075251128,0.389089541761511,0.425742495639849,0.389089541761511,0.428089465190607,0.507326864448721
"15",0.450038784079616,0.502877138288637,0.547973890772552,0.379574679873799,0.609698398765,0.585665646517434,0.52633596844733,0.523955617076552,0.581639402071939,0.408403850971736,0.40145414622059,0.473069530330432,0.529721567807362,0.358434544972689,0.585665646517434,0.348242061943758,0.39735370986723,0.531373046646849,0.549761321951287,0.537464903652989,0.557662503407733,0.525360525654524,0.500648102481093,0.527178805211581,0.557462211132828,0.525953920020148,0.51781069327292,0.603277614320435,0.398683292585091,0.5333593733206,0.535094469283937,0.558416385208407,0.52416425345168,0.44962151132936,0.492258359663616,0.548212386535394,0.526025723447952,0.531752344867268,0.340811607502613,0.527519879622339,0.527156966131275,0.351778827841041,0.54394753388018,0.51472463613718,0.50480718733237,0.498252523364493,0.434917239592652,0.527257545121467,0.548253246750159,0.468332441433151,0.497408684061817,0.373337671560963,0.497110022445603,0.534595354173801,0.513335307548259,0.567779498002754,0.5546049766189,0.525360525654524,0.525165437095963,0.523675001152005,0.523148167209173,0.502195005724501,0.500000123962522,0.388563325599115,0.534559980824746,0.570226721396106,0.455206192274506,0.350996549816844,0.548401934036979,0.525165437095963,0.498350812773685,0.524311924652257,0.456974859727296,0.427904402016305,0.491395661800279,0.518198296304895,0.514592138491157,0.520079193870123,0.392819987244433,0.388861586199959,0.465447257773646,0.531877513144529,0.523675001152005,0.524150705635113,0.418222089115828,0.489273816317411,0.587212914197108,0.623554563636811,0.581639402071939,0.524326827250481,0.523955617076552,0.535097815594629,0.489085041041369,0.451821107731504,0.572827902176923,0.389089541761511,0.425742495639849,0.389089541761511,0.429865042029845,0.557898041682218
"16",0.450038784079616,0.520605391065576,0.547973890772552,0.379574679873799,0.609698398765,0.585665646517434,0.531373046646849,0.523955617076552,0.581639402071939,0.408403850971736,0.40145414622059,0.483657690890012,0.529721567807362,0.469457032138541,0.585665646517434,0.348242061943758,0.416456131226351,0.531373046646849,0.556583311435659,0.540743475262143,0.557662503407733,0.525360525654524,0.511311859857115,0.527178805211581,0.557462211132828,0.531373046646849,0.51781069327292,0.606019143706975,0.398683292585091,0.534253529214006,0.535094469283937,0.558416385208407,0.52416425345168,0.460482931349091,0.492258359663616,0.548212386535394,0.526025723447952,0.532598609229111,0.340811607502613,0.527519879622339,0.527156966131275,0.351778827841041,0.54394753388018,0.525827071813633,0.50480718733237,0.498252523364493,0.434917239592652,0.527257545121467,0.548253246750159,0.518383562696445,0.504087757629226,0.373337671560963,0.520076281089562,0.534595354173801,0.514603383178907,0.567779498002754,0.5546049766189,0.558238908811382,0.525165437095963,0.523675001152005,0.523148167209173,0.502195005724501,0.550051245225815,0.427709313457743,0.534559980824746,0.570226721396106,0.460833765606903,0.350996549816844,0.548401934036979,0.525165437095963,0.498350812773685,0.524311924652257,0.459130588299398,0.523822360752801,0.491395661800279,0.518198296304895,0.519461752130094,0.520079193870123,0.393131600573284,0.481683665633704,0.465447257773646,0.54394753388018,0.523675001152005,0.524150705635113,0.418222089115828,0.520295498309428,0.587212914197108,0.623554563636811,0.581639402071939,0.524326827250481,0.524326827250481,0.535097815594629,0.489295032198154,0.451821107731504,0.573726122415299,0.389089541761511,0.425742495639849,0.389089541761511,0.43691261620787,0.557898041682218
"17",0.515795550393332,0.520605391065576,0.547973890772552,0.379574679873799,0.623554563636811,0.585665646517434,0.531373046646849,0.523955617076552,0.581639402071939,0.408403850971736,0.40145414622059,0.483657690890012,0.529721567807362,0.483120005146111,0.585860735075995,0.348242061943758,0.419199564081119,0.531373046646849,0.567779498002754,0.546630001560397,0.557970960095325,0.525360525654524,0.511311859857115,0.527178805211581,0.557462211132828,0.531373046646849,0.51781069327292,0.607298260808125,0.398683292585091,0.534253529214006,0.535094469283937,0.558416385208407,0.52416425345168,0.463189785099128,0.492258359663616,0.550368115107495,0.526025723447952,0.534348987129535,0.340811607502613,0.527519879622339,0.535110889237616,0.351778827841041,0.546103262452281,0.525827071813633,0.506962915904472,0.498252523364493,0.434917239592652,0.53104844096191,0.548253246750159,0.518383562696445,0.506243486201327,0.373337671560963,0.520076281089562,0.561243909360604,0.522776780913629,0.567779498002754,0.557462211132828,0.558238908811382,0.525165437095963,0.523675001152005,0.523148167209173,0.502195005724501,0.567779498002754,0.427709313457743,0.534559980824746,0.570226721396106,0.460833765606903,0.350996549816844,0.552874068285664,0.525165437095963,0.498350812773685,0.524521915809042,0.459130588299398,0.534513430527022,0.496236296659579,0.519096516543271,0.522740323739248,0.520079193870123,0.393131600573284,0.484366133313921,0.465974213646826,0.546103262452281,0.523675001152005,0.525559678558055,0.418222089115828,0.520295498309428,0.593761722798664,0.623554563636811,0.581639402071939,0.524326827250481,0.524326827250481,0.535097815594629,0.496606463651633,0.451821107731504,0.573726122415299,0.389089541761511,0.425742495639849,0.389089541761511,0.43691261620787,0.589238150200039
"18",0.515795550393332,0.520605391065576,0.547973890772552,0.379574679873799,0.623554563636811,0.585860735075995,0.531373046646849,0.523955617076552,0.581639402071939,0.408403850971736,0.40145414622059,0.485813419462114,0.529721567807362,0.483120005146111,0.585860735075995,0.348242061943758,0.43443760624274,0.531373046646849,0.569935226574856,0.55291618844737,0.557970960095325,0.525360525654524,0.513467588429217,0.527178805211581,0.557462211132828,0.531373046646849,0.51781069327292,0.607447611937957,0.408241277172935,0.534253529214006,0.535094469283937,0.558416385208407,0.526487703992878,0.463189785099128,0.492258359663616,0.550368115107495,0.526025723447952,0.538044831488945,0.340811607502613,0.527519879622339,0.535110889237616,0.35315257644091,0.549894158292724,0.525827071813633,0.518383562696445,0.548303644627787,0.434917239592652,0.536901097718747,0.556583311435659,0.518383562696445,0.513670345051955,0.373337671560963,0.541225777531919,0.577409909217964,0.523675001152005,0.572827902176923,0.557462211132828,0.558238908811382,0.525165437095963,0.523675001152005,0.523148167209173,0.502195005724501,0.567779498002754,0.434756887635768,0.534559980824746,0.570226721396106,0.460833765606903,0.350996549816844,0.570226721396106,0.525536647269892,0.498350812773685,0.524521915809042,0.459130588299398,0.534513430527022,0.503992096496448,0.519096516543271,0.53526717684953,0.520079193870123,0.467753272274923,0.485260289207327,0.465974213646826,0.546103262452281,0.523675001152005,0.527761198750153,0.418222089115828,0.534956335746222,0.593761722798664,0.623554563636811,0.5818344906305,0.524326827250481,0.524326827250481,0.535097815594629,0.496606463651633,0.501872228994798,0.573726122415299,0.389089541761511,0.425742495639849,0.39735370986723,0.43691261620787,0.589238150200039
"19",0.515795550393332,0.522761119637678,0.547973890772552,0.379574679873799,0.623554563636811,0.585860735075995,0.531373046646849,0.55683400023341,0.588585503103879,0.408403850971736,0.40145414622059,0.488726200023966,0.529721567807362,0.483120005146111,0.61879739010147,0.348242061943758,0.462562873435318,0.531373046646849,0.573726122415299,0.567779498002754,0.573545448733564,0.525360525654524,0.522761119637678,0.528330369619755,0.557462211132828,0.531373046646849,0.525680078003884,0.607447611937957,0.408241277172935,0.54394753388018,0.535094469283937,0.558416385208407,0.573808764096356,0.473753288632556,0.492258359663616,0.554159010947938,0.526703114276289,0.538758801422013,0.340811607502613,0.527519879622339,0.53702858267264,0.362287544004273,0.573726122415299,0.525827071813633,0.519535127104619,0.548303644627787,0.434917239592652,0.559019263045627,0.567779498002754,0.518383562696445,0.513670345051955,0.373337671560963,0.541225777531919,0.577409909217964,0.523675001152005,0.573726122415299,0.557462211132828,0.572681585758002,0.525165437095963,0.523675001152005,0.523148167209173,0.502195005724501,0.569935226574856,0.543049313641804,0.534559980824746,0.570226721396106,0.460833765606903,0.350996549816844,0.570226721396106,0.525536647269892,0.533695074667307,0.524521915809042,0.464778022730882,0.534513430527022,0.518096728324094,0.519096516543271,0.546630001560397,0.523870089710566,0.468200350221626,0.485260289207327,0.475318142732916,0.569935226574856,0.524936302874369,0.532977108128352,0.418222089115828,0.53512432867165,0.607988867531524,0.623554563636811,0.5818344906305,0.524326827250481,0.524326827250481,0.53966546195011,0.496606463651633,0.501872228994798,0.573726122415299,0.39735370986723,0.425742495639849,0.416456131226351,0.43691261620787,0.589238150200039
"20",0.517377935368328,0.526956011368141,0.547973890772552,0.379574679873799,0.623554563636811,0.586133741191977,0.531373046646849,0.55683400023341,0.588585503103879,0.408403850971736,0.40145414622059,0.489517392511464,0.530890744377073,0.483120005146111,0.61879739010147,0.348242061943758,0.462562873435318,0.531373046646849,0.573726122415299,0.569935226574856,0.573545448733564,0.525360525654524,0.526956011368141,0.52854036077654,0.557462211132828,0.531373046646849,0.525680078003884,0.607447611937957,0.408241277172935,0.54394753388018,0.585665646517434,0.558416385208407,0.574003852654917,0.548374960334195,0.492258359663616,0.554159010947938,0.526703114276289,0.556339802980688,0.340811607502613,0.527519879622339,0.53702858267264,0.362287544004273,0.573726122415299,0.527588287967311,0.519745118261404,0.553254016801279,0.434917239592652,0.559019263045627,0.569935226574856,0.54346978367677,0.51493164677432,0.373337671560963,0.545420669262382,0.577409909217964,0.523675001152005,0.573726122415299,0.557462211132828,0.572681585758002,0.525165437095963,0.523675001152005,0.523148167209173,0.502195005724501,0.573726122415299,0.544512477831013,0.546630001560397,0.570421809954668,0.460833765606903,0.350996549816844,0.570226721396106,0.525536647269892,0.535054462581615,0.524521915809042,0.489295032198154,0.534513430527022,0.526802555249889,0.519918259357127,0.548785730132499,0.523870089710566,0.468200350221626,0.494954293873501,0.477282576135095,0.569935226574856,0.524936302874369,0.532977108128352,0.418222089115828,0.53512432867165,0.607988867531524,0.628680718730256,0.5818344906305,0.524326827250481,0.524326827250481,0.55583146180747,0.496606463651633,0.501872228994798,0.573726122415299,0.416456131226351,0.425742495639849,0.419199564081119,0.43691261620787,0.589238150200039
"21",0.521604854137155,0.527741784729013,0.547973890772552,0.379574679873799,0.623554563636811,0.586133741191977,0.531373046646849,0.55683400023341,0.589691004935726,0.408403850971736,0.40145414622059,0.489517392511464,0.530890744377073,0.494482829856978,0.61879739010147,0.348242061943758,0.462562873435318,0.531373046646849,0.573726122415299,0.573726122415299,0.573545448733564,0.526769498577466,0.527741784729013,0.52854036077654,0.563674027280759,0.531373046646849,0.525680078003884,0.607447611937957,0.408241277172935,0.570948332297718,0.617005755035255,0.558416385208407,0.574003852654917,0.549567168192069,0.492258359663616,0.554159010947938,0.534318341968461,0.556339802980688,0.340811607502613,0.527519879622339,0.53702858267264,0.362287544004273,0.573726122415299,0.527588287967311,0.519745118261404,0.553254016801279,0.434917239592652,0.559805036406499,0.573726122415299,0.545737688170044,0.51493164677432,0.373337671560963,0.545420669262382,0.577409909217964,0.523675001152005,0.573726122415299,0.557462211132828,0.574055334357871,0.558043820252821,0.523675001152005,0.535289557842498,0.502195005724501,0.573726122415299,0.546668206403115,0.546630001560397,0.570421809954668,0.460833765606903,0.350996549816844,0.570226721396106,0.525536647269892,0.535054462581615,0.524521915809042,0.489295032198154,0.534513430527022,0.527700775488265,0.519918259357127,0.552576625972941,0.524655863071438,0.478930220942494,0.497110022445603,0.477282576135095,0.569935226574856,0.524936302874369,0.532977108128352,0.418222089115828,0.541090787087648,0.607988867531524,0.628680718730256,0.5818344906305,0.524326827250481,0.524326827250481,0.55583146180747,0.496606463651633,0.501872228994798,0.573726122415299,0.419199564081119,0.425742495639849,0.43443760624274,0.43691261620787,0.589238150200039
"22",0.522978602737024,0.5283175669331,0.547973890772552,0.379574679873799,0.623554563636811,0.586133741191977,0.531373046646849,0.55683400023341,0.589691004935726,0.408403850971736,0.40145414622059,0.489517392511464,0.530890744377073,0.500267828817881,0.619179099833238,0.348242061943758,0.462562873435318,0.531373046646849,0.573726122415299,0.573726122415299,0.574697013141738,0.526769498577466,0.5283175669331,0.52854036077654,0.59549974509038,0.531373046646849,0.525723431016898,0.607447611937957,0.408241277172935,0.581639402071939,0.623554563636811,0.558416385208407,0.574003852654917,0.549567168192069,0.492258359663616,0.554159010947938,0.534318341968461,0.556339802980688,0.34288713300064,0.527519879622339,0.53702858267264,0.362287544004273,0.573726122415299,0.527588287967311,0.519745118261404,0.553254016801279,0.434917239592652,0.560380818610586,0.57451189577617,0.545737688170044,0.51493164677432,0.373337671560963,0.545420669262382,0.577409909217964,0.523675001152005,0.574877686823473,0.557462211132828,0.5818344906305,0.558043820252821,0.523675001152005,0.535289557842498,0.502195005724501,0.57451189577617,0.553150836630306,0.546630001560397,0.570421809954668,0.460833765606903,0.350996549816844,0.570226721396106,0.525536647269892,0.535054462581615,0.524521915809042,0.489295032198154,0.534513430527022,0.527700775488265,0.519918259357127,0.555489406534793,0.524655863071438,0.501169639227646,0.501304914176065,0.479286298205318,0.569935226574856,0.524936302874369,0.532977108128352,0.418222089115828,0.545296029349968,0.607988867531524,0.628680718730256,0.5818344906305,0.531373046646849,0.524326827250481,0.55583146180747,0.496606463651633,0.519847052033252,0.574987424137663,0.43443760624274,0.425742495639849,0.462562873435318,0.43691261620787,0.589238150200039
"23",0.532875553695368,0.535719077818931,0.547973890772552,0.379574679873799,0.623554563636811,0.586133741191977,0.531373046646849,0.559035520425507,0.59034130013093,0.408403850971736,0.521576837252495,0.489727383668249,0.530890744377073,0.500267828817881,0.619179099833238,0.348242061943758,0.462562873435318,0.531373046646849,0.573726122415299,0.573726122415299,0.574907004298523,0.528143247177335,0.548413381941978,0.52854036077654,0.59549974509038,0.531373046646849,0.527128881507533,0.607447611937957,0.408241277172935,0.581639402071939,0.623554563636811,0.558416385208407,0.574003852654917,0.551722896764171,0.492258359663616,0.554159010947938,0.536841622804019,0.569141053567713,0.351867384498811,0.527519879622339,0.53702858267264,0.362287544004273,0.573726122415299,0.56594412922988,0.519745118261404,0.553254016801279,0.434917239592652,0.560380818610586,0.575087677980257,0.545737688170044,0.51493164677432,0.373337671560963,0.546572233670556,0.577409909217964,0.523675001152005,0.575087677980257,0.557462211132828,0.582651423969475,0.558043820252821,0.573726122415299,0.535289557842498,0.552246126987795,0.575087677980257,0.556941732470749,0.548785730132499,0.570421809954668,0.460833765606903,0.350996549816844,0.570226721396106,0.527119032244889,0.549761321951287,0.524521915809042,0.489295032198154,0.534513430527022,0.529797977492798,0.523885060047872,0.555699397691578,0.525231645275525,0.501169639227646,0.501304914176065,0.482097470142919,0.573726122415299,0.524936302874369,0.532977108128352,0.418222089115828,0.545296029349968,0.607988867531524,0.628680718730256,0.582939992462347,0.531373046646849,0.524326827250481,0.55583146180747,0.497048122471709,0.519847052033252,0.574987424137663,0.462562873435318,0.425742495639849,0.462562873435318,0.43691261620787,0.589238150200039
"24",0.532875553695368,0.535719077818931,0.552205009364515,0.379574679873799,0.623554563636811,0.586133741191977,0.531373046646849,0.559035520425507,0.590551291287714,0.408403850971736,0.536120418336904,0.489727383668249,0.530890744377073,0.500267828817881,0.619179099833238,0.348242061943758,0.462562873435318,0.531373046646849,0.573726122415299,0.573726122415299,0.577062732870625,0.535922403449964,0.548413381941978,0.52854036077654,0.59549974509038,0.531373046646849,0.527128881507533,0.607447611937957,0.408241277172935,0.581639402071939,0.623554563636811,0.558416385208407,0.582094608708582,0.555513792604613,0.492258359663616,0.554159010947938,0.536841622804019,0.569141053567713,0.351867384498811,0.527519879622339,0.53702858267264,0.362287544004273,0.573726122415299,0.56594412922988,0.524964821028242,0.553254016801279,0.434917239592652,0.560380818610586,0.575087677980257,0.546889252578218,0.51493164677432,0.373337671560963,0.546782224827341,0.577409909217964,0.523675001152005,0.575087677980257,0.557462211132828,0.582651423969475,0.55941756885269,0.573726122415299,0.535966135801842,0.552246126987795,0.575087677980257,0.556941732470749,0.548785730132499,0.5818344906305,0.460833765606903,0.350996549816844,0.573274980123626,0.527119032244889,0.549761321951287,0.524521915809042,0.489295032198154,0.53703671136258,0.529797977492798,0.523885060047872,0.555699397691578,0.525231645275525,0.503810650589169,0.50256621589843,0.500062579396894,0.573726122415299,0.524936302874369,0.532977108128352,0.418222089115828,0.545296029349968,0.607988867531524,0.628680718730256,0.583549644207851,0.531373046646849,0.524326827250481,0.567972852440795,0.498309424194074,0.540971891449458,0.574987424137663,0.462562873435318,0.425742495639849,0.462562873435318,0.440626289493882,0.589238150200039
"25",0.53503128226747,0.535719077818931,0.556583311435659,0.379574679873799,0.623554563636811,0.586133741191977,0.531373046646849,0.567196725125319,0.590551291287714,0.408403850971736,0.536120418336904,0.501148030460222,0.530890744377073,0.500267828817881,0.619643180289732,0.348242061943758,0.462562873435318,0.531373046646849,0.573726122415299,0.573726122415299,0.580853628711067,0.538445684285522,0.548413381941978,0.52854036077654,0.59549974509038,0.531373046646849,0.527128881507533,0.607447611937957,0.408241277172935,0.581639402071939,0.623554563636811,0.558416385208407,0.582094608708582,0.555513792604613,0.492258359663616,0.554159010947938,0.536841622804019,0.569141053567713,0.351867384498811,0.527519879622339,0.53702858267264,0.362287544004273,0.573726122415299,0.585148416621767,0.546657584914927,0.553254016801279,0.434917239592652,0.575087677980257,0.575087677980257,0.547099243735003,0.51493164677432,0.373337671560963,0.546782224827341,0.577409909217964,0.573726122415299,0.575087677980257,0.557462211132828,0.583549644207851,0.567196725125319,0.574877686823473,0.535966135801842,0.567779498002754,0.575087677980257,0.580773696593323,0.552576625972941,0.5818344906305,0.460833765606903,0.350996549816844,0.573274980123626,0.527119032244889,0.549761321951287,0.524521915809042,0.496606463651633,0.53703671136258,0.538793727693122,0.535332965046778,0.556490590179076,0.526492946997889,0.510342716799012,0.50256621589843,0.500786032801559,0.573726122415299,0.524936302874369,0.532977108128352,0.418222089115828,0.546447593758142,0.609698398765,0.628680718730256,0.583549644207851,0.531373046646849,0.524326827250481,0.567972852440795,0.498309424194074,0.540971891449458,0.574987424137663,0.462562873435318,0.425742495639849,0.462562873435318,0.440626289493882,0.589238150200039
"26",0.538822178107912,0.535719077818931,0.567779498002754,0.379574679873799,0.623554563636811,0.586133741191977,0.531373046646849,0.581639402071939,0.590551291287714,0.408403850971736,0.536120418336904,0.519745118261404,0.530890744377073,0.500267828817881,0.619643180289732,0.348242061943758,0.462562873435318,0.531373046646849,0.573726122415299,0.573726122415299,0.580853628711067,0.538445684285522,0.548413381941978,0.549665200192746,0.59549974509038,0.531373046646849,0.527128881507533,0.607447611937957,0.408241277172935,0.581639402071939,0.624197136576572,0.558416385208407,0.582094608708582,0.555513792604613,0.492258359663616,0.554159010947938,0.536841622804019,0.569141053567713,0.351867384498811,0.527519879622339,0.53702858267264,0.362287544004273,0.573726122415299,0.585148416621767,0.546657584914927,0.553254016801279,0.434917239592652,0.575087677980257,0.575087677980257,0.547099243735003,0.51493164677432,0.373337671560963,0.546782224827341,0.580221081155565,0.573726122415299,0.575087677980257,0.557462211132828,0.583549644207851,0.568302226957166,0.575087677980257,0.535966135801842,0.568565271363626,0.575087677980257,0.580773696593323,0.552576625972941,0.5818344906305,0.460833765606903,0.350996549816844,0.581639402071939,0.528564584272561,0.549761321951287,0.524521915809042,0.496606463651633,0.53703671136258,0.553500587062794,0.535332965046778,0.556490590179076,0.526492946997889,0.530117109859845,0.50256621589843,0.500996023958344,0.57451189577617,0.524936302874369,0.532977108128352,0.418222089115828,0.546447593758142,0.623554563636811,0.628680718730256,0.583549644207851,0.531373046646849,0.531373046646849,0.61782133088301,0.498309424194074,0.540971891449458,0.574987424137663,0.462562873435318,0.425742495639849,0.462562873435318,0.440626289493882,0.589238150200039
"27",0.538822178107912,0.535719077818931,0.569935226574856,0.379574679873799,0.623554563636811,0.586133741191977,0.531373046646849,0.582744903903786,0.590551291287714,0.408403850971736,0.560651449794323,0.519745118261404,0.530890744377073,0.500267828817881,0.619643180289732,0.348242061943758,0.462562873435318,0.531373046646849,0.573726122415299,0.574877686823473,0.580853628711067,0.538445684285522,0.548413381941978,0.549665200192746,0.59549974509038,0.531373046646849,0.534074982539472,0.607447611937957,0.408241277172935,0.581639402071939,0.628552082211955,0.572859062155026,0.582094608708582,0.575308507390295,0.492258359663616,0.554159010947938,0.536841622804019,0.571296782139815,0.351867384498811,0.527519879622339,0.53702858267264,0.362287544004273,0.573726122415299,0.591697225223323,0.546657584914927,0.553254016801279,0.434917239592652,0.575087677980257,0.575087677980257,0.547099243735003,0.51493164677432,0.373337671560963,0.546782224827341,0.580221081155565,0.573726122415299,0.575087677980257,0.557462211132828,0.583549644207851,0.56891187870267,0.575087677980257,0.61787742155316,0.569141053567713,0.575087677980257,0.580773696593323,0.552576625972941,0.582939992462347,0.460833765606903,0.350996549816844,0.581639402071939,0.528564584272561,0.549761321951287,0.536042477748196,0.496606463651633,0.53703671136258,0.553500587062794,0.535332965046778,0.557751891901441,0.526492946997889,0.530117109859845,0.50256621589843,0.500996023958344,0.575087677980257,0.524936302874369,0.532977108128352,0.418222089115828,0.546657584914927,0.623554563636811,0.628680718730256,0.583549644207851,0.531373046646849,0.531373046646849,0.623554563636811,0.498309424194074,0.54312762002156,0.574987424137663,0.462562873435318,0.425742495639849,0.462562873435318,0.440626289493882,0.589238150200039
"28",0.554497706362106,0.535719077818931,0.573726122415299,0.379574679873799,0.623554563636811,0.586133741191977,0.531373046646849,0.582744903903786,0.590551291287714,0.408403850971736,0.560651449794323,0.532890293719793,0.530890744377073,0.500267828817881,0.619643180289732,0.348242061943758,0.462562873435318,0.531373046646849,0.573726122415299,0.575087677980257,0.580853628711067,0.538445684285522,0.548413381941978,0.549665200192746,0.59549974509038,0.531373046646849,0.536028577688398,0.607447611937957,0.408241277172935,0.581639402071939,0.628552082211955,0.575060582347124,0.584357771466058,0.575308507390295,0.492258359663616,0.555420312670302,0.536841622804019,0.572378114666907,0.351867384498811,0.527519879622339,0.53702858267264,0.362287544004273,0.574877686823473,0.591697225223323,0.546657584914927,0.553254016801279,0.434917239592652,0.575087677980257,0.575087677980257,0.547099243735003,0.51493164677432,0.373337671560963,0.546782224827341,0.580221081155565,0.573726122415299,0.575087677980257,0.557462211132828,0.583549644207851,0.570173180425035,0.575087677980257,0.61787742155316,0.569141053567713,0.575087677980257,0.580773696593323,0.554159010947938,0.582939992462347,0.460833765606903,0.350996549816844,0.582744903903786,0.528586260779068,0.556707422983227,0.536042477748196,0.496606463651633,0.53703671136258,0.553500587062794,0.535332965046778,0.557751891901441,0.526492946997889,0.530117109859845,0.50256621589843,0.500996023958344,0.575087677980257,0.524936302874369,0.532977108128352,0.418222089115828,0.546657584914927,0.623554563636811,0.628680718730256,0.583549644207851,0.531373046646849,0.531373046646849,0.623554563636811,0.498309424194074,0.548303644627787,0.574987424137663,0.462562873435318,0.425742495639849,0.462562873435318,0.440626289493882,0.589238150200039
"29",0.575308507390295,0.535719077818931,0.574877686823473,0.379574679873799,0.624197136576572,0.586776314131738,0.531373046646849,0.582744903903786,0.590551291287714,0.408403850971736,0.560651449794323,0.53664845803541,0.531866187169879,0.500267828817881,0.619643180289732,0.348242061943758,0.462562873435318,0.531373046646849,0.573726122415299,0.575087677980257,0.580853628711067,0.538445684285522,0.548413381941978,0.549665200192746,0.59549974509038,0.531373046646849,0.536028577688398,0.607447611937957,0.408241277172935,0.582744903903786,0.628552082211955,0.583221787046936,0.584357771466058,0.575308507390295,0.492258359663616,0.555420312670302,0.536841622804019,0.572378114666907,0.351867384498811,0.527519879622339,0.53702858267264,0.362287544004273,0.575087677980257,0.591697225223323,0.546657584914927,0.553254016801279,0.434917239592652,0.575087677980257,0.575087677980257,0.547099243735003,0.51493164677432,0.373337671560963,0.546782224827341,0.580221081155565,0.573726122415299,0.575087677980257,0.557462211132828,0.583549644207851,0.570173180425035,0.575087677980257,0.61787742155316,0.569141053567713,0.575087677980257,0.580773696593323,0.554159010947938,0.583549644207851,0.460833765606903,0.350996549816844,0.58335455564929,0.528586260779068,0.556707422983227,0.586613654981692,0.498411032818324,0.53703671136258,0.553500587062794,0.535332965046778,0.557751891901441,0.526492946997889,0.534566212820366,0.50256621589843,0.504881537749688,0.575087677980257,0.524936302874369,0.532977108128352,0.418222089115828,0.547918886637291,0.623554563636811,0.628680718730256,0.583549644207851,0.531373046646849,0.531373046646849,0.623554563636811,0.498309424194074,0.549455209035961,0.574987424137663,0.462562873435318,0.425742495639849,0.464570659850511,0.440626289493882,0.589238150200039
"30",0.575308507390295,0.535719077818931,0.575087677980257,0.379574679873799,0.628552082211955,0.591131259767121,0.531373046646849,0.582744903903786,0.590551291287714,0.408403850971736,0.567312369287533,0.549426758621171,0.531866187169879,0.500267828817881,0.619643180289732,0.348242061943758,0.462562873435318,0.531373046646849,0.573726122415299,0.575087677980257,0.580853628711067,0.538445684285522,0.548413381941978,0.550926501915111,0.59549974509038,0.531373046646849,0.536028577688398,0.607590405924571,0.408241277172935,0.58335455564929,0.631075363047513,0.584327288878783,0.584357771466058,0.575308507390295,0.492258359663616,0.555420312670302,0.536841622804019,0.575087677980257,0.351867384498811,0.527519879622339,0.53702858267264,0.362287544004273,0.575087677980257,0.591697225223323,0.546657584914927,0.554515318523643,0.434917239592652,0.575087677980257,0.575087677980257,0.547099243735003,0.51493164677432,0.373337671560963,0.548043526549706,0.580221081155565,0.573726122415299,0.575087677980257,0.557462211132828,0.583549644207851,0.570173180425035,0.575087677980257,0.624426230154716,0.569141053567713,0.575087677980257,0.580773696593323,0.554159010947938,0.584199939403055,0.460833765606903,0.350996549816844,0.58335455564929,0.528586260779068,0.556707422983227,0.586613654981692,0.498411032818324,0.53703671136258,0.554761888785158,0.535332965046778,0.557751891901441,0.526492946997889,0.534566212820366,0.50256621589843,0.504881537749688,0.575087677980257,0.524936302874369,0.532977108128352,0.418222089115828,0.547918886637291,0.623554563636811,0.628680718730256,0.583549644207851,0.531373046646849,0.531373046646849,0.623554563636811,0.498309424194074,0.549665200192746,0.574987424137663,0.462562873435318,0.425742495639849,0.464570659850511,0.440626289493882,0.589238150200039
"31",0.575308507390295,0.535719077818931,0.575087677980257,0.379574679873799,0.628552082211955,0.591131259767121,0.531373046646849,0.582744903903786,0.590551291287714,0.408403850971736,0.571103265127975,0.549426758621171,0.531866187169879,0.500267828817881,0.619643180289732,0.348242061943758,0.464570659850511,0.531373046646849,0.573726122415299,0.575087677980257,0.580853628711067,0.538445684285522,0.548413381941978,0.550926501915111,0.59549974509038,0.531373046646849,0.564049263865771,0.613802222072501,0.408241277172935,0.58335455564929,0.631075363047513,0.584936940624286,0.584357771466058,0.575308507390295,0.492258359663616,0.555420312670302,0.536841622804019,0.575087677980257,0.351867384498811,0.527519879622339,0.53702858267264,0.362287544004273,0.575087677980257,0.594406788536674,0.546657584914927,0.554515318523643,0.434917239592652,0.575087677980257,0.575087677980257,0.547099243735003,0.51493164677432,0.373337671560963,0.548043526549706,0.588585503103879,0.573726122415299,0.575087677980257,0.557462211132828,0.584958617130793,0.570173180425035,0.575087677980257,0.624426230154716,0.569141053567713,0.575087677980257,0.580773696593323,0.554159010947938,0.58440993055984,0.460833765606903,0.350996549816844,0.58335455564929,0.528586260779068,0.556707422983227,0.617953763499513,0.498411032818324,0.53703671136258,0.554761888785158,0.536484529454952,0.557751891901441,0.526492946997889,0.534566212820366,0.50256621589843,0.508613961213829,0.575087677980257,0.524936302874369,0.532977108128352,0.418222089115828,0.547918886637291,0.624197136576572,0.628680718730256,0.583549644207851,0.531373046646849,0.531373046646849,0.623554563636811,0.498309424194074,0.550106859012822,0.574987424137663,0.462562873435318,0.425742495639849,0.464570659850511,0.440626289493882,0.589238150200039
"32",0.575308507390295,0.535719077818931,0.575087677980257,0.379574679873799,0.628552082211955,0.59807736079906,0.531373046646849,0.58335455564929,0.590551291287714,0.408403850971736,0.575308507390295,0.549426758621171,0.531866187169879,0.500267828817881,0.623794908676614,0.348242061943758,0.464570659850511,0.531373046646849,0.574987424137663,0.575087677980257,0.580853628711067,0.538445684285522,0.548413381941978,0.550926501915111,0.59549974509038,0.531373046646849,0.564049263865771,0.624946330832714,0.408241277172935,0.58335455564929,0.631075363047513,0.584936940624286,0.584357771466058,0.575308507390295,0.492258359663616,0.555420312670302,0.536841622804019,0.575087677980257,0.351867384498811,0.527519879622339,0.53702858267264,0.362287544004273,0.575087677980257,0.594616779693458,0.546657584914927,0.554515318523643,0.434917239592652,0.575087677980257,0.575087677980257,0.547099243735003,0.51493164677432,0.373337671560963,0.548043526549706,0.588585503103879,0.573726122415299,0.575087677980257,0.557462211132828,0.584958617130793,0.570173180425035,0.576348979702622,0.624426230154716,0.569141053567713,0.575087677980257,0.580773696593323,0.554159010947938,0.58440993055984,0.460833765606903,0.350996549816844,0.58335455564929,0.528586260779068,0.556707422983227,0.617953763499513,0.498411032818324,0.53703671136258,0.554761888785158,0.536694520611737,0.557751891901441,0.526492946997889,0.545762399387462,0.50256621589843,0.528979039076971,0.575087677980257,0.524936302874369,0.532977108128352,0.418222089115828,0.547918886637291,0.624197136576572,0.628680718730256,0.583549644207851,0.531373046646849,0.531373046646849,0.623554563636811,0.498309424194074,0.585073646222135,0.574987424137663,0.462562873435318,0.425742495639849,0.464570659850511,0.440626289493882,0.589238150200039
"33",0.575308507390295,0.535719077818931,0.575087677980257,0.379574679873799,0.628552082211955,0.59807736079906,0.531373046646849,0.584615857371654,0.590551291287714,0.408403850971736,0.575308507390295,0.55243437389899,0.531866187169879,0.500267828817881,0.624900410508461,0.348242061943758,0.464570659850511,0.531373046646849,0.574987424137663,0.582135252158282,0.580853628711067,0.538445684285522,0.549674683664343,0.550926501915111,0.59549974509038,0.531373046646849,0.570598072467328,0.624946330832714,0.408241277172935,0.58335455564929,0.631075363047513,0.584936940624286,0.584357771466058,0.575308507390295,0.492258359663616,0.555420312670302,0.536841622804019,0.578176580157477,0.351867384498811,0.527519879622339,0.53702858267264,0.362287544004273,0.575087677980257,0.594616779693458,0.546657584914927,0.554515318523643,0.434917239592652,0.575087677980257,0.575087677980257,0.548855040762054,0.51493164677432,0.373337671560963,0.548043526549706,0.588585503103879,0.573726122415299,0.575087677980257,0.559190018370853,0.584958617130793,0.570173180425035,0.576348979702622,0.624426230154716,0.569141053567713,0.575087677980257,0.580773696593323,0.554159010947938,0.58440993055984,0.460833765606903,0.350996549816844,0.58335455564929,0.528586260779068,0.556707422983227,0.62450257210107,0.498411032818324,0.53703671136258,0.554761888785158,0.536694520611737,0.557751891901441,0.526492946997889,0.547918127959564,0.50256621589843,0.528979039076971,0.575087677980257,0.524936302874369,0.532977108128352,0.418222089115828,0.547918886637291,0.624197136576572,0.628680718730256,0.583549644207851,0.531373046646849,0.531373046646849,0.623554563636811,0.498309424194074,0.585073646222135,0.574987424137663,0.464570659850511,0.425742495639849,0.464570659850511,0.440626289493882,0.595786958801595
"34",0.575308507390295,0.535719077818931,0.575087677980257,0.379574679873799,0.628552082211955,0.600600641634618,0.531373046646849,0.584615857371654,0.590551291287714,0.408403850971736,0.575308507390295,0.552775778876472,0.533649079830063,0.500267828817881,0.626309383431403,0.348242061943758,0.464570659850511,0.531373046646849,0.574987424137663,0.582135252158282,0.580853628711067,0.538445684285522,0.549674683664343,0.550926501915111,0.6028101469098,0.531373046646849,0.570598072467328,0.624946330832714,0.408241277172935,0.58335455564929,0.631075363047513,0.584936940624286,0.584357771466058,0.575308507390295,0.492258359663616,0.555420312670302,0.536841622804019,0.578176580157477,0.351867384498811,0.527519879622339,0.53702858267264,0.362287544004273,0.575087677980257,0.595272494015289,0.546657584914927,0.554515318523643,0.434917239592652,0.575087677980257,0.575087677980257,0.548855040762054,0.51493164677432,0.373337671560963,0.548043526549706,0.588585503103879,0.573726122415299,0.575087677980257,0.565624824805563,0.584958617130793,0.570173180425035,0.576348979702622,0.624426230154716,0.571296782139815,0.575087677980257,0.580773696593323,0.554497706362106,0.58440993055984,0.460833765606903,0.350996549816844,0.58335455564929,0.528586260779068,0.563529412467598,0.62450257210107,0.498411032818324,0.53703671136258,0.554761888785158,0.536694520611737,0.557751891901441,0.526492946997889,0.553094152565791,0.50256621589843,0.528979039076971,0.575087677980257,0.524936302874369,0.532977108128352,0.418222089115828,0.547918886637291,0.624197136576572,0.628680718730256,0.583549644207851,0.531373046646849,0.531373046646849,0.623554563636811,0.498309424194074,0.591622454823691,0.574987424137663,0.464570659850511,0.425742495639849,0.464570659850511,0.440626289493882,0.595786958801595
"35",0.575308507390295,0.535719077818931,0.575087677980257,0.379574679873799,0.628552082211955,0.600600641634618,0.531373046646849,0.584615857371654,0.590551291287714,0.408403850971736,0.575308507390295,0.559721879908412,0.533649079830063,0.500267828817881,0.626309383431403,0.348242061943758,0.464570659850511,0.531373046646849,0.574987424137663,0.582135252158282,0.580853628711067,0.538445684285522,0.549674683664343,0.550926501915111,0.6028101469098,0.531373046646849,0.587266669223681,0.624946330832714,0.408241277172935,0.584004850844494,0.631075363047513,0.585587235819491,0.584357771466058,0.575308507390295,0.492258359663616,0.555420312670302,0.536841622804019,0.578176580157477,0.351867384498811,0.527519879622339,0.53702858267264,0.362287544004273,0.575087677980257,0.597428222587391,0.546657584914927,0.554515318523643,0.434917239592652,0.576348979702622,0.575087677980257,0.550116342484419,0.51493164677432,0.373337671560963,0.548043526549706,0.588585503103879,0.573726122415299,0.575087677980257,0.570127109720018,0.584958617130793,0.570173180425035,0.576348979702622,0.624426230154716,0.571296782139815,0.575087677980257,0.580773696593323,0.554497706362106,0.58440993055984,0.460833765606903,0.350996549816844,0.58335455564929,0.571652087177094,0.563529412467598,0.62450257210107,0.499672334540689,0.53703671136258,0.554761888785158,0.536694520611737,0.557751891901441,0.526492946997889,0.553094152565791,0.50256621589843,0.536152607949067,0.575087677980257,0.524936302874369,0.532977108128352,0.418222089115828,0.547918886637291,0.624197136576572,0.628680718730256,0.584810945930216,0.531373046646849,0.531373046646849,0.623554563636811,0.498309424194074,0.591963859801173,0.574987424137663,0.464570659850511,0.425742495639849,0.466806049584025,0.440626289493882,0.595786958801595
"36",0.575308507390295,0.535719077818931,0.575087677980257,0.379574679873799,0.628552082211955,0.600600641634618,0.531373046646849,0.584615857371654,0.590551291287714,0.408403850971736,0.575308507390295,0.559721879908412,0.538301400039086,0.500267828817881,0.626309383431403,0.348242061943758,0.466806049584025,0.531373046646849,0.574987424137663,0.582135252158282,0.580853628711067,0.538445684285522,0.549674683664343,0.550926501915111,0.6028101469098,0.531373046646849,0.587266669223681,0.624946330832714,0.408241277172935,0.584214842001278,0.631075363047513,0.585797226976275,0.584357771466058,0.576460071798469,0.492258359663616,0.555420312670302,0.536841622804019,0.578176580157477,0.351867384498811,0.527519879622339,0.53702858267264,0.362287544004273,0.575087677980257,0.601141895873403,0.553603685946866,0.554515318523643,0.434917239592652,0.576348979702622,0.575087677980257,0.550116342484419,0.51493164677432,0.373337671560963,0.548043526549706,0.588585503103879,0.573726122415299,0.576670062955254,0.570127109720018,0.584958617130793,0.570173180425035,0.576348979702622,0.624426230154716,0.571296782139815,0.575087677980257,0.581925261001497,0.555759008084471,0.58440993055984,0.460833765606903,0.350996549816844,0.584936940624286,0.571652087177094,0.574725599034694,0.625166889286421,0.499672334540689,0.53703671136258,0.554761888785158,0.536694520611737,0.557751891901441,0.526492946997889,0.553094152565791,0.50256621589843,0.54873852953958,0.575087677980257,0.524936302874369,0.532977108128352,0.418222089115828,0.547918886637291,0.624197136576572,0.628680718730256,0.584810945930216,0.531373046646849,0.531373046646849,0.623554563636811,0.498309424194074,0.591963859801173,0.574987424137663,0.464570659850511,0.425742495639849,0.466806049584025,0.440626289493882,0.595786958801595
"37",0.575308507390295,0.548413381941978,0.575087677980257,0.379574679873799,0.628552082211955,0.600600641634618,0.531373046646849,0.584615857371654,0.590551291287714,0.408403850971736,0.576460071798469,0.559767942484739,0.538301400039086,0.500267828817881,0.626309383431403,0.348242061943758,0.466806049584025,0.531373046646849,0.574987424137663,0.582135252158282,0.580853628711067,0.538445684285522,0.549674683664343,0.550926501915111,0.603452719849561,0.531373046646849,0.587266669223681,0.626528715807711,0.408241277172935,0.584214842001278,0.631075363047513,0.585797226976275,0.584357771466058,0.576670062955254,0.492258359663616,0.555420312670302,0.536841622804019,0.578176580157477,0.351867384498811,0.527519879622339,0.53702858267264,0.362287544004273,0.575087677980257,0.601141895873403,0.555408255113558,0.554515318523643,0.434917239592652,0.576348979702622,0.575087677980257,0.550116342484419,0.51493164677432,0.373337671560963,0.548043526549706,0.588585503103879,0.573726122415299,0.576670062955254,0.57276812108154,0.584958617130793,0.570173180425035,0.576348979702622,0.624426230154716,0.575087677980257,0.575087677980257,0.582135252158282,0.555759008084471,0.58440993055984,0.460833765606903,0.350996549816844,0.584936940624286,0.571652087177094,0.576881327606796,0.625166889286421,0.499672334540689,0.53703671136258,0.554761888785158,0.544823210551789,0.557751891901441,0.526492946997889,0.553094152565791,0.50256621589843,0.549957833030588,0.575087677980257,0.524936302874369,0.532977108128352,0.418222089115828,0.547918886637291,0.624197136576572,0.628680718730256,0.584810945930216,0.531373046646849,0.531373046646849,0.623554563636811,0.498309424194074,0.591963859801173,0.574987424137663,0.464570659850511,0.425742495639849,0.492648509685106,0.440626289493882,0.595786958801595
"38",0.576094280751167,0.548413381941978,0.575087677980257,0.379574679873799,0.628552082211955,0.600600641634618,0.531373046646849,0.584615857371654,0.602561430674141,0.408403850971736,0.576670062955254,0.560288178640902,0.538301400039086,0.500267828817881,0.626919035176907,0.348242061943758,0.492648509685106,0.531373046646849,0.574987424137663,0.582135252158282,0.580853628711067,0.538445684285522,0.549674683664343,0.550926501915111,0.603452719849561,0.531373046646849,0.587266669223681,0.626528715807711,0.408241277172935,0.584214842001278,0.631075363047513,0.585797226976275,0.584357771466058,0.576670062955254,0.492258359663616,0.555420312670302,0.536841622804019,0.580139658777999,0.351867384498811,0.527519879622339,0.53702858267264,0.362287544004273,0.576348979702622,0.601141895873403,0.555408255113558,0.554515318523643,0.434917239592652,0.576348979702622,0.575087677980257,0.550116342484419,0.51493164677432,0.373337671560963,0.548043526549706,0.588585503103879,0.573726122415299,0.576670062955254,0.57276812108154,0.584958617130793,0.570173180425035,0.576348979702622,0.624426230154716,0.575087677980257,0.575087677980257,0.582135252158282,0.555759008084471,0.58440993055984,0.460833765606903,0.350996549816844,0.584936940624286,0.576746066206193,0.580672223447238,0.625166889286421,0.499672334540689,0.53703671136258,0.554761888785158,0.545798653344595,0.557751891901441,0.526492946997889,0.553094152565791,0.50256621589843,0.549957833030588,0.575087677980257,0.524936302874369,0.532977108128352,0.418222089115828,0.547918886637291,0.624197136576572,0.628680718730256,0.584810945930216,0.531373046646849,0.531373046646849,0.623554563636811,0.498309424194074,0.59745869162685,0.574987424137663,0.466806049584025,0.425742495639849,0.53370923213562,0.440626289493882,0.595786958801595
"39",0.576670062955254,0.551182555648222,0.575087677980257,0.379574679873799,0.628552082211955,0.600600641634618,0.531373046646849,0.584615857371654,0.604221038203568,0.408403850971736,0.576670062955254,0.560288178640902,0.538301400039086,0.500267828817881,0.628180336899272,0.348242061943758,0.53370923213562,0.531373046646849,0.574987424137663,0.582135252158282,0.580853628711067,0.538445684285522,0.549674683664343,0.550926501915111,0.625779521551569,0.531373046646849,0.587266669223681,0.626528715807711,0.408241277172935,0.58440993055984,0.631075363047513,0.58705852869864,0.584357771466058,0.576670062955254,0.492258359663616,0.555420312670302,0.536841622804019,0.580139658777999,0.351867384498811,0.527519879622339,0.53702858267264,0.362287544004273,0.576348979702622,0.601141895873403,0.555408255113558,0.554515318523643,0.434917239592652,0.576348979702622,0.575087677980257,0.550116342484419,0.51493164677432,0.373337671560963,0.548043526549706,0.588585503103879,0.573726122415299,0.576670062955254,0.57276812108154,0.584958617130793,0.570173180425035,0.576348979702622,0.624426230154716,0.575087677980257,0.575087677980257,0.582135252158282,0.555759008084471,0.58440993055984,0.460833765606903,0.350996549816844,0.584936940624286,0.576746066206193,0.580672223447238,0.625166889286421,0.499672334540689,0.53703671136258,0.554761888785158,0.545798653344595,0.557751891901441,0.526492946997889,0.554245716973965,0.50256621589843,0.562205059206932,0.575087677980257,0.524936302874369,0.532977108128352,0.418222089115828,0.547918886637291,0.624197136576572,0.628680718730256,0.584810945930216,0.531373046646849,0.531373046646849,0.623554563636811,0.498309424194074,0.59745869162685,0.574987424137663,0.466806049584025,0.425742495639849,0.53370923213562,0.440626289493882,0.596429531741356
"40",0.576670062955254,0.551182555648222,0.576348979702622,0.379574679873799,0.628552082211955,0.600600641634618,0.531373046646849,0.584615857371654,0.604221038203568,0.408403850971736,0.576670062955254,0.561141691084608,0.538301400039086,0.500267828817881,0.628180336899272,0.348242061943758,0.53370923213562,0.531373046646849,0.574987424137663,0.582135252158282,0.580853628711067,0.538445684285522,0.549674683664343,0.550926501915111,0.625779521551569,0.531373046646849,0.587266669223681,0.630134467186952,0.408241277172935,0.58440993055984,0.631075363047513,0.58705852869864,0.584357771466058,0.576670062955254,0.492258359663616,0.555420312670302,0.536841622804019,0.580139658777999,0.351867384498811,0.527519879622339,0.53702858267264,0.362287544004273,0.576348979702622,0.601141895873403,0.555408255113558,0.554515318523643,0.434917239592652,0.576348979702622,0.582033779012197,0.550116342484419,0.51493164677432,0.373337671560963,0.548043526549706,0.588585503103879,0.573726122415299,0.576670062955254,0.57276812108154,0.584958617130793,0.570173180425035,0.576348979702622,0.624426230154716,0.575087677980257,0.578176580157477,0.582135252158282,0.555759008084471,0.585818903482782,0.460833765606903,0.350996549816844,0.584936940624286,0.576746066206193,0.580672223447238,0.625166889286421,0.499672334540689,0.53703671136258,0.554761888785158,0.545798653344595,0.557751891901441,0.526492946997889,0.55445570813075,0.50256621589843,0.562448919905134,0.575087677980257,0.524936302874369,0.532977108128352,0.418222089115828,0.547918886637291,0.624197136576572,0.628680718730256,0.584810945930216,0.531373046646849,0.531373046646849,0.623554563636811,0.498309424194074,0.59745869162685,0.574987424137663,0.492648509685106,0.425742495639849,0.53370923213562,0.440626289493882,0.596429531741356
"41",0.576670062955254,0.551182555648222,0.576348979702622,0.379574679873799,0.628552082211955,0.600600641634618,0.531373046646849,0.584615857371654,0.604221038203568,0.408403850971736,0.576670062955254,0.561141691084608,0.538301400039086,0.500267828817881,0.628180336899272,0.348242061943758,0.53370923213562,0.531373046646849,0.574987424137663,0.582135252158282,0.580853628711067,0.538445684285522,0.549674683664343,0.550926501915111,0.625779521551569,0.531373046646849,0.588994476461706,0.630134467186952,0.408241277172935,0.58440993055984,0.631075363047513,0.58705852869864,0.584357771466058,0.577931364677619,0.492258359663616,0.555420312670302,0.536841622804019,0.580139658777999,0.351867384498811,0.527519879622339,0.53702858267264,0.362287544004273,0.576348979702622,0.601141895873403,0.567958952380998,0.554515318523643,0.434917239592652,0.576348979702622,0.586282374287531,0.550116342484419,0.51493164677432,0.373337671560963,0.548043526549706,0.589235798299083,0.573726122415299,0.576670062955254,0.57276812108154,0.584958617130793,0.570173180425035,0.576348979702622,0.624426230154716,0.575087677980257,0.578176580157477,0.582135252158282,0.555759008084471,0.585818903482782,0.460833765606903,0.350996549816844,0.591883041656226,0.576746066206193,0.580672223447238,0.626575862209363,0.499672334540689,0.53703671136258,0.554761888785158,0.545798653344595,0.557751891901441,0.526492946997889,0.55445570813075,0.50256621589843,0.562448919905134,0.575087677980257,0.524936302874369,0.532977108128352,0.418222089115828,0.547918886637291,0.624197136576572,0.628680718730256,0.584810945930216,0.531373046646849,0.531373046646849,0.623554563636811,0.498309424194074,0.59745869162685,0.574987424137663,0.53370923213562,0.425742495639849,0.53370923213562,0.440626289493882,0.600784477376739
"42",0.576670062955254,0.551182555648222,0.576348979702622,0.379574679873799,0.628552082211955,0.600600641634618,0.531373046646849,0.584615857371654,0.604221038203568,0.408403850971736,0.576670062955254,0.561141691084608,0.538301400039086,0.500267828817881,0.628180336899272,0.348242061943758,0.53370923213562,0.531373046646849,0.574987424137663,0.582135252158282,0.580853628711067,0.538445684285522,0.549674683664343,0.550926501915111,0.630134467186952,0.531373046646849,0.588994476461706,0.631239969018799,0.408241277172935,0.58440993055984,0.631075363047513,0.58705852869864,0.584357771466058,0.577931364677619,0.492258359663616,0.555420312670302,0.536841622804019,0.580139658777999,0.351867384498811,0.527519879622339,0.53702858267264,0.362287544004273,0.576348979702622,0.601141895873403,0.567958952380998,0.554515318523643,0.434917239592652,0.576348979702622,0.586282374287531,0.550116342484419,0.51493164677432,0.373337671560963,0.548043526549706,0.589445789455867,0.573726122415299,0.576670062955254,0.589685279628444,0.584958617130793,0.570173180425035,0.576348979702622,0.624426230154716,0.575087677980257,0.578176580157477,0.582135252158282,0.555759008084471,0.587918815050629,0.460833765606903,0.350996549816844,0.591883041656226,0.582853421914486,0.580672223447238,0.626575862209363,0.499672334540689,0.53703671136258,0.554761888785158,0.551204232154729,0.557751891901441,0.526492946997889,0.554897366950826,0.50256621589843,0.597415707114446,0.575087677980257,0.524936302874369,0.532977108128352,0.418222089115828,0.547918886637291,0.624197136576572,0.628680718730256,0.584810945930216,0.531373046646849,0.531373046646849,0.623554563636811,0.498309424194074,0.59745869162685,0.574987424137663,0.53370923213562,0.425742495639849,0.53370923213562,0.440626289493882,0.601889979208586
"43",0.576670062955254,0.551182555648222,0.576348979702622,0.379574679873799,0.628552082211955,0.600600641634618,0.531373046646849,0.584615857371654,0.604221038203568,0.408403850971736,0.576670062955254,0.561141691084608,0.538301400039086,0.500267828817881,0.628180336899272,0.348242061943758,0.53370923213562,0.531373046646849,0.574987424137663,0.582135252158282,0.580853628711067,0.538445684285522,0.549674683664343,0.550926501915111,0.631239969018799,0.531373046646849,0.595429282896416,0.631825234694482,0.408241277172935,0.58440993055984,0.631075363047513,0.58705852869864,0.584357771466058,0.577931364677619,0.492258359663616,0.555420312670302,0.536841622804019,0.580139658777999,0.351867384498811,0.527519879622339,0.53702858267264,0.362287544004273,0.576348979702622,0.601141895873403,0.567958952380998,0.554515318523643,0.434917239592652,0.576348979702622,0.586282374287531,0.550116342484419,0.51493164677432,0.373337671560963,0.548043526549706,0.589445789455867,0.574877686823473,0.576670062955254,0.589685279628444,0.585608912325997,0.570173180425035,0.576348979702622,0.624926009107864,0.575087677980257,0.578176580157477,0.583396553880647,0.555759008084471,0.587918815050629,0.460833765606903,0.350996549816844,0.591883041656226,0.590449682663464,0.581823787855412,0.626575862209363,0.499672334540689,0.53703671136258,0.554761888785158,0.551204232154729,0.557751891901441,0.526492946997889,0.554897366950826,0.50256621589843,0.597415707114446,0.575087677980257,0.524936302874369,0.532977108128352,0.418222089115828,0.547918886637291,0.624197136576572,0.628680718730256,0.584810945930216,0.531373046646849,0.531373046646849,0.623554563636811,0.498309424194074,0.59745869162685,0.574987424137663,0.53370923213562,0.425742495639849,0.53370923213562,0.440626289493882,0.60249963095409
"44",0.576670062955254,0.551182555648222,0.576348979702622,0.379574679873799,0.628552082211955,0.600600641634618,0.531373046646849,0.584615857371654,0.604221038203568,0.408403850971736,0.576670062955254,0.561141691084608,0.538301400039086,0.500267828817881,0.628180336899272,0.348242061943758,0.53370923213562,0.531373046646849,0.574987424137663,0.582135252158282,0.580853628711067,0.538445684285522,0.549674683664343,0.550926501915111,0.631239969018799,0.531373046646849,0.597585011468518,0.631849620764303,0.408241277172935,0.58440993055984,0.631075363047513,0.58705852869864,0.584357771466058,0.577931364677619,0.492258359663616,0.555420312670302,0.536841622804019,0.580139658777999,0.351867384498811,0.527519879622339,0.53702858267264,0.362287544004273,0.576348979702622,0.601141895873403,0.595979638558371,0.554515318523643,0.434917239592652,0.576348979702622,0.586282374287531,0.550116342484419,0.51493164677432,0.373337671560963,0.548043526549706,0.589445789455867,0.575087677980257,0.576670062955254,0.591841008200546,0.585818903482782,0.570173180425035,0.576348979702622,0.629007288848598,0.575087677980257,0.61314336736679,0.583396553880647,0.555759008084471,0.587918815050629,0.460833765606903,0.350996549816844,0.591883041656226,0.590449682663464,0.582033779012197,0.626575862209363,0.499672334540689,0.53703671136258,0.554761888785158,0.551204232154729,0.557751891901441,0.526492946997889,0.554897366950826,0.50256621589843,0.602910538940123,0.576348979702622,0.524936302874369,0.532977108128352,0.418222089115828,0.547918886637291,0.628552082211955,0.628680718730256,0.584810945930216,0.531373046646849,0.531373046646849,0.626643465814031,0.498309424194074,0.59745869162685,0.574987424137663,0.53370923213562,0.425742495639849,0.53370923213562,0.440626289493882,0.60249963095409
"45",0.576670062955254,0.551182555648222,0.576348979702622,0.379574679873799,0.628552082211955,0.600600641634618,0.531373046646849,0.584615857371654,0.604221038203568,0.408403850971736,0.576670062955254,0.57050052276892,0.538301400039086,0.500267828817881,0.628180336899272,0.348242061943758,0.548462804376813,0.531373046646849,0.574987424137663,0.582135252158282,0.580853628711067,0.538445684285522,0.549674683664343,0.550926501915111,0.631849620764303,0.531373046646849,0.602127269215753,0.631849620764303,0.408241277172935,0.58440993055984,0.631075363047513,0.58705852869864,0.584357771466058,0.577931364677619,0.492258359663616,0.555420312670302,0.536841622804019,0.580139658777999,0.351867384498811,0.527519879622339,0.53702858267264,0.362287544004273,0.576348979702622,0.601141895873403,0.595979638558371,0.554515318523643,0.434917239592652,0.576348979702622,0.586282374287531,0.550116342484419,0.51493164677432,0.373337671560963,0.548043526549706,0.590551291287714,0.575087677980257,0.576670062955254,0.591841008200546,0.585818903482782,0.570173180425035,0.576348979702622,0.629007288848598,0.575087677980257,0.61314336736679,0.583396553880647,0.555759008084471,0.59283217458926,0.460833765606903,0.350996549816844,0.591883041656226,0.590449682663464,0.582033779012197,0.630471740080381,0.499672334540689,0.53703671136258,0.554761888785158,0.551204232154729,0.557751891901441,0.526492946997889,0.554897366950826,0.50256621589843,0.602910538940123,0.576348979702622,0.524936302874369,0.532977108128352,0.418222089115828,0.547918886637291,0.628552082211955,0.628680718730256,0.584810945930216,0.531373046646849,0.531373046646849,0.626643465814031,0.498309424194074,0.59745869162685,0.574987424137663,0.53370923213562,0.425742495639849,0.53370923213562,0.440626289493882,0.60249963095409
"46",0.576670062955254,0.551182555648222,0.576348979702622,0.379574679873799,0.628552082211955,0.600600641634618,0.531373046646849,0.584615857371654,0.604221038203568,0.408403850971736,0.576670062955254,0.57050052276892,0.538301400039086,0.500267828817881,0.628180336899272,0.348242061943758,0.568425512087923,0.531373046646849,0.574987424137663,0.583396553880647,0.580853628711067,0.538445684285522,0.549674683664343,0.550926501915111,0.631849620764303,0.531373046646849,0.603698815937496,0.631849620764303,0.408241277172935,0.58440993055984,0.631075363047513,0.58705852869864,0.584357771466058,0.577931364677619,0.492258359663616,0.555420312670302,0.536841622804019,0.580139658777999,0.351867384498811,0.527519879622339,0.53702858267264,0.362287544004273,0.576348979702622,0.601141895873403,0.601474470384047,0.554515318523643,0.434917239592652,0.576348979702622,0.586282374287531,0.550116342484419,0.51493164677432,0.373337671560963,0.548043526549706,0.591160943033218,0.576348979702622,0.576670062955254,0.597017032806773,0.585818903482782,0.570173180425035,0.576348979702622,0.629974602951464,0.575087677980257,0.618638199192466,0.583396553880647,0.555759008084471,0.59283217458926,0.460833765606903,0.350996549816844,0.591883041656226,0.59141699676633,0.582033779012197,0.630471740080381,0.499672334540689,0.53703671136258,0.554761888785158,0.576691739461761,0.557751891901441,0.526492946997889,0.55615866867319,0.50256621589843,0.602910538940123,0.576348979702622,0.524936302874369,0.532977108128352,0.418222089115828,0.547918886637291,0.631640984389175,0.628680718730256,0.584810945930216,0.531373046646849,0.531373046646849,0.626643465814031,0.498309424194074,0.59745869162685,0.574987424137663,0.53370923213562,0.425742495639849,0.548462804376813,0.440626289493882,0.60249963095409
"47",0.576670062955254,0.552443857370587,0.576348979702622,0.379574679873799,0.628552082211955,0.600600641634618,0.531373046646849,0.584615857371654,0.604221038203568,0.408403850971736,0.576670062955254,0.57050052276892,0.538301400039086,0.500267828817881,0.628180336899272,0.348242061943758,0.574643959892063,0.531373046646849,0.574987424137663,0.583396553880647,0.580853628711067,0.538445684285522,0.549674683664343,0.550926501915111,0.631849620764303,0.531373046646849,0.603698815937496,0.631849620764303,0.408241277172935,0.58440993055984,0.631075363047513,0.58705852869864,0.584357771466058,0.577931364677619,0.492258359663616,0.555420312670302,0.536841622804019,0.580139658777999,0.351867384498811,0.527519879622339,0.53702858267264,0.362287544004273,0.576348979702622,0.601141895873403,0.601474470384047,0.554515318523643,0.434917239592652,0.576348979702622,0.586282374287531,0.550116342484419,0.51493164677432,0.373337671560963,0.548043526549706,0.591160943033218,0.576348979702622,0.576670062955254,0.597017032806773,0.585818903482782,0.570173180425035,0.576348979702622,0.630462324347867,0.575087677980257,0.618638199192466,0.583396553880647,0.555759008084471,0.6274224002371,0.460833765606903,0.350996549816844,0.591883041656226,0.59141699676633,0.582033779012197,0.630471740080381,0.499672334540689,0.53703671136258,0.554761888785158,0.576691739461761,0.557751891901441,0.526492946997889,0.55615866867319,0.50256621589843,0.602910538940123,0.576348979702622,0.524936302874369,0.532977108128352,0.418222089115828,0.547918886637291,0.631640984389175,0.628680718730256,0.584810945930216,0.531373046646849,0.531373046646849,0.626643465814031,0.498309424194074,0.598719993349214,0.574987424137663,0.548462804376813,0.425742495639849,0.568425512087923,0.440626289493882,0.60249963095409
"48",0.576670062955254,0.552443857370587,0.576348979702622,0.379574679873799,0.628552082211955,0.600600641634618,0.531373046646849,0.584615857371654,0.604221038203568,0.408403850971736,0.576670062955254,0.57050052276892,0.538301400039086,0.500267828817881,0.628180336899272,0.348242061943758,0.576594845477675,0.531373046646849,0.574987424137663,0.583396553880647,0.580853628711067,0.538445684285522,0.549674683664343,0.550926501915111,0.631849620764303,0.531373046646849,0.603698815937496,0.631849620764303,0.408241277172935,0.58440993055984,0.631075363047513,0.58705852869864,0.584357771466058,0.577931364677619,0.492258359663616,0.555420312670302,0.536841622804019,0.580139658777999,0.351867384498811,0.527519879622339,0.53702858267264,0.362287544004273,0.576348979702622,0.601141895873403,0.601474470384047,0.554515318523643,0.434917239592652,0.576348979702622,0.586282374287531,0.550116342484419,0.51493164677432,0.373337671560963,0.548043526549706,0.591160943033218,0.576348979702622,0.579047704762719,0.597017032806773,0.585818903482782,0.570173180425035,0.576348979702622,0.631723626070232,0.575087677980257,0.618638199192466,0.583396553880647,0.555759008084471,0.6274224002371,0.460833765606903,0.350996549816844,0.591883041656226,0.591904718162733,0.582033779012197,0.630471740080381,0.499672334540689,0.53703671136258,0.554761888785158,0.576691739461761,0.557751891901441,0.526492946997889,0.55615866867319,0.50256621589843,0.616297136489731,0.576348979702622,0.524936302874369,0.532977108128352,0.418222089115828,0.547918886637291,0.631640984389175,0.628680718730256,0.584810945930216,0.531373046646849,0.531373046646849,0.626643465814031,0.498309424194074,0.598719993349214,0.574987424137663,0.568425512087923,0.425742495639849,0.574643959892063,0.440626289493882,0.60249963095409
"49",0.576670062955254,0.552443857370587,0.576348979702622,0.379574679873799,0.628552082211955,0.600600641634618,0.531373046646849,0.584615857371654,0.604221038203568,0.408403850971736,0.576670062955254,0.571158946654065,0.538301400039086,0.500267828817881,0.628180336899272,0.348242061943758,0.576594845477675,0.531373046646849,0.574987424137663,0.583396553880647,0.580853628711067,0.538445684285522,0.549674683664343,0.550926501915111,0.631849620764303,0.531373046646849,0.603698815937496,0.631849620764303,0.408241277172935,0.619815732055435,0.631075363047513,0.58705852869864,0.584357771466058,0.577931364677619,0.492258359663616,0.555420312670302,0.536841622804019,0.580139658777999,0.351867384498811,0.527519879622339,0.53702858267264,0.362287544004273,0.576348979702622,0.601141895873403,0.601474470384047,0.554515318523643,0.434917239592652,0.576348979702622,0.586282374287531,0.550116342484419,0.51493164677432,0.373337671560963,0.548043526549706,0.591160943033218,0.576348979702622,0.579047704762719,0.597017032806773,0.585818903482782,0.570173180425035,0.576348979702622,0.631723626070232,0.575087677980257,0.618638199192466,0.583396553880647,0.555759008084471,0.6274224002371,0.460833765606903,0.350996549816844,0.59253333685143,0.592555013357937,0.61005446518957,0.630471740080381,0.499672334540689,0.53703671136258,0.554761888785158,0.576691739461761,0.557751891901441,0.526492946997889,0.55615866867319,0.50256621589843,0.618006667723207,0.576348979702622,0.524936302874369,0.532977108128352,0.418222089115828,0.547918886637291,0.631640984389175,0.628680718730256,0.584810945930216,0.531373046646849,0.531373046646849,0.626643465814031,0.498309424194074,0.598719993349214,0.574987424137663,0.574643959892063,0.425742495639849,0.576594845477675,0.440626289493882,0.60249963095409
"50",0.576670062955254,0.552443857370587,0.576348979702622,0.379574679873799,0.629657584043802,0.600600641634618,0.531373046646849,0.584615857371654,0.604221038203568,0.408403850971736,0.576670062955254,0.572420248376429,0.538301400039086,0.500267828817881,0.628180336899272,0.348242061943758,0.576594845477675,0.531373046646849,0.574987424137663,0.583396553880647,0.580853628711067,0.538445684285522,0.549674683664343,0.550926501915111,0.631849620764303,0.531373046646849,0.603698815937496,0.631849620764303,0.408241277172935,0.619815732055435,0.631075363047513,0.58705852869864,0.584357771466058,0.577931364677619,0.492258359663616,0.555420312670302,0.536841622804019,0.580139658777999,0.351867384498811,0.527519879622339,0.53702858267264,0.362287544004273,0.576348979702622,0.601141895873403,0.601474470384047,0.554515318523643,0.434917239592652,0.576348979702622,0.586282374287531,0.550116342484419,0.51493164677432,0.373337671560963,0.548043526549706,0.591160943033218,0.576348979702622,0.579047704762719,0.622098105616803,0.585818903482782,0.570173180425035,0.576348979702622,0.631723626070232,0.575087677980257,0.618638199192466,0.583396553880647,0.555759008084471,0.6274224002371,0.460833765606903,0.350996549816844,0.592743328008215,0.592765004514722,0.61005446518957,0.630471740080381,0.499672334540689,0.53703671136258,0.554761888785158,0.576691739461761,0.557751891901441,0.526492946997889,0.55615866867319,0.50256621589843,0.618006667723207,0.576348979702622,0.524936302874369,0.532977108128352,0.418222089115828,0.547918886637291,0.631640984389175,0.628680718730256,0.584810945930216,0.531373046646849,0.531373046646849,0.626643465814031,0.498309424194074,0.598719993349214,0.574987424137663,0.576594845477675,0.425742495639849,0.576594845477675,0.440626289493882,0.60249963095409
"51",0.576670062955254,0.552443857370587,0.576348979702622,0.379574679873799,0.630267235789306,0.600600641634618,0.531373046646849,0.584615857371654,0.604221038203568,0.408403850971736,0.576670062955254,0.572420248376429,0.538301400039086,0.500267828817881,0.628180336899272,0.348242061943758,0.576594845477675,0.531373046646849,0.574987424137663,0.583396553880647,0.580853628711067,0.538445684285522,0.549674683664343,0.550926501915111,0.631849620764303,0.531373046646849,0.603698815937496,0.631849620764303,0.408241277172935,0.624729091594066,0.631075363047513,0.58705852869864,0.584357771466058,0.577931364677619,0.492258359663616,0.555420312670302,0.536841622804019,0.582517300585464,0.351867384498811,0.527519879622339,0.53702858267264,0.362287544004273,0.576348979702622,0.601141895873403,0.603295296930618,0.554515318523643,0.434917239592652,0.576348979702622,0.586282374287531,0.550116342484419,0.51493164677432,0.373337671560963,0.548043526549706,0.591160943033218,0.576348979702622,0.579047704762719,0.622098105616803,0.585818903482782,0.570173180425035,0.576348979702622,0.631723626070232,0.575087677980257,0.618638199192466,0.583396553880647,0.555759008084471,0.6274224002371,0.460833765606903,0.350996549816844,0.592743328008215,0.592765004514722,0.616603273791127,0.630471740080381,0.499672334540689,0.53703671136258,0.554761888785158,0.579359304543754,0.557751891901441,0.526492946997889,0.55615866867319,0.50256621589843,0.618006667723207,0.576348979702622,0.524936302874369,0.532977108128352,0.418222089115828,0.547918886637291,0.631640984389175,0.628680718730256,0.584810945930216,0.531373046646849,0.531373046646849,0.626643465814031,0.498309424194074,0.598719993349214,0.574987424137663,0.576594845477675,0.425742495639849,0.576594845477675,0.440626289493882,0.60249963095409
"52",0.576670062955254,0.552443857370587,0.576348979702622,0.379574679873799,0.630267235789306,0.600600641634618,0.531373046646849,0.584615857371654,0.604221038203568,0.408403850971736,0.576670062955254,0.572420248376429,0.538301400039086,0.500267828817881,0.628180336899272,0.348242061943758,0.576594845477675,0.531373046646849,0.574987424137663,0.583396553880647,0.580853628711067,0.538445684285522,0.549674683664343,0.550926501915111,0.631849620764303,0.531373046646849,0.603698815937496,0.631849620764303,0.408241277172935,0.624729091594066,0.631075363047513,0.58705852869864,0.584357771466058,0.577931364677619,0.492258359663616,0.555420312670302,0.536841622804019,0.582517300585464,0.351867384498811,0.527519879622339,0.53702858267264,0.362287544004273,0.576348979702622,0.601141895873403,0.603923915619316,0.554515318523643,0.434917239592652,0.576348979702622,0.586282374287531,0.550116342484419,0.51493164677432,0.373337671560963,0.548043526549706,0.618805067649119,0.576348979702622,0.579047704762719,0.622098105616803,0.585818903482782,0.570173180425035,0.576348979702622,0.631723626070232,0.575087677980257,0.618638199192466,0.583396553880647,0.555759008084471,0.6274224002371,0.460833765606903,0.350996549816844,0.592743328008215,0.592765004514722,0.616603273791127,0.630471740080381,0.499672334540689,0.53703671136258,0.554761888785158,0.585818903482782,0.557751891901441,0.526492946997889,0.55615866867319,0.50256621589843,0.618006667723207,0.576348979702622,0.524936302874369,0.532977108128352,0.418222089115828,0.547918886637291,0.632746486221022,0.628680718730256,0.584810945930216,0.531373046646849,0.531373046646849,0.627217215845633,0.498309424194074,0.598719993349214,0.574987424137663,0.576594845477675,0.425742495639849,0.576594845477675,0.440626289493882,0.60249963095409
"53",0.576670062955254,0.552443857370587,0.576348979702622,0.379574679873799,0.630267235789306,0.600600641634618,0.531373046646849,0.584615857371654,0.604221038203568,0.408403850971736,0.576670062955254,0.572420248376429,0.538301400039086,0.500267828817881,0.628180336899272,0.348242061943758,0.576594845477675,0.531373046646849,0.574987424137663,0.583396553880647,0.580853628711067,0.538445684285522,0.549674683664343,0.550926501915111,0.631849620764303,0.531373046646849,0.603698815937496,0.633110922486667,0.408241277172935,0.625510062253965,0.631075363047513,0.58705852869864,0.584357771466058,0.577931364677619,0.492258359663616,0.555420312670302,0.536841622804019,0.582517300585464,0.351867384498811,0.527519879622339,0.53702858267264,0.362287544004273,0.576348979702622,0.601141895873403,0.610472724220872,0.554515318523643,0.434917239592652,0.576348979702622,0.586282374287531,0.550116342484419,0.51493164677432,0.373337671560963,0.548043526549706,0.618805067649119,0.576348979702622,0.579047704762719,0.622098105616803,0.587918815050629,0.570173180425035,0.576348979702622,0.631723626070232,0.575087677980257,0.618638199192466,0.583396553880647,0.555759008084471,0.6274224002371,0.460833765606903,0.350996549816844,0.59400462973058,0.592765004514722,0.622098105616803,0.630471740080381,0.499672334540689,0.53703671136258,0.554761888785158,0.585818903482782,0.557751891901441,0.526492946997889,0.55615866867319,0.50256621589843,0.618006667723207,0.576348979702622,0.524936302874369,0.532977108128352,0.418222089115828,0.547918886637291,0.632746486221022,0.628680718730256,0.584810945930216,0.531373046646849,0.531373046646849,0.627217215845633,0.498309424194074,0.598719993349214,0.574987424137663,0.576594845477675,0.425742495639849,0.576594845477675,0.440626289493882,0.60249963095409
"54",0.576670062955254,0.552443857370587,0.576348979702622,0.379574679873799,0.630267235789306,0.600600641634618,0.531373046646849,0.584615857371654,0.604221038203568,0.408403850971736,0.576670062955254,0.572420248376429,0.538301400039086,0.500267828817881,0.628180336899272,0.348242061943758,0.576594845477675,0.531373046646849,0.574987424137663,0.583396553880647,0.583231270518532,0.538445684285522,0.549674683664343,0.550926501915111,0.631849620764303,0.531373046646849,0.603698815937496,0.633110922486667,0.408241277172935,0.625510062253965,0.631075363047513,0.58705852869864,0.584357771466058,0.577931364677619,0.492258359663616,0.555420312670302,0.536841622804019,0.582517300585464,0.351867384498811,0.527519879622339,0.53702858267264,0.362287544004273,0.576348979702622,0.601141895873403,0.610472724220872,0.554515318523643,0.434917239592652,0.576348979702622,0.586282374287531,0.550116342484419,0.51493164677432,0.373337671560963,0.548043526549706,0.618805067649119,0.576348979702622,0.579047704762719,0.625187007794022,0.587918815050629,0.570173180425035,0.576348979702622,0.631723626070232,0.582033779012197,0.618638199192466,0.583396553880647,0.555759008084471,0.6274224002371,0.460833765606903,0.350996549816844,0.59400462973058,0.592765004514722,0.622098105616803,0.630471740080381,0.499672334540689,0.53703671136258,0.554761888785158,0.585818903482782,0.557751891901441,0.526492946997889,0.55615866867319,0.50256621589843,0.618006667723207,0.576348979702622,0.524936302874369,0.532977108128352,0.418222089115828,0.547918886637291,0.633356137966526,0.628680718730256,0.584810945930216,0.531373046646849,0.531373046646849,0.627217215845633,0.498309424194074,0.598719993349214,0.574987424137663,0.576594845477675,0.425742495639849,0.576594845477675,0.440626289493882,0.60249963095409
"55",0.576670062955254,0.552443857370587,0.576348979702622,0.379574679873799,0.630267235789306,0.600600641634618,0.531373046646849,0.584615857371654,0.604221038203568,0.408403850971736,0.576670062955254,0.572420248376429,0.538301400039086,0.500267828817881,0.628180336899272,0.348242061943758,0.576888833097174,0.531373046646849,0.574987424137663,0.583396553880647,0.583231270518532,0.538445684285522,0.549674683664343,0.550926501915111,0.631849620764303,0.531373046646849,0.604444690978578,0.633110922486667,0.408241277172935,0.630462324347867,0.631075363047513,0.58705852869864,0.584357771466058,0.577931364677619,0.492258359663616,0.555420312670302,0.536841622804019,0.582517300585464,0.351867384498811,0.527519879622339,0.53702858267264,0.362287544004273,0.576348979702622,0.601141895873403,0.610472724220872,0.554515318523643,0.434917239592652,0.576348979702622,0.614303060464904,0.550116342484419,0.51493164677432,0.373337671560963,0.548043526549706,0.62371842718775,0.576348979702622,0.579047704762719,0.625187007794022,0.587918815050629,0.570173180425035,0.576348979702622,0.631723626070232,0.583616163987194,0.618638199192466,0.583396553880647,0.555759008084471,0.6274224002371,0.460833765606903,0.350996549816844,0.59400462973058,0.592765004514722,0.622098105616803,0.630471740080381,0.499672334540689,0.53703671136258,0.554761888785158,0.592765004514722,0.557751891901441,0.526492946997889,0.55615866867319,0.50256621589843,0.618006667723207,0.576348979702622,0.524936302874369,0.532977108128352,0.418222089115828,0.547918886637291,0.633356137966526,0.628680718730256,0.584810945930216,0.531373046646849,0.531373046646849,0.627217215845633,0.498309424194074,0.598719993349214,0.574987424137663,0.576594845477675,0.425742495639849,0.576594845477675,0.440626289493882,0.624555476324763
"56",0.576670062955254,0.552443857370587,0.576348979702622,0.379574679873799,0.630267235789306,0.600600641634618,0.531373046646849,0.584615857371654,0.604221038203568,0.408403850971736,0.576670062955254,0.572420248376429,0.538301400039086,0.500267828817881,0.628180336899272,0.348242061943758,0.578319482526623,0.531373046646849,0.574987424137663,0.583396553880647,0.583231270518532,0.538445684285522,0.549674683664343,0.550926501915111,0.631849620764303,0.531373046646849,0.604444690978578,0.633110922486667,0.408241277172935,0.630462324347867,0.631075363047513,0.58705852869864,0.584357771466058,0.577931364677619,0.492258359663616,0.555420312670302,0.536841622804019,0.582517300585464,0.351867384498811,0.527519879622339,0.53702858267264,0.362287544004273,0.576348979702622,0.601141895873403,0.611218599261955,0.554515318523643,0.434917239592652,0.576348979702622,0.614303060464904,0.550116342484419,0.51493164677432,0.373337671560963,0.548043526549706,0.62371842718775,0.576348979702622,0.579047704762719,0.625187007794022,0.587918815050629,0.570173180425035,0.576348979702622,0.631723626070232,0.583616163987194,0.620347730425941,0.583396553880647,0.555759008084471,0.628770407985492,0.460833765606903,0.350996549816844,0.59400462973058,0.592765004514722,0.622098105616803,0.630471740080381,0.499672334540689,0.53703671136258,0.554761888785158,0.592765004514722,0.557751891901441,0.526492946997889,0.55615866867319,0.50256621589843,0.618006667723207,0.576348979702622,0.524936302874369,0.532977108128352,0.418222089115828,0.547918886637291,0.633356137966526,0.628680718730256,0.584810945930216,0.531373046646849,0.531373046646849,0.627217215845633,0.498309424194074,0.598719993349214,0.574987424137663,0.576594845477675,0.425742495639849,0.576594845477675,0.440626289493882,0.624555476324763
"57",0.576670062955254,0.552443857370587,0.576348979702622,0.379574679873799,0.630267235789306,0.600600641634618,0.531373046646849,0.584615857371654,0.604221038203568,0.408403850971736,0.611636850164567,0.572420248376429,0.538301400039086,0.500267828817881,0.628180336899272,0.348242061943758,0.579033452459691,0.531373046646849,0.574987424137663,0.583396553880647,0.583231270518532,0.538445684285522,0.549674683664343,0.550926501915111,0.631849620764303,0.531373046646849,0.604444690978578,0.633110922486667,0.408241277172935,0.630462324347867,0.631075363047513,0.58705852869864,0.584357771466058,0.577931364677619,0.492258359663616,0.555420312670302,0.536841622804019,0.582517300585464,0.351867384498811,0.527519879622339,0.53702858267264,0.362287544004273,0.576348979702622,0.601141895873403,0.611218599261955,0.554515318523643,0.434917239592652,0.576348979702622,0.614303060464904,0.550116342484419,0.51493164677432,0.373337671560963,0.548043526549706,0.630267235789306,0.576348979702622,0.579047704762719,0.625187007794022,0.587918815050629,0.570173180425035,0.576348979702622,0.631723626070232,0.583616163987194,0.626807329364969,0.583396553880647,0.555759008084471,0.628770407985492,0.460833765606903,0.350996549816844,0.59400462973058,0.592765004514722,0.622098105616803,0.630471740080381,0.499672334540689,0.53703671136258,0.554761888785158,0.592765004514722,0.557751891901441,0.526492946997889,0.55615866867319,0.50256621589843,0.618006667723207,0.576348979702622,0.524936302874369,0.532977108128352,0.418222089115828,0.547918886637291,0.633356137966526,0.628680718730256,0.584810945930216,0.531373046646849,0.531373046646849,0.627217215845633,0.498309424194074,0.598719993349214,0.574987424137663,0.576594845477675,0.425742495639849,0.576594845477675,0.440626289493882,0.624555476324763
"58",0.576670062955254,0.552443857370587,0.576348979702622,0.379574679873799,0.630267235789306,0.600600641634618,0.531373046646849,0.584615857371654,0.604221038203568,0.408403850971736,0.611636850164567,0.572420248376429,0.538301400039086,0.500267828817881,0.628180336899272,0.348242061943758,0.580968080665423,0.531373046646849,0.574987424137663,0.583396553880647,0.618106674995539,0.538445684285522,0.549674683664343,0.550926501915111,0.631849620764303,0.531373046646849,0.604444690978578,0.633110922486667,0.408241277172935,0.630462324347867,0.631075363047513,0.58705852869864,0.584357771466058,0.577931364677619,0.492258359663616,0.555420312670302,0.536841622804019,0.582517300585464,0.351867384498811,0.527519879622339,0.53702858267264,0.362287544004273,0.576348979702622,0.601141895873403,0.613181677882477,0.554515318523643,0.434917239592652,0.576348979702622,0.61979789229058,0.550116342484419,0.51493164677432,0.373337671560963,0.548043526549706,0.630267235789306,0.576348979702622,0.579047704762719,0.625187007794022,0.589180116772993,0.570173180425035,0.576348979702622,0.631723626070232,0.583616163987194,0.626807329364969,0.583396553880647,0.555759008084471,0.629344158017094,0.460833765606903,0.350996549816844,0.59400462973058,0.592765004514722,0.622098105616803,0.630471740080381,0.499672334540689,0.53703671136258,0.554761888785158,0.592765004514722,0.557751891901441,0.526492946997889,0.55615866867319,0.50256621589843,0.61853503256931,0.576348979702622,0.524936302874369,0.532977108128352,0.418222089115828,0.547918886637291,0.633356137966526,0.628680718730256,0.584810945930216,0.531373046646849,0.531373046646849,0.627217215845633,0.498309424194074,0.598719993349214,0.574987424137663,0.576888833097174,0.425742495639849,0.576888833097174,0.440626289493882,0.624555476324763
"59",0.611636850164567,0.552443857370587,0.576348979702622,0.379574679873799,0.630267235789306,0.600600641634618,0.531373046646849,0.584615857371654,0.604221038203568,0.408403850971736,0.617131681990243,0.572420248376429,0.538301400039086,0.500267828817881,0.628180336899272,0.348242061943758,0.580968080665423,0.531373046646849,0.574987424137663,0.583396553880647,0.623115099563019,0.538445684285522,0.549674683664343,0.550926501915111,0.631849620764303,0.531373046646849,0.604867382855461,0.633110922486667,0.408241277172935,0.630462324347867,0.631075363047513,0.58705852869864,0.584357771466058,0.577931364677619,0.492258359663616,0.555420312670302,0.536841622804019,0.589463401617404,0.351867384498811,0.527519879622339,0.53702858267264,0.362287544004273,0.576348979702622,0.601141895873403,0.613181677882477,0.554515318523643,0.434917239592652,0.576348979702622,0.61979789229058,0.550116342484419,0.51493164677432,0.373337671560963,0.548043526549706,0.630267235789306,0.576348979702622,0.579047704762719,0.625187007794022,0.589180116772993,0.570173180425035,0.576348979702622,0.631723626070232,0.583616163987194,0.626807329364969,0.583396553880647,0.555759008084471,0.629344158017094,0.460833765606903,0.350996549816844,0.59400462973058,0.592765004514722,0.622373126293108,0.630471740080381,0.499672334540689,0.53703671136258,0.554761888785158,0.592765004514722,0.557751891901441,0.526492946997889,0.55615866867319,0.50256621589843,0.61853503256931,0.576348979702622,0.524936302874369,0.532977108128352,0.418222089115828,0.547918886637291,0.633356137966526,0.628680718730256,0.584810945930216,0.531373046646849,0.531373046646849,0.627217215845633,0.498309424194074,0.598719993349214,0.574987424137663,0.578319482526623,0.425742495639849,0.578319482526623,0.440626289493882,0.624555476324763
"60",0.618185658766123,0.552443857370587,0.576348979702622,0.379574679873799,0.633356137966526,0.600600641634618,0.531373046646849,0.584615857371654,0.604221038203568,0.408403850971736,0.617131681990243,0.572420248376429,0.538301400039086,0.500267828817881,0.628180336899272,0.348242061943758,0.580968080665423,0.531373046646849,0.574987424137663,0.583396553880647,0.623115099563019,0.538445684285522,0.549674683664343,0.550926501915111,0.633110922486667,0.531373046646849,0.604867382855461,0.633110922486667,0.408241277172935,0.630462324347867,0.631075363047513,0.58705852869864,0.584357771466058,0.577931364677619,0.492258359663616,0.555420312670302,0.536841622804019,0.589463401617404,0.351867384498811,0.527519879622339,0.53702858267264,0.362287544004273,0.576348979702622,0.601141895873403,0.613181677882477,0.554515318523643,0.434917239592652,0.576348979702622,0.61979789229058,0.550116342484419,0.51493164677432,0.373337671560963,0.548043526549706,0.630267235789306,0.576348979702622,0.579047704762719,0.625187007794022,0.589180116772993,0.570173180425035,0.576348979702622,0.631723626070232,0.583616163987194,0.626807329364969,0.583396553880647,0.555759008084471,0.629344158017094,0.460833765606903,0.350996549816844,0.59400462973058,0.592765004514722,0.622373126293108,0.630471740080381,0.499672334540689,0.53703671136258,0.554761888785158,0.597678364053353,0.557751891901441,0.526492946997889,0.55615866867319,0.50256621589843,0.61853503256931,0.576348979702622,0.524936302874369,0.532977108128352,0.418222089115828,0.547918886637291,0.633356137966526,0.628680718730256,0.584810945930216,0.531373046646849,0.531373046646849,0.627859788785394,0.498309424194074,0.598719993349214,0.574987424137663,0.579033452459691,0.425742495639849,0.579033452459691,0.440626289493882,0.626431848919258
"61",0.618185658766123,0.552443857370587,0.576348979702622,0.379574679873799,0.633356137966526,0.600600641634618,0.531373046646849,0.584615857371654,0.604221038203568,0.408403850971736,0.61923159355809,0.572420248376429,0.538301400039086,0.500267828817881,0.628180336899272,0.348242061943758,0.580968080665423,0.531373046646849,0.574987424137663,0.583396553880647,0.623115099563019,0.538445684285522,0.549674683664343,0.550926501915111,0.633110922486667,0.531373046646849,0.604867382855461,0.633110922486667,0.408241277172935,0.630462324347867,0.631075363047513,0.58705852869864,0.584357771466058,0.577931364677619,0.492258359663616,0.555420312670302,0.536841622804019,0.589463401617404,0.351867384498811,0.527519879622339,0.53702858267264,0.362287544004273,0.576348979702622,0.601141895873403,0.613601660196047,0.554515318523643,0.434917239592652,0.576348979702622,0.61979789229058,0.550116342484419,0.51493164677432,0.373337671560963,0.548043526549706,0.630267235789306,0.576348979702622,0.581147616330566,0.625187007794022,0.589180116772993,0.570173180425035,0.576348979702622,0.631723626070232,0.583616163987194,0.626807329364969,0.583396553880647,0.555759008084471,0.629344158017094,0.460833765606903,0.350996549816844,0.59400462973058,0.592765004514722,0.622373126293108,0.630471740080381,0.499672334540689,0.53703671136258,0.554761888785158,0.601201487299354,0.557751891901441,0.526492946997889,0.55615866867319,0.50256621589843,0.61853503256931,0.576348979702622,0.524936302874369,0.532977108128352,0.418222089115828,0.547918886637291,0.633356137966526,0.628680718730256,0.584810945930216,0.531373046646849,0.531373046646849,0.632214734420777,0.498309424194074,0.598719993349214,0.574987424137663,0.580968080665423,0.425742495639849,0.580968080665423,0.440626289493882,0.626431848919258
"62",0.623680490591799,0.552443857370587,0.576348979702622,0.379574679873799,0.633356137966526,0.600600641634618,0.531373046646849,0.584615857371654,0.604221038203568,0.408403850971736,0.61923159355809,0.572420248376429,0.538301400039086,0.500267828817881,0.628180336899272,0.348242061943758,0.580968080665423,0.531373046646849,0.574987424137663,0.583396553880647,0.628609931388695,0.538445684285522,0.549674683664343,0.550926501915111,0.633110922486667,0.531373046646849,0.604867382855461,0.633110922486667,0.408241277172935,0.631723626070232,0.631075363047513,0.58705852869864,0.584357771466058,0.577931364677619,0.492258359663616,0.555420312670302,0.536841622804019,0.589463401617404,0.351867384498811,0.527519879622339,0.53702858267264,0.362287544004273,0.576348979702622,0.601141895873403,0.613601660196047,0.554515318523643,0.434917239592652,0.576348979702622,0.61979789229058,0.550116342484419,0.51493164677432,0.373337671560963,0.548043526549706,0.630840985820908,0.576348979702622,0.58240891805293,0.625932882835105,0.589180116772993,0.570173180425035,0.576348979702622,0.631723626070232,0.583616163987194,0.628770407985492,0.583396553880647,0.555759008084471,0.629344158017094,0.460833765606903,0.350996549816844,0.59400462973058,0.592765004514722,0.624082657526583,0.630471740080381,0.499672334540689,0.53703671136258,0.554761888785158,0.626919035176907,0.557751891901441,0.526492946997889,0.55615866867319,0.50256621589843,0.61853503256931,0.576348979702622,0.524936302874369,0.532977108128352,0.418222089115828,0.547918886637291,0.633356137966526,0.628680718730256,0.584810945930216,0.531373046646849,0.531373046646849,0.633320236252624,0.498309424194074,0.598719993349214,0.574987424137663,0.580968080665423,0.425742495639849,0.580968080665423,0.440626289493882,0.626431848919258
"63",0.623680490591799,0.552443857370587,0.576348979702622,0.379574679873799,0.633356137966526,0.600600641634618,0.531373046646849,0.584615857371654,0.604221038203568,0.408403850971736,0.61923159355809,0.572420248376429,0.538301400039086,0.500267828817881,0.628180336899272,0.348242061943758,0.580968080665423,0.531373046646849,0.574987424137663,0.583396553880647,0.628609931388695,0.538445684285522,0.549674683664343,0.550926501915111,0.633110922486667,0.531373046646849,0.604867382855461,0.633110922486667,0.408241277172935,0.631723626070232,0.631075363047513,0.58705852869864,0.584357771466058,0.577931364677619,0.492258359663616,0.555420312670302,0.536841622804019,0.615852321028395,0.351867384498811,0.527519879622339,0.53702858267264,0.362287544004273,0.576348979702622,0.601141895873403,0.613601660196047,0.554515318523643,0.434917239592652,0.576348979702622,0.626346700892136,0.550116342484419,0.51493164677432,0.373337671560963,0.548043526549706,0.630840985820908,0.576348979702622,0.58240891805293,0.625932882835105,0.589180116772993,0.570173180425035,0.576348979702622,0.631723626070232,0.611636850164567,0.628770407985492,0.583396553880647,0.555759008084471,0.629344158017094,0.460833765606903,0.350996549816844,0.59400462973058,0.592765004514722,0.630267235789306,0.630471740080381,0.499672334540689,0.53703671136258,0.554761888785158,0.626919035176907,0.557751891901441,0.526492946997889,0.55615866867319,0.50256621589843,0.61853503256931,0.576348979702622,0.524936302874369,0.532977108128352,0.418222089115828,0.547918886637291,0.633356137966526,0.628680718730256,0.584810945930216,0.531373046646849,0.531373046646849,0.633929887998128,0.498309424194074,0.598719993349214,0.574987424137663,0.580968080665423,0.425742495639849,0.580968080665423,0.440626289493882,0.626431848919258
"64",0.623680490591799,0.552443857370587,0.576348979702622,0.379574679873799,0.633356137966526,0.600600641634618,0.531373046646849,0.584615857371654,0.604221038203568,0.408403850971736,0.61923159355809,0.572420248376429,0.538301400039086,0.500267828817881,0.628180336899272,0.348242061943758,0.580968080665423,0.531373046646849,0.574987424137663,0.583396553880647,0.628609931388695,0.538445684285522,0.549674683664343,0.550926501915111,0.633110922486667,0.531373046646849,0.604867382855461,0.633110922486667,0.408241277172935,0.631723626070232,0.631075363047513,0.58705852869864,0.584357771466058,0.577931364677619,0.492258359663616,0.555420312670302,0.536841622804019,0.615852321028395,0.351867384498811,0.527519879622339,0.53702858267264,0.362287544004273,0.576348979702622,0.601141895873403,0.620833484679379,0.554515318523643,0.434917239592652,0.576348979702622,0.626346700892136,0.550116342484419,0.51493164677432,0.373337671560963,0.548043526549706,0.633894663675054,0.576348979702622,0.58240891805293,0.625932882835105,0.589180116772993,0.570173180425035,0.576348979702622,0.631723626070232,0.611636850164567,0.628770407985492,0.583396553880647,0.555759008084471,0.629344158017094,0.460833765606903,0.350996549816844,0.59400462973058,0.597678364053353,0.630267235789306,0.630471740080381,0.499672334540689,0.53703671136258,0.554761888785158,0.626919035176907,0.557751891901441,0.526492946997889,0.55615866867319,0.50256621589843,0.61853503256931,0.576348979702622,0.524936302874369,0.532977108128352,0.418222089115828,0.547918886637291,0.633356137966526,0.628680718730256,0.584810945930216,0.531373046646849,0.531373046646849,0.633929887998128,0.498309424194074,0.598719993349214,0.574987424137663,0.580968080665423,0.425742495639849,0.580968080665423,0.440626289493882,0.626431848919258
"65",0.625780402159646,0.552443857370587,0.576348979702622,0.379574679873799,0.633356137966526,0.600600641634618,0.531373046646849,0.584615857371654,0.604221038203568,0.408403850971736,0.620941124791565,0.572420248376429,0.538301400039086,0.500267828817881,0.628180336899272,0.348242061943758,0.580968080665423,0.531373046646849,0.574987424137663,0.583396553880647,0.628609931388695,0.538445684285522,0.549674683664343,0.550926501915111,0.633110922486667,0.531373046646849,0.604867382855461,0.633110922486667,0.408241277172935,0.631723626070232,0.631075363047513,0.58705852869864,0.584357771466058,0.577931364677619,0.492258359663616,0.555420312670302,0.536841622804019,0.622401129629951,0.351867384498811,0.527519879622339,0.53702858267264,0.362287544004273,0.576348979702622,0.601141895873403,0.620833484679379,0.554515318523643,0.434917239592652,0.576348979702622,0.628056232125612,0.550116342484419,0.51493164677432,0.373337671560963,0.548043526549706,0.633894663675054,0.576348979702622,0.58240891805293,0.625932882835105,0.589180116772993,0.570173180425035,0.576348979702622,0.631723626070232,0.617131681990243,0.630031709707856,0.583396553880647,0.555759008084471,0.629764140330663,0.460833765606903,0.350996549816844,0.59400462973058,0.597678364053353,0.630267235789306,0.630471740080381,0.499672334540689,0.53703671136258,0.554761888785158,0.626919035176907,0.557751891901441,0.526492946997889,0.55615866867319,0.50256621589843,0.619796334291675,0.576348979702622,0.524936302874369,0.532977108128352,0.418222089115828,0.547918886637291,0.633356137966526,0.628680718730256,0.584810945930216,0.531373046646849,0.531373046646849,0.633929887998128,0.498309424194074,0.598719993349214,0.574987424137663,0.580968080665423,0.425742495639849,0.580968080665423,0.440626289493882,0.62700559895086
"66",0.625780402159646,0.552443857370587,0.576348979702622,0.379574679873799,0.633356137966526,0.600600641634618,0.531373046646849,0.584615857371654,0.604221038203568,0.408403850971736,0.627400723730593,0.572420248376429,0.538301400039086,0.500267828817881,0.628180336899272,0.348242061943758,0.580968080665423,0.531373046646849,0.574987424137663,0.583396553880647,0.628609931388695,0.538445684285522,0.549674683664343,0.550926501915111,0.633110922486667,0.531373046646849,0.604867382855461,0.633110922486667,0.408241277172935,0.631723626070232,0.631075363047513,0.58705852869864,0.584357771466058,0.577931364677619,0.492258359663616,0.555420312670302,0.536841622804019,0.622401129629951,0.351867384498811,0.527519879622339,0.53702858267264,0.362287544004273,0.576348979702622,0.601141895873403,0.620833484679379,0.554515318523643,0.434917239592652,0.576348979702622,0.63451583106464,0.550116342484419,0.51493164677432,0.373337671560963,0.548043526549706,0.633894663675054,0.576348979702622,0.58240891805293,0.627895961455627,0.589180116772993,0.570173180425035,0.576348979702622,0.631723626070232,0.617131681990243,0.630031709707856,0.583396553880647,0.555759008084471,0.629764140330663,0.460833765606903,0.350996549816844,0.59400462973058,0.601201487299354,0.630840985820908,0.630471740080381,0.499672334540689,0.53703671136258,0.554761888785158,0.626919035176907,0.557751891901441,0.526492946997889,0.55615866867319,0.50256621589843,0.619796334291675,0.576348979702622,0.524936302874369,0.532977108128352,0.418222089115828,0.547918886637291,0.633356137966526,0.628680718730256,0.584810945930216,0.531373046646849,0.531373046646849,0.63589296661865,0.498309424194074,0.598719993349214,0.574987424137663,0.580968080665423,0.425742495639849,0.580968080665423,0.440626289493882,0.62700559895086
"67",0.627041703882011,0.552443857370587,0.576348979702622,0.379574679873799,0.633356137966526,0.600600641634618,0.531373046646849,0.584615857371654,0.604221038203568,0.408403850971736,0.627400723730593,0.572420248376429,0.538301400039086,0.500267828817881,0.628180336899272,0.348242061943758,0.580968080665423,0.531373046646849,0.574987424137663,0.583396553880647,0.628609931388695,0.538445684285522,0.549674683664343,0.550926501915111,0.633110922486667,0.531373046646849,0.604867382855461,0.633110922486667,0.408241277172935,0.631723626070232,0.631075363047513,0.58705852869864,0.584357771466058,0.577931364677619,0.492258359663616,0.555420312670302,0.536841622804019,0.627895961455627,0.351867384498811,0.527519879622339,0.53702858267264,0.362287544004273,0.576348979702622,0.601141895873403,0.622486318300523,0.554515318523643,0.434917239592652,0.576348979702622,0.63451583106464,0.550116342484419,0.51493164677432,0.373337671560963,0.548043526549706,0.634314645988623,0.576348979702622,0.58240891805293,0.627895961455627,0.589180116772993,0.570173180425035,0.576348979702622,0.631723626070232,0.617131681990243,0.630031709707856,0.583396553880647,0.555759008084471,0.629764140330663,0.460833765606903,0.350996549816844,0.59400462973058,0.625322488669253,0.630840985820908,0.630471740080381,0.499672334540689,0.53703671136258,0.554761888785158,0.626919035176907,0.557751891901441,0.526492946997889,0.55615866867319,0.50256621589843,0.619796334291675,0.576348979702622,0.524936302874369,0.532977108128352,0.418222089115828,0.547918886637291,0.633929887998128,0.628680718730256,0.584810945930216,0.531373046646849,0.531373046646849,0.637154268341015,0.498309424194074,0.598719993349214,0.574987424137663,0.580968080665423,0.425742495639849,0.580968080665423,0.440626289493882,0.62700559895086
"68",0.627041703882011,0.552443857370587,0.576348979702622,0.379574679873799,0.63461743968889,0.600600641634618,0.531373046646849,0.584615857371654,0.604221038203568,0.408403850971736,0.627400723730593,0.572420248376429,0.538301400039086,0.500267828817881,0.628180336899272,0.348242061943758,0.580968080665423,0.531373046646849,0.574987424137663,0.583396553880647,0.631319494702046,0.538445684285522,0.549674683664343,0.550926501915111,0.633110922486667,0.531373046646849,0.606404789079456,0.633110922486667,0.408241277172935,0.631723626070232,0.631075363047513,0.58705852869864,0.584357771466058,0.577931364677619,0.492258359663616,0.555420312670302,0.536841622804019,0.627895961455627,0.351867384498811,0.527519879622339,0.53702858267264,0.362287544004273,0.576348979702622,0.601141895873403,0.622486318300523,0.554515318523643,0.434917239592652,0.576348979702622,0.63451583106464,0.550116342484419,0.51493164677432,0.373337671560963,0.548043526549706,0.634314645988623,0.576348979702622,0.58240891805293,0.627895961455627,0.589180116772993,0.570173180425035,0.576348979702622,0.631723626070232,0.617131681990243,0.630031709707856,0.583396553880647,0.555759008084471,0.629764140330663,0.460833765606903,0.350996549816844,0.59400462973058,0.631871297270809,0.630840985820908,0.630471740080381,0.499672334540689,0.53703671136258,0.554761888785158,0.626919035176907,0.557751891901441,0.526492946997889,0.55615866867319,0.50256621589843,0.619796334291675,0.576348979702622,0.524936302874369,0.532977108128352,0.418222089115828,0.547918886637291,0.633929887998128,0.628680718730256,0.584810945930216,0.531373046646849,0.531373046646849,0.637154268341015,0.498309424194074,0.598719993349214,0.574987424137663,0.580968080665423,0.425742495639849,0.580968080665423,0.440626289493882,0.62700559895086
"69",0.627041703882011,0.552443857370587,0.576348979702622,0.379574679873799,0.63461743968889,0.600600641634618,0.531373046646849,0.584615857371654,0.604221038203568,0.408403850971736,0.627400723730593,0.572420248376429,0.538301400039086,0.500267828817881,0.628180336899272,0.348242061943758,0.580968080665423,0.531373046646849,0.574987424137663,0.583396553880647,0.631319494702046,0.538445684285522,0.549674683664343,0.550926501915111,0.633110922486667,0.531373046646849,0.610767186013951,0.633110922486667,0.408241277172935,0.631723626070232,0.631075363047513,0.58705852869864,0.584357771466058,0.577931364677619,0.492258359663616,0.555420312670302,0.536841622804019,0.627895961455627,0.351867384498811,0.527519879622339,0.53702858267264,0.362287544004273,0.576348979702622,0.601141895873403,0.622486318300523,0.554515318523643,0.434917239592652,0.576348979702622,0.63451583106464,0.550116342484419,0.51493164677432,0.373337671560963,0.548043526549706,0.634314645988623,0.576348979702622,0.58240891805293,0.627895961455627,0.589180116772993,0.570173180425035,0.576348979702622,0.631723626070232,0.618602974869392,0.630031709707856,0.583396553880647,0.555759008084471,0.629764140330663,0.460833765606903,0.350996549816844,0.59400462973058,0.631871297270809,0.630840985820908,0.630471740080381,0.499672334540689,0.53703671136258,0.554761888785158,0.629018946744754,0.557751891901441,0.526492946997889,0.55615866867319,0.50256621589843,0.619796334291675,0.576348979702622,0.524936302874369,0.532977108128352,0.418222089115828,0.547918886637291,0.63589296661865,0.628680718730256,0.584810945930216,0.531373046646849,0.531373046646849,0.637154268341015,0.498309424194074,0.598719993349214,0.574987424137663,0.580968080665423,0.425742495639849,0.580968080665423,0.440626289493882,0.62700559895086
"70",0.627041703882011,0.552443857370587,0.576348979702622,0.379574679873799,0.63461743968889,0.600600641634618,0.531373046646849,0.584615857371654,0.604221038203568,0.408403850971736,0.627400723730593,0.572420248376429,0.538301400039086,0.500267828817881,0.628180336899272,0.348242061943758,0.580968080665423,0.531373046646849,0.574987424137663,0.583396553880647,0.631319494702046,0.538445684285522,0.549674683664343,0.550926501915111,0.633110922486667,0.531373046646849,0.621894007760225,0.633110922486667,0.408241277172935,0.631723626070232,0.631075363047513,0.58705852869864,0.584357771466058,0.577931364677619,0.492258359663616,0.555420312670302,0.536841622804019,0.627895961455627,0.351867384498811,0.527519879622339,0.53702858267264,0.362287544004273,0.576348979702622,0.601141895873403,0.624330176135258,0.554515318523643,0.434917239592652,0.576348979702622,0.636277047218317,0.550116342484419,0.51493164677432,0.373337671560963,0.548043526549706,0.634314645988623,0.576348979702622,0.58240891805293,0.627895961455627,0.589180116772993,0.570173180425035,0.576348979702622,0.631723626070232,0.618602974869392,0.630031709707856,0.583396553880647,0.555759008084471,0.629764140330663,0.460833765606903,0.350996549816844,0.59400462973058,0.631871297270809,0.630840985820908,0.630471740080381,0.499672334540689,0.53703671136258,0.554761888785158,0.629018946744754,0.557751891901441,0.526492946997889,0.55615866867319,0.50256621589843,0.619796334291675,0.576348979702622,0.524936302874369,0.532977108128352,0.418222089115828,0.547918886637291,0.63589296661865,0.628680718730256,0.584810945930216,0.531373046646849,0.531373046646849,0.637154268341015,0.498309424194074,0.598719993349214,0.574987424137663,0.580968080665423,0.425742495639849,0.580968080665423,0.440626289493882,0.62700559895086
"71",0.627041703882011,0.552443857370587,0.576348979702622,0.379574679873799,0.63461743968889,0.600600641634618,0.531373046646849,0.584615857371654,0.604221038203568,0.408403850971736,0.627400723730593,0.572420248376429,0.538301400039086,0.500267828817881,0.628180336899272,0.348242061943758,0.580968080665423,0.531373046646849,0.574987424137663,0.583396553880647,0.631594515378351,0.538445684285522,0.549674683664343,0.550926501915111,0.633110922486667,0.531373046646849,0.621894007760225,0.633110922486667,0.408241277172935,0.631723626070232,0.631075363047513,0.58705852869864,0.584357771466058,0.577931364677619,0.492258359663616,0.555420312670302,0.536841622804019,0.628170982131932,0.351867384498811,0.527519879622339,0.53702858267264,0.362287544004273,0.576348979702622,0.601141895873403,0.624330176135258,0.554515318523643,0.434917239592652,0.576348979702622,0.636277047218317,0.550116342484419,0.51493164677432,0.373337671560963,0.548043526549706,0.635575947710988,0.576348979702622,0.58240891805293,0.628170982131932,0.589180116772993,0.570173180425035,0.576348979702622,0.631723626070232,0.618602974869392,0.630031709707856,0.583396553880647,0.555759008084471,0.629764140330663,0.460833765606903,0.350996549816844,0.59400462973058,0.631871297270809,0.630840985820908,0.630471740080381,0.499672334540689,0.53703671136258,0.554761888785158,0.629018946744754,0.557751891901441,0.526492946997889,0.55615866867319,0.50256621589843,0.619796334291675,0.576348979702622,0.524936302874369,0.532977108128352,0.418222089115828,0.547918886637291,0.63589296661865,0.628680718730256,0.584810945930216,0.531373046646849,0.531373046646849,0.637154268341015,0.498309424194074,0.598719993349214,0.574987424137663,0.580968080665423,0.425742495639849,0.580968080665423,0.440626289493882,0.62700559895086
"72",0.627041703882011,0.552443857370587,0.576348979702622,0.379574679873799,0.63461743968889,0.600600641634618,0.531373046646849,0.584615857371654,0.604221038203568,0.408403850971736,0.627400723730593,0.572420248376429,0.538301400039086,0.500267828817881,0.628180336899272,0.348242061943758,0.580968080665423,0.531373046646849,0.574987424137663,0.583396553880647,0.631594515378351,0.538445684285522,0.549674683664343,0.550926501915111,0.633110922486667,0.531373046646849,0.622192059724693,0.633110922486667,0.408241277172935,0.631723626070232,0.631075363047513,0.58705852869864,0.584357771466058,0.577931364677619,0.492258359663616,0.555420312670302,0.536841622804019,0.628170982131932,0.351867384498811,0.527519879622339,0.53702858267264,0.362287544004273,0.576348979702622,0.601141895873403,0.624330176135258,0.554515318523643,0.434917239592652,0.576348979702622,0.636277047218317,0.550116342484419,0.51493164677432,0.373337671560963,0.548043526549706,0.635575947710988,0.576348979702622,0.58240891805293,0.628170982131932,0.589180116772993,0.570173180425035,0.576348979702622,0.631723626070232,0.620312506102868,0.630031709707856,0.583396553880647,0.555759008084471,0.631025442053028,0.460833765606903,0.350996549816844,0.59400462973058,0.631871297270809,0.633894663675054,0.630471740080381,0.499672334540689,0.53703671136258,0.554761888785158,0.629018946744754,0.557751891901441,0.526492946997889,0.55615866867319,0.50256621589843,0.619796334291675,0.576348979702622,0.524936302874369,0.532977108128352,0.418222089115828,0.547918886637291,0.63589296661865,0.628680718730256,0.584810945930216,0.531373046646849,0.531373046646849,0.637154268341015,0.498309424194074,0.598719993349214,0.574987424137663,0.580968080665423,0.425742495639849,0.580968080665423,0.440626289493882,0.62700559895086
"73",0.627041703882011,0.552443857370587,0.576348979702622,0.379574679873799,0.63461743968889,0.600600641634618,0.531373046646849,0.584615857371654,0.604221038203568,0.408403850971736,0.633949532332149,0.572420248376429,0.538301400039086,0.500267828817881,0.628180336899272,0.348242061943758,0.580968080665423,0.531373046646849,0.574987424137663,0.583396553880647,0.631594515378351,0.538445684285522,0.549674683664343,0.550926501915111,0.633110922486667,0.531373046646849,0.633894663675054,0.633110922486667,0.408241277172935,0.631723626070232,0.631075363047513,0.58705852869864,0.584357771466058,0.577931364677619,0.492258359663616,0.555420312670302,0.536841622804019,0.629432283854297,0.351867384498811,0.527519879622339,0.53702858267264,0.362287544004273,0.576348979702622,0.601141895873403,0.624330176135258,0.554515318523643,0.434917239592652,0.576348979702622,0.636277047218317,0.550116342484419,0.51493164677432,0.373337671560963,0.548043526549706,0.635575947710988,0.576348979702622,0.58240891805293,0.628170982131932,0.589180116772993,0.570173180425035,0.576348979702622,0.631723626070232,0.626772105041896,0.630031709707856,0.583396553880647,0.555759008084471,0.631025442053028,0.460833765606903,0.350996549816844,0.59400462973058,0.631871297270809,0.633894663675054,0.630471740080381,0.499672334540689,0.53703671136258,0.554761888785158,0.629018946744754,0.557751891901441,0.526492946997889,0.55615866867319,0.50256621589843,0.619796334291675,0.576348979702622,0.524936302874369,0.532977108128352,0.418222089115828,0.547918886637291,0.63589296661865,0.628680718730256,0.584810945930216,0.531373046646849,0.531373046646849,0.637154268341015,0.498309424194074,0.598719993349214,0.574987424137663,0.580968080665423,0.425742495639849,0.580968080665423,0.440626289493882,0.62700559895086
"74",0.627041703882011,0.552443857370587,0.576348979702622,0.379574679873799,0.63461743968889,0.600600641634618,0.531373046646849,0.584615857371654,0.604221038203568,0.408403850971736,0.635319216587048,0.572420248376429,0.538301400039086,0.500267828817881,0.628180336899272,0.348242061943758,0.580968080665423,0.531373046646849,0.574987424137663,0.583396553880647,0.631594515378351,0.538445684285522,0.549674683664343,0.550926501915111,0.633110922486667,0.531373046646849,0.633894663675054,0.633110922486667,0.408241277172935,0.631723626070232,0.631075363047513,0.58705852869864,0.584357771466058,0.577931364677619,0.492258359663616,0.555420312670302,0.536841622804019,0.629432283854297,0.351867384498811,0.527519879622339,0.53702858267264,0.362287544004273,0.576348979702622,0.601141895873403,0.624330176135258,0.554515318523643,0.434917239592652,0.576348979702622,0.636277047218317,0.550116342484419,0.51493164677432,0.373337671560963,0.548043526549706,0.635575947710988,0.576348979702622,0.58240891805293,0.628170982131932,0.589180116772993,0.570173180425035,0.576348979702622,0.631723626070232,0.626772105041896,0.630031709707856,0.583396553880647,0.555759008084471,0.631025442053028,0.460833765606903,0.350996549816844,0.59400462973058,0.633971208838656,0.633894663675054,0.630471740080381,0.499672334540689,0.53703671136258,0.554761888785158,0.630366954493146,0.557751891901441,0.526492946997889,0.55615866867319,0.50256621589843,0.619796334291675,0.576348979702622,0.524936302874369,0.532977108128352,0.418222089115828,0.547918886637291,0.63589296661865,0.628680718730256,0.584810945930216,0.531373046646849,0.531373046646849,0.637154268341015,0.498309424194074,0.598719993349214,0.574987424137663,0.580968080665423,0.425742495639849,0.580968080665423,0.440626289493882,0.62700559895086
"75",0.627041703882011,0.552443857370587,0.576348979702622,0.379574679873799,0.63461743968889,0.600600641634618,0.531373046646849,0.584615857371654,0.604221038203568,0.408403850971736,0.635319216587048,0.572420248376429,0.538301400039086,0.500267828817881,0.628180336899272,0.348242061943758,0.580968080665423,0.531373046646849,0.574987424137663,0.583396553880647,0.631594515378351,0.538445684285522,0.549674683664343,0.550926501915111,0.633110922486667,0.531373046646849,0.633894663675054,0.633110922486667,0.408241277172935,0.631723626070232,0.631075363047513,0.58705852869864,0.584357771466058,0.577931364677619,0.492258359663616,0.555420312670302,0.536841622804019,0.629432283854297,0.351867384498811,0.527519879622339,0.53702858267264,0.362287544004273,0.576348979702622,0.601141895873403,0.624330176135258,0.554515318523643,0.434917239592652,0.576348979702622,0.636277047218317,0.550116342484419,0.51493164677432,0.373337671560963,0.548043526549706,0.635575947710988,0.576348979702622,0.58240891805293,0.629432283854297,0.589180116772993,0.570173180425035,0.576348979702622,0.631723626070232,0.626772105041896,0.630031709707856,0.583396553880647,0.555759008084471,0.631025442053028,0.460833765606903,0.350996549816844,0.59400462973058,0.633971208838656,0.633894663675054,0.630471740080381,0.499672334540689,0.53703671136258,0.554761888785158,0.630366954493146,0.557751891901441,0.526492946997889,0.55615866867319,0.50256621589843,0.619796334291675,0.576348979702622,0.524936302874369,0.532977108128352,0.418222089115828,0.547918886637291,0.63589296661865,0.628680718730256,0.584810945930216,0.531373046646849,0.531373046646849,0.637154268341015,0.498309424194074,0.598719993349214,0.574987424137663,0.580968080665423,0.425742495639849,0.580968080665423,0.440626289493882,0.633783571579207
"76",0.627041703882011,0.552443857370587,0.576348979702622,0.379574679873799,0.63461743968889,0.600600641634618,0.531373046646849,0.584615857371654,0.604221038203568,0.408403850971736,0.641230128955122,0.572420248376429,0.538301400039086,0.500267828817881,0.628180336899272,0.348242061943758,0.580968080665423,0.531373046646849,0.574987424137663,0.583396553880647,0.632874784043909,0.538445684285522,0.549674683664343,0.550926501915111,0.633110922486667,0.531373046646849,0.633894663675054,0.633110922486667,0.408241277172935,0.631723626070232,0.631075363047513,0.58705852869864,0.584357771466058,0.577931364677619,0.492258359663616,0.555420312670302,0.536841622804019,0.629432283854297,0.351867384498811,0.527519879622339,0.53702858267264,0.362287544004273,0.576348979702622,0.601141895873403,0.624330176135258,0.554515318523643,0.434917239592652,0.576348979702622,0.637538348940682,0.550116342484419,0.51493164677432,0.373337671560963,0.548043526549706,0.635575947710988,0.576348979702622,0.58240891805293,0.629432283854297,0.589180116772993,0.570173180425035,0.576348979702622,0.631723626070232,0.62803340676426,0.630031709707856,0.583396553880647,0.555759008084471,0.631025442053028,0.460833765606903,0.350996549816844,0.59400462973058,0.633971208838656,0.633894663675054,0.630471740080381,0.499672334540689,0.53703671136258,0.554761888785158,0.63627786686122,0.557751891901441,0.526492946997889,0.55615866867319,0.50256621589843,0.619796334291675,0.576348979702622,0.524936302874369,0.532977108128352,0.418222089115828,0.547918886637291,0.63589296661865,0.628680718730256,0.584810945930216,0.531373046646849,0.531373046646849,0.637154268341015,0.498309424194074,0.598719993349214,0.574987424137663,0.580968080665423,0.425742495639849,0.580968080665423,0.440626289493882,0.633783571579207
"77",0.627041703882011,0.552443857370587,0.576348979702622,0.379574679873799,0.63461743968889,0.600600641634618,0.531373046646849,0.584615857371654,0.604221038203568,0.408403850971736,0.641230128955122,0.572420248376429,0.538301400039086,0.500267828817881,0.628180336899272,0.348242061943758,0.580968080665423,0.531373046646849,0.574987424137663,0.583396553880647,0.634136085766274,0.538445684285522,0.549674683664343,0.550926501915111,0.633110922486667,0.531373046646849,0.635155965397419,0.633110922486667,0.408241277172935,0.631723626070232,0.631075363047513,0.58705852869864,0.584357771466058,0.577931364677619,0.492258359663616,0.555420312670302,0.536841622804019,0.629432283854297,0.351867384498811,0.527519879622339,0.53702858267264,0.362287544004273,0.576348979702622,0.601141895873403,0.624330176135258,0.554515318523643,0.434917239592652,0.576348979702622,0.637538348940682,0.550116342484419,0.51493164677432,0.373337671560963,0.548043526549706,0.635575947710988,0.576348979702622,0.58240891805293,0.629432283854297,0.589180116772993,0.570173180425035,0.576348979702622,0.631723626070232,0.62803340676426,0.630031709707856,0.583396553880647,0.555759008084471,0.631025442053028,0.460833765606903,0.350996549816844,0.59400462973058,0.635319216587048,0.633894663675054,0.630471740080381,0.499672334540689,0.53703671136258,0.554761888785158,0.63627786686122,0.557751891901441,0.526492946997889,0.55615866867319,0.50256621589843,0.619796334291675,0.576348979702622,0.524936302874369,0.532977108128352,0.418222089115828,0.547918886637291,0.63589296661865,0.628680718730256,0.584810945930216,0.531373046646849,0.531373046646849,0.637154268341015,0.498309424194074,0.598719993349214,0.574987424137663,0.580968080665423,0.425742495639849,0.580968080665423,0.440626289493882,0.633783571579207
"78",0.627041703882011,0.552443857370587,0.576348979702622,0.379574679873799,0.63461743968889,0.600600641634618,0.531373046646849,0.584615857371654,0.604221038203568,0.408403850971736,0.641230128955122,0.572420248376429,0.538301400039086,0.500267828817881,0.628180336899272,0.348242061943758,0.580968080665423,0.531373046646849,0.574987424137663,0.583396553880647,0.634136085766274,0.538445684285522,0.549674683664343,0.550926501915111,0.633110922486667,0.531373046646849,0.635155965397419,0.633110922486667,0.408241277172935,0.631723626070232,0.631075363047513,0.58705852869864,0.584357771466058,0.577931364677619,0.492258359663616,0.555420312670302,0.536841622804019,0.629432283854297,0.351867384498811,0.527519879622339,0.53702858267264,0.362287544004273,0.576348979702622,0.601141895873403,0.624330176135258,0.554515318523643,0.434917239592652,0.576348979702622,0.637538348940682,0.550116342484419,0.51493164677432,0.373337671560963,0.548043526549706,0.635575947710988,0.576348979702622,0.58240891805293,0.629432283854297,0.589180116772993,0.570173180425035,0.576348979702622,0.631723626070232,0.62803340676426,0.630031709707856,0.583396553880647,0.555759008084471,0.631025442053028,0.460833765606903,0.350996549816844,0.59400462973058,0.635319216587048,0.633894663675054,0.630471740080381,0.499672334540689,0.53703671136258,0.554761888785158,0.63627786686122,0.557751891901441,0.526492946997889,0.55615866867319,0.50256621589843,0.619796334291675,0.576348979702622,0.524936302874369,0.532977108128352,0.418222089115828,0.547918886637291,0.63589296661865,0.628680718730256,0.584810945930216,0.531373046646849,0.531373046646849,0.637154268341015,0.498309424194074,0.598719993349214,0.574987424137663,0.580968080665423,0.425742495639849,0.580968080665423,0.440626289493882,0.633783571579207
"79",0.627041703882011,0.552443857370587,0.576348979702622,0.379574679873799,0.63461743968889,0.600600641634618,0.531373046646849,0.584615857371654,0.604221038203568,0.408403850971736,0.641230128955122,0.572420248376429,0.538301400039086,0.500267828817881,0.628180336899272,0.348242061943758,0.580968080665423,0.531373046646849,0.574987424137663,0.583396553880647,0.634136085766274,0.538445684285522,0.549674683664343,0.550926501915111,0.633110922486667,0.531373046646849,0.635155965397419,0.633110922486667,0.408241277172935,0.631723626070232,0.631075363047513,0.58705852869864,0.584357771466058,0.577931364677619,0.492258359663616,0.555420312670302,0.536841622804019,0.629432283854297,0.351867384498811,0.527519879622339,0.53702858267264,0.362287544004273,0.576348979702622,0.601141895873403,0.624330176135258,0.554515318523643,0.434917239592652,0.576348979702622,0.637538348940682,0.550116342484419,0.51493164677432,0.373337671560963,0.548043526549706,0.635575947710988,0.576348979702622,0.58240891805293,0.629432283854297,0.589180116772993,0.570173180425035,0.576348979702622,0.631723626070232,0.62803340676426,0.630031709707856,0.583396553880647,0.555759008084471,0.631025442053028,0.460833765606903,0.350996549816844,0.59400462973058,0.635319216587048,0.633894663675054,0.630471740080381,0.499672334540689,0.53703671136258,0.554761888785158,0.637539168583585,0.557751891901441,0.526492946997889,0.55615866867319,0.50256621589843,0.619796334291675,0.576348979702622,0.524936302874369,0.532977108128352,0.418222089115828,0.547918886637291,0.63589296661865,0.628680718730256,0.584810945930216,0.531373046646849,0.531373046646849,0.637154268341015,0.498309424194074,0.598719993349214,0.574987424137663,0.580968080665423,0.425742495639849,0.580968080665423,0.440626289493882,0.633783571579207
"80",0.627041703882011,0.552443857370587,0.576348979702622,0.379574679873799,0.63461743968889,0.600600641634618,0.531373046646849,0.584615857371654,0.604221038203568,0.408403850971736,0.641230128955122,0.572420248376429,0.538301400039086,0.500267828817881,0.628180336899272,0.348242061943758,0.580968080665423,0.531373046646849,0.574987424137663,0.583396553880647,0.634136085766274,0.538445684285522,0.549674683664343,0.550926501915111,0.633110922486667,0.531373046646849,0.635155965397419,0.633110922486667,0.408241277172935,0.631723626070232,0.631075363047513,0.58705852869864,0.584357771466058,0.577931364677619,0.492258359663616,0.555420312670302,0.536841622804019,0.629432283854297,0.351867384498811,0.527519879622339,0.53702858267264,0.362287544004273,0.576348979702622,0.601141895873403,0.625591477857623,0.554515318523643,0.434917239592652,0.576348979702622,0.637538348940682,0.550116342484419,0.51493164677432,0.373337671560963,0.548043526549706,0.635575947710988,0.576348979702622,0.58240891805293,0.629432283854297,0.589180116772993,0.570173180425035,0.576348979702622,0.631723626070232,0.62803340676426,0.630031709707856,0.583396553880647,0.555759008084471,0.631025442053028,0.460833765606903,0.350996549816844,0.59400462973058,0.635319216587048,0.633894663675054,0.630471740080381,0.499672334540689,0.53703671136258,0.554761888785158,0.637539168583585,0.557751891901441,0.526492946997889,0.55615866867319,0.50256621589843,0.619796334291675,0.576348979702622,0.524936302874369,0.532977108128352,0.418222089115828,0.547918886637291,0.63589296661865,0.628680718730256,0.584810945930216,0.531373046646849,0.531373046646849,0.637154268341015,0.498309424194074,0.598719993349214,0.574987424137663,0.580968080665423,0.425742495639849,0.580968080665423,0.440626289493882,0.633783571579207
"81",0.627041703882011,0.552443857370587,0.576348979702622,0.379574679873799,0.63461743968889,0.600600641634618,0.531373046646849,0.584615857371654,0.604221038203568,0.408403850971736,0.641230128955122,0.572420248376429,0.538301400039086,0.500267828817881,0.628180336899272,0.348242061943758,0.580968080665423,0.531373046646849,0.574987424137663,0.583396553880647,0.634136085766274,0.538445684285522,0.549674683664343,0.550926501915111,0.633110922486667,0.531373046646849,0.635155965397419,0.633110922486667,0.408241277172935,0.631723626070232,0.631075363047513,0.58705852869864,0.584357771466058,0.577931364677619,0.492258359663616,0.555420312670302,0.536841622804019,0.629432283854297,0.351867384498811,0.527519879622339,0.53702858267264,0.362287544004273,0.576348979702622,0.601141895873403,0.625591477857623,0.554515318523643,0.434917239592652,0.576348979702622,0.637538348940682,0.550116342484419,0.51493164677432,0.373337671560963,0.548043526549706,0.635575947710988,0.576348979702622,0.58240891805293,0.629432283854297,0.589180116772993,0.570173180425035,0.576348979702622,0.631723626070232,0.62803340676426,0.630031709707856,0.583396553880647,0.555759008084471,0.631025442053028,0.460833765606903,0.350996549816844,0.59400462973058,0.635319216587048,0.635155965397419,0.630471740080381,0.499672334540689,0.53703671136258,0.554761888785158,0.637539168583585,0.557751891901441,0.526492946997889,0.55615866867319,0.50256621589843,0.619796334291675,0.576348979702622,0.524936302874369,0.532977108128352,0.418222089115828,0.547918886637291,0.63589296661865,0.628680718730256,0.584810945930216,0.531373046646849,0.531373046646849,0.637154268341015,0.498309424194074,0.598719993349214,0.574987424137663,0.580968080665423,0.425742495639849,0.580968080665423,0.440626289493882,0.633783571579207
"82",0.627041703882011,0.552443857370587,0.576348979702622,0.379574679873799,0.63461743968889,0.600600641634618,0.531373046646849,0.584615857371654,0.604221038203568,0.408403850971736,0.641230128955122,0.572420248376429,0.538301400039086,0.500267828817881,0.628180336899272,0.348242061943758,0.629405554012211,0.531373046646849,0.574987424137663,0.583396553880647,0.634136085766274,0.538445684285522,0.549674683664343,0.550926501915111,0.633110922486667,0.531373046646849,0.635155965397419,0.633110922486667,0.408241277172935,0.631723626070232,0.631075363047513,0.58705852869864,0.584357771466058,0.577931364677619,0.492258359663616,0.555420312670302,0.536841622804019,0.629432283854297,0.351867384498811,0.527519879622339,0.53702858267264,0.362287544004273,0.576348979702622,0.601141895873403,0.625591477857623,0.554515318523643,0.434917239592652,0.576348979702622,0.637538348940682,0.550116342484419,0.51493164677432,0.373337671560963,0.548043526549706,0.635575947710988,0.576348979702622,0.58240891805293,0.629432283854297,0.589180116772993,0.570173180425035,0.576348979702622,0.631723626070232,0.62803340676426,0.630031709707856,0.583396553880647,0.555759008084471,0.631025442053028,0.460833765606903,0.350996549816844,0.59400462973058,0.636580518309413,0.635155965397419,0.630471740080381,0.499672334540689,0.53703671136258,0.554761888785158,0.637539168583585,0.557751891901441,0.526492946997889,0.55615866867319,0.50256621589843,0.619796334291675,0.576348979702622,0.524936302874369,0.532977108128352,0.418222089115828,0.547918886637291,0.63589296661865,0.628680718730256,0.584810945930216,0.531373046646849,0.531373046646849,0.637154268341015,0.498309424194074,0.598719993349214,0.574987424137663,0.580968080665423,0.425742495639849,0.580968080665423,0.440626289493882,0.641803878986724
"83",0.627041703882011,0.552443857370587,0.576348979702622,0.379574679873799,0.63461743968889,0.600600641634618,0.531373046646849,0.584615857371654,0.604221038203568,0.408403850971736,0.641230128955122,0.572420248376429,0.538301400039086,0.500267828817881,0.628180336899272,0.348242061943758,0.629405554012211,0.531373046646849,0.574987424137663,0.583396553880647,0.634136085766274,0.538445684285522,0.549674683664343,0.550926501915111,0.633110922486667,0.531373046646849,0.635155965397419,0.633110922486667,0.408241277172935,0.631723626070232,0.631075363047513,0.58705852869864,0.584357771466058,0.577931364677619,0.492258359663616,0.555420312670302,0.536841622804019,0.629432283854297,0.351867384498811,0.527519879622339,0.53702858267264,0.362287544004273,0.576348979702622,0.601141895873403,0.625591477857623,0.554515318523643,0.434917239592652,0.576348979702622,0.637538348940682,0.550116342484419,0.51493164677432,0.373337671560963,0.548043526549706,0.635575947710988,0.576348979702622,0.58240891805293,0.629432283854297,0.589180116772993,0.570173180425035,0.576348979702622,0.631723626070232,0.62803340676426,0.630031709707856,0.583396553880647,0.555759008084471,0.631025442053028,0.460833765606903,0.350996549816844,0.59400462973058,0.636580518309413,0.635155965397419,0.630471740080381,0.499672334540689,0.53703671136258,0.554761888785158,0.637539168583585,0.557751891901441,0.526492946997889,0.55615866867319,0.50256621589843,0.619796334291675,0.576348979702622,0.524936302874369,0.532977108128352,0.418222089115828,0.547918886637291,0.63589296661865,0.628680718730256,0.584810945930216,0.531373046646849,0.531373046646849,0.637154268341015,0.498309424194074,0.598719993349214,0.574987424137663,0.580968080665423,0.425742495639849,0.580968080665423,0.440626289493882,0.641803878986724
"84",0.627041703882011,0.552443857370587,0.576348979702622,0.379574679873799,0.63461743968889,0.600600641634618,0.531373046646849,0.584615857371654,0.604221038203568,0.408403850971736,0.641230128955122,0.572420248376429,0.538301400039086,0.500267828817881,0.628180336899272,0.348242061943758,0.63003546651739,0.531373046646849,0.574987424137663,0.583396553880647,0.634136085766274,0.538445684285522,0.549674683664343,0.550926501915111,0.633110922486667,0.531373046646849,0.635155965397419,0.633110922486667,0.408241277172935,0.631723626070232,0.631075363047513,0.58705852869864,0.584357771466058,0.577931364677619,0.492258359663616,0.555420312670302,0.536841622804019,0.629432283854297,0.351867384498811,0.527519879622339,0.53702858267264,0.362287544004273,0.576348979702622,0.601141895873403,0.625591477857623,0.554515318523643,0.434917239592652,0.576348979702622,0.637538348940682,0.550116342484419,0.51493164677432,0.373337671560963,0.548043526549706,0.635575947710988,0.576348979702622,0.58240891805293,0.629432283854297,0.589180116772993,0.570173180425035,0.576348979702622,0.631723626070232,0.62803340676426,0.630031709707856,0.583396553880647,0.555759008084471,0.631025442053028,0.460833765606903,0.350996549816844,0.59400462973058,0.636580518309413,0.635155965397419,0.630471740080381,0.499672334540689,0.53703671136258,0.554761888785158,0.637539168583585,0.557751891901441,0.526492946997889,0.55615866867319,0.50256621589843,0.619796334291675,0.576348979702622,0.524936302874369,0.532977108128352,0.418222089115828,0.547918886637291,0.637154268341015,0.628680718730256,0.584810945930216,0.531373046646849,0.531373046646849,0.637154268341015,0.498309424194074,0.598719993349214,0.574987424137663,0.580968080665423,0.425742495639849,0.580968080665423,0.440626289493882,0.641803878986724
"85",0.627041703882011,0.552443857370587,0.576348979702622,0.379574679873799,0.63461743968889,0.600600641634618,0.531373046646849,0.584615857371654,0.604221038203568,0.408403850971736,0.641230128955122,0.572420248376429,0.538301400039086,0.500267828817881,0.628180336899272,0.348242061943758,0.63757181882151,0.531373046646849,0.574987424137663,0.583396553880647,0.634136085766274,0.538445684285522,0.549674683664343,0.550926501915111,0.633110922486667,0.531373046646849,0.635155965397419,0.633110922486667,0.408241277172935,0.631723626070232,0.631075363047513,0.58705852869864,0.584357771466058,0.577931364677619,0.492258359663616,0.555420312670302,0.536841622804019,0.629432283854297,0.351867384498811,0.527519879622339,0.53702858267264,0.362287544004273,0.576348979702622,0.601141895873403,0.625591477857623,0.554515318523643,0.434917239592652,0.576348979702622,0.637538348940682,0.550116342484419,0.51493164677432,0.373337671560963,0.548043526549706,0.635575947710988,0.576348979702622,0.58240891805293,0.629432283854297,0.589180116772993,0.570173180425035,0.576348979702622,0.631723626070232,0.62803340676426,0.630031709707856,0.583396553880647,0.555759008084471,0.631025442053028,0.460833765606903,0.350996549816844,0.59400462973058,0.636580518309413,0.635155965397419,0.630471740080381,0.499672334540689,0.53703671136258,0.554761888785158,0.637539168583585,0.557751891901441,0.526492946997889,0.55615866867319,0.50256621589843,0.619796334291675,0.576348979702622,0.524936302874369,0.532977108128352,0.418222089115828,0.547918886637291,0.637154268341015,0.628680718730256,0.584810945930216,0.531373046646849,0.531373046646849,0.637154268341015,0.498309424194074,0.598719993349214,0.574987424137663,0.580968080665423,0.425742495639849,0.580968080665423,0.440626289493882,0.641803878986724
"86",0.627041703882011,0.552443857370587,0.576348979702622,0.379574679873799,0.63461743968889,0.600600641634618,0.531373046646849,0.584615857371654,0.604221038203568,0.408403850971736,0.641230128955122,0.572420248376429,0.538301400039086,0.500267828817881,0.628180336899272,0.348242061943758,0.641950330883811,0.531373046646849,0.574987424137663,0.583396553880647,0.634136085766274,0.538445684285522,0.549674683664343,0.550926501915111,0.633110922486667,0.531373046646849,0.635155965397419,0.633110922486667,0.408241277172935,0.631723626070232,0.631075363047513,0.58705852869864,0.584357771466058,0.577931364677619,0.492258359663616,0.555420312670302,0.536841622804019,0.629432283854297,0.351867384498811,0.527519879622339,0.53702858267264,0.362287544004273,0.576348979702622,0.601141895873403,0.625591477857623,0.554515318523643,0.434917239592652,0.576348979702622,0.637538348940682,0.550116342484419,0.51493164677432,0.373337671560963,0.548043526549706,0.635575947710988,0.576348979702622,0.58240891805293,0.629432283854297,0.589180116772993,0.570173180425035,0.576348979702622,0.631723626070232,0.62803340676426,0.630031709707856,0.583396553880647,0.555759008084471,0.631025442053028,0.460833765606903,0.350996549816844,0.59400462973058,0.636580518309413,0.635155965397419,0.630471740080381,0.499672334540689,0.53703671136258,0.554761888785158,0.637539168583585,0.557751891901441,0.526492946997889,0.55615866867319,0.50256621589843,0.619796334291675,0.576348979702622,0.524936302874369,0.532977108128352,0.418222089115828,0.547918886637291,0.637154268341015,0.628680718730256,0.584810945930216,0.531373046646849,0.531373046646849,0.637154268341015,0.498309424194074,0.598719993349214,0.574987424137663,0.580968080665423,0.425742495639849,0.580968080665423,0.440626289493882,0.641803878986724
"87",0.627041703882011,0.552443857370587,0.576348979702622,0.379574679873799,0.63461743968889,0.600600641634618,0.531373046646849,0.584615857371654,0.604221038203568,0.408403850971736,0.641230128955122,0.572420248376429,0.538301400039086,0.500267828817881,0.628180336899272,0.348242061943758,0.641950330883811,0.531373046646849,0.574987424137663,0.583396553880647,0.634136085766274,0.538445684285522,0.549674683664343,0.550926501915111,0.633110922486667,0.531373046646849,0.635155965397419,0.633110922486667,0.408241277172935,0.631723626070232,0.631075363047513,0.58705852869864,0.584357771466058,0.577931364677619,0.492258359663616,0.555420312670302,0.536841622804019,0.629432283854297,0.351867384498811,0.527519879622339,0.53702858267264,0.362287544004273,0.576348979702622,0.601141895873403,0.625591477857623,0.554515318523643,0.434917239592652,0.576348979702622,0.637538348940682,0.550116342484419,0.51493164677432,0.373337671560963,0.548043526549706,0.635575947710988,0.576348979702622,0.58240891805293,0.629432283854297,0.589180116772993,0.570173180425035,0.576348979702622,0.631723626070232,0.62803340676426,0.630031709707856,0.583396553880647,0.555759008084471,0.631025442053028,0.460833765606903,0.350996549816844,0.59400462973058,0.636580518309413,0.635155965397419,0.630471740080381,0.499672334540689,0.53703671136258,0.554761888785158,0.637539168583585,0.557751891901441,0.526492946997889,0.55615866867319,0.50256621589843,0.619796334291675,0.576348979702622,0.524936302874369,0.532977108128352,0.418222089115828,0.547918886637291,0.637154268341015,0.628680718730256,0.584810945930216,0.531373046646849,0.531373046646849,0.637154268341015,0.498309424194074,0.598719993349214,0.574987424137663,0.629405554012211,0.425742495639849,0.580968080665423,0.440626289493882,0.641803878986724
"88",0.627041703882011,0.552443857370587,0.576348979702622,0.379574679873799,0.63461743968889,0.600600641634618,0.531373046646849,0.584615857371654,0.604221038203568,0.408403850971736,0.641230128955122,0.572420248376429,0.538301400039086,0.500267828817881,0.628180336899272,0.348242061943758,0.641950330883811,0.531373046646849,0.574987424137663,0.583396553880647,0.634136085766274,0.538445684285522,0.549674683664343,0.550926501915111,0.633110922486667,0.531373046646849,0.635155965397419,0.633110922486667,0.408241277172935,0.631723626070232,0.631075363047513,0.58705852869864,0.584357771466058,0.577931364677619,0.492258359663616,0.555420312670302,0.536841622804019,0.629432283854297,0.351867384498811,0.527519879622339,0.53702858267264,0.362287544004273,0.576348979702622,0.601141895873403,0.625591477857623,0.554515318523643,0.434917239592652,0.576348979702622,0.637538348940682,0.550116342484419,0.51493164677432,0.373337671560963,0.548043526549706,0.635575947710988,0.576348979702622,0.58240891805293,0.629432283854297,0.589180116772993,0.570173180425035,0.576348979702622,0.631723626070232,0.62803340676426,0.630031709707856,0.583396553880647,0.555759008084471,0.631025442053028,0.460833765606903,0.350996549816844,0.59400462973058,0.636580518309413,0.635155965397419,0.630471740080381,0.499672334540689,0.53703671136258,0.554761888785158,0.637539168583585,0.557751891901441,0.526492946997889,0.55615866867319,0.50256621589843,0.619796334291675,0.576348979702622,0.524936302874369,0.532977108128352,0.418222089115828,0.547918886637291,0.637154268341015,0.628680718730256,0.584810945930216,0.531373046646849,0.531373046646849,0.637154268341015,0.498309424194074,0.598719993349214,0.574987424137663,0.629405554012211,0.425742495639849,0.580968080665423,0.440626289493882,0.641803878986724
"89",0.627041703882011,0.552443857370587,0.576348979702622,0.379574679873799,0.63461743968889,0.600600641634618,0.531373046646849,0.584615857371654,0.604221038203568,0.408403850971736,0.641230128955122,0.572420248376429,0.538301400039086,0.500267828817881,0.628180336899272,0.348242061943758,0.641950330883811,0.531373046646849,0.574987424137663,0.583396553880647,0.634136085766274,0.538445684285522,0.549674683664343,0.550926501915111,0.633110922486667,0.531373046646849,0.635155965397419,0.633110922486667,0.408241277172935,0.631723626070232,0.631075363047513,0.58705852869864,0.584357771466058,0.577931364677619,0.492258359663616,0.555420312670302,0.536841622804019,0.629432283854297,0.351867384498811,0.527519879622339,0.53702858267264,0.362287544004273,0.576348979702622,0.601141895873403,0.625591477857623,0.554515318523643,0.434917239592652,0.576348979702622,0.637538348940682,0.550116342484419,0.51493164677432,0.373337671560963,0.548043526549706,0.635575947710988,0.576348979702622,0.58240891805293,0.629432283854297,0.589180116772993,0.570173180425035,0.576348979702622,0.631723626070232,0.62803340676426,0.630031709707856,0.583396553880647,0.555759008084471,0.631025442053028,0.460833765606903,0.350996549816844,0.59400462973058,0.636580518309413,0.635155965397419,0.630471740080381,0.499672334540689,0.53703671136258,0.554761888785158,0.637539168583585,0.557751891901441,0.526492946997889,0.55615866867319,0.50256621589843,0.619796334291675,0.576348979702622,0.524936302874369,0.532977108128352,0.418222089115828,0.547918886637291,0.637154268341015,0.628680718730256,0.584810945930216,0.531373046646849,0.531373046646849,0.637154268341015,0.498309424194074,0.598719993349214,0.574987424137663,0.63003546651739,0.425742495639849,0.629405554012211,0.440626289493882,0.641803878986724
"90",0.627041703882011,0.552443857370587,0.576348979702622,0.379574679873799,0.63461743968889,0.600600641634618,0.531373046646849,0.584615857371654,0.604221038203568,0.408403850971736,0.641230128955122,0.572420248376429,0.538301400039086,0.500267828817881,0.628180336899272,0.348242061943758,0.641950330883811,0.531373046646849,0.574987424137663,0.583396553880647,0.634136085766274,0.538445684285522,0.549674683664343,0.550926501915111,0.633110922486667,0.531373046646849,0.635155965397419,0.633110922486667,0.408241277172935,0.631723626070232,0.631075363047513,0.58705852869864,0.584357771466058,0.577931364677619,0.492258359663616,0.555420312670302,0.536841622804019,0.629432283854297,0.351867384498811,0.527519879622339,0.53702858267264,0.362287544004273,0.576348979702622,0.601141895873403,0.625591477857623,0.554515318523643,0.434917239592652,0.576348979702622,0.637538348940682,0.550116342484419,0.51493164677432,0.373337671560963,0.548043526549706,0.635575947710988,0.576348979702622,0.58240891805293,0.629432283854297,0.589180116772993,0.570173180425035,0.576348979702622,0.631723626070232,0.62803340676426,0.630031709707856,0.583396553880647,0.555759008084471,0.631025442053028,0.460833765606903,0.350996549816844,0.59400462973058,0.636580518309413,0.635155965397419,0.630471740080381,0.499672334540689,0.53703671136258,0.554761888785158,0.637539168583585,0.557751891901441,0.526492946997889,0.55615866867319,0.50256621589843,0.619796334291675,0.576348979702622,0.524936302874369,0.532977108128352,0.418222089115828,0.547918886637291,0.637154268341015,0.628680718730256,0.584810945930216,0.531373046646849,0.531373046646849,0.637154268341015,0.498309424194074,0.598719993349214,0.574987424137663,0.63757181882151,0.425742495639849,0.629405554012211,0.440626289493882,0.641803878986724
"91",0.627041703882011,0.552443857370587,0.576348979702622,0.379574679873799,0.63461743968889,0.600600641634618,0.531373046646849,0.584615857371654,0.604221038203568,0.408403850971736,0.641230128955122,0.572420248376429,0.538301400039086,0.500267828817881,0.628180336899272,0.348242061943758,0.641950330883811,0.531373046646849,0.574987424137663,0.583396553880647,0.634136085766274,0.538445684285522,0.549674683664343,0.550926501915111,0.633110922486667,0.531373046646849,0.635155965397419,0.633110922486667,0.408241277172935,0.631723626070232,0.631075363047513,0.58705852869864,0.584357771466058,0.577931364677619,0.492258359663616,0.555420312670302,0.536841622804019,0.629432283854297,0.351867384498811,0.527519879622339,0.53702858267264,0.362287544004273,0.576348979702622,0.601141895873403,0.625591477857623,0.554515318523643,0.434917239592652,0.576348979702622,0.637538348940682,0.550116342484419,0.51493164677432,0.373337671560963,0.548043526549706,0.635575947710988,0.576348979702622,0.58240891805293,0.629432283854297,0.589180116772993,0.570173180425035,0.576348979702622,0.631723626070232,0.62803340676426,0.630031709707856,0.583396553880647,0.555759008084471,0.631025442053028,0.460833765606903,0.350996549816844,0.59400462973058,0.636580518309413,0.635155965397419,0.630471740080381,0.499672334540689,0.53703671136258,0.554761888785158,0.637539168583585,0.557751891901441,0.526492946997889,0.55615866867319,0.50256621589843,0.619796334291675,0.576348979702622,0.524936302874369,0.532977108128352,0.418222089115828,0.547918886637291,0.637154268341015,0.628680718730256,0.584810945930216,0.531373046646849,0.531373046646849,0.637154268341015,0.498309424194074,0.598719993349214,0.574987424137663,0.641950330883811,0.425742495639849,0.63003546651739,0.440626289493882,0.641803878986724
"92",0.627041703882011,0.552443857370587,0.576348979702622,0.379574679873799,0.63461743968889,0.600600641634618,0.531373046646849,0.584615857371654,0.604221038203568,0.408403850971736,0.641230128955122,0.572420248376429,0.538301400039086,0.500267828817881,0.628180336899272,0.348242061943758,0.641950330883811,0.531373046646849,0.574987424137663,0.583396553880647,0.634136085766274,0.538445684285522,0.549674683664343,0.550926501915111,0.633110922486667,0.531373046646849,0.635155965397419,0.633110922486667,0.408241277172935,0.631723626070232,0.631075363047513,0.58705852869864,0.584357771466058,0.577931364677619,0.492258359663616,0.555420312670302,0.536841622804019,0.629432283854297,0.351867384498811,0.527519879622339,0.53702858267264,0.362287544004273,0.576348979702622,0.601141895873403,0.625591477857623,0.554515318523643,0.434917239592652,0.576348979702622,0.637538348940682,0.550116342484419,0.51493164677432,0.373337671560963,0.548043526549706,0.635575947710988,0.576348979702622,0.58240891805293,0.629432283854297,0.589180116772993,0.570173180425035,0.576348979702622,0.631723626070232,0.62803340676426,0.630031709707856,0.583396553880647,0.555759008084471,0.631025442053028,0.460833765606903,0.350996549816844,0.59400462973058,0.636580518309413,0.635155965397419,0.630471740080381,0.499672334540689,0.53703671136258,0.554761888785158,0.637539168583585,0.557751891901441,0.526492946997889,0.55615866867319,0.50256621589843,0.619796334291675,0.576348979702622,0.524936302874369,0.532977108128352,0.418222089115828,0.547918886637291,0.637154268341015,0.628680718730256,0.584810945930216,0.531373046646849,0.531373046646849,0.637154268341015,0.498309424194074,0.598719993349214,0.574987424137663,0.641950330883811,0.425742495639849,0.63757181882151,0.440626289493882,0.641803878986724
"93",0.627041703882011,0.552443857370587,0.576348979702622,0.379574679873799,0.63461743968889,0.600600641634618,0.531373046646849,0.584615857371654,0.604221038203568,0.408403850971736,0.641230128955122,0.572420248376429,0.538301400039086,0.500267828817881,0.628180336899272,0.348242061943758,0.641950330883811,0.531373046646849,0.574987424137663,0.583396553880647,0.634136085766274,0.538445684285522,0.549674683664343,0.550926501915111,0.633110922486667,0.531373046646849,0.635155965397419,0.633110922486667,0.408241277172935,0.631723626070232,0.631075363047513,0.58705852869864,0.584357771466058,0.577931364677619,0.492258359663616,0.555420312670302,0.536841622804019,0.629432283854297,0.351867384498811,0.527519879622339,0.53702858267264,0.362287544004273,0.576348979702622,0.601141895873403,0.625591477857623,0.554515318523643,0.434917239592652,0.576348979702622,0.637538348940682,0.550116342484419,0.51493164677432,0.373337671560963,0.548043526549706,0.635575947710988,0.576348979702622,0.58240891805293,0.629432283854297,0.589180116772993,0.570173180425035,0.576348979702622,0.631723626070232,0.62803340676426,0.630031709707856,0.583396553880647,0.555759008084471,0.631025442053028,0.460833765606903,0.350996549816844,0.59400462973058,0.636580518309413,0.635155965397419,0.630471740080381,0.499672334540689,0.53703671136258,0.554761888785158,0.637539168583585,0.557751891901441,0.526492946997889,0.55615866867319,0.50256621589843,0.619796334291675,0.576348979702622,0.524936302874369,0.532977108128352,0.418222089115828,0.547918886637291,0.637154268341015,0.628680718730256,0.584810945930216,0.531373046646849,0.531373046646849,0.637154268341015,0.498309424194074,0.598719993349214,0.574987424137663,0.641950330883811,0.425742495639849,0.641950330883811,0.440626289493882,0.641803878986724
"94",0.627041703882011,0.552443857370587,0.576348979702622,0.379574679873799,0.63461743968889,0.600600641634618,0.531373046646849,0.584615857371654,0.604221038203568,0.408403850971736,0.641524116574621,0.572420248376429,0.538301400039086,0.500267828817881,0.628180336899272,0.348242061943758,0.641950330883811,0.531373046646849,0.574987424137663,0.583396553880647,0.634136085766274,0.538445684285522,0.549674683664343,0.550926501915111,0.633110922486667,0.531373046646849,0.635155965397419,0.633110922486667,0.408241277172935,0.631723626070232,0.631075363047513,0.58705852869864,0.584357771466058,0.577931364677619,0.492258359663616,0.555420312670302,0.536841622804019,0.629432283854297,0.351867384498811,0.527519879622339,0.53702858267264,0.362287544004273,0.576348979702622,0.601141895873403,0.625591477857623,0.554515318523643,0.434917239592652,0.576348979702622,0.637538348940682,0.550116342484419,0.51493164677432,0.373337671560963,0.548043526549706,0.635575947710988,0.576348979702622,0.58240891805293,0.629432283854297,0.589180116772993,0.570173180425035,0.576348979702622,0.631723626070232,0.62803340676426,0.630031709707856,0.583396553880647,0.555759008084471,0.631025442053028,0.460833765606903,0.350996549816844,0.59400462973058,0.636580518309413,0.635155965397419,0.630471740080381,0.499672334540689,0.53703671136258,0.554761888785158,0.637539168583585,0.557751891901441,0.526492946997889,0.55615866867319,0.50256621589843,0.619796334291675,0.576348979702622,0.524936302874369,0.532977108128352,0.418222089115828,0.547918886637291,0.637154268341015,0.628680718730256,0.584810945930216,0.531373046646849,0.531373046646849,0.637154268341015,0.498309424194074,0.598719993349214,0.574987424137663,0.641950330883811,0.425742495639849,0.641950330883811,0.440626289493882,0.641803878986724
"95",0.627041703882011,0.552443857370587,0.576348979702622,0.379574679873799,0.63461743968889,0.600600641634618,0.531373046646849,0.584615857371654,0.604221038203568,0.408403850971736,0.642785418296986,0.572420248376429,0.538301400039086,0.500267828817881,0.628180336899272,0.348242061943758,0.641950330883811,0.531373046646849,0.574987424137663,0.583396553880647,0.634136085766274,0.538445684285522,0.549674683664343,0.550926501915111,0.633110922486667,0.531373046646849,0.635155965397419,0.633110922486667,0.408241277172935,0.631723626070232,0.631075363047513,0.58705852869864,0.584357771466058,0.577931364677619,0.492258359663616,0.555420312670302,0.536841622804019,0.629432283854297,0.351867384498811,0.527519879622339,0.53702858267264,0.362287544004273,0.576348979702622,0.601141895873403,0.625591477857623,0.554515318523643,0.434917239592652,0.576348979702622,0.637538348940682,0.550116342484419,0.51493164677432,0.373337671560963,0.548043526549706,0.635575947710988,0.576348979702622,0.58240891805293,0.629432283854297,0.589180116772993,0.570173180425035,0.576348979702622,0.631723626070232,0.62803340676426,0.630031709707856,0.583396553880647,0.555759008084471,0.631025442053028,0.460833765606903,0.350996549816844,0.59400462973058,0.636580518309413,0.635155965397419,0.630471740080381,0.499672334540689,0.53703671136258,0.554761888785158,0.637539168583585,0.557751891901441,0.526492946997889,0.55615866867319,0.50256621589843,0.619796334291675,0.576348979702622,0.524936302874369,0.532977108128352,0.418222089115828,0.547918886637291,0.637154268341015,0.628680718730256,0.584810945930216,0.531373046646849,0.531373046646849,0.637154268341015,0.498309424194074,0.598719993349214,0.574987424137663,0.641950330883811,0.425742495639849,0.641950330883811,0.440626289493882,0.641803878986724
"96",0.627041703882011,0.552443857370587,0.576348979702622,0.379574679873799,0.63461743968889,0.600600641634618,0.531373046646849,0.584615857371654,0.604221038203568,0.408403850971736,0.642785418296986,0.572420248376429,0.538301400039086,0.500267828817881,0.628180336899272,0.348242061943758,0.641950330883811,0.531373046646849,0.574987424137663,0.583396553880647,0.634136085766274,0.538445684285522,0.549674683664343,0.550926501915111,0.633110922486667,0.531373046646849,0.635155965397419,0.633110922486667,0.408241277172935,0.631723626070232,0.631075363047513,0.58705852869864,0.584357771466058,0.577931364677619,0.492258359663616,0.555420312670302,0.536841622804019,0.629432283854297,0.351867384498811,0.527519879622339,0.53702858267264,0.362287544004273,0.576348979702622,0.601141895873403,0.625591477857623,0.554515318523643,0.434917239592652,0.576348979702622,0.637538348940682,0.550116342484419,0.51493164677432,0.373337671560963,0.548043526549706,0.635575947710988,0.576348979702622,0.58240891805293,0.629432283854297,0.589180116772993,0.570173180425035,0.576348979702622,0.631723626070232,0.62803340676426,0.630031709707856,0.583396553880647,0.555759008084471,0.631025442053028,0.460833765606903,0.350996549816844,0.59400462973058,0.636580518309413,0.635155965397419,0.630471740080381,0.499672334540689,0.53703671136258,0.554761888785158,0.637539168583585,0.557751891901441,0.526492946997889,0.55615866867319,0.50256621589843,0.619796334291675,0.576348979702622,0.524936302874369,0.532977108128352,0.418222089115828,0.547918886637291,0.637154268341015,0.628680718730256,0.584810945930216,0.531373046646849,0.531373046646849,0.637154268341015,0.498309424194074,0.598719993349214,0.574987424137663,0.641950330883811,0.425742495639849,0.641950330883811,0.440626289493882,0.641803878986724
"97",0.627041703882011,0.552443857370587,0.576348979702622,0.379574679873799,0.63461743968889,0.600600641634618,0.531373046646849,0.584615857371654,0.604221038203568,0.408403850971736,0.642785418296986,0.572420248376429,0.538301400039086,0.500267828817881,0.628180336899272,0.348242061943758,0.641950330883811,0.531373046646849,0.574987424137663,0.583396553880647,0.634136085766274,0.538445684285522,0.549674683664343,0.550926501915111,0.633110922486667,0.531373046646849,0.635155965397419,0.633110922486667,0.408241277172935,0.631723626070232,0.631075363047513,0.58705852869864,0.584357771466058,0.577931364677619,0.492258359663616,0.555420312670302,0.536841622804019,0.629432283854297,0.351867384498811,0.527519879622339,0.53702858267264,0.362287544004273,0.576348979702622,0.601141895873403,0.625591477857623,0.554515318523643,0.434917239592652,0.576348979702622,0.637538348940682,0.550116342484419,0.51493164677432,0.373337671560963,0.548043526549706,0.635575947710988,0.576348979702622,0.58240891805293,0.629432283854297,0.589180116772993,0.570173180425035,0.576348979702622,0.631723626070232,0.62803340676426,0.630031709707856,0.583396553880647,0.555759008084471,0.631025442053028,0.460833765606903,0.350996549816844,0.59400462973058,0.636580518309413,0.635155965397419,0.630471740080381,0.499672334540689,0.53703671136258,0.554761888785158,0.637539168583585,0.557751891901441,0.526492946997889,0.55615866867319,0.50256621589843,0.619796334291675,0.576348979702622,0.524936302874369,0.532977108128352,0.418222089115828,0.547918886637291,0.637154268341015,0.628680718730256,0.584810945930216,0.531373046646849,0.531373046646849,0.637154268341015,0.498309424194074,0.598719993349214,0.574987424137663,0.641950330883811,0.425742495639849,0.641950330883811,0.440626289493882,0.641803878986724
"98",0.627041703882011,0.552443857370587,0.576348979702622,0.379574679873799,0.63461743968889,0.600600641634618,0.531373046646849,0.584615857371654,0.604221038203568,0.408403850971736,0.642785418296986,0.572420248376429,0.538301400039086,0.500267828817881,0.628180336899272,0.348242061943758,0.641950330883811,0.531373046646849,0.574987424137663,0.583396553880647,0.634136085766274,0.538445684285522,0.549674683664343,0.550926501915111,0.633110922486667,0.531373046646849,0.635155965397419,0.633110922486667,0.408241277172935,0.631723626070232,0.631075363047513,0.58705852869864,0.584357771466058,0.577931364677619,0.492258359663616,0.555420312670302,0.536841622804019,0.629432283854297,0.351867384498811,0.527519879622339,0.53702858267264,0.362287544004273,0.576348979702622,0.601141895873403,0.625591477857623,0.554515318523643,0.434917239592652,0.576348979702622,0.637538348940682,0.550116342484419,0.51493164677432,0.373337671560963,0.548043526549706,0.635575947710988,0.576348979702622,0.58240891805293,0.629432283854297,0.589180116772993,0.570173180425035,0.576348979702622,0.631723626070232,0.62803340676426,0.630031709707856,0.583396553880647,0.555759008084471,0.631025442053028,0.460833765606903,0.350996549816844,0.59400462973058,0.636580518309413,0.635155965397419,0.630471740080381,0.499672334540689,0.53703671136258,0.554761888785158,0.637539168583585,0.557751891901441,0.526492946997889,0.55615866867319,0.50256621589843,0.619796334291675,0.576348979702622,0.524936302874369,0.532977108128352,0.418222089115828,0.547918886637291,0.637154268341015,0.628680718730256,0.584810945930216,0.531373046646849,0.531373046646849,0.637154268341015,0.498309424194074,0.598719993349214,0.574987424137663,0.641950330883811,0.425742495639849,0.641950330883811,0.440626289493882,0.643065180709089
"99",0.627041703882011,0.552443857370587,0.576348979702622,0.379574679873799,0.63461743968889,0.600600641634618,0.531373046646849,0.584615857371654,0.604221038203568,0.408403850971736,0.642785418296986,0.572420248376429,0.538301400039086,0.500267828817881,0.628180336899272,0.348242061943758,0.641950330883811,0.531373046646849,0.574987424137663,0.583396553880647,0.634136085766274,0.538445684285522,0.549674683664343,0.550926501915111,0.633110922486667,0.531373046646849,0.635155965397419,0.633110922486667,0.408241277172935,0.631723626070232,0.631075363047513,0.58705852869864,0.584357771466058,0.577931364677619,0.492258359663616,0.555420312670302,0.536841622804019,0.629432283854297,0.351867384498811,0.527519879622339,0.53702858267264,0.362287544004273,0.576348979702622,0.601141895873403,0.625591477857623,0.554515318523643,0.434917239592652,0.576348979702622,0.637538348940682,0.550116342484419,0.51493164677432,0.373337671560963,0.548043526549706,0.635575947710988,0.576348979702622,0.58240891805293,0.629432283854297,0.589180116772993,0.570173180425035,0.576348979702622,0.631723626070232,0.62803340676426,0.630031709707856,0.583396553880647,0.555759008084471,0.631025442053028,0.460833765606903,0.350996549816844,0.59400462973058,0.636580518309413,0.635155965397419,0.630471740080381,0.499672334540689,0.53703671136258,0.554761888785158,0.637539168583585,0.557751891901441,0.526492946997889,0.55615866867319,0.50256621589843,0.619796334291675,0.576348979702622,0.524936302874369,0.532977108128352,0.418222089115828,0.547918886637291,0.637154268341015,0.628680718730256,0.584810945930216,0.531373046646849,0.531373046646849,0.637154268341015,0.498309424194074,0.598719993349214,0.574987424137663,0.641950330883811,0.425742495639849,0.641950330883811,0.440626289493882,0.643065180709089
"100",0.627041703882011,0.552443857370587,0.576348979702622,0.379574679873799,0.63461743968889,0.600600641634618,0.531373046646849,0.584615857371654,0.604221038203568,0.408403850971736,0.642785418296986,0.572420248376429,0.538301400039086,0.500267828817881,0.628180336899272,0.348242061943758,0.641950330883811,0.531373046646849,0.574987424137663,0.583396553880647,0.634136085766274,0.538445684285522,0.549674683664343,0.550926501915111,0.633110922486667,0.531373046646849,0.635155965397419,0.633110922486667,0.408241277172935,0.631723626070232,0.631075363047513,0.58705852869864,0.584357771466058,0.577931364677619,0.492258359663616,0.555420312670302,0.536841622804019,0.629432283854297,0.351867384498811,0.527519879622339,0.53702858267264,0.362287544004273,0.576348979702622,0.601141895873403,0.625591477857623,0.554515318523643,0.434917239592652,0.576348979702622,0.637538348940682,0.550116342484419,0.51493164677432,0.373337671560963,0.548043526549706,0.635575947710988,0.576348979702622,0.58240891805293,0.629432283854297,0.589180116772993,0.570173180425035,0.576348979702622,0.631723626070232,0.62803340676426,0.630031709707856,0.583396553880647,0.555759008084471,0.631025442053028,0.460833765606903,0.350996549816844,0.59400462973058,0.636580518309413,0.635155965397419,0.630471740080381,0.499672334540689,0.53703671136258,0.554761888785158,0.637539168583585,0.557751891901441,0.526492946997889,0.55615866867319,0.50256621589843,0.619796334291675,0.576348979702622,0.524936302874369,0.532977108128352,0.418222089115828,0.547918886637291,0.637154268341015,0.628680718730256,0.584810945930216,0.531373046646849,0.531373046646849,0.637154268341015,0.498309424194074,0.598719993349214,0.574987424137663,0.641950330883811,0.425742495639849,0.641950330883811,0.440626289493882,0.643065180709089
"101",0.627041703882011,0.552443857370587,0.576348979702622,0.379574679873799,0.63461743968889,0.600600641634618,0.531373046646849,0.584615857371654,0.604221038203568,0.408403850971736,0.642785418296986,0.572420248376429,0.538301400039086,0.500267828817881,0.628180336899272,0.348242061943758,0.641950330883811,0.531373046646849,0.574987424137663,0.583396553880647,0.634136085766274,0.538445684285522,0.549674683664343,0.550926501915111,0.633110922486667,0.531373046646849,0.635155965397419,0.633110922486667,0.408241277172935,0.631723626070232,0.631075363047513,0.58705852869864,0.584357771466058,0.577931364677619,0.492258359663616,0.555420312670302,0.536841622804019,0.629432283854297,0.351867384498811,0.527519879622339,0.53702858267264,0.362287544004273,0.576348979702622,0.601141895873403,0.625591477857623,0.554515318523643,0.434917239592652,0.576348979702622,0.637538348940682,0.550116342484419,0.51493164677432,0.373337671560963,0.548043526549706,0.635575947710988,0.576348979702622,0.58240891805293,0.629432283854297,0.589180116772993,0.570173180425035,0.576348979702622,0.631723626070232,0.62803340676426,0.630031709707856,0.583396553880647,0.555759008084471,0.631025442053028,0.460833765606903,0.350996549816844,0.59400462973058,0.636580518309413,0.635155965397419,0.630471740080381,0.499672334540689,0.53703671136258,0.554761888785158,0.637539168583585,0.557751891901441,0.526492946997889,0.55615866867319,0.50256621589843,0.619796334291675,0.576348979702622,0.524936302874369,0.532977108128352,0.418222089115828,0.547918886637291,0.637154268341015,0.628680718730256,0.584810945930216,0.531373046646849,0.531373046646849,0.637154268341015,0.498309424194074,0.598719993349214,0.574987424137663,0.641950330883811,0.425742495639849,0.641950330883811,0.440626289493882,0.643065180709089
